[2026-07-22T23:20:08.804] [DEBUG] debug-file - Incremental task :MakeProjectPackInfo post-execution cost:1 ms .
[2026-07-22T23:20:08.804] [DEBUG] debug-file - Update task :ProcessProjectPrivacyProfile output file:C:\Users\scottsmith\project\Archive-Markdown-Editor-For-HarmonyOS\app\ame\build\outputs\default\pac.json cache.
[2026-07-22T23:20:08.804] [DEBUG] debug-file - Incremental task :ProcessProjectPrivacyProfile post-execution cost:1 ms .
[2026-07-22T23:20:08.805] [DEBUG] debug-file - Update task :GeneratePackRes input file:C:\Users\scottsmith\project\Archive-Markdown-Editor-For-HarmonyOS\app\ame\build\outputs\default\pack.info cache from map.
[2026-07-22T23:20:08.805] [DEBUG] debug-file - Incremental task :GeneratePackRes post-execution cost:1 ms .
[2026-07-22T23:20:08.805] [DEBUG] debug-file - Update task :PackageApp input file:C:\Users\scottsmith\project\Archive-Markdown-Editor-For-HarmonyOS\app\ame\build\outputs\default\pack.info cache from map.
[2026-07-22T23:20:08.805] [DEBUG] debug-file - Update task :PackageApp input file:C:\Users\scottsmith\project\Archive-Markdown-Editor-For-HarmonyOS\app\ame\electron\build\default\outputs\default\electron-default-unsigned.hap cache by regenerate.
[2026-07-22T23:20:08.805] [DEBUG] debug-file - Update task :PackageApp input file:C:\Users\scottsmith\project\Archive-Markdown-Editor-For-HarmonyOS\app\ame\build\outputs\default\pac.json cache by regenerate.
[2026-07-22T23:20:08.805] [DEBUG] debug-file - Update task :PackageApp output file:C:\Users\scottsmith\project\Archive-Markdown-Editor-For-HarmonyOS\app\ame\build\outputs\default\ame-default-unsigned.app cache.
[2026-07-22T23:20:08.805] [DEBUG] debug-file - Update task :PackageApp output file:C:\Users\scottsmith\project\Archive-Markdown-Editor-For-HarmonyOS\app\ame\electron\build\default\outputs\default\app\electron-default.hap cache.
[2026-07-22T23:20:08.805] [DEBUG] debug-file - Update task :PackageApp output file:C:\Users\scottsmith\project\Archive-Markdown-Editor-For-HarmonyOS\app\ame\build\outputs\default\symbol\release cache.
[2026-07-22T23:20:08.807] [DEBUG] debug-file - Incremental task :PackageApp post-execution cost:3 ms .
[2026-07-22T23:20:08.808] [DEBUG] debug-file - Update task :SignPackagesFromApp input file:C:/Users/scottsmith/project/HarmonyOS-AME-Cert/release-cert/Archive-Markdown-Editor.cer cache by regenerate.
[2026-07-22T23:20:08.808] [DEBUG] debug-file - Update task :SignPackagesFromApp input file:C:/Users/scottsmith/project/HarmonyOS-AME-Cert/release-cert/ame-ssRelease.p7b cache by regenerate.
[2026-07-22T23:20:08.808] [DEBUG] debug-file - Update task :SignPackagesFromApp input file:C:/Users/scottsmith/project/HarmonyOS-AME-Cert/release-cert/ame.p12 cache by regenerate.
[2026-07-22T23:20:08.808] [DEBUG] debug-file - Update task :SignPackagesFromApp input file:C:\Users\scottsmith\project\Archive-Markdown-Editor-For-HarmonyOS\app\ame\build\outputs\default\ame-default-unsigned.app cache from map.
[2026-07-22T23:20:08.809] [DEBUG] debug-file - Incremental task :SignPackagesFromApp post-execution cost:2 ms .
[2026-07-22T23:20:08.809] [DEBUG] debug-file - Update task :SignApp input file:C:/Users/scottsmith/project/HarmonyOS-AME-Cert/release-cert/Archive-Markdown-Editor.cer cache by regenerate.
[2026-07-22T23:20:08.809] [DEBUG] debug-file - Update task :SignApp input file:C:/Users/scottsmith/project/HarmonyOS-AME-Cert/release-cert/ame-ssRelease.p7b cache by regenerate.
[2026-07-22T23:20:08.809] [DEBUG] debug-file - Update task :SignApp input file:C:/Users/scottsmith/project/HarmonyOS-AME-Cert/release-cert/ame.p12 cache by regenerate.
[2026-07-22T23:20:08.809] [DEBUG] debug-file - Update task :SignApp input file:C:\Users\scottsmith\project\Archive-Markdown-Editor-For-HarmonyOS\app\ame\build\outputs\default\ame-default-unsigned.app cache from map.
[2026-07-22T23:20:08.809] [DEBUG] debug-file - Update task :SignApp output file:C:\Users\scottsmith\project\Archive-Markdown-Editor-For-HarmonyOS\app\ame\build\outputs\default\ame-default-signed.app cache.
[2026-07-22T23:20:08.810] [DEBUG] debug-file - Incremental task :SignApp post-execution cost:2 ms .
[2026-07-22T23:20:08.837] [DEBUG] debug-file - Cleanup worker 13.
[2026-07-22T23:20:08.837] [DEBUG] debug-file - Worker 13 has been cleaned up.
[2026-07-22T23:20:08.837] [DEBUG] debug-file - Current idle worker size: 2.
[2026-07-22T23:20:08.837] [DEBUG] debug-file - Current resident worker size: 3.
[2026-07-22T23:20:08.837] [DEBUG] debug-file - Cleanup worker 14.
[2026-07-22T23:20:08.837] [DEBUG] debug-file - Worker 14 has been cleaned up.
[2026-07-22T23:20:08.837] [DEBUG] debug-file - Current idle worker size: 1.
[2026-07-22T23:20:08.837] [DEBUG] debug-file - Current resident worker size: 3.
[2026-07-22T23:20:08.838] [DEBUG] debug-file - hvigor build process will be closed.
[2026-07-22T23:20:08.839] [DEBUG] debug-file - java daemon socket close code:1000 reason:close by user
[2026-07-22T23:20:08.843] [DEBUG] debug-file - worker[13] exits with exit code 1.
[2026-07-22T23:20:08.844] [DEBUG] debug-file - worker[14] exits with exit code 1.
[2026-07-22T23:20:08.863] [DEBUG] debug-file - session manager: send message to worker process.
[2026-07-22T23:20:08.863] [DEBUG] debug-file - session manager: send message to worker process.
[2026-07-22T23:20:08.864] [DEBUG] debug-file - watch worker: worker id should be larger than 0. Nothing will be sent to any worker thread.
[2026-07-22T23:20:08.864] [DEBUG] debug-file - watch worker: worker id should be larger than 0. Nothing will be sent to any worker thread.
[2026-07-22T23:22:00.479] [DEBUG] debug-file - session manager: set active socket. socketId=Z6R9MvKBpYcsZAfDAAAd
[2026-07-22T23:22:00.486] [DEBUG] debug-file - watch worker: worker id should be larger than 0. Nothing will be sent to any worker thread.
[2026-07-22T23:22:00.489] [DEBUG] debug-file - Workers' log level updated to INFO
[2026-07-22T23:22:00.492] [DEBUG] debug-file - Hvigor init with startParameters:{
  hvigorfileTypeCheck: false,
  parallelExecution: true,
  incrementalExecution: true,
  printStackTrace: false,
  daemon: true,
  analyze: 0,
  logLevel: Level { level: 20000, levelStr: 'INFO', colour: 'green' },
  optimizationStrategy: 'memory',
  hotCompile: undefined,
  hotReloadBuild: undefined,
  customizedParam: undefined
}
[2026-07-22T23:22:00.502] [DEBUG] debug-file - Cache service initialization finished in 10 ms 
[2026-07-22T23:22:00.503] [DEBUG] debug-file - hvigorfile, resolving C:\Users\scottsmith\project\Archive-Markdown-Editor-For-HarmonyOS\app\ame\hvigorfile.ts
[2026-07-22T23:22:00.507] [DEBUG] debug-file - hvigorfile, require result:  { default: { plugins: [] } }
[2026-07-22T23:22:00.508] [DEBUG] debug-file - hvigorfile, binding system plugins null
[2026-07-22T23:22:00.508] [DEBUG] debug-file - Starting plugin build process
[2026-07-22T23:22:00.508] [DEBUG] debug-file - App plugin prepare start...
[2026-07-22T23:22:00.508] [DEBUG] debug-file - App plugin prepare end...
[2026-07-22T23:22:00.508] [DEBUG] debug-file - App plugin creating...
[2026-07-22T23:22:00.515] [DEBUG] debug-file - App plugin register hook start...
[2026-07-22T23:22:00.515] [DEBUG] debug-file - App plugin register hook end...
[2026-07-22T23:22:00.515] [DEBUG] debug-file - Plugin build process completed
[2026-07-22T23:22:00.515] [DEBUG] debug-file - Start initialize project's product build option map with build mode release.
[2026-07-22T23:22:00.515] [DEBUG] debug-file - Picking option from product 'default' with build mode 'release'.
[2026-07-22T23:22:00.515] [DEBUG] debug-file - Product 'default' build option initialized
[2026-07-22T23:22:00.515] [DEBUG] debug-file - End initialize project's product build option map with build mode 'release'.
[2026-07-22T23:22:00.516] [DEBUG] debug-file - Obtain build option for product 'default'in this build.
[2026-07-22T23:22:00.519] [DEBUG] debug-file - C:\Users\scottsmith\project\Archive-Markdown-Editor-For-HarmonyOS\app\ame\build\cache\default\remote_hsp\remoteHspCache.json not exists.
[2026-07-22T23:22:00.522] [DEBUG] debug-file - Start recording SDK configuration permission data.
[2026-07-22T23:22:00.544] [DEBUG] debug-file - Sdk init in 25 ms 
[2026-07-22T23:22:00.548] [DEBUG] debug-file - Project task initialization takes 4 ms 
[2026-07-22T23:22:00.548] [DEBUG] debug-file - hvigorfile, begin to bind custom plugins...
[2026-07-22T23:22:00.548] [DEBUG] debug-file - hvigorfile, no custom plugins were found in C:\Users\scottsmith\project\Archive-Markdown-Editor-For-HarmonyOS\app\ame\hvigorfile.ts
[2026-07-22T23:22:00.548] [DEBUG] debug-file - hvigorfile, resolve finished C:\Users\scottsmith\project\Archive-Markdown-Editor-For-HarmonyOS\app\ame\hvigorfile.ts
[2026-07-22T23:22:00.548] [DEBUG] debug-file - hvigorfile, resolving C:\Users\scottsmith\project\Archive-Markdown-Editor-For-HarmonyOS\app\ame\electron\hvigorfile.ts
[2026-07-22T23:22:00.550] [DEBUG] debug-file - hvigorfile, require result:  { default: { plugins: [] } }
[2026-07-22T23:22:00.550] [DEBUG] debug-file - hvigorfile, binding system plugins null
[2026-07-22T23:22:00.550] [DEBUG] debug-file - Starting plugin build process
[2026-07-22T23:22:00.550] [DEBUG] debug-file - Hap plugin creating...
[2026-07-22T23:22:00.551] [DEBUG] debug-file - failed to load cangjie to dynamically generate schemas: Error: Cannot find module '@ohos/cangjie-build-support/index'
Require stack:
- C:\Program Files\Huawei\DevEco Studio\tools\hvigor\hvigor-ohos-plugin\src\plugin\hooks\cangjie-register.js
- C:\Program Files\Huawei\DevEco Studio\tools\hvigor\hvigor-ohos-plugin\src\plugin\strategy\stage-init-strategy.js
- C:\Program Files\Huawei\DevEco Studio\tools\hvigor\hvigor-ohos-plugin\src\plugin\builder\abstract-plugin-builder.js
- C:\Program Files\Huawei\DevEco Studio\tools\hvigor\hvigor-ohos-plugin\src\plugin\builder\app-plugin-builder.js
- C:\Program Files\Huawei\DevEco Studio\tools\hvigor\hvigor-ohos-plugin\src\plugin\factory\plugin-factory.js
- C:\Program Files\Huawei\DevEco Studio\tools\hvigor\hvigor-ohos-plugin\index.js
- C:\Users\scottsmith\project\Archive-Markdown-Editor-For-HarmonyOS\app\ame\hvigorfile.ts
- C:\Program Files\Huawei\DevEco Studio\tools\hvigor\hvigor\src\base\internal\lifecycle\configuration.js
- C:\Program Files\Huawei\DevEco Studio\tools\hvigor\hvigor\src\base\boot\index.js
- C:\Program Files\Huawei\DevEco Studio\tools\hvigor\hvigor\src\base\daemon\cluster\worker-process-lifecycle.js
- C:\Program Files\Huawei\DevEco Studio\tools\hvigor\hvigor\src\base\daemon\process\daemon-process-boot-script.js
[2026-07-22T23:22:00.554] [DEBUG] debug-file - Start initialize module-target build option map, moduleName=electron, buildMode=debug
[2026-07-22T23:22:00.554] [DEBUG] debug-file - Target 'default' config initialized
[2026-07-22T23:22:00.554] [DEBUG] debug-file - Target 'ohosTest' config initialized
[2026-07-22T23:22:00.555] [DEBUG] debug-file - Module 'electron' target 'default' build option initialized
[2026-07-22T23:22:00.555] [DEBUG] debug-file - Module 'electron' target 'ohosTest' build option initialized
[2026-07-22T23:22:00.555] [DEBUG] debug-file - End initialize module-target build option map, moduleName=electron
[2026-07-22T23:22:00.555] [DEBUG] debug-file - Start initialize module-target build option map, moduleName=electron, buildMode=release
[2026-07-22T23:22:00.555] [DEBUG] debug-file - Target 'default' config initialized
[2026-07-22T23:22:00.555] [DEBUG] debug-file - Target 'ohosTest' config initialized
[2026-07-22T23:22:00.555] [DEBUG] debug-file - Module 'electron' target 'default' build option initialized
[2026-07-22T23:22:00.555] [DEBUG] debug-file - Module 'electron' target 'ohosTest' build option initialized
[2026-07-22T23:22:00.555] [DEBUG] debug-file - End initialize module-target build option map, moduleName=electron
[2026-07-22T23:22:00.555] [DEBUG] debug-file - Start initialize module-target build option map, moduleName=electron, buildMode=release
[2026-07-22T23:22:00.555] [DEBUG] debug-file - Target 'default' config initialized
[2026-07-22T23:22:00.555] [DEBUG] debug-file - Target 'ohosTest' config initialized
[2026-07-22T23:22:00.555] [DEBUG] debug-file - Module 'electron' target 'default' build option initialized
[2026-07-22T23:22:00.555] [DEBUG] debug-file - Module 'electron' target 'ohosTest' build option initialized
[2026-07-22T23:22:00.555] [DEBUG] debug-file - End initialize module-target build option map, moduleName=electron
[2026-07-22T23:22:00.555] [DEBUG] debug-file - Obtain build option for module 'electron' target 'default'in this build.
[2026-07-22T23:22:00.557] [DEBUG] debug-file - Module electron task initialization takes 1 ms 
[2026-07-22T23:22:00.557] [DEBUG] debug-file - Hap plugin register hook start...
[2026-07-22T23:22:00.557] [DEBUG] debug-file - Hap plugin register hook end...
[2026-07-22T23:22:00.557] [DEBUG] debug-file - Plugin build process completed
[2026-07-22T23:22:00.557] [DEBUG] debug-file - hvigorfile, begin to bind custom plugins...
[2026-07-22T23:22:00.557] [DEBUG] debug-file - hvigorfile, no custom plugins were found in C:\Users\scottsmith\project\Archive-Markdown-Editor-For-HarmonyOS\app\ame\electron\hvigorfile.ts
[2026-07-22T23:22:00.557] [DEBUG] debug-file - hvigorfile, resolve finished C:\Users\scottsmith\project\Archive-Markdown-Editor-For-HarmonyOS\app\ame\electron\hvigorfile.ts
[2026-07-22T23:22:00.557] [DEBUG] debug-file - hvigorfile, resolving C:\Users\scottsmith\project\Archive-Markdown-Editor-For-HarmonyOS\app\ame\web_engine\hvigorfile.ts
[2026-07-22T23:22:00.560] [DEBUG] debug-file - hvigorfile, require result:  { default: { plugins: [] } }
[2026-07-22T23:22:00.560] [DEBUG] debug-file - hvigorfile, binding system plugins null
[2026-07-22T23:22:00.560] [DEBUG] debug-file - Starting plugin build process
[2026-07-22T23:22:00.560] [DEBUG] debug-file - Har plugin creating...
[2026-07-22T23:22:00.561] [DEBUG] debug-file - failed to load cangjie to dynamically generate schemas: Error: Cannot find module '@ohos/cangjie-build-support/index'
Require stack:
- C:\Program Files\Huawei\DevEco Studio\tools\hvigor\hvigor-ohos-plugin\src\plugin\hooks\cangjie-register.js
- C:\Program Files\Huawei\DevEco Studio\tools\hvigor\hvigor-ohos-plugin\src\plugin\strategy\stage-init-strategy.js
- C:\Program Files\Huawei\DevEco Studio\tools\hvigor\hvigor-ohos-plugin\src\plugin\builder\abstract-plugin-builder.js
- C:\Program Files\Huawei\DevEco Studio\tools\hvigor\hvigor-ohos-plugin\src\plugin\builder\app-plugin-builder.js
- C:\Program Files\Huawei\DevEco Studio\tools\hvigor\hvigor-ohos-plugin\src\plugin\factory\plugin-factory.js
- C:\Program Files\Huawei\DevEco Studio\tools\hvigor\hvigor-ohos-plugin\index.js
- C:\Users\scottsmith\project\Archive-Markdown-Editor-For-HarmonyOS\app\ame\hvigorfile.ts
- C:\Program Files\Huawei\DevEco Studio\tools\hvigor\hvigor\src\base\internal\lifecycle\configuration.js
- C:\Program Files\Huawei\DevEco Studio\tools\hvigor\hvigor\src\base\boot\index.js
- C:\Program Files\Huawei\DevEco Studio\tools\hvigor\hvigor\src\base\daemon\cluster\worker-process-lifecycle.js
- C:\Program Files\Huawei\DevEco Studio\tools\hvigor\hvigor\src\base\daemon\process\daemon-process-boot-script.js
[2026-07-22T23:22:00.562] [DEBUG] debug-file - Start initialize module-target build option map, moduleName=web_engine, buildMode=debug
[2026-07-22T23:22:00.562] [DEBUG] debug-file - Target 'default' config initialized
[2026-07-22T23:22:00.563] [DEBUG] debug-file - Module 'web_engine' target 'default' build option initialized
[2026-07-22T23:22:00.563] [DEBUG] debug-file - End initialize module-target build option map, moduleName=web_engine
[2026-07-22T23:22:00.563] [DEBUG] debug-file - Start initialize module-target build option map, moduleName=web_engine, buildMode=release
[2026-07-22T23:22:00.563] [DEBUG] debug-file - Target 'default' config initialized
[2026-07-22T23:22:00.563] [DEBUG] debug-file - Module 'web_engine' target 'default' build option initialized
[2026-07-22T23:22:00.563] [DEBUG] debug-file - End initialize module-target build option map, moduleName=web_engine
[2026-07-22T23:22:00.563] [DEBUG] debug-file - Start initialize module-target build option map, moduleName=web_engine, buildMode=release
[2026-07-22T23:22:00.563] [DEBUG] debug-file - Target 'default' config initialized
[2026-07-22T23:22:00.564] [DEBUG] debug-file - Module 'web_engine' target 'default' build option initialized
[2026-07-22T23:22:00.564] [DEBUG] debug-file - End initialize module-target build option map, moduleName=web_engine
[2026-07-22T23:22:00.564] [DEBUG] debug-file - Obtain build option for module 'web_engine' target 'default'in this build.
[2026-07-22T23:22:00.565] [DEBUG] debug-file - Module web_engine task initialization takes 1 ms 
[2026-07-22T23:22:00.565] [DEBUG] debug-file - Har plugin register hook start...
[2026-07-22T23:22:00.565] [DEBUG] debug-file - Har plugin register hook end...
[2026-07-22T23:22:00.565] [DEBUG] debug-file - Plugin build process completed
[2026-07-22T23:22:00.565] [DEBUG] debug-file - hvigorfile, begin to bind custom plugins...
[2026-07-22T23:22:00.565] [DEBUG] debug-file - hvigorfile, no custom plugins were found in C:\Users\scottsmith\project\Archive-Markdown-Editor-For-HarmonyOS\app\ame\web_engine\hvigorfile.ts
[2026-07-22T23:22:00.565] [DEBUG] debug-file - hvigorfile, resolve finished C:\Users\scottsmith\project\Archive-Markdown-Editor-For-HarmonyOS\app\ame\web_engine\hvigorfile.ts
[2026-07-22T23:22:00.632] [DEBUG] debug-file - hvigorfile, resolve hvigorfile dependencies in 67 ms 
[2026-07-22T23:22:00.632] [DEBUG] debug-file - project has submodules:electron,web_engine
[2026-07-22T23:22:00.632] [DEBUG] debug-file - module:web_engine no need to execute packageHap
[2026-07-22T23:22:00.633] [DEBUG] debug-file - start to load updatedOhPackageInfo to the disk
[2026-07-22T23:22:00.635] [DEBUG] debug-file - load to the disk finished
[2026-07-22T23:22:00.636] [DEBUG] debug-file - Start to initialize dependency information.
[2026-07-22T23:22:00.638] [DEBUG] debug-file - Module ame Collected Dependency: 
[2026-07-22T23:22:00.638] [DEBUG] debug-file - Module ame's total dependency: 0
[2026-07-22T23:22:00.638] [DEBUG] debug-file - Start to initialize dependency information.
[2026-07-22T23:22:00.704] [DEBUG] debug-file - Module electron Collected Dependency: C:\Users\scottsmith\project\Archive-Markdown-Editor-For-HarmonyOS\app\ame\web_engine,C:\Users\scottsmith\project\Archive-Markdown-Editor-For-HarmonyOS\app\ame\oh_modules\.ohpm\inversify@6.0.1\oh_modules\inversify,C:\Users\scottsmith\project\Archive-Markdown-Editor-For-HarmonyOS\app\ame\oh_modules\.ohpm\reflect-metadata@0.2.1\oh_modules\reflect-metadata
[2026-07-22T23:22:00.704] [DEBUG] debug-file - Module electron's total dependency: 3
[2026-07-22T23:22:00.709] [DEBUG] debug-file - Start to initialize dependency information.
[2026-07-22T23:22:00.710] [DEBUG] debug-file - Module web_engine Collected Dependency: C:\Users\scottsmith\project\Archive-Markdown-Editor-For-HarmonyOS\app\ame\oh_modules\.ohpm\inversify@6.0.1\oh_modules\inversify,C:\Users\scottsmith\project\Archive-Markdown-Editor-For-HarmonyOS\app\ame\oh_modules\.ohpm\reflect-metadata@0.2.1\oh_modules\reflect-metadata
[2026-07-22T23:22:00.710] [DEBUG] debug-file - Module web_engine's total dependency: 2
[2026-07-22T23:22:00.713] [DEBUG] debug-file - Configuration phase cost:211 ms 
[2026-07-22T23:22:00.714] [DEBUG] debug-file - Configuration task cost before running: 226 ms 
[2026-07-22T23:22:00.714] [DEBUG] debug-file - Executing task :electron:init
[2026-07-22T23:22:00.714] [DEBUG] debug-file - electron : init cost memory 0.01512908935546875
[2026-07-22T23:22:00.714] [DEBUG] debug-file - runTaskFromQueue task cost before running: 226 ms 
[2026-07-22T23:22:00.715] [INFO] debug-file - Finished :electron:init... after 1 ms 
[2026-07-22T23:22:00.715] [DEBUG] debug-file - Executing task :web_engine:init
[2026-07-22T23:22:00.715] [DEBUG] debug-file - web_engine : init cost memory 0.0139007568359375
[2026-07-22T23:22:00.715] [DEBUG] debug-file - runTaskFromQueue task cost before running: 226 ms 
[2026-07-22T23:22:00.715] [INFO] debug-file - Finished :web_engine:init... after 1 ms 
[2026-07-22T23:22:00.715] [DEBUG] debug-file - Executing task ::init
[2026-07-22T23:22:00.715] [DEBUG] debug-file - ame : init cost memory 0.012298583984375
[2026-07-22T23:22:00.715] [DEBUG] debug-file - runTaskFromQueue task cost before running: 227 ms 
[2026-07-22T23:22:00.715] [INFO] debug-file - Finished ::init... after 1 ms 
[2026-07-22T23:22:00.722] [DEBUG] debug-file - Obtain build option for module 'electron' target 'default'in this build.
[2026-07-22T23:22:00.722] [DEBUG] debug-file - Obtain build option for module 'electron' target 'ohosTest'in this build.
[2026-07-22T23:22:00.723] [DEBUG] debug-file - Obtain build option for module 'web_engine' target 'default'in this build.
[2026-07-22T23:22:00.726] [DEBUG] debug-file - hvigor build process will be closed.
[2026-07-22T23:22:00.731] [DEBUG] debug-file - session manager: send message to worker process.
[2026-07-22T23:22:00.732] [DEBUG] debug-file - session manager: send message to worker process.
[2026-07-22T23:22:00.757] [DEBUG] debug-file - watch worker: worker id should be larger than 0. Nothing will be sent to any worker thread.
[2026-07-22T23:22:00.757] [DEBUG] debug-file - watch worker: worker id should be larger than 0. Nothing will be sent to any worker thread.
[2026-07-22T23:22:07.805] [DEBUG] debug-file - session manager: set active socket. socketId=Qt7FlfLVu-APvxLVAAAf
[2026-07-22T23:22:07.812] [DEBUG] debug-file - watch worker: worker id should be larger than 0. Nothing will be sent to any worker thread.
[2026-07-22T23:22:07.815] [DEBUG] debug-file - Workers' log level updated to INFO
[2026-07-22T23:22:07.818] [DEBUG] debug-file - Hvigor init with startParameters:{
  hvigorfileTypeCheck: false,
  parallelExecution: true,
  incrementalExecution: true,
  printStackTrace: false,
  daemon: true,
  analyze: 0,
  logLevel: Level { level: 20000, levelStr: 'INFO', colour: 'green' },
  optimizationStrategy: 'memory',
  hotCompile: undefined,
  hotReloadBuild: undefined,
  customizedParam: undefined
}
[2026-07-22T23:22:07.825] [DEBUG] debug-file - Cache service initialization finished in 8 ms 
[2026-07-22T23:22:07.826] [DEBUG] debug-file - hvigorfile, resolving C:\Users\scottsmith\project\Archive-Markdown-Editor-For-HarmonyOS\app\ame\hvigorfile.ts
[2026-07-22T23:22:07.829] [DEBUG] debug-file - hvigorfile, require result:  { default: { plugins: [] } }
[2026-07-22T23:22:07.829] [DEBUG] debug-file - hvigorfile, binding system plugins null
[2026-07-22T23:22:07.830] [DEBUG] debug-file - Starting plugin build process
[2026-07-22T23:22:07.830] [DEBUG] debug-file - App plugin prepare start...
[2026-07-22T23:22:07.830] [DEBUG] debug-file - App plugin prepare end...
[2026-07-22T23:22:07.830] [DEBUG] debug-file - App plugin creating...
[2026-07-22T23:22:07.835] [DEBUG] debug-file - App plugin register hook start...
[2026-07-22T23:22:07.835] [DEBUG] debug-file - App plugin register hook end...
[2026-07-22T23:22:07.835] [DEBUG] debug-file - Plugin build process completed
[2026-07-22T23:22:07.836] [DEBUG] debug-file - Start initialize project's product build option map with build mode release.
[2026-07-22T23:22:07.836] [DEBUG] debug-file - Picking option from product 'default' with build mode 'release'.
[2026-07-22T23:22:07.836] [DEBUG] debug-file - Product 'default' build option initialized
[2026-07-22T23:22:07.836] [DEBUG] debug-file - End initialize project's product build option map with build mode 'release'.
[2026-07-22T23:22:07.836] [DEBUG] debug-file - Obtain build option for product 'default'in this build.
[2026-07-22T23:22:07.839] [DEBUG] debug-file - C:\Users\scottsmith\project\Archive-Markdown-Editor-For-HarmonyOS\app\ame\build\cache\default\remote_hsp\remoteHspCache.json not exists.
[2026-07-22T23:22:07.841] [DEBUG] debug-file - Start recording SDK configuration permission data.
[2026-07-22T23:22:07.861] [DEBUG] debug-file - Sdk init in 21 ms 
[2026-07-22T23:22:07.864] [DEBUG] debug-file - Project task initialization takes 3 ms 
[2026-07-22T23:22:07.864] [DEBUG] debug-file - hvigorfile, begin to bind custom plugins...
[2026-07-22T23:22:07.864] [DEBUG] debug-file - hvigorfile, no custom plugins were found in C:\Users\scottsmith\project\Archive-Markdown-Editor-For-HarmonyOS\app\ame\hvigorfile.ts
[2026-07-22T23:22:07.864] [DEBUG] debug-file - hvigorfile, resolve finished C:\Users\scottsmith\project\Archive-Markdown-Editor-For-HarmonyOS\app\ame\hvigorfile.ts
[2026-07-22T23:22:07.864] [DEBUG] debug-file - hvigorfile, resolving C:\Users\scottsmith\project\Archive-Markdown-Editor-For-HarmonyOS\app\ame\electron\hvigorfile.ts
[2026-07-22T23:22:07.867] [DEBUG] debug-file - hvigorfile, require result:  { default: { plugins: [] } }
[2026-07-22T23:22:07.867] [DEBUG] debug-file - hvigorfile, binding system plugins null
[2026-07-22T23:22:07.867] [DEBUG] debug-file - Starting plugin build process
[2026-07-22T23:22:07.867] [DEBUG] debug-file - Hap plugin creating...
[2026-07-22T23:22:07.868] [DEBUG] debug-file - failed to load cangjie to dynamically generate schemas: Error: Cannot find module '@ohos/cangjie-build-support/index'
Require stack:
- C:\Program Files\Huawei\DevEco Studio\tools\hvigor\hvigor-ohos-plugin\src\plugin\hooks\cangjie-register.js
- C:\Program Files\Huawei\DevEco Studio\tools\hvigor\hvigor-ohos-plugin\src\plugin\strategy\stage-init-strategy.js
- C:\Program Files\Huawei\DevEco Studio\tools\hvigor\hvigor-ohos-plugin\src\plugin\builder\abstract-plugin-builder.js
- C:\Program Files\Huawei\DevEco Studio\tools\hvigor\hvigor-ohos-plugin\src\plugin\builder\app-plugin-builder.js
- C:\Program Files\Huawei\DevEco Studio\tools\hvigor\hvigor-ohos-plugin\src\plugin\factory\plugin-factory.js
- C:\Program Files\Huawei\DevEco Studio\tools\hvigor\hvigor-ohos-plugin\index.js
- C:\Users\scottsmith\project\Archive-Markdown-Editor-For-HarmonyOS\app\ame\hvigorfile.ts
- C:\Program Files\Huawei\DevEco Studio\tools\hvigor\hvigor\src\base\internal\lifecycle\configuration.js
- C:\Program Files\Huawei\DevEco Studio\tools\hvigor\hvigor\src\base\boot\index.js
- C:\Program Files\Huawei\DevEco Studio\tools\hvigor\hvigor\src\base\daemon\cluster\worker-process-lifecycle.js
- C:\Program Files\Huawei\DevEco Studio\tools\hvigor\hvigor\src\base\daemon\process\daemon-process-boot-script.js
[2026-07-22T23:22:07.870] [DEBUG] debug-file - Start initialize module-target build option map, moduleName=electron, buildMode=debug
[2026-07-22T23:22:07.870] [DEBUG] debug-file - Target 'default' config initialized
[2026-07-22T23:22:07.871] [DEBUG] debug-file - Target 'ohosTest' config initialized
[2026-07-22T23:22:07.871] [DEBUG] debug-file - Module 'electron' target 'default' build option initialized
[2026-07-22T23:22:07.871] [DEBUG] debug-file - Module 'electron' target 'ohosTest' build option initialized
[2026-07-22T23:22:07.871] [DEBUG] debug-file - End initialize module-target build option map, moduleName=electron
[2026-07-22T23:22:07.871] [DEBUG] debug-file - Start initialize module-target build option map, moduleName=electron, buildMode=release
[2026-07-22T23:22:07.871] [DEBUG] debug-file - Target 'default' config initialized
[2026-07-22T23:22:07.871] [DEBUG] debug-file - Target 'ohosTest' config initialized
[2026-07-22T23:22:07.872] [DEBUG] debug-file - Module 'electron' target 'default' build option initialized
[2026-07-22T23:22:07.872] [DEBUG] debug-file - Module 'electron' target 'ohosTest' build option initialized
[2026-07-22T23:22:07.872] [DEBUG] debug-file - End initialize module-target build option map, moduleName=electron
[2026-07-22T23:22:07.872] [DEBUG] debug-file - Start initialize module-target build option map, moduleName=electron, buildMode=release
[2026-07-22T23:22:07.872] [DEBUG] debug-file - Target 'default' config initialized
[2026-07-22T23:22:07.872] [DEBUG] debug-file - Target 'ohosTest' config initialized
[2026-07-22T23:22:07.872] [DEBUG] debug-file - Module 'electron' target 'default' build option initialized
[2026-07-22T23:22:07.873] [DEBUG] debug-file - Module 'electron' target 'ohosTest' build option initialized
[2026-07-22T23:22:07.873] [DEBUG] debug-file - End initialize module-target build option map, moduleName=electron
[2026-07-22T23:22:07.873] [DEBUG] debug-file - Obtain build option for module 'electron' target 'default'in this build.
[2026-07-22T23:22:07.875] [DEBUG] debug-file - Module electron task initialization takes 1 ms 
[2026-07-22T23:22:07.875] [DEBUG] debug-file - Hap plugin register hook start...
[2026-07-22T23:22:07.875] [DEBUG] debug-file - Hap plugin register hook end...
[2026-07-22T23:22:07.875] [DEBUG] debug-file - Plugin build process completed
[2026-07-22T23:22:07.875] [DEBUG] debug-file - hvigorfile, begin to bind custom plugins...
[2026-07-22T23:22:07.875] [DEBUG] debug-file - hvigorfile, no custom plugins were found in C:\Users\scottsmith\project\Archive-Markdown-Editor-For-HarmonyOS\app\ame\electron\hvigorfile.ts
[2026-07-22T23:22:07.875] [DEBUG] debug-file - hvigorfile, resolve finished C:\Users\scottsmith\project\Archive-Markdown-Editor-For-HarmonyOS\app\ame\electron\hvigorfile.ts
[2026-07-22T23:22:07.875] [DEBUG] debug-file - hvigorfile, resolving C:\Users\scottsmith\project\Archive-Markdown-Editor-For-HarmonyOS\app\ame\web_engine\hvigorfile.ts
[2026-07-22T23:22:07.878] [DEBUG] debug-file - hvigorfile, require result:  { default: { plugins: [] } }
[2026-07-22T23:22:07.878] [DEBUG] debug-file - hvigorfile, binding system plugins null
[2026-07-22T23:22:07.878] [DEBUG] debug-file - Starting plugin build process
[2026-07-22T23:22:07.878] [DEBUG] debug-file - Har plugin creating...
[2026-07-22T23:22:07.879] [DEBUG] debug-file - failed to load cangjie to dynamically generate schemas: Error: Cannot find module '@ohos/cangjie-build-support/index'
Require stack:
- C:\Program Files\Huawei\DevEco Studio\tools\hvigor\hvigor-ohos-plugin\src\plugin\hooks\cangjie-register.js
- C:\Program Files\Huawei\DevEco Studio\tools\hvigor\hvigor-ohos-plugin\src\plugin\strategy\stage-init-strategy.js
- C:\Program Files\Huawei\DevEco Studio\tools\hvigor\hvigor-ohos-plugin\src\plugin\builder\abstract-plugin-builder.js
- C:\Program Files\Huawei\DevEco Studio\tools\hvigor\hvigor-ohos-plugin\src\plugin\builder\app-plugin-builder.js
- C:\Program Files\Huawei\DevEco Studio\tools\hvigor\hvigor-ohos-plugin\src\plugin\factory\plugin-factory.js
- C:\Program Files\Huawei\DevEco Studio\tools\hvigor\hvigor-ohos-plugin\index.js
- C:\Users\scottsmith\project\Archive-Markdown-Editor-For-HarmonyOS\app\ame\hvigorfile.ts
- C:\Program Files\Huawei\DevEco Studio\tools\hvigor\hvigor\src\base\internal\lifecycle\configuration.js
- C:\Program Files\Huawei\DevEco Studio\tools\hvigor\hvigor\src\base\boot\index.js
- C:\Program Files\Huawei\DevEco Studio\tools\hvigor\hvigor\src\base\daemon\cluster\worker-process-lifecycle.js
- C:\Program Files\Huawei\DevEco Studio\tools\hvigor\hvigor\src\base\daemon\process\daemon-process-boot-script.js
[2026-07-22T23:22:07.880] [DEBUG] debug-file - Start initialize module-target build option map, moduleName=web_engine, buildMode=debug
[2026-07-22T23:22:07.880] [DEBUG] debug-file - Target 'default' config initialized
[2026-07-22T23:22:07.881] [DEBUG] debug-file - Module 'web_engine' target 'default' build option initialized
[2026-07-22T23:22:07.881] [DEBUG] debug-file - End initialize module-target build option map, moduleName=web_engine
[2026-07-22T23:22:07.881] [DEBUG] debug-file - Start initialize module-target build option map, moduleName=web_engine, buildMode=release
[2026-07-22T23:22:07.881] [DEBUG] debug-file - Target 'default' config initialized
[2026-07-22T23:22:07.881] [DEBUG] debug-file - Module 'web_engine' target 'default' build option initialized
[2026-07-22T23:22:07.881] [DEBUG] debug-file - End initialize module-target build option map, moduleName=web_engine
[2026-07-22T23:22:07.881] [DEBUG] debug-file - Start initialize module-target build option map, moduleName=web_engine, buildMode=release
[2026-07-22T23:22:07.881] [DEBUG] debug-file - Target 'default' config initialized
[2026-07-22T23:22:07.881] [DEBUG] debug-file - Module 'web_engine' target 'default' build option initialized
[2026-07-22T23:22:07.881] [DEBUG] debug-file - End initialize module-target build option map, moduleName=web_engine
[2026-07-22T23:22:07.881] [DEBUG] debug-file - Obtain build option for module 'web_engine' target 'default'in this build.
[2026-07-22T23:22:07.882] [DEBUG] debug-file - Module web_engine task initialization takes 1 ms 
[2026-07-22T23:22:07.882] [DEBUG] debug-file - Har plugin register hook start...
[2026-07-22T23:22:07.883] [DEBUG] debug-file - Har plugin register hook end...
[2026-07-22T23:22:07.883] [DEBUG] debug-file - Plugin build process completed
[2026-07-22T23:22:07.883] [DEBUG] debug-file - hvigorfile, begin to bind custom plugins...
[2026-07-22T23:22:07.883] [DEBUG] debug-file - hvigorfile, no custom plugins were found in C:\Users\scottsmith\project\Archive-Markdown-Editor-For-HarmonyOS\app\ame\web_engine\hvigorfile.ts
[2026-07-22T23:22:07.883] [DEBUG] debug-file - hvigorfile, resolve finished C:\Users\scottsmith\project\Archive-Markdown-Editor-For-HarmonyOS\app\ame\web_engine\hvigorfile.ts
[2026-07-22T23:22:07.938] [DEBUG] debug-file - hvigorfile, resolve hvigorfile dependencies in 55 ms 
[2026-07-22T23:22:07.938] [DEBUG] debug-file - project has submodules:electron,web_engine
[2026-07-22T23:22:07.938] [DEBUG] debug-file - module:web_engine no need to execute packageHap
[2026-07-22T23:22:07.939] [DEBUG] debug-file - start to load updatedOhPackageInfo to the disk
[2026-07-22T23:22:07.940] [DEBUG] debug-file - load to the disk finished
[2026-07-22T23:22:07.941] [DEBUG] debug-file - Start to initialize dependency information.
[2026-07-22T23:22:07.943] [DEBUG] debug-file - Module ame Collected Dependency: 
[2026-07-22T23:22:07.943] [DEBUG] debug-file - Module ame's total dependency: 0
[2026-07-22T23:22:07.944] [DEBUG] debug-file - Start to initialize dependency information.
[2026-07-22T23:22:07.984] [DEBUG] debug-file - Module electron Collected Dependency: C:\Users\scottsmith\project\Archive-Markdown-Editor-For-HarmonyOS\app\ame\web_engine,C:\Users\scottsmith\project\Archive-Markdown-Editor-For-HarmonyOS\app\ame\oh_modules\.ohpm\inversify@6.0.1\oh_modules\inversify,C:\Users\scottsmith\project\Archive-Markdown-Editor-For-HarmonyOS\app\ame\oh_modules\.ohpm\reflect-metadata@0.2.1\oh_modules\reflect-metadata
[2026-07-22T23:22:07.984] [DEBUG] debug-file - Module electron's total dependency: 3
[2026-07-22T23:22:07.985] [DEBUG] debug-file - Start to initialize dependency information.
[2026-07-22T23:22:07.987] [DEBUG] debug-file - Module web_engine Collected Dependency: C:\Users\scottsmith\project\Archive-Markdown-Editor-For-HarmonyOS\app\ame\oh_modules\.ohpm\inversify@6.0.1\oh_modules\inversify,C:\Users\scottsmith\project\Archive-Markdown-Editor-For-HarmonyOS\app\ame\oh_modules\.ohpm\reflect-metadata@0.2.1\oh_modules\reflect-metadata
[2026-07-22T23:22:07.987] [DEBUG] debug-file - Module web_engine's total dependency: 2
[2026-07-22T23:22:07.988] [DEBUG] debug-file - Configuration phase cost:163 ms 
[2026-07-22T23:22:07.990] [DEBUG] debug-file - Configuration task cost before running: 175 ms 
[2026-07-22T23:22:07.996] [DEBUG] debug-file - Executing task :electron:default@PreBuild
[2026-07-22T23:22:08.003] [DEBUG] debug-file - Task 'electron:default@PreBuild' cost while wrapping incremental declarations: 1 ms 
[2026-07-22T23:22:08.007] [DEBUG] debug-file - electron:default@PreBuild is not up-to-date, since the input file 'C:\Users\scottsmith\project\Archive-Markdown-Editor-For-HarmonyOS\app\ame\build-profile.json5' has been changed.
[2026-07-22T23:22:08.007] [DEBUG] debug-file - Incremental task electron:default@PreBuild pre-execution cost: 2 ms .
[2026-07-22T23:22:08.031] [DEBUG] debug-file - current product is not Atomic service.
[2026-07-22T23:22:08.031] [DEBUG] debug-file - Use tool [win32: JAVA_HOME, CLASSPATH]
 [
  { JAVA_HOME: 'C:\\Program Files\\Huawei\\DevEco Studio\\jbr' },
  { CLASSPATH: undefined }
]
[2026-07-22T23:22:08.031] [DEBUG] debug-file - Use tool [win32: NODE_HOME]
 [
  {
    NODE_HOME: 'C:\\Program Files\\Huawei\\DevEco Studio\\tools\\node'
  }
]
[2026-07-22T23:22:08.032] [DEBUG] debug-file - electron : default@PreBuild cost memory -6.302314758300781
[2026-07-22T23:22:08.032] [DEBUG] debug-file - runTaskFromQueue task cost before running: 217 ms 
[2026-07-22T23:22:08.033] [INFO] debug-file - Finished :electron:default@PreBuild... after 37 ms 
[2026-07-22T23:22:08.036] [DEBUG] debug-file - Executing task :web_engine:default@PreBuild
[2026-07-22T23:22:08.038] [DEBUG] debug-file - Task 'web_engine:default@PreBuild' cost while wrapping incremental declarations: 1 ms 
[2026-07-22T23:22:08.041] [DEBUG] debug-file - web_engine:default@PreBuild is not up-to-date, since the input file 'C:\Users\scottsmith\project\Archive-Markdown-Editor-For-HarmonyOS\app\ame\build-profile.json5' has been changed.
[2026-07-22T23:22:08.041] [DEBUG] debug-file - Incremental task web_engine:default@PreBuild pre-execution cost: 2 ms .
[2026-07-22T23:22:08.050] [DEBUG] debug-file - current product is not Atomic service.
[2026-07-22T23:22:08.050] [DEBUG] debug-file - Use tool [win32: JAVA_HOME, CLASSPATH]
 [
  { JAVA_HOME: 'C:\\Program Files\\Huawei\\DevEco Studio\\jbr' },
  { CLASSPATH: undefined }
]
[2026-07-22T23:22:08.050] [DEBUG] debug-file - Use tool [win32: NODE_HOME]
 [
  {
    NODE_HOME: 'C:\\Program Files\\Huawei\\DevEco Studio\\tools\\node'
  }
]
[2026-07-22T23:22:08.070] [DEBUG] debug-file - web_engine : default@PreBuild cost memory 0.05051422119140625
[2026-07-22T23:22:08.070] [DEBUG] debug-file - runTaskFromQueue task cost before running: 255 ms 
[2026-07-22T23:22:08.072] [INFO] debug-file - Finished :web_engine:default@PreBuild... after 35 ms 
[2026-07-22T23:22:08.073] [DEBUG] debug-file - Executing task :electron:default@CreateModuleInfo
[2026-07-22T23:22:08.073] [DEBUG] debug-file - Task 'electron:default@CreateModuleInfo' cost while wrapping incremental declarations: 1 ms 
[2026-07-22T23:22:08.074] [DEBUG] debug-file - electron : default@CreateModuleInfo cost memory 0.0454559326171875
[2026-07-22T23:22:08.074] [DEBUG] debug-file - runTaskFromQueue task cost before running: 259 ms 
[2026-07-22T23:22:08.074] [INFO] debug-file - Finished :electron:default@CreateModuleInfo... after 1 ms 
[2026-07-22T23:22:08.077] [DEBUG] debug-file - Executing task :electron:default@GenerateMetadata
[2026-07-22T23:22:08.077] [DEBUG] debug-file - Task 'electron:default@GenerateMetadata' cost while wrapping incremental declarations: 1 ms 
[2026-07-22T23:22:08.078] [DEBUG] debug-file - Incremental task electron:default@GenerateMetadata pre-execution cost: 1 ms .
[2026-07-22T23:22:08.078] [DEBUG] debug-file - electron : default@GenerateMetadata cost memory 0.099090576171875
[2026-07-22T23:22:08.078] [INFO] debug-file - UP-TO-DATE :electron:default@GenerateMetadata...  
[2026-07-22T23:22:08.079] [DEBUG] debug-file - Executing task :electron:default@PreCheckSyscap
[2026-07-22T23:22:08.079] [DEBUG] debug-file - electron : default@PreCheckSyscap cost memory 0.0167083740234375
[2026-07-22T23:22:08.079] [DEBUG] debug-file - runTaskFromQueue task cost before running: 265 ms 
[2026-07-22T23:22:08.080] [INFO] debug-file - Finished :electron:default@PreCheckSyscap... after 1 ms 
[2026-07-22T23:22:08.081] [DEBUG] debug-file - Executing task :electron:default@GeneratePkgContextInfo
[2026-07-22T23:22:08.085] [DEBUG] debug-file - Task 'electron:default@GeneratePkgContextInfo' cost while wrapping incremental declarations: 1 ms 
[2026-07-22T23:22:08.086] [DEBUG] debug-file - electron : default@GeneratePkgContextInfo cost memory 0.39934539794921875
[2026-07-22T23:22:08.086] [DEBUG] debug-file - runTaskFromQueue task cost before running: 271 ms 
[2026-07-22T23:22:08.086] [INFO] debug-file - Finished :electron:default@GeneratePkgContextInfo... after 5 ms 
[2026-07-22T23:22:08.087] [DEBUG] debug-file - Executing task :electron:default@GeneratePkgSdkInfo
[2026-07-22T23:22:08.089] [DEBUG] debug-file - Task 'electron:default@GeneratePkgSdkInfo' cost while wrapping incremental declarations: 1 ms 
[2026-07-22T23:22:08.089] [DEBUG] debug-file - Incremental task electron:default@GeneratePkgSdkInfo pre-execution cost: 1 ms .
[2026-07-22T23:22:08.089] [DEBUG] debug-file - electron : default@GeneratePkgSdkInfo cost memory 0.19879913330078125
[2026-07-22T23:22:08.089] [INFO] debug-file - UP-TO-DATE :electron:default@GeneratePkgSdkInfo...  
[2026-07-22T23:22:08.092] [DEBUG] debug-file - Executing task :electron:default@ProcessIntegratedHsp
[2026-07-22T23:22:08.092] [DEBUG] debug-file - electron:default@ProcessIntegratedHsp is not up-to-date, since the output file 'C:\Users\scottsmith\project\Archive-Markdown-Editor-For-HarmonyOS\app\ame\build\cache\default\integrated_hsp\integratedHspCache.json' does not exist.
[2026-07-22T23:22:08.092] [DEBUG] debug-file - Incremental task electron:default@ProcessIntegratedHsp pre-execution cost: 1 ms .
[2026-07-22T23:22:08.092] [DEBUG] debug-file - electron : default@ProcessIntegratedHsp cost memory 0.06537628173828125
[2026-07-22T23:22:08.092] [DEBUG] debug-file - runTaskFromQueue task cost before running: 277 ms 
[2026-07-22T23:22:08.092] [INFO] debug-file - Finished :electron:default@ProcessIntegratedHsp... after 1 ms 
[2026-07-22T23:22:08.094] [DEBUG] debug-file - Executing task :web_engine:default@CreateHarBuildProfile
[2026-07-22T23:22:08.094] [DEBUG] debug-file - Task 'web_engine:default@CreateHarBuildProfile' cost while wrapping incremental declarations: 1 ms 
[2026-07-22T23:22:08.095] [DEBUG] debug-file - web_engine:default@CreateHarBuildProfile is not up-to-date, since the input file 'C:\Users\scottsmith\project\Archive-Markdown-Editor-For-HarmonyOS\app\ame\build-profile.json5' has been changed.
[2026-07-22T23:22:08.095] [DEBUG] debug-file - Incremental task web_engine:default@CreateHarBuildProfile pre-execution cost: 1 ms .
[2026-07-22T23:22:08.095] [DEBUG] debug-file - web_engine : default@CreateHarBuildProfile cost memory 0.099578857421875
[2026-07-22T23:22:08.096] [DEBUG] debug-file - runTaskFromQueue task cost before running: 281 ms 
[2026-07-22T23:22:08.096] [INFO] debug-file - Finished :web_engine:default@CreateHarBuildProfile... after 2 ms 
[2026-07-22T23:22:08.097] [DEBUG] debug-file - Executing task :web_engine:default@ConfigureCmake
[2026-07-22T23:22:08.097] [DEBUG] debug-file - web_engine : default@ConfigureCmake cost memory 0.01662445068359375
[2026-07-22T23:22:08.097] [DEBUG] debug-file - runTaskFromQueue task cost before running: 282 ms 
[2026-07-22T23:22:08.097] [INFO] debug-file - Finished :web_engine:default@ConfigureCmake... after 1 ms 
[2026-07-22T23:22:08.098] [DEBUG] debug-file - Executing task :web_engine:default@MergeProfile
[2026-07-22T23:22:08.098] [DEBUG] debug-file - Task 'web_engine:default@MergeProfile' cost while wrapping incremental declarations: 1 ms 
[2026-07-22T23:22:08.099] [DEBUG] debug-file - web_engine:default@MergeProfile is not up-to-date, since the input file 'C:\Users\scottsmith\project\Archive-Markdown-Editor-For-HarmonyOS\app\ame\build-profile.json5' has been changed.
[2026-07-22T23:22:08.099] [DEBUG] debug-file - Incremental task web_engine:default@MergeProfile pre-execution cost: 1 ms .
[2026-07-22T23:22:08.099] [DEBUG] debug-file - Change app api release type with 'Release'
[2026-07-22T23:22:08.099] [DEBUG] debug-file - Change app compile API version with '6.1.1.125'
[2026-07-22T23:22:08.099] [DEBUG] debug-file - Change app target API version with '60002022'
[2026-07-22T23:22:08.099] [DEBUG] debug-file - Change app minimum API version with '50005017'
[2026-07-22T23:22:08.099] [DEBUG] debug-file - Use cli appEnvironment
[2026-07-22T23:22:08.102] [DEBUG] debug-file - web_engine : default@MergeProfile cost memory 0.30297088623046875
[2026-07-22T23:22:08.102] [DEBUG] debug-file - runTaskFromQueue task cost before running: 287 ms 
[2026-07-22T23:22:08.103] [INFO] debug-file - Finished :web_engine:default@MergeProfile... after 5 ms 
[2026-07-22T23:22:08.104] [DEBUG] debug-file - Executing task :electron:default@SyscapTransform
[2026-07-22T23:22:08.104] [DEBUG] debug-file - File: 'C:\Users\scottsmith\project\Archive-Markdown-Editor-For-HarmonyOS\app\ame\electron\src\main\syscap.json' from 'sysCapJsonPath' is not exists, just ignore.
[2026-07-22T23:22:08.104] [DEBUG] debug-file - Task 'electron:default@SyscapTransform' cost while wrapping incremental declarations: 1 ms 
[2026-07-22T23:22:08.105] [DEBUG] debug-file - electron:default@SyscapTransform is not up-to-date, since the output file 'C:\Users\scottsmith\project\Archive-Markdown-Editor-For-HarmonyOS\app\ame\electron\build\default\intermediates\syscap\default\rpcid.sc' does not exist.
[2026-07-22T23:22:08.105] [DEBUG] debug-file - Incremental task electron:default@SyscapTransform pre-execution cost: 1 ms .
[2026-07-22T23:22:08.106] [DEBUG] debug-file - electron : default@SyscapTransform cost memory 0.1602783203125
[2026-07-22T23:22:08.106] [DEBUG] debug-file - runTaskFromQueue task cost before running: 291 ms 
[2026-07-22T23:22:08.106] [INFO] debug-file - Finished :electron:default@SyscapTransform... after 2 ms 
[2026-07-22T23:22:08.107] [DEBUG] debug-file - Executing task :electron:default@ProcessRouterMap
[2026-07-22T23:22:08.109] [DEBUG] debug-file - Incremental task electron:default@ProcessRouterMap pre-execution cost: 2 ms .
[2026-07-22T23:22:08.109] [DEBUG] debug-file - electron : default@ProcessRouterMap cost memory 0.1580810546875
[2026-07-22T23:22:08.109] [INFO] debug-file - UP-TO-DATE :electron:default@ProcessRouterMap...  
[2026-07-22T23:22:08.110] [DEBUG] debug-file - Executing task :electron:default@ProcessShareConfig
[2026-07-22T23:22:08.111] [DEBUG] debug-file - Incremental task electron:default@ProcessShareConfig pre-execution cost: 1 ms .
[2026-07-22T23:22:08.112] [DEBUG] debug-file - electron : default@ProcessShareConfig cost memory 0.13189697265625
[2026-07-22T23:22:08.112] [INFO] debug-file - UP-TO-DATE :electron:default@ProcessShareConfig...  
[2026-07-22T23:22:08.113] [DEBUG] debug-file - Executing task :electron:default@ProcessStartupConfig
[2026-07-22T23:22:08.113] [DEBUG] debug-file - Task 'electron:default@ProcessStartupConfig' cost while wrapping incremental declarations: 1 ms 
[2026-07-22T23:22:08.113] [DEBUG] debug-file - electron:default@ProcessStartupConfig is not up-to-date, since the output file 'C:\Users\scottsmith\project\Archive-Markdown-Editor-For-HarmonyOS\app\ame\electron\build\default\intermediates\startup\default\startup_config.json' does not exist.
[2026-07-22T23:22:08.114] [DEBUG] debug-file - Incremental task electron:default@ProcessStartupConfig pre-execution cost: 1 ms .
[2026-07-22T23:22:08.114] [DEBUG] debug-file - electron : default@ProcessStartupConfig cost memory 0.18256378173828125
[2026-07-22T23:22:08.114] [DEBUG] debug-file - runTaskFromQueue task cost before running: 299 ms 
[2026-07-22T23:22:08.115] [INFO] debug-file - Finished :electron:default@ProcessStartupConfig... after 2 ms 
[2026-07-22T23:22:08.116] [DEBUG] debug-file - Executing task :electron:default@CreateBuildProfile
[2026-07-22T23:22:08.116] [DEBUG] debug-file - Task 'electron:default@CreateBuildProfile' cost while wrapping incremental declarations: 1 ms 
[2026-07-22T23:22:08.117] [DEBUG] debug-file - electron:default@CreateBuildProfile is not up-to-date, since the input file 'C:\Users\scottsmith\project\Archive-Markdown-Editor-For-HarmonyOS\app\ame\build-profile.json5' has been changed.
[2026-07-22T23:22:08.117] [DEBUG] debug-file - Incremental task electron:default@CreateBuildProfile pre-execution cost: 1 ms .
[2026-07-22T23:22:08.118] [DEBUG] debug-file - electron : default@CreateBuildProfile cost memory 0.12119293212890625
[2026-07-22T23:22:08.118] [DEBUG] debug-file - runTaskFromQueue task cost before running: 303 ms 
[2026-07-22T23:22:08.118] [INFO] debug-file - Finished :electron:default@CreateBuildProfile... after 3 ms 
[2026-07-22T23:22:08.119] [DEBUG] debug-file - Executing task :web_engine:default@BuildNativeWithCmake
[2026-07-22T23:22:08.119] [DEBUG] debug-file - web_engine : default@BuildNativeWithCmake cost memory 0.01665496826171875
[2026-07-22T23:22:08.119] [DEBUG] debug-file - runTaskFromQueue task cost before running: 304 ms 
[2026-07-22T23:22:08.119] [INFO] debug-file - Finished :web_engine:default@BuildNativeWithCmake... after 1 ms 
[2026-07-22T23:22:08.120] [DEBUG] debug-file - Executing task :electron:default@MergeProfile
[2026-07-22T23:22:08.121] [DEBUG] debug-file - Task 'electron:default@MergeProfile' cost while wrapping incremental declarations: 1 ms 
[2026-07-22T23:22:08.121] [DEBUG] debug-file - electron:default@MergeProfile is not up-to-date, since the input file 'C:\Users\scottsmith\project\Archive-Markdown-Editor-For-HarmonyOS\app\ame\build-profile.json5' has been changed.
[2026-07-22T23:22:08.121] [DEBUG] debug-file - Incremental task electron:default@MergeProfile pre-execution cost: 1 ms .
[2026-07-22T23:22:08.122] [DEBUG] debug-file - Change app api release type with 'Release'
[2026-07-22T23:22:08.122] [DEBUG] debug-file - Change app compile API version with '6.1.1.125'
[2026-07-22T23:22:08.122] [DEBUG] debug-file - Change app target API version with '60002022'
[2026-07-22T23:22:08.122] [DEBUG] debug-file - Change app minimum API version with '50005017'
[2026-07-22T23:22:08.122] [DEBUG] debug-file - Use cli appEnvironment
[2026-07-22T23:22:08.125] [DEBUG] debug-file - electron : default@MergeProfile cost memory 0.49022674560546875
[2026-07-22T23:22:08.126] [DEBUG] debug-file - runTaskFromQueue task cost before running: 311 ms 
[2026-07-22T23:22:08.126] [INFO] debug-file - Finished :electron:default@MergeProfile... after 6 ms 
[2026-07-22T23:22:08.127] [DEBUG] debug-file - Obtain build option for module 'web_engine' target 'default'in this build.
[2026-07-22T23:22:08.128] [DEBUG] debug-file - Executing task :electron:default@GenerateLoaderJson
[2026-07-22T23:22:08.129] [DEBUG] debug-file - Task 'electron:default@GenerateLoaderJson' cost while wrapping incremental declarations: 1 ms 
[2026-07-22T23:22:08.131] [DEBUG] debug-file - Obtain build option for module 'web_engine' target 'default'in this build.
[2026-07-22T23:22:08.132] [DEBUG] debug-file - Obtain build option for module 'web_engine' target 'default'in this build.
[2026-07-22T23:22:08.133] [DEBUG] debug-file - Obtain build option for module 'web_engine' target 'default'in this build.
[2026-07-22T23:22:08.134] [DEBUG] debug-file - Obtain build option for module 'web_engine' target 'default'in this build.
[2026-07-22T23:22:08.135] [DEBUG] debug-file - Obtain build option for module 'web_engine' target 'default'in this build.
[2026-07-22T23:22:08.136] [DEBUG] debug-file - electron:default@GenerateLoaderJson is not up-to-date, since the task snapshots are different.
[2026-07-22T23:22:08.136] [DEBUG] debug-file - Incremental task electron:default@GenerateLoaderJson pre-execution cost: 4 ms .
[2026-07-22T23:22:08.137] [DEBUG] debug-file - Obtain build option for module 'web_engine' target 'default'in this build.
[2026-07-22T23:22:08.145] [DEBUG] debug-file - electron : default@GenerateLoaderJson cost memory -25.860679626464844
[2026-07-22T23:22:08.145] [DEBUG] debug-file - runTaskFromQueue task cost before running: 330 ms 
[2026-07-22T23:22:08.147] [DEBUG] debug-file - Obtain build option for module 'web_engine' target 'default'in this build.
[2026-07-22T23:22:08.148] [DEBUG] debug-file - Obtain build option for module 'web_engine' target 'default'in this build.
[2026-07-22T23:22:08.148] [INFO] debug-file - Finished :electron:default@GenerateLoaderJson... after 18 ms 
[2026-07-22T23:22:08.149] [DEBUG] debug-file - Executing task :electron:default@ConfigureCmake
[2026-07-22T23:22:08.149] [DEBUG] debug-file - electron : default@ConfigureCmake cost memory 0.01648712158203125
[2026-07-22T23:22:08.149] [DEBUG] debug-file - runTaskFromQueue task cost before running: 334 ms 
[2026-07-22T23:22:08.150] [INFO] debug-file - Finished :electron:default@ConfigureCmake... after 1 ms 
[2026-07-22T23:22:08.151] [DEBUG] debug-file - Executing task :web_engine:default@BuildNativeWithNinja
[2026-07-22T23:22:08.151] [DEBUG] debug-file - web_engine : default@BuildNativeWithNinja cost memory 0.0251922607421875
[2026-07-22T23:22:08.151] [DEBUG] debug-file - runTaskFromQueue task cost before running: 336 ms 
[2026-07-22T23:22:08.151] [INFO] debug-file - Finished :web_engine:default@BuildNativeWithNinja... after 1 ms 
[2026-07-22T23:22:08.152] [DEBUG] debug-file - Executing task :electron:default@MakePackInfo
[2026-07-22T23:22:08.153] [DEBUG] debug-file - electron:default@MakePackInfo is not up-to-date, since the input file 'C:\Users\scottsmith\project\Archive-Markdown-Editor-For-HarmonyOS\app\ame\build-profile.json5' has been changed.
[2026-07-22T23:22:08.153] [DEBUG] debug-file - Incremental task electron:default@MakePackInfo pre-execution cost: 1 ms .
[2026-07-22T23:22:08.153] [DEBUG] debug-file - Module Pack Info:  {
  summary: {
    app: { bundleName: 'c***e', bundleType: 'app', version: [Object] },
    modules: [ [Object] ]
  },
  packages: [
    {
      deviceType: [Array],
      moduleType: 'entry',
      deliveryWithInstall: true,
      name: 'electron-default'
    }
  ]
}
[2026-07-22T23:22:08.154] [DEBUG] debug-file - electron : default@MakePackInfo cost memory 0.214569091796875
[2026-07-22T23:22:08.154] [DEBUG] debug-file - runTaskFromQueue task cost before running: 339 ms 
[2026-07-22T23:22:08.154] [INFO] debug-file - Finished :electron:default@MakePackInfo... after 3 ms 
[2026-07-22T23:22:08.156] [DEBUG] debug-file - Executing task :electron:default@ProcessProfile
[2026-07-22T23:22:08.158] [DEBUG] debug-file - Task 'electron:default@ProcessProfile' cost while wrapping incremental declarations: 1 ms 
[2026-07-22T23:22:08.158] [DEBUG] debug-file - electron:default@ProcessProfile is not up-to-date, since the input file 'C:\Users\scottsmith\project\Archive-Markdown-Editor-For-HarmonyOS\app\ame\electron\build\default\intermediates\merge_profile\default\module.json' has been changed.
[2026-07-22T23:22:08.158] [DEBUG] debug-file - Incremental task electron:default@ProcessProfile pre-execution cost: 1 ms .
[2026-07-22T23:22:08.160] [DEBUG] debug-file - [
  'C:\\Program Files\\Huawei\\DevEco Studio\\tools\\node\\node.exe',
  'C:\\Program Files\\Huawei\\DevEco Studio\\sdk\\default\\openharmony\\ets\\build-tools\\ets-loader\\bin\\ark\\ts2abc.js',
  '--target-api-version',
  '17'
]
[2026-07-22T23:22:08.233] [DEBUG] debug-file - 12.0.6.0
[2026-07-22T23:22:08.234] [DEBUG] debug-file - No need to add fake ui ability because of not in preview process.
[2026-07-22T23:22:08.235] [DEBUG] debug-file - electron : default@ProcessProfile cost memory 0.6547698974609375
[2026-07-22T23:22:08.235] [DEBUG] debug-file - runTaskFromQueue task cost before running: 420 ms 
[2026-07-22T23:22:08.235] [INFO] debug-file - Finished :electron:default@ProcessProfile... after 79 ms 
[2026-07-22T23:22:08.236] [DEBUG] debug-file - Executing task :electron:default@BuildNativeWithCmake
[2026-07-22T23:22:08.236] [DEBUG] debug-file - electron : default@BuildNativeWithCmake cost memory 0.01656341552734375
[2026-07-22T23:22:08.236] [DEBUG] debug-file - runTaskFromQueue task cost before running: 421 ms 
[2026-07-22T23:22:08.236] [INFO] debug-file - Finished :electron:default@BuildNativeWithCmake... after 1 ms 
[2026-07-22T23:22:08.237] [DEBUG] debug-file - Executing task :web_engine:default@ProcessLibs
[2026-07-22T23:22:08.238] [DEBUG] debug-file - web_engine:default@ProcessLibs is not up-to-date, since the input file 'C:\Users\scottsmith\project\Archive-Markdown-Editor-For-HarmonyOS\app\ame\build-profile.json5' has been changed.
[2026-07-22T23:22:08.238] [DEBUG] debug-file - Incremental task web_engine:default@ProcessLibs pre-execution cost: 1 ms .
[2026-07-22T23:22:08.239] [DEBUG] debug-file - Worker dispatch failed, running processLibs on main thread.
[2026-07-22T23:22:08.240] [DEBUG] debug-file - web_engine : default@ProcessLibs cost memory 0.31180572509765625
[2026-07-22T23:22:08.240] [DEBUG] debug-file - runTaskFromQueue task cost before running: 425 ms 
[2026-07-22T23:22:08.241] [INFO] debug-file - Finished :web_engine:default@ProcessLibs... after 4 ms 
[2026-07-22T23:22:08.242] [DEBUG] debug-file - restool module names: electron,web_engine; moduleName=electron, taskName=default@ProcessResource
[2026-07-22T23:22:08.244] [DEBUG] debug-file - Executing task :electron:default@ProcessResource
[2026-07-22T23:22:08.244] [DEBUG] debug-file - Task 'electron:default@ProcessResource' cost while wrapping incremental declarations: 1 ms 
[2026-07-22T23:22:08.245] [DEBUG] debug-file - Incremental task electron:default@ProcessResource pre-execution cost: 1 ms .
[2026-07-22T23:22:08.245] [DEBUG] debug-file - electron : default@ProcessResource cost memory 0.34247589111328125
[2026-07-22T23:22:08.246] [INFO] debug-file - UP-TO-DATE :electron:default@ProcessResource...  
[2026-07-22T23:22:08.247] [DEBUG] debug-file - Executing task :web_engine:default@DoNativeStrip
[2026-07-22T23:22:08.247] [DEBUG] debug-file - File: 'C:\Users\scottsmith\project\Archive-Markdown-Editor-For-HarmonyOS\app\ame\web_engine\build\default\intermediates\binxo\default' from 'doBinxoNativeLibs' is not exists, just ignore.
[2026-07-22T23:22:08.247] [DEBUG] debug-file - Task 'web_engine:default@DoNativeStrip' cost while wrapping incremental declarations: 1 ms 
[2026-07-22T23:22:08.248] [DEBUG] debug-file - Incremental task web_engine:default@DoNativeStrip pre-execution cost: 1 ms .
[2026-07-22T23:22:08.248] [DEBUG] debug-file - web_engine : default@DoNativeStrip cost memory 0.10608673095703125
[2026-07-22T23:22:08.248] [INFO] debug-file - UP-TO-DATE :web_engine:default@DoNativeStrip...  
[2026-07-22T23:22:08.248] [DEBUG] debug-file - restool module names: electron,web_engine; moduleName=electron, taskName=default@CompileResource
[2026-07-22T23:22:08.249] [DEBUG] debug-file - Executing task :electron:default@CompileResource
[2026-07-22T23:22:08.254] [DEBUG] debug-file - electron:default@CompileResource is not up-to-date, since the input file 'C:\Users\scottsmith\project\Archive-Markdown-Editor-For-HarmonyOS\app\ame\electron\src\main\resources' has been changed.
[2026-07-22T23:22:08.254] [DEBUG] debug-file - Incremental task electron:default@CompileResource pre-execution cost: 4 ms .
[2026-07-22T23:22:08.255] [DEBUG] debug-file - Use tool [C:\Program Files\Huawei\DevEco Studio\sdk\default\openharmony\toolchains\restool.exe]
 [
  'C:\\Program Files\\Huawei\\DevEco Studio\\sdk\\default\\openharmony\\toolchains\\restool.exe',
  '-l',
  'C:\\Users\\scottsmith\\project\\Archive-Markdown-Editor-For-HarmonyOS\\app\\ame\\electron\\build\\default\\intermediates\\res\\default\\resConfig.json'
]
[2026-07-22T23:22:08.256] [DEBUG] debug-file - current process  memoryUsage: {
  rss: 637734912,
  heapTotal: 176181248,
  heapUsed: 131226864,
  external: 3180662,
  arrayBuffers: 153073
} os memoryUsage :22.411632537841797
[2026-07-22T23:22:08.378] [DEBUG] debug-file - Info: Pack: normal pack mode

[2026-07-22T23:22:08.501] [DEBUG] debug-file - Info: hardware concurrency count is : 16
Info: thread count is : 16

[2026-07-22T23:22:08.502] [DEBUG] debug-file - Info: thread pool is started

[2026-07-22T23:22:08.503] [DEBUG] debug-file - Info: GenericCompiler::CompileFiles

[2026-07-22T23:22:08.506] [DEBUG] debug-file - Info: GenericCompiler::CompileFiles

[2026-07-22T23:22:08.512] [DEBUG] debug-file - Info: GenericCompiler::CompileFiles

[2026-07-22T23:22:08.532] [DEBUG] debug-file - 07-22 23:22:08.532 20152 26420 E C01400/ImageTranscoderUtils: DecodeToRGBA IN
07-22 23:22:08.533 20152 26420 E C01400/ImageTranscoderUtils: ImageFilter IN C:\Users\scottsmith\project\Archive-Markdown-Editor-For-HarmonyOS\app\ame\AppScope\resources\base\media\app_icon.png

[2026-07-22T23:22:08.536] [DEBUG] debug-file - 07-22 23:22:08.536 20152 26420 E C01400/ImageTranscoder: TranscodeSLR ScalePixelsWithSLR failed

[2026-07-22T23:22:08.536] [DEBUG] debug-file - Warning: ScaleImage failed, file path = C:\Users\scottsmith\project\Archive-Markdown-Editor-For-HarmonyOS\app\ame\AppScope\resources\base\media\app_icon.png

[2026-07-22T23:22:08.538] [DEBUG] debug-file - Warning: The width or height of the png file referenced by the icon exceeds the limit (41 pixels)
at C:\Users\scottsmith\project\Archive-Markdown-Editor-For-HarmonyOS\app\ame\AppScope\resources\base\media\app_icon.png

[2026-07-22T23:22:08.538] [DEBUG] debug-file - Warning: The width or height of the png file referenced by the startWindowIcon exceeds the limit (144 pixels)
at C:\Users\scottsmith\project\Archive-Markdown-Editor-For-HarmonyOS\app\ame\AppScope\resources\base\media\app_icon.png
Warning: The width or height of the png file referenced by the startWindowIcon exceeds the limit (144 pixels)
at C:\Users\scottsmith\project\Archive-Markdown-Editor-For-HarmonyOS\app\ame\AppScope\resources\base\media\startIcon.png

[2026-07-22T23:22:08.571] [DEBUG] debug-file - Info: file '.github' is ignored by default filename pattern '\..+'.

[2026-07-22T23:22:08.571] [DEBUG] debug-file - Info: file '.gitignore' is ignored by default filename pattern '\..+'.

[2026-07-22T23:22:08.631] [DEBUG] debug-file - Info: restool resources compile success.

[2026-07-22T23:22:08.632] [DEBUG] debug-file - Info: thread pool is stopped

[2026-07-22T23:22:08.688] [WARN] debug-file - Warning: 'button_cancel' conflict, first declared.
at C:\Users\scottsmith\project\Archive-Markdown-Editor-For-HarmonyOS\app\ame\electron\src\main\resources\base\element\string.json
but declared again.
at C:\Users\scottsmith\project\Archive-Markdown-Editor-For-HarmonyOS\app\ame\web_engine\src\main\resources\base\element\string.json
Warning: 'button_cancel' conflict, first declared.
at C:\Users\scottsmith\project\Archive-Markdown-Editor-For-HarmonyOS\app\ame\electron\src\main\resources\en_US\element\string.json
but declared again.
at C:\Users\scottsmith\project\Archive-Markdown-Editor-For-HarmonyOS\app\ame\web_engine\src\main\resources\en_US\element\string.json
Warning: 'button_cancel' conflict, first declared.
at C:\Users\scottsmith\project\Archive-Markdown-Editor-For-HarmonyOS\app\ame\electron\src\main\resources\zh_CN\element\string.json
but declared again.
at C:\Users\scottsmith\project\Archive-Markdown-Editor-For-HarmonyOS\app\ame\web_engine\src\main\resources\zh_CN\element\string.json
Warning: 'button_ok' conflict, first declared.
at C:\Users\scottsmith\project\Archive-Markdown-Editor-For-HarmonyOS\app\ame\electron\src\main\resources\base\element\string.json
but declared again.
at C:\Users\scottsmith\project\Archive-Markdown-Editor-For-HarmonyOS\app\ame\web_engine\src\main\resources\base\element\string.json
Warning: 'button_ok' conflict, first declared.
at C:\Users\scottsmith\project\Archive-Markdown-Editor-For-HarmonyOS\app\ame\electron\src\main\resources\en_US\element\string.json
but declared again.
at C:\Users\scottsmith\project\Archive-Markdown-Editor-For-HarmonyOS\app\ame\web_engine\src\main\resources\en_US\element\string.json
Warning: 'button_ok' conflict, first declared.
at C:\Users\scottsmith\project\Archive-Markdown-Editor-For-HarmonyOS\app\ame\electron\src\main\resources\zh_CN\element\string.json
but declared again.
at C:\Users\scottsmith\project\Archive-Markdown-Editor-For-HarmonyOS\app\ame\web_engine\src\main\resources\zh_CN\element\string.json
Warning: 'button_background' conflict, first declared.
at C:\Users\scottsmith\project\Archive-Markdown-Editor-For-HarmonyOS\app\ame\electron\src\main\resources\base\element\color.json
but declared again.
at C:\Users\scottsmith\project\Archive-Markdown-Editor-For-HarmonyOS\app\ame\web_engine\src\main\resources\base\element\color.json
Warning: 'button_font' conflict, first declared.
at C:\Users\scottsmith\project\Archive-Markdown-Editor-For-HarmonyOS\app\ame\electron\src\main\resources\base\element\color.json
but declared again.
at C:\Users\scottsmith\project\Archive-Markdown-Editor-For-HarmonyOS\app\ame\web_engine\src\main\resources\base\element\color.json
Warning: 'checkbox_selected' conflict, first declared.
at C:\Users\scottsmith\project\Archive-Markdown-Editor-For-HarmonyOS\app\ame\electron\src\main\resources\base\element\color.json
but declared again.
at C:\Users\scottsmith\project\Archive-Markdown-Editor-For-HarmonyOS\app\ame\web_engine\src\main\resources\base\element\color.json
Warning: 'start_window_background' conflict, first declared.
at C:\Users\scottsmith\project\Archive-Markdown-Editor-For-HarmonyOS\app\ame\electron\src\main\resources\base\element\color.json
but declared again.
at C:\Users\scottsmith\project\Archive-Markdown-Editor-For-HarmonyOS\app\ame\web_engine\src\main\resources\base\element\color.json

[2026-07-22T23:22:08.690] [DEBUG] debug-file - electron : default@CompileResource cost memory 0.8447494506835938
[2026-07-22T23:22:08.690] [DEBUG] debug-file - runTaskFromQueue task cost before running: 875 ms 
[2026-07-22T23:22:08.692] [INFO] debug-file - Finished :electron:default@CompileResource... after 441 ms 
[2026-07-22T23:22:08.692] [DEBUG] debug-file - Executing task :electron:default@BuildNativeWithNinja
[2026-07-22T23:22:08.692] [DEBUG] debug-file - electron : default@BuildNativeWithNinja cost memory 0.0250091552734375
[2026-07-22T23:22:08.693] [DEBUG] debug-file - runTaskFromQueue task cost before running: 878 ms 
[2026-07-22T23:22:08.693] [INFO] debug-file - Finished :electron:default@BuildNativeWithNinja... after 1 ms 
[2026-07-22T23:22:08.694] [DEBUG] debug-file - Executing task :electron:default@CompileArkTS
[2026-07-22T23:22:08.695] [DEBUG] debug-file - Obtain build option for module 'web_engine' target 'default'in this build.
[2026-07-22T23:22:08.695] [DEBUG] debug-file - Collect obfuscation config from library web_engine.
[2026-07-22T23:22:08.698] [DEBUG] debug-file - obfuscationOptions: {"selfConfig":{"ruleOptions":{"enable":false,"rules":[]},"consumerRules":[]},"sdkApis":[],"obfuscationCacheDir":"C:\\Users\\scottsmith\\project\\Archive-Markdown-Editor-For-HarmonyOS\\app\\ame\\electron\\build\\default\\cache\\default\\default@CompileArkTS\\esmodule\\release\\obfuscation","exportRulePath":"C:\\Users\\scottsmith\\project\\Archive-Markdown-Editor-For-HarmonyOS\\app\\ame\\electron\\build\\default\\intermediates\\obfuscation\\default\\obfuscation.txt","dependencies":{"libraries":[{"ruleOptions":{"enable":false,"rules":[]},"consumerRules":["C:\\Users\\scottsmith\\project\\Archive-Markdown-Editor-For-HarmonyOS\\app\\ame\\web_engine\\consumer-rules.txt"],"libDir":"C:\\Users\\scottsmith\\project\\Archive-Markdown-Editor-For-HarmonyOS\\app\\ame\\web_engine"}],"hspLibraries":[],"hars":[],"hsps":[]}}
[2026-07-22T23:22:08.702] [DEBUG] debug-file - Task 'electron:default@CompileArkTS' cost while wrapping incremental declarations: 1 ms 
[2026-07-22T23:22:08.705] [DEBUG] debug-file - electron:default@CompileArkTS is not up-to-date, since the input file 'C:\Users\scottsmith\project\Archive-Markdown-Editor-For-HarmonyOS\app\ame\electron\build\default\intermediates\loader\default' has been changed.
[2026-07-22T23:22:08.705] [DEBUG] debug-file - Incremental task electron:default@CompileArkTS pre-execution cost: 3 ms .
[2026-07-22T23:22:08.715] [DEBUG] debug-file - build config:
[2026-07-22T23:22:08.715] [DEBUG] debug-file - {
  moduleType: 'entry',
  perf: 0,
  targetName: '.default',
  packageManagerType: 'ohpm',
  localPropertiesPath: 'C:\\Users\\scottsmith\\project\\Archive-Markdown-Editor-For-HarmonyOS\\app\\ame\\local.properties',
  isPreview: false,
  isOhosTest: false,
  isLocalTest: false,
  buildMode: 'Release',
  hotReloadBuild: undefined,
  watchMode: 'false',
  aceProfilePath: 'C:\\Users\\scottsmith\\project\\Archive-Markdown-Editor-For-HarmonyOS\\app\\ame\\electron\\build\\default\\intermediates\\res\\default\\resources\\base\\profile',
  etsLoaderPath: 'C:\\Program Files\\Huawei\\DevEco Studio\\sdk\\default\\openharmony\\ets\\build-tools\\ets-loader',
  modulePath: 'C:\\Users\\scottsmith\\project\\Archive-Markdown-Editor-For-HarmonyOS\\app\\ame\\electron',
  testFrameworkPar: {
    testMode: undefined,
    coveragePathFilter: undefined,
    coverageMode: undefined
  },
  needCoverageInsert: false,
  debugLine: false,
  projectTopDir: 'C:\\Users\\scottsmith\\project\\Archive-Markdown-Editor-For-HarmonyOS\\app\\ame',
  compileSdkVersion: 24,
  compatibleSdkVersion: 17,
  originCompatibleSdkVersion: '5.0.5(17)',
  compatibleSdkVersionStage: undefined,
  bundleName: 'c***e',
  etsLoaderVersion: '6.1.1.125',
  etsLoaderReleaseType: 'Release',
  aotCompileMode: 'type',
  apPath: 'C:\\Users\\scottsmith\\project\\Archive-Markdown-Editor-For-HarmonyOS\\app\\ame\\electron\\modules.ap',
  entryModuleName: 'electron',
  entryModuleVersion: '1.2.3',
  entryPackageName: 'ame',
  allModuleNameHash: '1dd699aafb50747b447af15ee0483b063518d7578375cdc0f77be032f15639dd',
  externalApiPaths: [
    'C:\\Program Files\\Huawei\\DevEco Studio\\sdk\\default\\hms\\ets'
  ],
  compilerTypes: [],
  isCrossplatform: false,
  hvigorPluginFile: undefined,
  compilePluginPath: undefined,
  buildGeneratedProfilePath: 'C:\\Users\\scottsmith\\project\\Archive-Markdown-Editor-For-HarmonyOS\\app\\ame\\electron\\build\\default\\generated\\profile\\default',
  bundleType: 'app',
  arkTSVersion: undefined,
  apiVersion: 24,
  needCompleteSourcesMap: false,
  isFaMode: false,
  buildDir: 'C:\\Users\\scottsmith\\project\\Archive-Markdown-Editor-For-HarmonyOS\\app\\ame\\electron\\build',
  deviceTypes: [ '2in1', 'tablet' ],
  pkgContextInfo: undefined,
  ohPackagePathMap: {},
  dependencyAliasMap: {},
  permission: { requestPermissions: undefined, definePermissions: undefined },
  useGetCurrentBundleName: false,
  projectArkOption: { obfuscation: { ruleOptions: [Object], consumerRules: [] } },
  sourceMapDir: undefined,
  branchElimination: false,
  transformLib: undefined,
  tsImportSendable: false,
  resolveConflictMode: true,
  depName2RootPath: {},
  depName2DepInfo: {},
  depName2OhExports: {},
  rootPathSet: [
    'C:\\Users\\scottsmith\\project\\Archive-Markdown-Editor-For-HarmonyOS\\app\\ame'
  ],
  useNativeResolver: true,
  shouldEmitJs: true,
  useTscResolve: false,
  singleFileEmit: false,
  userProjectConfig: {
    autoLazyImport: false,
    allowEmptyBundleName: false,
    reExportCheckMode: 'noCheck',
    executionMode: 'memory',
    usePathPlaceholder: false,
    writeRollupCache: true,
    isExpandImportEnabled: false,
    expandImportExclude: '',
    lazyImportExclude: '',
    lazyImportInclude: '',
    ignoreCrossplatformCheck: false,
    isHarDeduplicateEnabled: false,
    skipOhModulesLint: false,
    enableStrictCheckOHModule: false,
    disableSendableCheckRules: [],
    useDeclarationFileSignature: false,
    customizedOptions: undefined,
    integratedHsp: false,
    isPreloadSoEnabled: false
  },
  executionMode: 'memory',
  arkCompileCachePath: 'C:\\Users\\scottsmith\\project\\Archive-Markdown-Editor-For-HarmonyOS\\app\\ame\\electron\\build\\default\\cache\\default\\default@CompileArkTS\\esmodule',
  autoLazyFilter: undefined,
  isHarDeduplicateEnabled: false,
  intermediateHarDuplicateDirPath: 'C:\\Users\\scottsmith\\project\\Archive-Markdown-Editor-For-HarmonyOS\\app\\ame\\electron\\build\\default\\intermediates\\har_duplicate\\default',
  autoLazyImport: false,
  allowEmptyBundleName: false,
  reExportCheckMode: 'noCheck',
  usePathPlaceholder: false,
  writeRollupCache: true,
  isExpandImportEnabled: false,
  expandImportExclude: '',
  lazyImportExclude: '',
  lazyImportInclude: '',
  ignoreCrossplatformCheck: false,
  skipOhModulesLint: false,
  enableStrictCheckOHModule: false,
  disableSendableCheckRules: [],
  useDeclarationFileSignature: false,
  customizedOptions: undefined,
  integratedHsp: false,
  isPreloadSoEnabled: false,
  strictMode: undefined,
  useNormalizedOHMUrl: false,
  caseSensitiveCheck: false,
  strictCheckerOnly: false,
  aceModuleJsonPath: 'C:\\Users\\scottsmith\\project\\Archive-Markdown-Editor-For-HarmonyOS\\app\\ame\\electron\\build\\default\\intermediates\\res\\default\\ark_module.json',
  appResource: 'C:\\Users\\scottsmith\\project\\Archive-Markdown-Editor-For-HarmonyOS\\app\\ame\\electron\\build\\default\\intermediates\\res\\default\\ResourceTable.txt',
  rawFileResource: 'C:\\Users\\scottsmith\\project\\Archive-Markdown-Editor-For-HarmonyOS\\app\\ame\\electron\\build\\default\\intermediates\\res\\default\\resources\\rawfile',
  resourceTableHash: 'd22ecbebfd05b9d26ca1ca9fe811e57d5a8a17a7657cb46cbb49d4c0711c23dc',
  runtimeOS: 'HarmonyOS',
  sdkInfo: 'false:24:6.1.1.125:Release',
  aceModuleRoot: 'C:\\Users\\scottsmith\\project\\Archive-Markdown-Editor-For-HarmonyOS\\app\\ame\\electron\\src\\main\\ets',
  compileMode: 'esmodule',
  aceSuperVisualPath: 'C:\\Users\\scottsmith\\project\\Archive-Markdown-Editor-For-HarmonyOS\\app\\ame\\electron\\src\\main\\supervisual',
  aceBuildJson: 'C:\\Users\\scottsmith\\project\\Archive-Markdown-Editor-For-HarmonyOS\\app\\ame\\electron\\build\\default\\intermediates\\loader\\default\\loader.json',
  cachePath: 'C:\\Users\\scottsmith\\project\\Archive-Markdown-Editor-For-HarmonyOS\\app\\ame\\electron\\build\\default\\cache\\default\\default@CompileArkTS\\esmodule\\release',
  aceModuleBuild: 'C:\\Users\\scottsmith\\project\\Archive-Markdown-Editor-For-HarmonyOS\\app\\ame\\electron\\build\\default\\intermediates\\loader_out\\default\\ets',
  supportChunks: true,
  declaredFilesPath: undefined,
  shouldCollectDirectImportees: false,
  isByteCodeHarOptimize: false,
  expandImportPath: undefined,
  resourceTableTs: 'C:\\Users\\scottsmith\\project\\Archive-Markdown-Editor-For-HarmonyOS\\app\\ame\\electron\\build\\default\\generated\\r\\default\\ResourceTable.ts',
  moduleMetaInfoFiles: [
    {
      filePath: 'C:\\Users\\scottsmith\\project\\Archive-Markdown-Editor-For-HarmonyOS\\app\\ame\\electron\\build\\default\\generated\\r\\default\\ResourceTable.ts',
      ohmurl: 'com.scottsmith.ame/electron/build/generated/r/ResourceTable'
    }
  ],
  pkgNameToPkgBriefInfo: {
    web_engine: {
      pkgRoot: 'C:\\Users\\scottsmith\\project\\Archive-Markdown-Editor-For-HarmonyOS\\app\\ame\\web_engine',
      pkgName: 'web_engine',
      sourceRoots: [Array],
      originalSourceRoots: undefined
    },
    ame: {
      pkgRoot: 'C:\\Users\\scottsmith\\project\\Archive-Markdown-Editor-For-HarmonyOS\\app\\ame\\electron',
      originalSourceRoots: undefined,
      sourceRoots: [Array],
      pkgName: 'ame'
    }
  },
  projectModel: {
    'C:\\Users\\scottsmith\\project\\Archive-Markdown-Editor-For-HarmonyOS\\app\\ame\\electron\\src\\main': {
      moduleName: 'electron',
      modulePkgPath: 'C:\\Users\\scottsmith\\project\\Archive-Markdown-Editor-For-HarmonyOS\\app\\ame\\electron',
      belongProjectPath: 'C:\\Users\\scottsmith\\project\\Archive-Markdown-Editor-For-HarmonyOS\\app\\ame'
    },
    'C:\\Users\\scottsmith\\project\\Archive-Markdown-Editor-For-HarmonyOS\\app\\ame\\electron\\src\\ohosTest': {
      moduleName: 'pc_test',
      modulePkgPath: 'C:\\Users\\scottsmith\\project\\Archive-Markdown-Editor-For-HarmonyOS\\app\\ame\\electron',
      belongProjectPath: 'C:\\Users\\scottsmith\\project\\Archive-Markdown-Editor-For-HarmonyOS\\app\\ame'
    },
    'C:\\Users\\scottsmith\\project\\Archive-Markdown-Editor-For-HarmonyOS\\app\\ame\\electron': {
      moduleName: 'electron',
      modulePkgPath: 'C:\\Users\\scottsmith\\project\\Archive-Markdown-Editor-For-HarmonyOS\\app\\ame\\electron',
      belongProjectPath: 'C:\\Users\\scottsmith\\project\\Archive-Markdown-Editor-For-HarmonyOS\\app\\ame'
    },
    'C:\\Users\\scottsmith\\project\\Archive-Markdown-Editor-For-HarmonyOS\\app\\ame\\web_engine\\src\\main': {
      moduleName: 'web_engine',
      modulePkgPath: 'C:\\Users\\scottsmith\\project\\Archive-Markdown-Editor-For-HarmonyOS\\app\\ame\\web_engine',
      belongProjectPath: 'C:\\Users\\scottsmith\\project\\Archive-Markdown-Editor-For-HarmonyOS\\app\\ame'
    },
    'C:\\Users\\scottsmith\\project\\Archive-Markdown-Editor-For-HarmonyOS\\app\\ame\\web_engine': {
      moduleName: 'web_engine',
      modulePkgPath: 'C:\\Users\\scottsmith\\project\\Archive-Markdown-Editor-For-HarmonyOS\\app\\ame\\web_engine',
      belongProjectPath: 'C:\\Users\\scottsmith\\project\\Archive-Markdown-Editor-For-HarmonyOS\\app\\ame'
    },
    'C:\\Users\\scottsmith\\project\\Archive-Markdown-Editor-For-HarmonyOS\\app\\ame': {
      moduleName: 'ame',
      modulePkgPath: 'C:\\Users\\scottsmith\\project\\Archive-Markdown-Editor-For-HarmonyOS\\app\\ame',
      belongProjectPath: 'C:\\Users\\scottsmith\\project\\Archive-Markdown-Editor-For-HarmonyOS\\app\\ame'
    }
  },
  pkgJsonFileHash: 'c7158e25fe065d88adafb399c939af368cda24ab00991d2b416c6241401c141d',
  allModulePaths: [
    'C:\\Users\\scottsmith\\project\\Archive-Markdown-Editor-For-HarmonyOS\\app\\ame\\electron',
    'C:\\Users\\scottsmith\\project\\Archive-Markdown-Editor-For-HarmonyOS\\app\\ame\\web_engine'
  ],
  routerMap: {},
  obfuscationOptions: {
    selfConfig: { ruleOptions: [Object], consumerRules: [] },
    sdkApis: [],
    obfuscationCacheDir: 'C:\\Users\\scottsmith\\project\\Archive-Markdown-Editor-For-HarmonyOS\\app\\ame\\electron\\build\\default\\cache\\default\\default@CompileArkTS\\esmodule\\release\\obfuscation',
    exportRulePath: 'C:\\Users\\scottsmith\\project\\Archive-Markdown-Editor-For-HarmonyOS\\app\\ame\\electron\\build\\default\\intermediates\\obfuscation\\default\\obfuscation.txt',
    dependencies: { libraries: [Array], hspLibraries: [], hars: [], hsps: [] }
  },
  byteCodeHarToDependencyKeys: undefined,
  compileBlockPkg: [],
  mockParams: {
    decorator: '@MockSetup',
    packageName: '@ohos/hamock',
    etsSourceRootPath: 'src/main/ets',
    mockConfigPath: undefined,
    mockConfigKey2ModuleInfo: {},
    source2ModuleIdMap: {}
  },
  copyCodeResourceEnable: true,
  copyCodeResourceExcludes: [],
  copyCodeResourceIncludes: undefined,
  uiTransformOptimization: false,
  sdkPath: 'C:/Program Files/Huawei/DevEco Studio/sdk',
  needPreloadSoFileSet: {},
  preloadSoFilePath: 'C:\\Users\\scottsmith\\project\\Archive-Markdown-Editor-For-HarmonyOS\\app\\ame\\electron\\build\\default\\intermediates\\preload\\default\\preload.json',
  useSourceHash: false,
  localModuleParamMap: {},
  otherPaths: {
    'web_engine/*': [
      '..\\..\\..\\..\\web_engine\\src\\main\\*',
      '..\\..\\..\\..\\web_engine\\build\\default\\generated\\profile\\default\\*'
    ],
    'ame/*': [
      '..\\*',
      '..\\..\\..\\build\\default\\generated\\profile\\default\\*'
    ]
  },
  collectImportersConfig: undefined
}
[2026-07-22T23:22:08.716] [DEBUG] debug-file - Compile arkts with external api path: C:\Program Files\Huawei\DevEco Studio\sdk\default\hms\ets
[2026-07-22T23:22:08.717] [DEBUG] debug-file - default@CompileArkTS work[25] is submitted.
[2026-07-22T23:22:08.717] [DEBUG] debug-file - default@CompileArkTS work[25] is pushed to ready queue.
[2026-07-22T23:22:08.718] [DEBUG] debug-file - A work dispatched to worker[15] failed because unable to get work from ready queue.
[2026-07-22T23:22:08.718] [DEBUG] debug-file - A work dispatched to worker[14] failed because unable to get work from ready queue.
[2026-07-22T23:22:08.718] [DEBUG] debug-file - A work dispatched to worker[13] failed because unable to get work from ready queue.
[2026-07-22T23:22:08.718] [DEBUG] debug-file - A work dispatched to worker[12] failed because unable to get work from ready queue.
[2026-07-22T23:22:08.718] [DEBUG] debug-file - A work dispatched to worker[11] failed because unable to get work from ready queue.
[2026-07-22T23:22:08.718] [DEBUG] debug-file - A work dispatched to worker[10] failed because unable to get work from ready queue.
[2026-07-22T23:22:08.718] [DEBUG] debug-file - A work dispatched to worker[9] failed because unable to get work from ready queue.
[2026-07-22T23:22:08.718] [DEBUG] debug-file - A work dispatched to worker[8] failed because unable to get work from ready queue.
[2026-07-22T23:22:08.718] [DEBUG] debug-file - A work dispatched to worker[7] failed because unable to get work from ready queue.
[2026-07-22T23:22:08.718] [DEBUG] debug-file - A work dispatched to worker[6] failed because unable to get work from ready queue.
[2026-07-22T23:22:08.718] [DEBUG] debug-file - A work dispatched to worker[5] failed because unable to get work from ready queue.
[2026-07-22T23:22:08.718] [DEBUG] debug-file - default@CompileArkTS work[25] has been dispatched to worker[4].
[2026-07-22T23:22:08.719] [DEBUG] debug-file - default@CompileArkTS work[25] is dispatched.
[2026-07-22T23:22:08.719] [DEBUG] debug-file - CopyResources startTime: 104342317970800
[2026-07-22T23:22:08.719] [DEBUG] debug-file - default@CompileArkTS work[26] is submitted.
[2026-07-22T23:22:08.719] [DEBUG] debug-file - default@CompileArkTS work[26] is pushed to ready queue.
[2026-07-22T23:22:08.719] [DEBUG] debug-file - A work dispatched to worker[15] failed because unable to get work from ready queue.
[2026-07-22T23:22:08.719] [DEBUG] debug-file - Create  resident worker with id: 14.
[2026-07-22T23:22:08.721] [DEBUG] debug-file - default@CompileArkTS work[26] has been dispatched to worker[14].
[2026-07-22T23:22:08.721] [DEBUG] debug-file - default@CompileArkTS work[26] is dispatched.
[2026-07-22T23:22:08.721] [DEBUG] debug-file - electron : default@CompileArkTS cost memory 2.2111587524414062
[2026-07-22T23:22:08.722] [DEBUG] debug-file - Executing task :electron:default@BuildJS
[2026-07-22T23:22:08.723] [DEBUG] debug-file - Task 'electron:default@BuildJS' cost while wrapping incremental declarations: 1 ms 
[2026-07-22T23:22:08.725] [DEBUG] debug-file - electron : default@BuildJS cost memory 0.18251800537109375
[2026-07-22T23:22:08.725] [DEBUG] debug-file - runTaskFromQueue task cost before running: 910 ms 
[2026-07-22T23:22:08.725] [INFO] debug-file - Finished :electron:default@BuildJS... after 3 ms 
[2026-07-22T23:22:08.726] [DEBUG] debug-file - Executing task :electron:default@ProcessLibs
[2026-07-22T23:22:08.729] [DEBUG] debug-file - electron:default@ProcessLibs is not up-to-date, since the input file 'C:\Users\scottsmith\project\Archive-Markdown-Editor-For-HarmonyOS\app\ame\build-profile.json5' has been changed.
[2026-07-22T23:22:08.729] [DEBUG] debug-file - Incremental task electron:default@ProcessLibs pre-execution cost: 2 ms .
[2026-07-22T23:22:08.731] [DEBUG] debug-file - Worker dispatch failed, running processLibs on main thread.
[2026-07-22T23:22:08.734] [DEBUG] debug-file - Link C:\Users\scottsmith\project\Archive-Markdown-Editor-For-HarmonyOS\app\ame\electron\libs\arm64-v8a\mdz_utils.node to C:\Users\scottsmith\project\Archive-Markdown-Editor-For-HarmonyOS\app\ame\electron\build\default\intermediates\libs\default\arm64-v8a\mdz_utils.node successfully.
[2026-07-22T23:22:08.735] [DEBUG] debug-file - Link C:\Users\scottsmith\project\Archive-Markdown-Editor-For-HarmonyOS\app\ame\electron\libs\arm64-v8a\libffmpeg.so to C:\Users\scottsmith\project\Archive-Markdown-Editor-For-HarmonyOS\app\ame\electron\build\default\intermediates\libs\default\arm64-v8a\libffmpeg.so successfully.
[2026-07-22T23:22:08.736] [DEBUG] debug-file - Link C:\Users\scottsmith\project\Archive-Markdown-Editor-For-HarmonyOS\app\ame\electron\libs\arm64-v8a\libelectron.so to C:\Users\scottsmith\project\Archive-Markdown-Editor-For-HarmonyOS\app\ame\electron\build\default\intermediates\libs\default\arm64-v8a\libelectron.so successfully.
[2026-07-22T23:22:08.737] [DEBUG] debug-file - Link C:\Users\scottsmith\project\Archive-Markdown-Editor-For-HarmonyOS\app\ame\electron\libs\arm64-v8a\libc++_shared.so to C:\Users\scottsmith\project\Archive-Markdown-Editor-For-HarmonyOS\app\ame\electron\build\default\intermediates\libs\default\arm64-v8a\libc++_shared.so successfully.
[2026-07-22T23:22:08.738] [DEBUG] debug-file - Link C:\Users\scottsmith\project\Archive-Markdown-Editor-For-HarmonyOS\app\ame\electron\libs\arm64-v8a\libadapter.so to C:\Users\scottsmith\project\Archive-Markdown-Editor-For-HarmonyOS\app\ame\electron\build\default\intermediates\libs\default\arm64-v8a\libadapter.so successfully.
[2026-07-22T23:22:08.739] [DEBUG] debug-file - Link C:\Users\scottsmith\project\Archive-Markdown-Editor-For-HarmonyOS\app\ame\electron\libs\arm64-v8a\better_sqlite3.node to C:\Users\scottsmith\project\Archive-Markdown-Editor-For-HarmonyOS\app\ame\electron\build\default\intermediates\libs\default\arm64-v8a\better_sqlite3.node successfully.
[2026-07-22T23:22:08.740] [DEBUG] debug-file - Link C:\Users\scottsmith\project\Archive-Markdown-Editor-For-HarmonyOS\app\ame\electron\libs\arm64-v8a\7z.so to C:\Users\scottsmith\project\Archive-Markdown-Editor-For-HarmonyOS\app\ame\electron\build\default\intermediates\libs\default\arm64-v8a\7z.so successfully.
[2026-07-22T23:22:08.740] [DEBUG] debug-file - electron : default@ProcessLibs cost memory 1.0957870483398438
[2026-07-22T23:22:08.740] [DEBUG] debug-file - runTaskFromQueue task cost before running: 925 ms 
[2026-07-22T23:22:08.741] [INFO] debug-file - Finished :electron:default@ProcessLibs... after 15 ms 
[2026-07-22T23:22:08.741] [DEBUG] debug-file - Executing task :electron:default@DoNativeStrip
[2026-07-22T23:22:08.742] [DEBUG] debug-file - File: 'C:\Users\scottsmith\project\Archive-Markdown-Editor-For-HarmonyOS\app\ame\electron\build\default\intermediates\binxo\default' from 'doBinxoNativeLibs' is not exists, just ignore.
[2026-07-22T23:22:08.742] [DEBUG] debug-file - Task 'electron:default@DoNativeStrip' cost while wrapping incremental declarations: 1 ms 
[2026-07-22T23:22:08.743] [DEBUG] debug-file - Incremental task electron:default@DoNativeStrip pre-execution cost: 2 ms .
[2026-07-22T23:22:08.744] [DEBUG] debug-file - electron : default@DoNativeStrip cost memory 0.2827301025390625
[2026-07-22T23:22:08.744] [INFO] debug-file - UP-TO-DATE :electron:default@DoNativeStrip...  
[2026-07-22T23:22:08.745] [DEBUG] debug-file - Executing task :electron:default@CacheNativeLibs
[2026-07-22T23:22:08.745] [DEBUG] debug-file - File: 'C:\Users\scottsmith\project\Archive-Markdown-Editor-For-HarmonyOS\app\ame\electron\build\default\intermediates\binxo\default' from 'cacheBinxoNativeLibs' is not exists, just ignore.
[2026-07-22T23:22:08.745] [DEBUG] debug-file - Task 'electron:default@CacheNativeLibs' cost while wrapping incremental declarations: 1 ms 
[2026-07-22T23:22:08.747] [DEBUG] debug-file - Incremental task electron:default@CacheNativeLibs pre-execution cost: 3 ms .
[2026-07-22T23:22:08.747] [DEBUG] debug-file - electron : default@CacheNativeLibs cost memory 0.31359100341796875
[2026-07-22T23:22:08.748] [INFO] debug-file - UP-TO-DATE :electron:default@CacheNativeLibs...  
[2026-07-22T23:22:09.408] [DEBUG] debug-file - worker[14] has one work done.
[2026-07-22T23:22:09.408] [DEBUG] debug-file - CopyResources is end, endTime: 104343007373200
[2026-07-22T23:22:09.408] [DEBUG] debug-file - default@CompileArkTS work[26] done.
[2026-07-22T23:22:09.408] [DEBUG] debug-file - A work dispatched to worker[14] failed because unable to get work from ready queue.
[2026-07-22T23:22:10.794] [WARN] debug-file - [33mWARN: [33m[33mArkTS:WARN File: C:/Users/scottsmith/project/Archive-Markdown-Editor-For-HarmonyOS/app/ame/web_engine/src/main/ets/adapter/DeviceInfoAdapter.ets:47:55
 Classes cannot be used as objects (arkts-no-classes-as-obj)
[39m[39m
[33mWARN: [33m[33mArkTS:WARN File: C:/Users/scottsmith/project/Archive-Markdown-Editor-For-HarmonyOS/app/ame/web_engine/src/main/ets/jsbindings/AccessibilityAdapterBind.ets:11:29
 Classes cannot be used as objects (arkts-no-classes-as-obj)
[39m[39m
[33mWARN: [33m[33mArkTS:WARN File: C:/Users/scottsmith/project/Archive-Markdown-Editor-For-HarmonyOS/app/ame/web_engine/src/main/ets/jsbindings/AppLifecycleAdapterBind.ets:11:29
 Classes cannot be used as objects (arkts-no-classes-as-obj)
[39m[39m
[33mWARN: [33m[33mArkTS:WARN File: C:/Users/scottsmith/project/Archive-Markdown-Editor-For-HarmonyOS/app/ame/web_engine/src/main/ets/jsbindings/AppWindowAdapterBind.ets:13:29
 Classes cannot be used as objects (arkts-no-classes-as-obj)
[39m[39m
[33mWARN: [33m[33mArkTS:WARN File: C:/Users/scottsmith/project/Archive-Markdown-Editor-For-HarmonyOS/app/ame/web_engine/src/main/ets/jsbindings/BluetoothAdapterBind.ets:10:29
 Classes cannot be used as objects (arkts-no-classes-as-obj)
[39m[39m
[33mWARN: [33m[33mArkTS:WARN File: C:/Users/scottsmith/project/Archive-Markdown-Editor-For-HarmonyOS/app/ame/web_engine/src/main/ets/jsbindings/BluetoothLowEnergyAdapterBind.ets:17:29
 Classes cannot be used as objects (arkts-no-classes-as-obj)
[39m[39m
[33mWARN: [33m[33mArkTS:WARN File: C:/Users/scottsmith/project/Archive-Markdown-Editor-For-HarmonyOS/app/ame/web_engine/src/main/ets/jsbindings/BrowserPolicyAdapterBind.ets:10:29
 Classes cannot be used as objects (arkts-no-classes-as-obj)
[39m[39m
[33mWARN: [33m[33mArkTS:WARN File: C:/Users/scottsmith/project/Archive-Markdown-Editor-For-HarmonyOS/app/ame/web_engine/src/main/ets/jsbindings/CertManagerAdapterBind.ets:10:29
 Classes cannot be used as objects (arkts-no-classes-as-obj)
[39m[39m
[33mWARN: [33m[33mArkTS:WARN File: C:/Users/scottsmith/project/Archive-Markdown-Editor-For-HarmonyOS/app/ame/web_engine/src/main/ets/jsbindings/ContextAdapterBind.ets:11:21
 Classes cannot be used as objects (arkts-no-classes-as-obj)
[39m[39m
[33mWARN: [33m[33mArkTS:WARN File: C:/Users/scottsmith/project/Archive-Markdown-Editor-For-HarmonyOS/app/ame/web_engine/src/main/ets/jsbindings/ContextPathAdapterBind.ets:10:29
 Classes cannot be used as objects (arkts-no-classes-as-obj)
[39m[39m
[33mWARN: [33m[33mArkTS:WARN File: C:/Users/scottsmith/project/Archive-Markdown-Editor-For-HarmonyOS/app/ame/web_engine/src/main/ets/jsbindings/CursorAdapterBind.ets:10:29
 Classes cannot be used as objects (arkts-no-classes-as-obj)
[39m[39m
[33mWARN: [33m[33mArkTS:WARN File: C:/Users/scottsmith/project/Archive-Markdown-Editor-For-HarmonyOS/app/ame/web_engine/src/main/ets/jsbindings/DeviceAdapterBind.ets:11:29
 Classes cannot be used as objects (arkts-no-classes-as-obj)
[39m[39m
[33mWARN: [33m[33mArkTS:WARN File: C:/Users/scottsmith/project/Archive-Markdown-Editor-For-HarmonyOS/app/ame/web_engine/src/main/ets/jsbindings/DeviceUserAuthAdapterBind.ets:10:29
 Classes cannot be used as objects (arkts-no-classes-as-obj)
[39m[39m
[33mWARN: [33m[33mArkTS:WARN File: C:/Users/scottsmith/project/Archive-Markdown-Editor-For-HarmonyOS/app/ame/web_engine/src/main/ets/jsbindings/DialogAdapterBind.ets:10:29
 Classes cannot be used as objects (arkts-no-classes-as-obj)
[39m[39m
[33mWARN: [33m[33mArkTS:WARN File: C:/Users/scottsmith/project/Archive-Markdown-Editor-For-HarmonyOS/app/ame/web_engine/src/main/ets/jsbindings/DisplayAdapterBind.ets:10:29
 Classes cannot be used as objects (arkts-no-classes-as-obj)
[39m[39m
[33mWARN: [33m[33mArkTS:WARN File: C:/Users/scottsmith/project/Archive-Markdown-Editor-For-HarmonyOS/app/ame/web_engine/src/main/ets/jsbindings/DragDropAdapterBind.ets:11:29
 Classes cannot be used as objects (arkts-no-classes-as-obj)
[39m[39m
[33mWARN: [33m[33mArkTS:WARN File: C:/Users/scottsmith/project/Archive-Markdown-Editor-For-HarmonyOS/app/ame/web_engine/src/main/ets/jsbindings/ElectronAppAdapterBind.ets:10:29
 Classes cannot be used as objects (arkts-no-classes-as-obj)
[39m[39m
[33mWARN: [33m[33mArkTS:WARN File: C:/Users/scottsmith/project/Archive-Markdown-Editor-For-HarmonyOS/app/ame/web_engine/src/main/ets/jsbindings/EtsBridgeAdapterBind.ets:27:31
 Classes cannot be used as objects (arkts-no-classes-as-obj)
[39m[39m
[33mWARN: [33m[33mArkTS:WARN File: C:/Users/scottsmith/project/Archive-Markdown-Editor-For-HarmonyOS/app/ame/web_engine/src/main/ets/jsbindings/FileManagerAdapterBind.ets:10:29
 Classes cannot be used as objects (arkts-no-classes-as-obj)
[39m[39m
[33mWARN: [33m[33mArkTS:WARN File: C:/Users/scottsmith/project/Archive-Markdown-Editor-For-HarmonyOS/app/ame/web_engine/src/main/ets/jsbindings/FilePickerAdapterBind.ets:11:29
 Classes cannot be used as objects (arkts-no-classes-as-obj)
[39m[39m
[33mWARN: [33m[33mArkTS:WARN File: C:/Users/scottsmith/project/Archive-Markdown-Editor-For-HarmonyOS/app/ame/web_engine/src/main/ets/jsbindings/FontAdapterBind.ets:10:29
 Classes cannot be used as objects (arkts-no-classes-as-obj)
[39m[39m
[33mWARN: [33m[33mArkTS:WARN File: C:/Users/scottsmith/project/Archive-Markdown-Editor-For-HarmonyOS/app/ame/web_engine/src/main/ets/jsbindings/I18nAdapterBind.ets:10:29
 Classes cannot be used as objects (arkts-no-classes-as-obj)
[39m[39m
[33mWARN: [33m[33mArkTS:WARN File: C:/Users/scottsmith/project/Archive-Markdown-Editor-For-HarmonyOS/app/ame/web_engine/src/main/ets/jsbindings/IMFAdapterBind.ets:14:29
 Classes cannot be used as objects (arkts-no-classes-as-obj)
[39m[39m
[33mWARN: [33m[33mArkTS:WARN File: C:/Users/scottsmith/project/Archive-Markdown-Editor-For-HarmonyOS/app/ame/web_engine/src/main/ets/jsbindings/MediaAdapterBind.ets:10:29
 Classes cannot be used as objects (arkts-no-classes-as-obj)
[39m[39m
[33mWARN: [33m[33mArkTS:WARN File: C:/Users/scottsmith/project/Archive-Markdown-Editor-For-HarmonyOS/app/ame/web_engine/src/main/ets/jsbindings/MimeTypeAdapterBind.ets:10:29
 Classes cannot be used as objects (arkts-no-classes-as-obj)
[39m[39m
[33mWARN: [33m[33mArkTS:WARN File: C:/Users/scottsmith/project/Archive-Markdown-Editor-For-HarmonyOS/app/ame/web_engine/src/main/ets/jsbindings/NativeMessagingAdapterBind.ets:35:29
 Classes cannot be used as objects (arkts-no-classes-as-obj)
[39m[39m
[33mWARN: [33m[33mArkTS:WARN File: C:/Users/scottsmith/project/Archive-Markdown-Editor-For-HarmonyOS/app/ame/web_engine/src/main/ets/jsbindings/NativeThemeAdapterBind.ets:11:29
 Classes cannot be used as objects (arkts-no-classes-as-obj)
[39m[39m
[33mWARN: [33m[33mArkTS:WARN File: C:/Users/scottsmith/project/Archive-Markdown-Editor-For-HarmonyOS/app/ame/web_engine/src/main/ets/jsbindings/NotificationAdapterBind.ets:11:29
 Classes cannot be used as objects (arkts-no-classes-as-obj)
[39m[39m
[33mWARN: [33m[33mArkTS:WARN File: C:\Users\scottsmith\project\Archive-Markdown-Editor-For-HarmonyOS\app\ame\web_engine\src\main\ets\jsbindings\PermissionManagerAdapterBind.ets:10:29
 Classes cannot be used as objects (arkts-no-classes-as-obj)
[39m[39m
[33mWARN: [33m[33mArkTS:WARN File: C:/Users/scottsmith/project/Archive-Markdown-Editor-For-HarmonyOS/app/ame/web_engine/src/main/ets/jsbindings/PopupWindowAdapterBind.ets:11:29
 Classes cannot be used as objects (arkts-no-classes-as-obj)
[39m[39m
[33mWARN: [33m[33mArkTS:WARN File: C:/Users/scottsmith/project/Archive-Markdown-Editor-For-HarmonyOS/app/ame/web_engine/src/main/ets/jsbindings/PrintAdapterBind.ets:10:29
 Classes cannot be used as objects (arkts-no-classes-as-obj)
[39m[39m
[33mWARN: [33m[33mArkTS:WARN File: C:/Users/scottsmith/project/Archive-Markdown-Editor-For-HarmonyOS/app/ame/web_engine/src/main/ets/jsbindings/ProcessAdapterBind.ets:10:29
 Classes cannot be used as objects (arkts-no-classes-as-obj)
[39m[39m
[33mWARN: [33m[33mArkTS:WARN File: C:/Users/scottsmith/project/Archive-Markdown-Editor-For-HarmonyOS/app/ame/web_engine/src/main/ets/jsbindings/RunningLockAdapterBind.ets:10:29
 Classes cannot be used as objects (arkts-no-classes-as-obj)
[39m[39m
[33mWARN: [33m[33mArkTS:WARN File: C:/Users/scottsmith/project/Archive-Markdown-Editor-For-HarmonyOS/app/ame/web_engine/src/main/ets/jsbindings/ScreenshotAdapterBind.ets:11:29
 Classes cannot be used as objects (arkts-no-classes-as-obj)
[39m[39m
[33mWARN: [33m[33mArkTS:WARN File: C:/Users/scottsmith/project/Archive-Markdown-Editor-For-HarmonyOS/app/ame/web_engine/src/main/ets/jsbindings/ShapeDetectionAdapterBind.ets:10:29
 Classes cannot be used as objects (arkts-no-classes-as-obj)
[39m[39m
[33mWARN: [33m[33mArkTS:WARN File: C:/Users/scottsmith/project/Archive-Markdown-Editor-For-HarmonyOS/app/ame/web_engine/src/main/ets/jsbindings/SpeechAdapterBind.ets:11:29
 Classes cannot be used as objects (arkts-no-classes-as-obj)
[39m[39m
[33mWARN: [33m[33mArkTS:WARN File: C:/Users/scottsmith/project/Archive-Markdown-Editor-For-HarmonyOS/app/ame/web_engine/src/main/ets/jsbindings/SubWindowAdapterBind.ets:11:29
 Classes cannot be used as objects (arkts-no-classes-as-obj)
[39m[39m
[33mWARN: [33m[33mArkTS:WARN File: C:/Users/scottsmith/project/Archive-Markdown-Editor-For-HarmonyOS/app/ame/web_engine/src/main/ets/jsbindings/SystemFloatingWindowAdapterBind.ets:11:29
 Classes cannot be used as objects (arkts-no-classes-as-obj)
[39m[39m
[33mWARN: [33m[33mArkTS:WARN File: C:/Users/scottsmith/project/Archive-Markdown-Editor-For-HarmonyOS/app/ame/web_engine/src/main/ets/jsbindings/StatusBarManagerAdapterBind.ets:10:29
 Classes cannot be used as objects (arkts-no-classes-as-obj)
[39m[39m
[33mWARN: [33m[33mArkTS:WARN File: C:/Users/scottsmith/project/Archive-Markdown-Editor-For-HarmonyOS/app/ame/web_engine/src/main/ets/jsbindings/WebAppAdapterBind.ets:13:29
 Classes cannot be used as objects (arkts-no-classes-as-obj)
[39m[39m
[33mWARN: [33m[33mArkTS:WARN File: C:/Users/scottsmith/project/Archive-Markdown-Editor-For-HarmonyOS/app/ame/web_engine/src/main/ets/application/WebAbilityStage.ets:117:46
 Classes cannot be used as objects (arkts-no-classes-as-obj)
[39m[39m
[33mWARN: [33m[33mArkTS:WARN File: C:/Users/scottsmith/project/Archive-Markdown-Editor-For-HarmonyOS/app/ame/web_engine/src/main/ets/ability/WebAbility.ets:92:38
 Classes cannot be used as objects (arkts-no-classes-as-obj)
[39m[39m
[33mWARN: [33m[33mArkTS:WARN File: C:/Users/scottsmith/project/Archive-Markdown-Editor-For-HarmonyOS/app/ame/web_engine/src/main/ets/ability/WebAbility.ets:93:38
 Classes cannot be used as objects (arkts-no-classes-as-obj)
[39m[39m
[33mWARN: [33m[33mArkTS:WARN File: C:/Users/scottsmith/project/Archive-Markdown-Editor-For-HarmonyOS/app/ame/web_engine/src/main/ets/ability/WebAbility.ets:94:42
 Classes cannot be used as objects (arkts-no-classes-as-obj)
[39m[39m
[33mWARN: [33m[33mArkTS:WARN File: C:/Users/scottsmith/project/Archive-Markdown-Editor-For-HarmonyOS/app/ame/web_engine/src/main/ets/ability/WebAbility.ets:95:38
 Classes cannot be used as objects (arkts-no-classes-as-obj)
[39m[39m
[33mWARN: [33m[33mArkTS:WARN File: C:/Users/scottsmith/project/Archive-Markdown-Editor-For-HarmonyOS/app/ame/web_engine/src/main/ets/ability/WebAbility.ets:97:16
 Classes cannot be used as objects (arkts-no-classes-as-obj)
[39m[39m
[33mWARN: [33m[33mArkTS:WARN File: C:/Users/scottsmith/project/Archive-Markdown-Editor-For-HarmonyOS/app/ame/web_engine/src/main/ets/ability/WebAbility.ets:99:41
 Classes cannot be used as objects (arkts-no-classes-as-obj)
[39m[39m
[33mWARN: [33m[33mArkTS:WARN File: C:/Users/scottsmith/project/Archive-Markdown-Editor-For-HarmonyOS/app/ame/web_engine/src/main/ets/ability/WebAbility.ets:100:43
 Classes cannot be used as objects (arkts-no-classes-as-obj)
[39m[39m
[33mWARN: [33m[33mArkTS:WARN File: C:/Users/scottsmith/project/Archive-Markdown-Editor-For-HarmonyOS/app/ame/web_engine/src/main/ets/ability/WebEmbeddedAbility.ets:34:38
 Classes cannot be used as objects (arkts-no-classes-as-obj)
[39m[39m
[33mWARN: [33m[33mArkTS:WARN File: C:/Users/scottsmith/project/Archive-Markdown-Editor-For-HarmonyOS/app/ame/web_engine/src/main/ets/ability/WebEmbeddedAbility.ets:35:42
 Classes cannot be used as objects (arkts-no-classes-as-obj)
[39m[39m
[33mWARN: [33m[33mArkTS:WARN File: C:/Users/scottsmith/project/Archive-Markdown-Editor-For-HarmonyOS/app/ame/web_engine/src/main/ets/ability/WebEmbeddedAbility.ets:36:16
 Classes cannot be used as objects (arkts-no-classes-as-obj)
[39m[39m
[33mWARN: [33m[33mArkTS:WARN File: C:/Users/scottsmith/project/Archive-Markdown-Editor-For-HarmonyOS/app/ame/web_engine/src/main/ets/components/WebWindow.ets:61:41
 Classes cannot be used as objects (arkts-no-classes-as-obj)
[39m[39m
[33mWARN: [33m[33mArkTS:WARN File: C:/Users/scottsmith/project/Archive-Markdown-Editor-For-HarmonyOS/app/ame/web_engine/src/main/ets/components/WebWindow.ets:144:57
 Classes cannot be used as objects (arkts-no-classes-as-obj)
[39m[39m
[33mWARN: [33m[33mArkTS:WARN File: C:/Users/scottsmith/project/Archive-Markdown-Editor-For-HarmonyOS/app/ame/web_engine/src/main/ets/components/WebWindow.ets:145:61
 Classes cannot be used as objects (arkts-no-classes-as-obj)
[39m[39m
[33mWARN: [33m[33mArkTS:WARN File: C:/Users/scottsmith/project/Archive-Markdown-Editor-For-HarmonyOS/app/ame/web_engine/src/main/ets/components/WebWindow.ets:146:39
 Classes cannot be used as objects (arkts-no-classes-as-obj)
[39m[39m
[33mWARN: [33m[33mArkTS:WARN File: C:/Users/scottsmith/project/Archive-Markdown-Editor-For-HarmonyOS/app/ame/web_engine/src/main/ets/components/WebWindow.ets:147:41
 Classes cannot be used as objects (arkts-no-classes-as-obj)
[39m[39m
[33mWARN: [33m[33mArkTS:WARN File: C:/Users/scottsmith/project/Archive-Markdown-Editor-For-HarmonyOS/app/ame/web_engine/src/main/ets/components/WebSubWindow.ets:25:57
 Classes cannot be used as objects (arkts-no-classes-as-obj)
[39m[39m
[33mWARN: [33m[33mArkTS:WARN File: C:/Users/scottsmith/project/Archive-Markdown-Editor-For-HarmonyOS/app/ame/web_engine/src/main/ets/components/WebSubWindow.ets:26:61
 Classes cannot be used as objects (arkts-no-classes-as-obj)
[39m[39m
[33mWARN: [33m[33mArkTS:WARN File: C:/Users/scottsmith/project/Archive-Markdown-Editor-For-HarmonyOS/app/ame/web_engine/src/main/ets/components/WebSubWindow.ets:27:41
 Classes cannot be used as objects (arkts-no-classes-as-obj)
[39m[39m
[33mWARN: [33m[33mArkTS:WARN File: C:/Users/scottsmith/project/Archive-Markdown-Editor-For-HarmonyOS/app/ame/web_engine/src/main/ets/components/WebEmbeddedWindow.ets:27:57
 Classes cannot be used as objects (arkts-no-classes-as-obj)
[39m[39m
[33mWARN: [33m[33mArkTS:WARN File: C:/Users/scottsmith/project/Archive-Markdown-Editor-For-HarmonyOS/app/ame/web_engine/src/main/ets/components/WebEmbeddedWindow.ets:29:61
 Classes cannot be used as objects (arkts-no-classes-as-obj)
[39m[39m
[33mWARN: [33m[33mArkTS:WARN File: C:/Users/scottsmith/project/Archive-Markdown-Editor-For-HarmonyOS/app/ame/web_engine/src/main/ets/components/WebEmbeddedWindow.ets:30:41
 Classes cannot be used as objects (arkts-no-classes-as-obj)
[39m[39m
[33mWARN: [33m[33mArkTS:WARN File: C:/Users/scottsmith/project/Archive-Markdown-Editor-For-HarmonyOS/app/ame/web_engine/src/main/ets/components/WebWindowNode.ets:121:57
 Classes cannot be used as objects (arkts-no-classes-as-obj)
[39m[39m
[33mWARN: [33m[33mArkTS:WARN File: C:/Users/scottsmith/project/Archive-Markdown-Editor-For-HarmonyOS/app/ame/web_engine/src/main/ets/components/WebWindowNode.ets:123:61
 Classes cannot be used as objects (arkts-no-classes-as-obj)
[39m[39m
[33mWARN: [33m[33mArkTS:WARN File: C:/Users/scottsmith/project/Archive-Markdown-Editor-For-HarmonyOS/app/ame/web_engine/src/main/ets/components/WebWindowNode.ets:124:41
 Classes cannot be used as objects (arkts-no-classes-as-obj)
[39m[39m
[33mWARN: [33m[33mArkTS:WARN File: C:/Users/scottsmith/project/Archive-Markdown-Editor-For-HarmonyOS/app/ame/web_engine/src/main/ets/components/WebNodeHandleWindow.ets:54:42
 Classes cannot be used as objects (arkts-no-classes-as-obj)
[39m[39m
[33mWARN: [33m[33mArkTS:WARN File: C:/Users/scottsmith/project/Archive-Markdown-Editor-For-HarmonyOS/app/ame/web_engine/src/main/ets/components/WebNodeHandleWindow.ets:55:39
 Classes cannot be used as objects (arkts-no-classes-as-obj)
[39m[39m
[33mWARN: [33m[33mArkTS:WARN File: C:/Users/scottsmith/project/Archive-Markdown-Editor-For-HarmonyOS/app/ame/web_engine/src/main/ets/components/WebNodeHandleWindow.ets:56:43
 Classes cannot be used as objects (arkts-no-classes-as-obj)
[39m[39m
[33mWARN: [33m[33mArkTS:WARN File: C:/Users/scottsmith/project/Archive-Markdown-Editor-For-HarmonyOS/app/ame/web_engine/src/main/ets/components/WebNodeHandleWindow.ets:59:39
 Classes cannot be used as objects (arkts-no-classes-as-obj)
[39m[39m
[33mWARN: [33m[33mArkTS:WARN File: C:/Users/scottsmith/project/Archive-Markdown-Editor-For-HarmonyOS/app/ame/web_engine/src/main/ets/components/WebNodeHandleSubWindow.ets:48:42
 Classes cannot be used as objects (arkts-no-classes-as-obj)
[39m[39m
[33mWARN: [33m[33mArkTS:WARN: For details about ArkTS syntax errors, see FAQs[39m[39m
[33mWARN: [33m[33mArkTS:WARN File: C:/Users/scottsmith/project/Archive-Markdown-Editor-For-HarmonyOS/app/ame/web_engine/src/main/ets/adapter/DialogAdapter.ets:96:17
 'show' has been deprecated.
[39m[39m
[33mWARN: [33m[33mArkTS:WARN File: C:/Users/scottsmith/project/Archive-Markdown-Editor-For-HarmonyOS/app/ame/web_engine/src/main/ets/adapter/DialogAdapter.ets:121:29
 The system capacity of this api 'selectMode' is not supported on all devices
[39m[39m
[33mWARN: [33m[33mArkTS:WARN File: C:/Users/scottsmith/project/Archive-Markdown-Editor-For-HarmonyOS/app/ame/web_engine/src/main/ets/adapter/DialogAdapter.ets:121:49
 The system capacity of this api 'DocumentSelectMode' is not supported on all devices
[39m[39m
[33mWARN: [33m[33mArkTS:WARN File: C:/Users/scottsmith/project/Archive-Markdown-Editor-For-HarmonyOS/app/ame/web_engine/src/main/ets/adapter/DialogAdapter.ets:121:68
 The system capacity of this api 'FOLDER' is not supported on all devices
[39m[39m
[33mWARN: [33m[33mArkTS:WARN File: C:/Users/scottsmith/project/Archive-Markdown-Editor-For-HarmonyOS/app/ame/web_engine/src/main/ets/adapter/DialogAdapter.ets:123:31
 The system capacity of this api 'selectMode' is not supported on all devices
[39m[39m
[33mWARN: [33m[33mArkTS:WARN File: C:/Users/scottsmith/project/Archive-Markdown-Editor-For-HarmonyOS/app/ame/web_engine/src/main/ets/adapter/DialogAdapter.ets:123:51
 The system capacity of this api 'DocumentSelectMode' is not supported on all devices
[39m[39m
[33mWARN: [33m[33mArkTS:WARN File: C:/Users/scottsmith/project/Archive-Markdown-Editor-For-HarmonyOS/app/ame/web_engine/src/main/ets/adapter/DialogAdapter.ets:123:70
 The system capacity of this api 'MIXED' is not supported on all devices
[39m[39m
[33mWARN: [33m[33mArkTS:WARN File: C:/Users/scottsmith/project/Archive-Markdown-Editor-For-HarmonyOS/app/ame/web_engine/src/main/ets/adapter/DialogAdapter.ets:129:30
 Function may throw exceptions. Special handling is required.
[39m[39m
[33mWARN: [33m[33mArkTS:WARN File: C:/Users/scottsmith/project/Archive-Markdown-Editor-For-HarmonyOS/app/ame/web_engine/src/main/ets/adapter/DialogAdapter.ets:162:30
 Function may throw exceptions. Special handling is required.
[39m[39m
[33mWARN: [33m[33mArkTS:WARN File: C:/Users/scottsmith/project/Archive-Markdown-Editor-For-HarmonyOS/app/ame/web_engine/src/main/ets/adapter/NativeThemeAdapter.ets:56:5
 Function may throw exceptions. Special handling is required.
[39m[39m
[33mWARN: [33m[33mArkTS:WARN File: C:/Users/scottsmith/project/Archive-Markdown-Editor-For-HarmonyOS/app/ame/web_engine/src/main/ets/adapter/AppLifecycleAdapter.ets:48:7
 Function may throw exceptions. Special handling is required.
[39m[39m
[33mWARN: [33m[33mArkTS:WARN File: C:/Users/scottsmith/project/Archive-Markdown-Editor-For-HarmonyOS/app/ame/web_engine/src/main/ets/adapter/PermissionManagerAdapter.ets:236:15
 To use this API, you need to apply for the permissions: ohos.permission.FILE_ACCESS_PERSIST
[39m[39m
[33mWARN: [33m[33mArkTS:WARN File: C:/Users/scottsmith/project/Archive-Markdown-Editor-For-HarmonyOS/app/ame/web_engine/src/main/ets/adapter/PermissionManagerAdapter.ets:260:15
 To use this API, you need to apply for the permissions: ohos.permission.FILE_ACCESS_PERSIST
[39m[39m
[33mWARN: [33m[33mArkTS:WARN File: C:/Users/scottsmith/project/Archive-Markdown-Editor-For-HarmonyOS/app/ame/web_engine/src/main/ets/adapter/PermissionManagerAdapter.ets:299:37
 Function may throw exceptions. Special handling is required.
[39m[39m
[33mWARN: [33m[33mArkTS:WARN File: C:/Users/scottsmith/project/Archive-Markdown-Editor-For-HarmonyOS/app/ame/web_engine/src/main/ets/adapter/PermissionManagerAdapter.ets:300:39
 Function may throw exceptions. Special handling is required.
[39m[39m
[33mWARN: [33m[33mArkTS:WARN File: C:/Users/scottsmith/project/Archive-Markdown-Editor-For-HarmonyOS/app/ame/web_engine/src/main/ets/adapter/PermissionManagerAdapter.ets:301:37
 Function may throw exceptions. Special handling is required.
[39m[39m
[33mWARN: [33m[33mArkTS:WARN File: C:/Users/scottsmith/project/Archive-Markdown-Editor-For-HarmonyOS/app/ame/web_engine/src/main/ets/adapter/PermissionManagerAdapter.ets:303:39
 Function may throw exceptions. Special handling is required.
[39m[39m
[33mWARN: [33m[33mArkTS:WARN File: C:/Users/scottsmith/project/Archive-Markdown-Editor-For-HarmonyOS/app/ame/web_engine/src/main/ets/adapter/PermissionManagerAdapter.ets:304:38
 Function may throw exceptions. Special handling is required.
[39m[39m
[33mWARN: [33m[33mArkTS:WARN File: C:/Users/scottsmith/project/Archive-Markdown-Editor-For-HarmonyOS/app/ame/web_engine/src/main/ets/adapter/PermissionManagerAdapter.ets:308:37
 Function may throw exceptions. Special handling is required.
[39m[39m
[33mWARN: [33m[33mArkTS:WARN File: C:/Users/scottsmith/project/Archive-Markdown-Editor-For-HarmonyOS/app/ame/web_engine/src/main/ets/adapter/PermissionManagerAdapter.ets:309:39
 Function may throw exceptions. Special handling is required.
[39m[39m
[33mWARN: [33m[33mArkTS:WARN File: C:/Users/scottsmith/project/Archive-Markdown-Editor-For-HarmonyOS/app/ame/web_engine/src/main/ets/adapter/PermissionManagerAdapter.ets:310:37
 Function may throw exceptions. Special handling is required.
[39m[39m
[33mWARN: [33m[33mArkTS:WARN File: C:/Users/scottsmith/project/Archive-Markdown-Editor-For-HarmonyOS/app/ame/web_engine/src/main/ets/adapter/PermissionManagerAdapter.ets:312:39
 Function may throw exceptions. Special handling is required.
[39m[39m
[33mWARN: [33m[33mArkTS:WARN File: C:/Users/scottsmith/project/Archive-Markdown-Editor-For-HarmonyOS/app/ame/web_engine/src/main/ets/adapter/PermissionManagerAdapter.ets:313:38
 Function may throw exceptions. Special handling is required.
[39m[39m
[33mWARN: [33m[33mArkTS:WARN File: C:/Users/scottsmith/project/Archive-Markdown-Editor-For-HarmonyOS/app/ame/web_engine/src/main/ets/adapter/PermissionManagerAdapter.ets:317:18
 'showDialog' has been deprecated.
[39m[39m
[33mWARN: [33m[33mArkTS:WARN File: C:/Users/scottsmith/project/Archive-Markdown-Editor-For-HarmonyOS/app/ame/web_engine/src/main/ets/adapter/AppWindowAdapter.ets:106:24
 Function may throw exceptions. Special handling is required.
[39m[39m
[33mWARN: [33m[33mArkTS:WARN File: C:/Users/scottsmith/project/Archive-Markdown-Editor-For-HarmonyOS/app/ame/web_engine/src/main/ets/adapter/AppWindowAdapter.ets:111:21
 Function may throw exceptions. Special handling is required.
[39m[39m
[33mWARN: [33m[33mArkTS:WARN File: C:/Users/scottsmith/project/Archive-Markdown-Editor-For-HarmonyOS/app/ame/web_engine/src/main/ets/adapter/AppWindowAdapter.ets:176:9
 Function may throw exceptions. Special handling is required.
[39m[39m
[33mWARN: [33m[33mArkTS:WARN File: C:/Users/scottsmith/project/Archive-Markdown-Editor-For-HarmonyOS/app/ame/web_engine/src/main/ets/adapter/AppWindowAdapter.ets:180:7
 Function may throw exceptions. Special handling is required.
[39m[39m
[33mWARN: [33m[33mArkTS:WARN File: C:/Users/scottsmith/project/Archive-Markdown-Editor-For-HarmonyOS/app/ame/web_engine/src/main/ets/adapter/AppWindowAdapter.ets:182:7
 Function may throw exceptions. Special handling is required.
[39m[39m
[33mWARN: [33m[33mArkTS:WARN File: C:/Users/scottsmith/project/Archive-Markdown-Editor-For-HarmonyOS/app/ame/web_engine/src/main/ets/adapter/AppWindowAdapter.ets:194:9
 Function may throw exceptions. Special handling is required.
[39m[39m
[33mWARN: [33m[33mArkTS:WARN File: C:/Users/scottsmith/project/Archive-Markdown-Editor-For-HarmonyOS/app/ame/web_engine/src/main/ets/adapter/AppWindowAdapter.ets:206:9
 Function may throw exceptions. Special handling is required.
[39m[39m
[33mWARN: [33m[33mArkTS:WARN File: C:/Users/scottsmith/project/Archive-Markdown-Editor-For-HarmonyOS/app/ame/web_engine/src/main/ets/adapter/AppWindowAdapter.ets:220:9
 Function may throw exceptions. Special handling is required.
[39m[39m
[33mWARN: [33m[33mArkTS:WARN File: C:/Users/scottsmith/project/Archive-Markdown-Editor-For-HarmonyOS/app/ame/web_engine/src/main/ets/adapter/AppWindowAdapter.ets:237:19
 Function may throw exceptions. Special handling is required.
[39m[39m
[33mWARN: [33m[33mArkTS:WARN File: C:/Users/scottsmith/project/Archive-Markdown-Editor-For-HarmonyOS/app/ame/web_engine/src/main/ets/adapter/AppWindowAdapter.ets:237:32
 To use this API, you need to apply for the permissions: ohos.permission.WINDOW_TOPMOST
[39m[39m
[33mWARN: [33m[33mArkTS:WARN File: C:/Users/scottsmith/project/Archive-Markdown-Editor-For-HarmonyOS/app/ame/web_engine/src/main/ets/adapter/AppWindowAdapter.ets:340:24
 Function may throw exceptions. Special handling is required.
[39m[39m
[33mWARN: [33m[33mArkTS:WARN File: C:/Users/scottsmith/project/Archive-Markdown-Editor-For-HarmonyOS/app/ame/web_engine/src/main/ets/adapter/AppWindowAdapter.ets:400:24
 Function may throw exceptions. Special handling is required.
[39m[39m
[33mWARN: [33m[33mArkTS:WARN File: C:/Users/scottsmith/project/Archive-Markdown-Editor-For-HarmonyOS/app/ame/web_engine/src/main/ets/adapter/AppWindowAdapter.ets:429:9
 Function may throw exceptions. Special handling is required.
[39m[39m
[33mWARN: [33m[33mArkTS:WARN File: C:/Users/scottsmith/project/Archive-Markdown-Editor-For-HarmonyOS/app/ame/web_engine/src/main/ets/adapter/AppWindowAdapter.ets:533:7
 Function may throw exceptions. Special handling is required.
[39m[39m
[33mWARN: [33m[33mArkTS:WARN File: C:/Users/scottsmith/project/Archive-Markdown-Editor-For-HarmonyOS/app/ame/web_engine/src/main/ets/adapter/AppWindowAdapter.ets:546:7
 Function may throw exceptions. Special handling is required.
[39m[39m
[33mWARN: [33m[33mArkTS:WARN File: C:/Users/scottsmith/project/Archive-Markdown-Editor-For-HarmonyOS/app/ame/web_engine/src/main/ets/adapter/AppWindowAdapter.ets:555:20
 To use this API, you need to apply for the permissions: ohos.permission.PRIVACY_WINDOW
[39m[39m
[33mWARN: [33m[33mArkTS:WARN File: C:/Users/scottsmith/project/Archive-Markdown-Editor-For-HarmonyOS/app/ame/web_engine/src/main/ets/adapter/AppWindowAdapter.ets:646:5
 Function may throw exceptions. Special handling is required.
[39m[39m
[33mWARN: [33m[33mArkTS:WARN File: C:/Users/scottsmith/project/Archive-Markdown-Editor-For-HarmonyOS/app/ame/web_engine/src/main/ets/adapter/AppWindowAdapter.ets:652:16
 Function may throw exceptions. Special handling is required.
[39m[39m
[33mWARN: [33m[33mArkTS:WARN File: C:/Users/scottsmith/project/Archive-Markdown-Editor-For-HarmonyOS/app/ame/web_engine/src/main/ets/adapter/AppWindowAdapter.ets:743:12
 To use this API, you need to apply for the permissions: ohos.permission.SYSTEM_FLOAT_WINDOW
[39m[39m
[33mWARN: [33m[33mArkTS:WARN File: C:/Users/scottsmith/project/Archive-Markdown-Editor-For-HarmonyOS/app/ame/web_engine/src/main/ets/adapter/AppWindowAdapter.ets:796:20
 Function may throw exceptions. Special handling is required.
[39m[39m
[33mWARN: [33m[33mArkTS:WARN File: C:/Users/scottsmith/project/Archive-Markdown-Editor-For-HarmonyOS/app/ame/web_engine/src/main/ets/adapter/BluetoothAdapter.ets:38:32
 To use this API, you need to apply for the permissions: ohos.permission.ACCESS_BLUETOOTH
[39m[39m
[33mWARN: [33m[33mArkTS:WARN File: C:/Users/scottsmith/project/Archive-Markdown-Editor-For-HarmonyOS/app/ame/web_engine/src/main/ets/adapter/BluetoothAdapter.ets:49:18
 'setLocalName' has been deprecated.
[39m[39m
[33mWARN: [33m[33mArkTS:WARN File: C:/Users/scottsmith/project/Archive-Markdown-Editor-For-HarmonyOS/app/ame/web_engine/src/main/ets/adapter/BluetoothAdapter.ets:49:18
 To use this API, you need to apply for the permissions: ohos.permission.ACCESS_BLUETOOTH
[39m[39m
[33mWARN: [33m[33mArkTS:WARN File: C:/Users/scottsmith/project/Archive-Markdown-Editor-For-HarmonyOS/app/ame/web_engine/src/main/ets/adapter/BluetoothAdapter.ets:73:16
 To use this API, you need to apply for the permissions: ohos.permission.ACCESS_BLUETOOTH
[39m[39m
[33mWARN: [33m[33mArkTS:WARN File: C:/Users/scottsmith/project/Archive-Markdown-Editor-For-HarmonyOS/app/ame/web_engine/src/main/ets/adapter/BluetoothAdapter.ets:84:16
 To use this API, you need to apply for the permissions: ohos.permission.ACCESS_BLUETOOTH
[39m[39m
[33mWARN: [33m[33mArkTS:WARN File: C:/Users/scottsmith/project/Archive-Markdown-Editor-For-HarmonyOS/app/ame/web_engine/src/main/ets/adapter/BluetoothAdapter.ets:117:54
 To use this API, you need to apply for the permissions: ohos.permission.ACCESS_BLUETOOTH
[39m[39m
[33mWARN: [33m[33mArkTS:WARN File: C:/Users/scottsmith/project/Archive-Markdown-Editor-For-HarmonyOS/app/ame/web_engine/src/main/ets/adapter/BluetoothAdapter.ets:128:18
 To use this API, you need to apply for the permissions: ohos.permission.ACCESS_BLUETOOTH
[39m[39m
[33mWARN: [33m[33mArkTS:WARN File: C:/Users/scottsmith/project/Archive-Markdown-Editor-For-HarmonyOS/app/ame/web_engine/src/main/ets/adapter/BluetoothAdapter.ets:137:18
 To use this API, you need to apply for the permissions: ohos.permission.ACCESS_BLUETOOTH
[39m[39m
[33mWARN: [33m[33mArkTS:WARN File: C:/Users/scottsmith/project/Archive-Markdown-Editor-For-HarmonyOS/app/ame/web_engine/src/main/ets/adapter/BluetoothAdapter.ets:146:18
 To use this API, you need to apply for the permissions: ohos.permission.ACCESS_BLUETOOTH
[39m[39m
[33mWARN: [33m[33mArkTS:WARN File: C:/Users/scottsmith/project/Archive-Markdown-Editor-For-HarmonyOS/app/ame/web_engine/src/main/ets/adapter/BluetoothAdapter.ets:158:18
 To use this API, you need to apply for the permissions: ohos.permission.ACCESS_BLUETOOTH
[39m[39m
[33mWARN: [33m[33mArkTS:WARN File: C:/Users/scottsmith/project/Archive-Markdown-Editor-For-HarmonyOS/app/ame/web_engine/src/main/ets/adapter/BluetoothAdapter.ets:167:18
 To use this API, you need to apply for the permissions: ohos.permission.ACCESS_BLUETOOTH
[39m[39m
[33mWARN: [33m[33mArkTS:WARN File: C:/Users/scottsmith/project/Archive-Markdown-Editor-For-HarmonyOS/app/ame/web_engine/src/main/ets/adapter/BluetoothAdapter.ets:177:37
 To use this API, you need to apply for the permissions: ohos.permission.ACCESS_BLUETOOTH
[39m[39m
[33mWARN: [33m[33mArkTS:WARN File: C:/Users/scottsmith/project/Archive-Markdown-Editor-For-HarmonyOS/app/ame/web_engine/src/main/ets/adapter/BluetoothAdapter.ets:188:57
 To use this API, you need to apply for the permissions: ohos.permission.ACCESS_BLUETOOTH
[39m[39m
[33mWARN: [33m[33mArkTS:WARN File: C:/Users/scottsmith/project/Archive-Markdown-Editor-For-HarmonyOS/app/ame/web_engine/src/main/ets/adapter/BluetoothAdapter.ets:213:18
 To use this API, you need to apply for the permissions: ohos.permission.ACCESS_BLUETOOTH
[39m[39m
[33mWARN: [33m[33mArkTS:WARN File: C:/Users/scottsmith/project/Archive-Markdown-Editor-For-HarmonyOS/app/ame/web_engine/src/main/ets/adapter/BluetoothAdapter.ets:231:28
 To use this API, you need to apply for the permissions: ohos.permission.ACCESS_BLUETOOTH
[39m[39m
[33mWARN: [33m[33mArkTS:WARN File: C:/Users/scottsmith/project/Archive-Markdown-Editor-For-HarmonyOS/app/ame/web_engine/src/main/ets/adapter/BluetoothAdapter.ets:241:18
 To use this API, you need to apply for the permissions: ohos.permission.ACCESS_BLUETOOTH
[39m[39m
[33mWARN: [33m[33mArkTS:WARN File: C:/Users/scottsmith/project/Archive-Markdown-Editor-For-HarmonyOS/app/ame/web_engine/src/main/ets/adapter/BluetoothAdapter.ets:261:34
 To use this API, you need to apply for the permissions: ohos.permission.ACCESS_BLUETOOTH
[39m[39m
[33mWARN: [33m[33mArkTS:WARN File: C:/Users/scottsmith/project/Archive-Markdown-Editor-For-HarmonyOS/app/ame/web_engine/src/main/ets/adapter/BluetoothAdapter.ets:273:56
 To use this API, you need to apply for the permissions: ohos.permission.ACCESS_BLUETOOTH
[39m[39m
[33mWARN: [33m[33mArkTS:WARN File: C:/Users/scottsmith/project/Archive-Markdown-Editor-For-HarmonyOS/app/ame/web_engine/src/main/ets/adapter/BluetoothLowEnergyAdapter.ets:68:11
 To use this API, you need to apply for the permissions: ohos.permission.ACCESS_BLUETOOTH
[39m[39m
[33mWARN: [33m[33mArkTS:WARN File: C:/Users/scottsmith/project/Archive-Markdown-Editor-For-HarmonyOS/app/ame/web_engine/src/main/ets/adapter/BluetoothLowEnergyAdapter.ets:77:11
 To use this API, you need to apply for the permissions: ohos.permission.ACCESS_BLUETOOTH
[39m[39m
[33mWARN: [33m[33mArkTS:WARN File: C:/Users/scottsmith/project/Archive-Markdown-Editor-For-HarmonyOS/app/ame/web_engine/src/main/ets/adapter/BluetoothLowEnergyAdapter.ets:93:11
 To use this API, you need to apply for the permissions: ohos.permission.ACCESS_BLUETOOTH
[39m[39m
[33mWARN: [33m[33mArkTS:WARN File: C:/Users/scottsmith/project/Archive-Markdown-Editor-For-HarmonyOS/app/ame/web_engine/src/main/ets/adapter/BluetoothLowEnergyAdapter.ets:103:11
 To use this API, you need to apply for the permissions: ohos.permission.ACCESS_BLUETOOTH
[39m[39m
[33mWARN: [33m[33mArkTS:WARN File: C:/Users/scottsmith/project/Archive-Markdown-Editor-For-HarmonyOS/app/ame/web_engine/src/main/ets/adapter/BluetoothLowEnergyAdapter.ets:111:9
 Function may throw exceptions. Special handling is required.
[39m[39m
[33mWARN: [33m[33mArkTS:WARN File: C:/Users/scottsmith/project/Archive-Markdown-Editor-For-HarmonyOS/app/ame/web_engine/src/main/ets/adapter/BluetoothLowEnergyAdapter.ets:117:14
 To use this API, you need to apply for the permissions: ohos.permission.ACCESS_BLUETOOTH
[39m[39m
[33mWARN: [33m[33mArkTS:WARN File: C:/Users/scottsmith/project/Archive-Markdown-Editor-For-HarmonyOS/app/ame/web_engine/src/main/ets/adapter/BluetoothLowEnergyAdapter.ets:126:14
 To use this API, you need to apply for the permissions: ohos.permission.ACCESS_BLUETOOTH
[39m[39m
[33mWARN: [33m[33mArkTS:WARN File: C:/Users/scottsmith/project/Archive-Markdown-Editor-For-HarmonyOS/app/ame/web_engine/src/main/ets/adapter/BluetoothLowEnergyAdapter.ets:134:10
 Function may throw exceptions. Special handling is required.
[39m[39m
[33mWARN: [33m[33mArkTS:WARN File: C:/Users/scottsmith/project/Archive-Markdown-Editor-For-HarmonyOS/app/ame/web_engine/src/main/ets/adapter/BluetoothLowEnergyAdapter.ets:138:40
 Function may throw exceptions. Special handling is required.
[39m[39m
[33mWARN: [33m[33mArkTS:WARN File: C:/Users/scottsmith/project/Archive-Markdown-Editor-For-HarmonyOS/app/ame/web_engine/src/main/ets/adapter/BluetoothLowEnergyAdapter.ets:140:14
 To use this API, you need to apply for the permissions: ohos.permission.ACCESS_BLUETOOTH
[39m[39m
[33mWARN: [33m[33mArkTS:WARN File: C:/Users/scottsmith/project/Archive-Markdown-Editor-For-HarmonyOS/app/ame/web_engine/src/main/ets/adapter/BluetoothLowEnergyAdapter.ets:141:14
 To use this API, you need to apply for the permissions: ohos.permission.ACCESS_BLUETOOTH
[39m[39m
[33mWARN: [33m[33mArkTS:WARN File: C:/Users/scottsmith/project/Archive-Markdown-Editor-For-HarmonyOS/app/ame/web_engine/src/main/ets/adapter/BluetoothLowEnergyAdapter.ets:151:11
 To use this API, you need to apply for the permissions: ohos.permission.ACCESS_BLUETOOTH
[39m[39m
[33mWARN: [33m[33mArkTS:WARN File: C:/Users/scottsmith/project/Archive-Markdown-Editor-For-HarmonyOS/app/ame/web_engine/src/main/ets/adapter/BluetoothLowEnergyAdapter.ets:160:11
 To use this API, you need to apply for the permissions: ohos.permission.ACCESS_BLUETOOTH
[39m[39m
[33mWARN: [33m[33mArkTS:WARN File: C:/Users/scottsmith/project/Archive-Markdown-Editor-For-HarmonyOS/app/ame/web_engine/src/main/ets/adapter/BluetoothLowEnergyAdapter.ets:214:11
 To use this API, you need to apply for the permissions: ohos.permission.ACCESS_BLUETOOTH or (ohos.permission.ACCESS_BLUETOOTH and
ohos.permission.MANAGE_BLUETOOTH_ADVERTISER_NAME)
[39m[39m
[33mWARN: [33m[33mArkTS:WARN File: C:/Users/scottsmith/project/Archive-Markdown-Editor-For-HarmonyOS/app/ame/web_engine/src/main/ets/adapter/BluetoothLowEnergyAdapter.ets:226:11
 To use this API, you need to apply for the permissions: ohos.permission.ACCESS_BLUETOOTH
[39m[39m
[33mWARN: [33m[33mArkTS:WARN File: C:/Users/scottsmith/project/Archive-Markdown-Editor-For-HarmonyOS/app/ame/web_engine/src/main/ets/adapter/BluetoothLowEnergyAdapter.ets:242:5
 Function may throw exceptions. Special handling is required.
[39m[39m
[33mWARN: [33m[33mArkTS:WARN File: C:/Users/scottsmith/project/Archive-Markdown-Editor-For-HarmonyOS/app/ame/web_engine/src/main/ets/adapter/BluetoothLowEnergyAdapter.ets:247:5
 Function may throw exceptions. Special handling is required.
[39m[39m
[33mWARN: [33m[33mArkTS:WARN File: C:/Users/scottsmith/project/Archive-Markdown-Editor-For-HarmonyOS/app/ame/web_engine/src/main/ets/adapter/BluetoothLowEnergyAdapter.ets:253:9
 Function may throw exceptions. Special handling is required.
[39m[39m
[33mWARN: [33m[33mArkTS:WARN File: C:/Users/scottsmith/project/Archive-Markdown-Editor-For-HarmonyOS/app/ame/web_engine/src/main/ets/adapter/BluetoothLowEnergyAdapter.ets:254:20
 Function may throw exceptions. Special handling is required.
[39m[39m
[33mWARN: [33m[33mArkTS:WARN File: C:/Users/scottsmith/project/Archive-Markdown-Editor-For-HarmonyOS/app/ame/web_engine/src/main/ets/adapter/BluetoothLowEnergyAdapter.ets:259:12
 Function may throw exceptions. Special handling is required.
[39m[39m
[33mWARN: [33m[33mArkTS:WARN File: C:/Users/scottsmith/project/Archive-Markdown-Editor-For-HarmonyOS/app/ame/web_engine/src/main/ets/adapter/BluetoothLowEnergyAdapter.ets:264:5
 Function may throw exceptions. Special handling is required.
[39m[39m
[33mWARN: [33m[33mArkTS:WARN File: C:/Users/scottsmith/project/Archive-Markdown-Editor-For-HarmonyOS/app/ame/web_engine/src/main/ets/adapter/BluetoothLowEnergyAdapter.ets:264:12
 To use this API, you need to apply for the permissions: ohos.permission.ACCESS_BLUETOOTH
[39m[39m
[33mWARN: [33m[33mArkTS:WARN File: C:/Users/scottsmith/project/Archive-Markdown-Editor-For-HarmonyOS/app/ame/web_engine/src/main/ets/adapter/BluetoothLowEnergyAdapter.ets:283:26
 Function may throw exceptions. Special handling is required.
[39m[39m
[33mWARN: [33m[33mArkTS:WARN File: C:/Users/scottsmith/project/Archive-Markdown-Editor-For-HarmonyOS/app/ame/web_engine/src/main/ets/adapter/BluetoothLowEnergyAdapter.ets:290:57
 To use this API, you need to apply for the permissions: ohos.permission.ACCESS_BLUETOOTH
[39m[39m
[33mWARN: [33m[33mArkTS:WARN File: C:/Users/scottsmith/project/Archive-Markdown-Editor-For-HarmonyOS/app/ame/web_engine/src/main/ets/adapter/BluetoothLowEnergyAdapter.ets:301:26
 Function may throw exceptions. Special handling is required.
[39m[39m
[33mWARN: [33m[33mArkTS:WARN File: C:/Users/scottsmith/project/Archive-Markdown-Editor-For-HarmonyOS/app/ame/web_engine/src/main/ets/adapter/BluetoothLowEnergyAdapter.ets:309:57
 To use this API, you need to apply for the permissions: ohos.permission.ACCESS_BLUETOOTH
[39m[39m
[33mWARN: [33m[33mArkTS:WARN File: C:/Users/scottsmith/project/Archive-Markdown-Editor-For-HarmonyOS/app/ame/web_engine/src/main/ets/adapter/BluetoothLowEnergyAdapter.ets:320:26
 Function may throw exceptions. Special handling is required.
[39m[39m
[33mWARN: [33m[33mArkTS:WARN File: C:/Users/scottsmith/project/Archive-Markdown-Editor-For-HarmonyOS/app/ame/web_engine/src/main/ets/adapter/BluetoothLowEnergyAdapter.ets:329:59
 To use this API, you need to apply for the permissions: ohos.permission.ACCESS_BLUETOOTH
[39m[39m
[33mWARN: [33m[33mArkTS:WARN File: C:/Users/scottsmith/project/Archive-Markdown-Editor-For-HarmonyOS/app/ame/web_engine/src/main/ets/adapter/BluetoothLowEnergyAdapter.ets:331:59
 To use this API, you need to apply for the permissions: ohos.permission.ACCESS_BLUETOOTH
[39m[39m
[33mWARN: [33m[33mArkTS:WARN File: C:/Users/scottsmith/project/Archive-Markdown-Editor-For-HarmonyOS/app/ame/web_engine/src/main/ets/adapter/BluetoothLowEnergyAdapter.ets:343:22
 Function may throw exceptions. Special handling is required.
[39m[39m
[33mWARN: [33m[33mArkTS:WARN File: C:/Users/scottsmith/project/Archive-Markdown-Editor-For-HarmonyOS/app/ame/web_engine/src/main/ets/adapter/BluetoothLowEnergyAdapter.ets:350:57
 To use this API, you need to apply for the permissions: ohos.permission.ACCESS_BLUETOOTH
[39m[39m
[33mWARN: [33m[33mArkTS:WARN File: C:/Users/scottsmith/project/Archive-Markdown-Editor-For-HarmonyOS/app/ame/web_engine/src/main/ets/adapter/BluetoothLowEnergyAdapter.ets:361:26
 Function may throw exceptions. Special handling is required.
[39m[39m
[33mWARN: [33m[33mArkTS:WARN File: C:/Users/scottsmith/project/Archive-Markdown-Editor-For-HarmonyOS/app/ame/web_engine/src/main/ets/adapter/BluetoothLowEnergyAdapter.ets:367:18
 Function may throw exceptions. Special handling is required.
[39m[39m
[33mWARN: [33m[33mArkTS:WARN File: C:/Users/scottsmith/project/Archive-Markdown-Editor-For-HarmonyOS/app/ame/web_engine/src/main/ets/adapter/BluetoothLowEnergyAdapter.ets:373:5
 Function may throw exceptions. Special handling is required.
[39m[39m
[33mWARN: [33m[33mArkTS:WARN File: C:/Users/scottsmith/project/Archive-Markdown-Editor-For-HarmonyOS/app/ame/web_engine/src/main/ets/adapter/BluetoothLowEnergyAdapter.ets:373:12
 To use this API, you need to apply for the permissions: ohos.permission.ACCESS_BLUETOOTH
[39m[39m
[33mWARN: [33m[33mArkTS:WARN File: C:/Users/scottsmith/project/Archive-Markdown-Editor-For-HarmonyOS/app/ame/web_engine/src/main/ets/adapter/BluetoothLowEnergyAdapter.ets:374:5
 Function may throw exceptions. Special handling is required.
[39m[39m
[33mWARN: [33m[33mArkTS:WARN File: C:/Users/scottsmith/project/Archive-Markdown-Editor-For-HarmonyOS/app/ame/web_engine/src/main/ets/adapter/BluetoothLowEnergyAdapter.ets:375:5
 Function may throw exceptions. Special handling is required.
[39m[39m
[33mWARN: [33m[33mArkTS:WARN File: C:/Users/scottsmith/project/Archive-Markdown-Editor-For-HarmonyOS/app/ame/web_engine/src/main/ets/adapter/BluetoothLowEnergyAdapter.ets:375:12
 To use this API, you need to apply for the permissions: ohos.permission.ACCESS_BLUETOOTH
[39m[39m
[33mWARN: [33m[33mArkTS:WARN File: C:/Users/scottsmith/project/Archive-Markdown-Editor-For-HarmonyOS/app/ame/web_engine/src/main/ets/adapter/BluetoothLowEnergyAdapter.ets:388:18
 Function may throw exceptions. Special handling is required.
[39m[39m
[33mWARN: [33m[33mArkTS:WARN File: C:/Users/scottsmith/project/Archive-Markdown-Editor-For-HarmonyOS/app/ame/web_engine/src/main/ets/adapter/BluetoothLowEnergyAdapter.ets:394:5
 Function may throw exceptions. Special handling is required.
[39m[39m
[33mWARN: [33m[33mArkTS:WARN File: C:/Users/scottsmith/project/Archive-Markdown-Editor-For-HarmonyOS/app/ame/web_engine/src/main/ets/adapter/BluetoothLowEnergyAdapter.ets:397:16
 To use this API, you need to apply for the permissions: ohos.permission.ACCESS_BLUETOOTH
[39m[39m
[33mWARN: [33m[33mArkTS:WARN File: C:/Users/scottsmith/project/Archive-Markdown-Editor-For-HarmonyOS/app/ame/web_engine/src/main/ets/adapter/BluetoothLowEnergyAdapter.ets:410:22
 Function may throw exceptions. Special handling is required.
[39m[39m
[33mWARN: [33m[33mArkTS:WARN File: C:/Users/scottsmith/project/Archive-Markdown-Editor-For-HarmonyOS/app/ame/web_engine/src/main/ets/adapter/BluetoothLowEnergyAdapter.ets:417:57
 To use this API, you need to apply for the permissions: ohos.permission.ACCESS_BLUETOOTH
[39m[39m
[33mWARN: [33m[33mArkTS:WARN File: C:/Users/scottsmith/project/Archive-Markdown-Editor-For-HarmonyOS/app/ame/web_engine/src/main/ets/adapter/BluetoothLowEnergyAdapter.ets:443:19
 Function may throw exceptions. Special handling is required.
[39m[39m
[33mWARN: [33m[33mArkTS:WARN File: C:/Users/scottsmith/project/Archive-Markdown-Editor-For-HarmonyOS/app/ame/web_engine/src/main/ets/adapter/BluetoothLowEnergyAdapter.ets:483:26
 Function may throw exceptions. Special handling is required.
[39m[39m
[33mWARN: [33m[33mArkTS:WARN File: C:/Users/scottsmith/project/Archive-Markdown-Editor-For-HarmonyOS/app/ame/web_engine/src/main/ets/adapter/BrowserPolicyAdapter.ets:22:40
 'decodeWithStream' has been deprecated.
[39m[39m
[33mWARN: [33m[33mArkTS:WARN File: C:/Users/scottsmith/project/Archive-Markdown-Editor-For-HarmonyOS/app/ame/web_engine/src/main/ets/adapter/CertManagerAdapter.ets:45:15
 Function may throw exceptions. Special handling is required.
[39m[39m
[33mWARN: [33m[33mArkTS:WARN File: C:/Users/scottsmith/project/Archive-Markdown-Editor-For-HarmonyOS/app/ame/web_engine/src/main/ets/adapter/CertManagerAdapter.ets:49:20
 Function may throw exceptions. Special handling is required.
[39m[39m
[33mWARN: [33m[33mArkTS:WARN File: C:/Users/scottsmith/project/Archive-Markdown-Editor-For-HarmonyOS/app/ame/web_engine/src/main/ets/adapter/CertManagerAdapter.ets:50:16
 Function may throw exceptions. Special handling is required.
[39m[39m
[33mWARN: [33m[33mArkTS:WARN File: C:/Users/scottsmith/project/Archive-Markdown-Editor-For-HarmonyOS/app/ame/web_engine/src/main/ets/adapter/CertManagerAdapter.ets:52:5
 Function may throw exceptions. Special handling is required.
[39m[39m
[33mWARN: [33m[33mArkTS:WARN File: C:/Users/scottsmith/project/Archive-Markdown-Editor-For-HarmonyOS/app/ame/web_engine/src/main/ets/adapter/CertManagerAdapter.ets:53:5
 Function may throw exceptions. Special handling is required.
[39m[39m
[33mWARN: [33m[33mArkTS:WARN File: C:/Users/scottsmith/project/Archive-Markdown-Editor-For-HarmonyOS/app/ame/web_engine/src/main/ets/adapter/CertManagerAdapter.ets:64:17
 To use this API, you need to apply for the permissions: ohos.permission.ACCESS_CERT_MANAGER
[39m[39m
[33mWARN: [33m[33mArkTS:WARN File: C:/Users/scottsmith/project/Archive-Markdown-Editor-For-HarmonyOS/app/ame/web_engine/src/main/ets/adapter/CertManagerAdapter.ets:81:26
 To use this API, you need to apply for the permissions: ohos.permission.ACCESS_CERT_MANAGER
[39m[39m
[33mWARN: [33m[33mArkTS:WARN File: C:/Users/scottsmith/project/Archive-Markdown-Editor-For-HarmonyOS/app/ame/web_engine/src/main/ets/adapter/CertManagerAdapter.ets:90:44
 To use this API, you need to apply for the permissions: ohos.permission.ACCESS_CERT_MANAGER
[39m[39m
[33mWARN: [33m[33mArkTS:WARN File: C:/Users/scottsmith/project/Archive-Markdown-Editor-For-HarmonyOS/app/ame/web_engine/src/main/ets/adapter/CertManagerAdapter.ets:112:17
 To use this API, you need to apply for the permissions: ohos.permission.ACCESS_CERT_MANAGER
[39m[39m
[33mWARN: [33m[33mArkTS:WARN File: C:/Users/scottsmith/project/Archive-Markdown-Editor-For-HarmonyOS/app/ame/web_engine/src/main/ets/adapter/CertManagerAdapter.ets:129:17
 To use this API, you need to apply for the permissions: ohos.permission.ACCESS_CERT_MANAGER
[39m[39m
[33mWARN: [33m[33mArkTS:WARN File: C:/Users/scottsmith/project/Archive-Markdown-Editor-For-HarmonyOS/app/ame/web_engine/src/main/ets/adapter/CertManagerAdapter.ets:136:19
 To use this API, you need to apply for the permissions: ohos.permission.ACCESS_CERT_MANAGER
[39m[39m
[33mWARN: [33m[33mArkTS:WARN File: C:/Users/scottsmith/project/Archive-Markdown-Editor-For-HarmonyOS/app/ame/web_engine/src/main/ets/adapter/CertManagerAdapter.ets:142:21
 To use this API, you need to apply for the permissions: ohos.permission.ACCESS_CERT_MANAGER
[39m[39m
[33mWARN: [33m[33mArkTS:WARN File: C:/Users/scottsmith/project/Archive-Markdown-Editor-For-HarmonyOS/app/ame/web_engine/src/main/ets/adapter/CertManagerAdapter.ets:154:33
 Function may throw exceptions. Special handling is required.
[39m[39m
[33mWARN: [33m[33mArkTS:WARN File: C:/Users/scottsmith/project/Archive-Markdown-Editor-For-HarmonyOS/app/ame/web_engine/src/main/ets/adapter/CertManagerAdapter.ets:176:15
 Function may throw exceptions. Special handling is required.
[39m[39m
[33mWARN: [33m[33mArkTS:WARN File: C:/Users/scottsmith/project/Archive-Markdown-Editor-For-HarmonyOS/app/ame/web_engine/src/main/ets/adapter/CertManagerAdapter.ets:181:21
 Function may throw exceptions. Special handling is required.
[39m[39m
[33mWARN: [33m[33mArkTS:WARN File: C:/Users/scottsmith/project/Archive-Markdown-Editor-For-HarmonyOS/app/ame/web_engine/src/main/ets/adapter/CertManagerAdapter.ets:201:32
 To use this API, you need to apply for the permissions: ohos.permission.ACCESS_CERT_MANAGER
[39m[39m
[33mWARN: [33m[33mArkTS:WARN File: C:/Users/scottsmith/project/Archive-Markdown-Editor-For-HarmonyOS/app/ame/web_engine/src/main/ets/adapter/CursorAdapter.ets:44:22
 Function may throw exceptions. Special handling is required.
[39m[39m
[33mWARN: [33m[33mArkTS:WARN File: C:/Users/scottsmith/project/Archive-Markdown-Editor-For-HarmonyOS/app/ame/web_engine/src/main/ets/adapter/DeviceAdapter.ets:115:12
 Function may throw exceptions. Special handling is required.
[39m[39m
[33mWARN: [33m[33mArkTS:WARN File: C:/Users/scottsmith/project/Archive-Markdown-Editor-For-HarmonyOS/app/ame/web_engine/src/main/ets/adapter/DeviceUserAuthAdapter.ets:43:16
 To use this API, you need to apply for the permissions: ohos.permission.ACCESS_BIOMETRIC
[39m[39m
[33mWARN: [33m[33mArkTS:WARN File: C:/Users/scottsmith/project/Archive-Markdown-Editor-For-HarmonyOS/app/ame/web_engine/src/main/ets/adapter/DeviceUserAuthAdapter.ets:56:16
 To use this API, you need to apply for the permissions: ohos.permission.ACCESS_BIOMETRIC
[39m[39m
[33mWARN: [33m[33mArkTS:WARN File: C:/Users/scottsmith/project/Archive-Markdown-Editor-For-HarmonyOS/app/ame/web_engine/src/main/ets/adapter/DeviceUserAuthAdapter.ets:96:11
 Function may throw exceptions. Special handling is required.
[39m[39m
[33mWARN: [33m[33mArkTS:WARN File: C:/Users/scottsmith/project/Archive-Markdown-Editor-For-HarmonyOS/app/ame/web_engine/src/main/ets/adapter/DeviceUserAuthAdapter.ets:107:24
 To use this API, you need to apply for the permissions: ohos.permission.ACCESS_BIOMETRIC or ohos.permission.USER_AUTH_FROM_BACKGROUND
[39m[39m
[33mWARN: [33m[33mArkTS:WARN File: C:/Users/scottsmith/project/Archive-Markdown-Editor-For-HarmonyOS/app/ame/web_engine/src/main/ets/adapter/ElectronAppAdapter.ets:66:24
 'getSystemLocale' has been deprecated.
[39m[39m
[33mWARN: [33m[33mArkTS:WARN File: C:/Users/scottsmith/project/Archive-Markdown-Editor-For-HarmonyOS/app/ame/web_engine/src/main/ets/adapter/ElectronAppAdapter.ets:113:5
 Function may throw exceptions. Special handling is required.
[39m[39m
[33mWARN: [33m[33mArkTS:WARN File: C:/Users/scottsmith/project/Archive-Markdown-Editor-For-HarmonyOS/app/ame/web_engine/src/main/ets/adapter/ElectronAppAdapter.ets:126:5
 Function may throw exceptions. Special handling is required.
[39m[39m
[33mWARN: [33m[33mArkTS:WARN File: C:/Users/scottsmith/project/Archive-Markdown-Editor-For-HarmonyOS/app/ame/web_engine/src/main/ets/adapter/FileManagerAdapter.ets:128:26
 To use this API, you need to apply for the permissions: ohos.permission.GET_FILE_ICON
[39m[39m
[33mWARN: [33m[33mArkTS:WARN File: C:/Users/scottsmith/project/Archive-Markdown-Editor-For-HarmonyOS/app/ame/web_engine/src/main/ets/adapter/FilePickerAdapter.ets:50:30
 Function may throw exceptions. Special handling is required.
[39m[39m
[33mWARN: [33m[33mArkTS:WARN File: C:/Users/scottsmith/project/Archive-Markdown-Editor-For-HarmonyOS/app/ame/web_engine/src/main/ets/adapter/FilePickerAdapter.ets:73:27
 The system capacity of this api 'selectMode' is not supported on all devices
[39m[39m
[33mWARN: [33m[33mArkTS:WARN File: C:/Users/scottsmith/project/Archive-Markdown-Editor-For-HarmonyOS/app/ame/web_engine/src/main/ets/adapter/FilePickerAdapter.ets:73:47
 The system capacity of this api 'DocumentSelectMode' is not supported on all devices
[39m[39m
[33mWARN: [33m[33mArkTS:WARN File: C:/Users/scottsmith/project/Archive-Markdown-Editor-For-HarmonyOS/app/ame/web_engine/src/main/ets/adapter/FilePickerAdapter.ets:73:66
 The system capacity of this api 'FOLDER' is not supported on all devices
[39m[39m
[33mWARN: [33m[33mArkTS:WARN File: C:/Users/scottsmith/project/Archive-Markdown-Editor-For-HarmonyOS/app/ame/web_engine/src/main/ets/adapter/FilePickerAdapter.ets:99:30
 Function may throw exceptions. Special handling is required.
[39m[39m
[33mWARN: [33m[33mArkTS:WARN File: C:/Users/scottsmith/project/Archive-Markdown-Editor-For-HarmonyOS/app/ame/web_engine/src/main/ets/adapter/FilePickerAdapter.ets:121:21
 Function may throw exceptions. Special handling is required.
[39m[39m
[33mWARN: [33m[33mArkTS:WARN File: C:/Users/scottsmith/project/Archive-Markdown-Editor-For-HarmonyOS/app/ame/web_engine/src/main/ets/adapter/FilePickerAdapter.ets:178:30
 Function may throw exceptions. Special handling is required.
[39m[39m
[33mWARN: [33m[33mArkTS:WARN File: C:/Users/scottsmith/project/Archive-Markdown-Editor-For-HarmonyOS/app/ame/web_engine/src/main/ets/adapter/FontAdapter.ets:18:42
 'getFontByName' has been deprecated.
[39m[39m
[33mWARN: [33m[33mArkTS:WARN File: C:/Users/scottsmith/project/Archive-Markdown-Editor-For-HarmonyOS/app/ame/web_engine/src/main/ets/adapter/FontAdapter.ets:22:26
 'getSystemFontList' has been deprecated.
[39m[39m
[33mWARN: [33m[33mArkTS:WARN File: C:/Users/scottsmith/project/Archive-Markdown-Editor-For-HarmonyOS/app/ame/web_engine/src/main/ets/adapter/FontAdapter.ets:45:26
 'getFontByName' has been deprecated.
[39m[39m
[33mWARN: [33m[33mArkTS:WARN File: C:/Users/scottsmith/project/Archive-Markdown-Editor-For-HarmonyOS/app/ame/web_engine/src/main/ets/adapter/I18nAdapter.ets:25:22
 'Locale' has been deprecated.
[39m[39m
[33mWARN: [33m[33mArkTS:WARN File: C:/Users/scottsmith/project/Archive-Markdown-Editor-For-HarmonyOS/app/ame/web_engine/src/main/ets/adapter/I18nAdapter.ets:25:32
 'language' has been deprecated.
[39m[39m
[33mWARN: [33m[33mArkTS:WARN File: C:/Users/scottsmith/project/Archive-Markdown-Editor-For-HarmonyOS/app/ame/web_engine/src/main/ets/adapter/I18nAdapter.ets:30:22
 'Locale' has been deprecated.
[39m[39m
[33mWARN: [33m[33mArkTS:WARN File: C:/Users/scottsmith/project/Archive-Markdown-Editor-For-HarmonyOS/app/ame/web_engine/src/main/ets/adapter/I18nAdapter.ets:30:32
 'region' has been deprecated.
[39m[39m
[33mWARN: [33m[33mArkTS:WARN File: C:/Users/scottsmith/project/Archive-Markdown-Editor-For-HarmonyOS/app/ame/web_engine/src/main/ets/adapter/IMFAdapter.ets:143:5
 Function may throw exceptions. Special handling is required.
[39m[39m
[33mWARN: [33m[33mArkTS:WARN File: C:/Users/scottsmith/project/Archive-Markdown-Editor-For-HarmonyOS/app/ame/web_engine/src/main/ets/adapter/IMFAdapter.ets:147:5
 Function may throw exceptions. Special handling is required.
[39m[39m
[33mWARN: [33m[33mArkTS:WARN File: C:/Users/scottsmith/project/Archive-Markdown-Editor-For-HarmonyOS/app/ame/web_engine/src/main/ets/adapter/IMFAdapter.ets:150:5
 Function may throw exceptions. Special handling is required.
[39m[39m
[33mWARN: [33m[33mArkTS:WARN File: C:/Users/scottsmith/project/Archive-Markdown-Editor-For-HarmonyOS/app/ame/web_engine/src/main/ets/adapter/IMFAdapter.ets:153:5
 Function may throw exceptions. Special handling is required.
[39m[39m
[33mWARN: [33m[33mArkTS:WARN File: C:/Users/scottsmith/project/Archive-Markdown-Editor-For-HarmonyOS/app/ame/web_engine/src/main/ets/adapter/IMFAdapter.ets:156:5
 Function may throw exceptions. Special handling is required.
[39m[39m
[33mWARN: [33m[33mArkTS:WARN File: C:/Users/scottsmith/project/Archive-Markdown-Editor-For-HarmonyOS/app/ame/web_engine/src/main/ets/adapter/MediaAdapter.ets:56:19
 'getContext' has been deprecated.
[39m[39m
[33mWARN: [33m[33mArkTS:WARN File: C:/Users/scottsmith/project/Archive-Markdown-Editor-For-HarmonyOS/app/ame/web_engine/src/main/ets/adapter/MediaAdapter.ets:57:25
 Function may throw exceptions. Special handling is required.
[39m[39m
[33mWARN: [33m[33mArkTS:WARN File: C:/Users/scottsmith/project/Archive-Markdown-Editor-For-HarmonyOS/app/ame/web_engine/src/main/ets/adapter/NativeMessagingAdapter.ets:68:74
 The 'extensionPid' API is supported since SDK version 21. However, the current compatible SDK version is 5.0.5(17).
[39m[39m
[33mWARN: [33m[33mArkTS:WARN File: C:/Users/scottsmith/project/Archive-Markdown-Editor-For-HarmonyOS/app/ame/web_engine/src/main/ets/adapter/NativeMessagingAdapter.ets:104:57
 To use this API, you need to apply for the permissions: ohos.permission.WEB_NATIVE_MESSAGING
[39m[39m
[33mWARN: [33m[33mArkTS:WARN File: C:/Users/scottsmith/project/Archive-Markdown-Editor-For-HarmonyOS/app/ame/web_engine/src/main/ets/adapter/NativeMessagingAdapter.ets:117:42
 To use this API, you need to apply for the permissions: ohos.permission.WEB_NATIVE_MESSAGING
[39m[39m
[33mWARN: [33m[33mArkTS:WARN File: C:/Users/scottsmith/project/Archive-Markdown-Editor-For-HarmonyOS/app/ame/web_engine/src/main/ets/adapter/NativeMessagingAdapter.ets:126:5
 The 'dataShare' API is supported since SDK version 20. However, the current compatible SDK version is 5.0.5(17).
[39m[39m
[33mWARN: [33m[33mArkTS:WARN File: C:/Users/scottsmith/project/Archive-Markdown-Editor-For-HarmonyOS/app/ame/web_engine/src/main/ets/adapter/NativeMessagingAdapter.ets:126:15
 The 'createDataProxyHandle' API is supported since SDK version 20. However, the current compatible SDK version is 5.0.5(17).
[39m[39m
[33mWARN: [33m[33mArkTS:WARN File: C:/Users/scottsmith/project/Archive-Markdown-Editor-For-HarmonyOS/app/ame/web_engine/src/main/ets/adapter/NativeMessagingAdapter.ets:130:15
 The 'dataShare' API is supported since SDK version 20. However, the current compatible SDK version is 5.0.5(17).
[39m[39m
[33mWARN: [33m[33mArkTS:WARN File: C:/Users/scottsmith/project/Archive-Markdown-Editor-For-HarmonyOS/app/ame/web_engine/src/main/ets/adapter/NativeMessagingAdapter.ets:130:25
 The 'DataProxyType' API is supported since SDK version 20. However, the current compatible SDK version is 5.0.5(17).
[39m[39m
[33mWARN: [33m[33mArkTS:WARN File: C:/Users/scottsmith/project/Archive-Markdown-Editor-For-HarmonyOS/app/ame/web_engine/src/main/ets/adapter/NativeMessagingAdapter.ets:130:39
 The 'SHARED_CONFIG' API is supported since SDK version 20. However, the current compatible SDK version is 5.0.5(17).
[39m[39m
[33mWARN: [33m[33mArkTS:WARN File: C:/Users/scottsmith/project/Archive-Markdown-Editor-For-HarmonyOS/app/ame/web_engine/src/main/ets/adapter/NativeMessagingAdapter.ets:132:21
 The 'get' API is supported since SDK version 20. However, the current compatible SDK version is 5.0.5(17).
[39m[39m
[33mWARN: [33m[33mArkTS:WARN File: C:/Users/scottsmith/project/Archive-Markdown-Editor-For-HarmonyOS/app/ame/web_engine/src/main/ets/adapter/NativeMessagingAdapter.ets:134:33
 The 'value' API is supported since SDK version 20. However, the current compatible SDK version is 5.0.5(17).
[39m[39m
[33mWARN: [33m[33mArkTS:WARN File: C:/Users/scottsmith/project/Archive-Markdown-Editor-For-HarmonyOS/app/ame/web_engine/src/main/ets/adapter/NativeMessagingAdapter.ets:137:28
 The 'value' API is supported since SDK version 20. However, the current compatible SDK version is 5.0.5(17).
[39m[39m
[33mWARN: [33m[33mArkTS:WARN File: C:/Users/scottsmith/project/Archive-Markdown-Editor-For-HarmonyOS/app/ame/web_engine/src/main/ets/adapter/NotificationAdapter.ets:76:5
 Function may throw exceptions. Special handling is required.
[39m[39m
[33mWARN: [33m[33mArkTS:WARN File: C:/Users/scottsmith/project/Archive-Markdown-Editor-For-HarmonyOS/app/ame/web_engine/src/main/ets/adapter/NotificationAdapter.ets:260:43
 Function may throw exceptions. Special handling is required.
[39m[39m
[33mWARN: [33m[33mArkTS:WARN File: C:/Users/scottsmith/project/Archive-Markdown-Editor-For-HarmonyOS/app/ame/web_engine/src/main/ets/common/BaseWindowAdapter.ets:30:27
 Function may throw exceptions. Special handling is required.
[39m[39m
[33mWARN: [33m[33mArkTS:WARN File: C:/Users/scottsmith/project/Archive-Markdown-Editor-For-HarmonyOS/app/ame/web_engine/src/main/ets/adapter/PopupWindowAdapter.ets:68:5
 Function may throw exceptions. Special handling is required.
[39m[39m
[33mWARN: [33m[33mArkTS:WARN File: C:/Users/scottsmith/project/Archive-Markdown-Editor-For-HarmonyOS/app/ame/web_engine/src/main/ets/adapter/PopupWindowAdapter.ets:136:19
 Function may throw exceptions. Special handling is required.
[39m[39m
[33mWARN: [33m[33mArkTS:WARN File: C:/Users/scottsmith/project/Archive-Markdown-Editor-For-HarmonyOS/app/ame/web_engine/src/main/ets/adapter/PopupWindowAdapter.ets:147:19
 Function may throw exceptions. Special handling is required.
[39m[39m
[33mWARN: [33m[33mArkTS:WARN File: C:/Users/scottsmith/project/Archive-Markdown-Editor-For-HarmonyOS/app/ame/web_engine/src/main/ets/adapter/PopupWindowAdapter.ets:190:28
 Function may throw exceptions. Special handling is required.
[39m[39m
[33mWARN: [33m[33mArkTS:WARN File: C:/Users/scottsmith/project/Archive-Markdown-Editor-For-HarmonyOS/app/ame/web_engine/src/main/ets/adapter/PrintAdapter.ets:53:13
 To use this API, you need to apply for the permissions: ohos.permission.PRINT
[39m[39m
[33mWARN: [33m[33mArkTS:WARN File: C:/Users/scottsmith/project/Archive-Markdown-Editor-For-HarmonyOS/app/ame/web_engine/src/main/ets/adapter/PrintAdapter.ets:55:21
 To use this API, you need to apply for the permissions: ohos.permission.PRINT
[39m[39m
[33mWARN: [33m[33mArkTS:WARN File: C:/Users/scottsmith/project/Archive-Markdown-Editor-For-HarmonyOS/app/ame/web_engine/src/main/ets/adapter/PrintAdapter.ets:58:21
 To use this API, you need to apply for the permissions: ohos.permission.PRINT
[39m[39m
[33mWARN: [33m[33mArkTS:WARN File: C:/Users/scottsmith/project/Archive-Markdown-Editor-For-HarmonyOS/app/ame/web_engine/src/main/ets/adapter/PrintAdapter.ets:78:9
 Function may throw exceptions. Special handling is required.
[39m[39m
[33mWARN: [33m[33mArkTS:WARN File: C:/Users/scottsmith/project/Archive-Markdown-Editor-For-HarmonyOS/app/ame/web_engine/src/main/ets/adapter/PrintAdapter.ets:90:11
 To use this API, you need to apply for the permissions: ohos.permission.PRINT
[39m[39m
[33mWARN: [33m[33mArkTS:WARN File: C:/Users/scottsmith/project/Archive-Markdown-Editor-For-HarmonyOS/app/ame/web_engine/src/main/ets/adapter/PrintAdapter.ets:101:20
 'showDialog' has been deprecated.
[39m[39m
[33mWARN: [33m[33mArkTS:WARN File: C:/Users/scottsmith/project/Archive-Markdown-Editor-For-HarmonyOS/app/ame/web_engine/src/main/ets/adapter/RunningLockAdapter.ets:67:19
 To use this API, you need to apply for the permissions: ohos.permission.RUNNING_LOCK
[39m[39m
[33mWARN: [33m[33mArkTS:WARN File: C:/Users/scottsmith/project/Archive-Markdown-Editor-For-HarmonyOS/app/ame/web_engine/src/main/ets/adapter/RunningLockAdapter.ets:67:75
 'BACKGROUND' has been deprecated.
[39m[39m
[33mWARN: [33m[33mArkTS:WARN File: C:/Users/scottsmith/project/Archive-Markdown-Editor-For-HarmonyOS/app/ame/web_engine/src/main/ets/adapter/RunningLockAdapter.ets:72:29
 To use this API, you need to apply for the permissions: ohos.permission.RUNNING_LOCK
[39m[39m
[33mWARN: [33m[33mArkTS:WARN File: C:/Users/scottsmith/project/Archive-Markdown-Editor-For-HarmonyOS/app/ame/web_engine/src/main/ets/adapter/RunningLockAdapter.ets:90:27
 To use this API, you need to apply for the permissions: ohos.permission.RUNNING_LOCK
[39m[39m
[33mWARN: [33m[33mArkTS:WARN File: C:/Users/scottsmith/project/Archive-Markdown-Editor-For-HarmonyOS/app/ame/web_engine/src/main/ets/adapter/ScreenshotAdapter.ets:21:16
 To use this API, you need to apply for the permissions: ohos.permission.CUSTOM_SCREEN_CAPTURE or ohos.permission.CUSTOM_SCREEN_RECORDING
[39m[39m
[33mWARN: [33m[33mArkTS:WARN File: C:/Users/scottsmith/project/Archive-Markdown-Editor-For-HarmonyOS/app/ame/web_engine/src/main/ets/adapter/SpeechAdapter.ets:68:44
 'getVolumeSync' has been deprecated.
[39m[39m
[33mWARN: [33m[33mArkTS:WARN File: C:/Users/scottsmith/project/Archive-Markdown-Editor-For-HarmonyOS/app/ame/web_engine/src/main/ets/adapter/SubWindowAdapter.ets:119:24
 Function may throw exceptions. Special handling is required.
[39m[39m
[33mWARN: [33m[33mArkTS:WARN File: C:/Users/scottsmith/project/Archive-Markdown-Editor-For-HarmonyOS/app/ame/web_engine/src/main/ets/adapter/SubWindowAdapter.ets:151:20
 Function may throw exceptions. Special handling is required.
[39m[39m
[33mWARN: [33m[33mArkTS:WARN File: C:/Users/scottsmith/project/Archive-Markdown-Editor-For-HarmonyOS/app/ame/web_engine/src/main/ets/adapter/SubWindowAdapter.ets:257:18
 Function may throw exceptions. Special handling is required.
[39m[39m
[33mWARN: [33m[33mArkTS:WARN File: C:/Users/scottsmith/project/Archive-Markdown-Editor-For-HarmonyOS/app/ame/web_engine/src/main/ets/adapter/SubWindowAdapter.ets:265:22
 Function may throw exceptions. Special handling is required.
[39m[39m
[33mWARN: [33m[33mArkTS:WARN File: C:/Users/scottsmith/project/Archive-Markdown-Editor-For-HarmonyOS/app/ame/web_engine/src/main/ets/adapter/SubWindowAdapter.ets:301:5
 Function may throw exceptions. Special handling is required.
[39m[39m
[33mWARN: [33m[33mArkTS:WARN File: C:/Users/scottsmith/project/Archive-Markdown-Editor-For-HarmonyOS/app/ame/web_engine/src/main/ets/adapter/SystemFloatingWindowAdapter.ets:60:12
 To use this API, you need to apply for the permissions: ohos.permission.SYSTEM_FLOAT_WINDOW
[39m[39m
[33mWARN: [33m[33mArkTS:WARN File: C:/Users/scottsmith/project/Archive-Markdown-Editor-For-HarmonyOS/app/ame/web_engine/src/main/ets/adapter/SystemFloatingWindowAdapter.ets:175:7
 Function may throw exceptions. Special handling is required.
[39m[39m
[33mWARN: [33m[33mArkTS:WARN File: C:/Users/scottsmith/project/Archive-Markdown-Editor-For-HarmonyOS/app/ame/web_engine/src/main/ets/adapter/SystemFloatingWindowAdapter.ets:183:19
 Function may throw exceptions. Special handling is required.
[39m[39m
[33mWARN: [33m[33mArkTS:WARN File: C:/Users/scottsmith/project/Archive-Markdown-Editor-For-HarmonyOS/app/ame/web_engine/src/main/ets/adapter/SystemFloatingWindowAdapter.ets:194:19
 Function may throw exceptions. Special handling is required.
[39m[39m
[33mWARN: [33m[33mArkTS:WARN File: C:/Users/scottsmith/project/Archive-Markdown-Editor-For-HarmonyOS/app/ame/web_engine/src/main/ets/adapter/SystemFloatingWindowAdapter.ets:213:24
 Function may throw exceptions. Special handling is required.
[39m[39m
[33mWARN: [33m[33mArkTS:WARN File: C:/Users/scottsmith/project/Archive-Markdown-Editor-For-HarmonyOS/app/ame/web_engine/src/main/ets/adapter/SystemFloatingWindowAdapter.ets:263:24
 Function may throw exceptions. Special handling is required.
[39m[39m
[33mWARN: [33m[33mArkTS:WARN File: C:/Users/scottsmith/project/Archive-Markdown-Editor-For-HarmonyOS/app/ame/web_engine/src/main/ets/adapter/SystemFloatingWindowAdapter.ets:315:24
 Function may throw exceptions. Special handling is required.
[39m[39m
[33mWARN: [33m[33mArkTS:WARN File: C:/Users/scottsmith/project/Archive-Markdown-Editor-For-HarmonyOS/app/ame/web_engine/src/main/ets/adapter/StatusBarManager.ets:79:7
 The system capacity of this api 'statusBarManager' is not supported on all devices
[39m[39m
[33mWARN: [33m[33mArkTS:WARN File: C:/Users/scottsmith/project/Archive-Markdown-Editor-For-HarmonyOS/app/ame/web_engine/src/main/ets/adapter/StatusBarManager.ets:79:24
 The system capacity of this api 'addToStatusBar' is not supported on all devices
[39m[39m
[33mWARN: [33m[33mArkTS:WARN File: C:/Users/scottsmith/project/Archive-Markdown-Editor-For-HarmonyOS/app/ame/web_engine/src/main/ets/adapter/StatusBarManager.ets:93:9
 The system capacity of this api 'statusBarManager' is not supported on all devices
[39m[39m
[33mWARN: [33m[33mArkTS:WARN File: C:/Users/scottsmith/project/Archive-Markdown-Editor-For-HarmonyOS/app/ame/web_engine/src/main/ets/adapter/StatusBarManager.ets:93:26
 The system capacity of this api 'on' is not supported on all devices
[39m[39m
[33mWARN: [33m[33mArkTS:WARN File: C:/Users/scottsmith/project/Archive-Markdown-Editor-For-HarmonyOS/app/ame/web_engine/src/main/ets/adapter/StatusBarManager.ets:100:9
 The system capacity of this api 'statusBarManager' is not supported on all devices
[39m[39m
[33mWARN: [33m[33mArkTS:WARN File: C:/Users/scottsmith/project/Archive-Markdown-Editor-For-HarmonyOS/app/ame/web_engine/src/main/ets/adapter/StatusBarManager.ets:100:26
 The system capacity of this api 'on' is not supported on all devices
[39m[39m
[33mWARN: [33m[33mArkTS:WARN File: C:/Users/scottsmith/project/Archive-Markdown-Editor-For-HarmonyOS/app/ame/web_engine/src/main/ets/adapter/StatusBarManager.ets:110:7
 The system capacity of this api 'statusBarManager' is not supported on all devices
[39m[39m
[33mWARN: [33m[33mArkTS:WARN File: C:/Users/scottsmith/project/Archive-Markdown-Editor-For-HarmonyOS/app/ame/web_engine/src/main/ets/adapter/StatusBarManager.ets:110:24
 The system capacity of this api 'updateStatusBarIcon' is not supported on all devices
[39m[39m
[33mWARN: [33m[33mArkTS:WARN File: C:/Users/scottsmith/project/Archive-Markdown-Editor-For-HarmonyOS/app/ame/web_engine/src/main/ets/adapter/StatusBarManager.ets:127:9
 The system capacity of this api 'statusBarManager' is not supported on all devices
[39m[39m
[33mWARN: [33m[33mArkTS:WARN File: C:/Users/scottsmith/project/Archive-Markdown-Editor-For-HarmonyOS/app/ame/web_engine/src/main/ets/adapter/StatusBarManager.ets:127:26
 The system capacity of this api 'updateStatusBarHoverTips' is not supported on all devices
[39m[39m
[33mWARN: [33m[33mArkTS:WARN File: C:/Users/scottsmith/project/Archive-Markdown-Editor-For-HarmonyOS/app/ame/web_engine/src/main/ets/adapter/StatusBarManager.ets:146:9
 The system capacity of this api 'statusBarManager' is not supported on all devices
[39m[39m
[33mWARN: [33m[33mArkTS:WARN File: C:/Users/scottsmith/project/Archive-Markdown-Editor-For-HarmonyOS/app/ame/web_engine/src/main/ets/adapter/StatusBarManager.ets:146:26
 The system capacity of this api 'updateStatusBarMenu' is not supported on all devices
[39m[39m
[33mWARN: [33m[33mArkTS:WARN File: C:/Users/scottsmith/project/Archive-Markdown-Editor-For-HarmonyOS/app/ame/web_engine/src/main/ets/adapter/StatusBarManager.ets:162:9
 The system capacity of this api 'statusBarManager' is not supported on all devices
[39m[39m
[33mWARN: [33m[33mArkTS:WARN File: C:/Users/scottsmith/project/Archive-Markdown-Editor-For-HarmonyOS/app/ame/web_engine/src/main/ets/adapter/StatusBarManager.ets:162:26
 The system capacity of this api 'removeFromStatusBar' is not supported on all devices
[39m[39m
[33mWARN: [33m[33mArkTS:WARN File: C:/Users/scottsmith/project/Archive-Markdown-Editor-For-HarmonyOS/app/ame/web_engine/src/main/ets/adapter/StatusBarManager.ets:174:7
 The system capacity of this api 'statusBarManager' is not supported on all devices
[39m[39m
[33mWARN: [33m[33mArkTS:WARN File: C:/Users/scottsmith/project/Archive-Markdown-Editor-For-HarmonyOS/app/ame/web_engine/src/main/ets/adapter/StatusBarManager.ets:174:24
 The system capacity of this api 'off' is not supported on all devices
[39m[39m
[33mWARN: [33m[33mArkTS:WARN File: C:/Users/scottsmith/project/Archive-Markdown-Editor-For-HarmonyOS/app/ame/web_engine/src/main/ets/adapter/StatusBarManager.ets:175:7
 The system capacity of this api 'statusBarManager' is not supported on all devices
[39m[39m
[33mWARN: [33m[33mArkTS:WARN File: C:/Users/scottsmith/project/Archive-Markdown-Editor-For-HarmonyOS/app/ame/web_engine/src/main/ets/adapter/StatusBarManager.ets:175:24
 The system capacity of this api 'off' is not supported on all devices
[39m[39m
[33mWARN: [33m[33mArkTS:WARN File: C:/Users/scottsmith/project/Archive-Markdown-Editor-For-HarmonyOS/app/ame/web_engine/src/main/ets/adapter/StatusBarManager.ets:190:30
 'menuCode' has been deprecated.
[39m[39m
[33mWARN: [33m[33mArkTS:WARN File: C:/Users/scottsmith/project/Archive-Markdown-Editor-For-HarmonyOS/app/ame/web_engine/src/main/ets/adapter/StatusBarManager.ets:190:30
 The system capacity of this api 'menuCode' is not supported on all devices
[39m[39m
[33mWARN: [33m[33mArkTS:WARN File: C:/Users/scottsmith/project/Archive-Markdown-Editor-For-HarmonyOS/app/ame/web_engine/src/main/ets/adapter/StatusBarManager.ets:225:16
 The system capacity of this api 'subMenu' is not supported on all devices
[39m[39m
[33mWARN: [33m[33mArkTS:WARN File: C:/Users/scottsmith/project/Archive-Markdown-Editor-For-HarmonyOS/app/ame/web_engine/src/main/ets/adapter/WebAppAdapter.ets:54:23
 'getContext' has been deprecated.
[39m[39m
[33mWARN: [33m[33mArkTS:WARN File: C:/Users/scottsmith/project/Archive-Markdown-Editor-For-HarmonyOS/app/ame/web_engine/src/main/ets/adapter/WebAppAdapter.ets:94:26
 'showToast' has been deprecated.
[39m[39m
[33mWARN: [33m[33mArkTS:WARN File: C:/Users/scottsmith/project/Archive-Markdown-Editor-For-HarmonyOS/app/ame/web_engine/src/main/ets/adapter/WebAppAdapter.ets:104:22
 'showToast' has been deprecated.
[39m[39m
[33mWARN: [33m[33mArkTS:WARN File: C:/Users/scottsmith/project/Archive-Markdown-Editor-For-HarmonyOS/app/ame/web_engine/src/main/ets/adapter/WebAppAdapter.ets:114:7
 Function may throw exceptions. Special handling is required.
[39m[39m
[33mWARN: [33m[33mArkTS:WARN File: C:/Users/scottsmith/project/Archive-Markdown-Editor-For-HarmonyOS/app/ame/web_engine/src/main/ets/adapter/WebAppAdapter.ets:114:20
 'showToast' has been deprecated.
[39m[39m
[33mWARN: [33m[33mArkTS:WARN File: C:/Users/scottsmith/project/Archive-Markdown-Editor-For-HarmonyOS/app/ame/web_engine/src/main/ets/ability/WebBaseAbility.ets:110:27
 Function may throw exceptions. Special handling is required.
[39m[39m
[33mWARN: [33m[33mArkTS:WARN File: C:/Users/scottsmith/project/Archive-Markdown-Editor-For-HarmonyOS/app/ame/web_engine/src/main/ets/ability/WebBaseAbility.ets:110:27
 Function may throw exceptions. Special handling is required.
[39m[39m
[33mWARN: [33m[33mArkTS:WARN File: C:/Users/scottsmith/project/Archive-Markdown-Editor-For-HarmonyOS/app/ame/web_engine/src/main/ets/ability/WebBaseAbility.ets:119:12
 Function may throw exceptions. Special handling is required.
[39m[39m
[33mWARN: [33m[33mArkTS:WARN File: C:/Users/scottsmith/project/Archive-Markdown-Editor-For-HarmonyOS/app/ame/web_engine/src/main/ets/ability/WebAbility.ets:79:28
 To use this API, you need to apply for the permissions: ohos.permission.SET_ABILITY_INSTANCE_INFO
[39m[39m
[33mWARN: [33m[33mArkTS:WARN File: C:/Users/scottsmith/project/Archive-Markdown-Editor-For-HarmonyOS/app/ame/web_engine/src/main/ets/ability/WebAbility.ets:276:17
 Function may throw exceptions. Special handling is required.
[39m[39m
[33mWARN: [33m[33mArkTS:WARN File: C:/Users/scottsmith/project/Archive-Markdown-Editor-For-HarmonyOS/app/ame/web_engine/src/main/ets/ability/WebAbility.ets:432:20
 Function may throw exceptions. Special handling is required.
[39m[39m
[33mWARN: [33m[33mArkTS:WARN File: C:/Users/scottsmith/project/Archive-Markdown-Editor-For-HarmonyOS/app/ame/web_engine/src/main/ets/ability/WebAbility.ets:523:21
 Function may throw exceptions. Special handling is required.
[39m[39m
[33mWARN: [33m[33mArkTS:WARN File: C:/Users/scottsmith/project/Archive-Markdown-Editor-For-HarmonyOS/app/ame/web_engine/src/main/ets/ability/WebAbility.ets:528:30
 'getContext' has been deprecated.
[39m[39m
[33mWARN: [33m[33mArkTS:WARN File: C:/Users/scottsmith/project/Archive-Markdown-Editor-For-HarmonyOS/app/ame/web_engine/src/main/ets/ability/WebEmbeddedAbility.ets:44:23
 Function may throw exceptions. Special handling is required.
[39m[39m
[33mWARN: [33m[33mArkTS:WARN File: C:/Users/scottsmith/project/Archive-Markdown-Editor-For-HarmonyOS/app/ame/web_engine/src/main/ets/ability/WebEmbeddedAbility.ets:75:5
 Function may throw exceptions. Special handling is required.
[39m[39m
[33mWARN: [33m[33mArkTS:WARN File: C:/Users/scottsmith/project/Archive-Markdown-Editor-For-HarmonyOS/app/ame/web_engine/src/main/ets/components/WebWindow.ets:60:75
 'getContext' has been deprecated.
[39m[39m
[33mWARN: [33m[33mArkTS:WARN File: C:/Users/scottsmith/project/Archive-Markdown-Editor-For-HarmonyOS/app/ame/web_engine/src/main/ets/components/WebWindow.ets:85:5
 Function may throw exceptions. Special handling is required.
[39m[39m
[33mWARN: [33m[33mArkTS:WARN File: C:/Users/scottsmith/project/Archive-Markdown-Editor-For-HarmonyOS/app/ame/web_engine/src/main/ets/components/WebWindow.ets:92:16
 Function may throw exceptions. Special handling is required.
[39m[39m
[33mWARN: [33m[33mArkTS:WARN File: C:/Users/scottsmith/project/Archive-Markdown-Editor-For-HarmonyOS/app/ame/web_engine/src/main/ets/components/WebWindow.ets:103:27
 Function may throw exceptions. Special handling is required.
[39m[39m
[33mWARN: [33m[33mArkTS:WARN File: C:/Users/scottsmith/project/Archive-Markdown-Editor-For-HarmonyOS/app/ame/web_engine/src/main/ets/components/WebWindow.ets:116:17
 Function may throw exceptions. Special handling is required.
[39m[39m
[33mWARN: [33m[33mArkTS:WARN File: C:/Users/scottsmith/project/Archive-Markdown-Editor-For-HarmonyOS/app/ame/web_engine/src/main/ets/components/WebWindow.ets:124:9
 Function may throw exceptions. Special handling is required.
[39m[39m
[33mWARN: [33m[33mArkTS:WARN File: C:/Users/scottsmith/project/Archive-Markdown-Editor-For-HarmonyOS/app/ame/web_engine/src/main/ets/components/WebWindow.ets:253:19
 'vp2px' has been deprecated.
[39m[39m
[33mWARN: [33m[33mArkTS:WARN File: C:/Users/scottsmith/project/Archive-Markdown-Editor-For-HarmonyOS/app/ame/web_engine/src/main/ets/components/WebWindow.ets:254:19
 'vp2px' has been deprecated.
[39m[39m
[33mWARN: [33m[33mArkTS:WARN File: C:/Users/scottsmith/project/Archive-Markdown-Editor-For-HarmonyOS/app/ame/web_engine/src/main/ets/components/WebSubWindow.ets:71:19
 'vp2px' has been deprecated.
[39m[39m
[33mWARN: [33m[33mArkTS:WARN File: C:/Users/scottsmith/project/Archive-Markdown-Editor-For-HarmonyOS/app/ame/web_engine/src/main/ets/components/WebSubWindow.ets:72:19
 'vp2px' has been deprecated.
[39m[39m
[33mWARN: [33m[33mArkTS:WARN File: C:/Users/scottsmith/project/Archive-Markdown-Editor-For-HarmonyOS/app/ame/web_engine/src/main/ets/components/WebEmbeddedWindow.ets:85:19
 'vp2px' has been deprecated.
[39m[39m
[33mWARN: [33m[33mArkTS:WARN File: C:/Users/scottsmith/project/Archive-Markdown-Editor-For-HarmonyOS/app/ame/web_engine/src/main/ets/components/WebEmbeddedWindow.ets:86:19
 'vp2px' has been deprecated.
[39m[39m
[33mWARN: [33m[33mArkTS:WARN File: C:/Users/scottsmith/project/Archive-Markdown-Editor-For-HarmonyOS/app/ame/web_engine/src/main/ets/components/WebEmbeddedWindow.ets:124:23
 Function may throw exceptions. Special handling is required.
[39m[39m
[33mWARN: [33m[33mArkTS:WARN File: C:/Users/scottsmith/project/Archive-Markdown-Editor-For-HarmonyOS/app/ame/web_engine/src/main/ets/components/WebEmbeddedWindow.ets:159:49
 'getContext' has been deprecated.
[39m[39m
[33mWARN: [33m[33mArkTS:WARN File: C:/Users/scottsmith/project/Archive-Markdown-Editor-For-HarmonyOS/app/ame/web_engine/src/main/ets/components/WebWindowNode.ets:73:5
 Function may throw exceptions. Special handling is required.
[39m[39m
[33mWARN: [33m[33mArkTS:WARN File: C:/Users/scottsmith/project/Archive-Markdown-Editor-For-HarmonyOS/app/ame/web_engine/src/main/ets/components/WebWindowNode.ets:82:16
 Function may throw exceptions. Special handling is required.
[39m[39m
[33mWARN: [33m[33mArkTS:WARN File: C:/Users/scottsmith/project/Archive-Markdown-Editor-For-HarmonyOS/app/ame/web_engine/src/main/ets/components/WebWindowNode.ets:108:49
 'getContext' has been deprecated.
[39m[39m
[33mWARN: [33m[33mArkTS:WARN File: C:/Users/scottsmith/project/Archive-Markdown-Editor-For-HarmonyOS/app/ame/web_engine/src/main/ets/components/WebWindowNode.ets:183:19
 'vp2px' has been deprecated.
[39m[39m
[33mWARN: [33m[33mArkTS:WARN File: C:/Users/scottsmith/project/Archive-Markdown-Editor-For-HarmonyOS/app/ame/web_engine/src/main/ets/components/WebWindowNode.ets:184:19
 'vp2px' has been deprecated.
[39m[39m
[33mWARN: [33m[33mArkTS:WARN File: C:/Users/scottsmith/project/Archive-Markdown-Editor-For-HarmonyOS/app/ame/web_engine/src/main/ets/components/WebNodeHandleWindow.ets:102:75
 'getContext' has been deprecated.
[39m[39m
[33mWARN: [33m[33mArkTS:WARN File: C:/Users/scottsmith/project/Archive-Markdown-Editor-For-HarmonyOS/app/ame/web_engine/src/main/ets/components/WebNodeHandleWindow.ets:120:16
 Function may throw exceptions. Special handling is required.
[39m[39m
[33mWARN: [33m[33mArkTS:WARN File: C:/Users/scottsmith/project/Archive-Markdown-Editor-For-HarmonyOS/app/ame/web_engine/src/main/ets/components/WebNodeHandleWindow.ets:147:17
 Function may throw exceptions. Special handling is required.
[39m[39m
[33mWARN: [33m[33mArkTS:WARN File: C:/Users/scottsmith/project/Archive-Markdown-Editor-For-HarmonyOS/app/ame/electron/src/main/ets/entryability/StatelessAbility.ets:34:7
 Function may throw exceptions. Special handling is required.
[39m[39m
[33mWARN: [33m[33mArkTS:WARN File: C:/Users/scottsmith/project/Archive-Markdown-Editor-For-HarmonyOS/app/ame/electron/src/main/ets/entryability/StatusBarEntryAbility.ets:10:52
 The system capacity of this api 'StatusBarViewExtensionAbility' is not supported on all devices
[39m[39m
[33mWARN: [33m[33mArkTS:WARN File: C:/Users/scottsmith/project/Archive-Markdown-Editor-For-HarmonyOS/app/ame/electron/src/main/ets/entryability/StatusBarEntryAbility.ets:17:5
 Function may throw exceptions. Special handling is required.
[39m[39m
[33mWARN: [33m[33mArkTS:WARN File: C:/Users/scottsmith/project/Archive-Markdown-Editor-For-HarmonyOS/app/ame/electron/src/main/ets/pages/Index.ets:24:28
 'getShared' has been deprecated.
[39m[39m
[33mWARN: [33m[33mArkTS:WARN File: C:/Users/scottsmith/project/Archive-Markdown-Editor-For-HarmonyOS/app/ame/electron/src/main/ets/pages/SubWindow.ets:7:31
 'getShared' has been deprecated.
[39m[39m
[33mWARN: [33m[33mArkTS:WARN File: C:/Users/scottsmith/project/Archive-Markdown-Editor-For-HarmonyOS/app/ame/electron/src/main/ets/pages/EmbeddedWindow.ets:8:28
 'getShared' has been deprecated.
[39m[39m
[33mWARN: [33m[33mArkTS:WARN File: C:/Users/scottsmith/project/Archive-Markdown-Editor-For-HarmonyOS/app/ame/electron/src/main/ets/pages/WindowNode.ets:8:28
 'getShared' has been deprecated.
[39m[39m
[33mWARN: [33m[33mArkTS:WARN File: C:/Users/scottsmith/project/Archive-Markdown-Editor-For-HarmonyOS/app/ame/electron/src/main/ets/pages/WebPage.ets:36:18
 'back' has been deprecated.
[39m[39m
[33mWARN: [33m[33mArkTS:WARN File: C:/Users/scottsmith/project/Archive-Markdown-Editor-For-HarmonyOS/app/ame/electron/src/main/ets/pages/WebPage.ets:80:27
 'getParams' has been deprecated.
[39m[39m
[33mWARN: [33m[33mArkTS:WARN File: C:/Users/scottsmith/project/Archive-Markdown-Editor-For-HarmonyOS/app/ame/electron/src/main/ets/pages/WebPage.ets:88:7
 Function may throw exceptions. Special handling is required.
[39m[39m
[33mWARN: [33m[33mArkTS:WARN File: C:/Users/scottsmith/project/Archive-Markdown-Editor-For-HarmonyOS/app/ame/electron/src/main/ets/pages/QuickLoginButtonComponent.ets:153:20
 'showToast' has been deprecated.
[39m[39m
[33mWARN: [33m[33mArkTS:WARN File: C:/Users/scottsmith/project/Archive-Markdown-Editor-For-HarmonyOS/app/ame/electron/src/main/ets/pages/QuickLoginButtonComponent.ets:168:39
 To use this API, you need to apply for the permissions: ohos.permission.GET_NETWORK_INFO
[39m[39m
[33mWARN: [33m[33mArkTS:WARN File: C:/Users/scottsmith/project/Archive-Markdown-Editor-For-HarmonyOS/app/ame/electron/src/main/ets/pages/QuickLoginButtonComponent.ets:178:12
 'pushUrl' has been deprecated.
[39m[39m
[33mWARN: [33m[33mArkTS:WARN File: C:/Users/scottsmith/project/Archive-Markdown-Editor-For-HarmonyOS/app/ame/electron/src/main/ets/pages/QuickLoginButtonComponent.ets:199:21
 'show' has been deprecated.
[39m[39m
[33mWARN: [33m[33mArkTS:WARN File: C:/Users/scottsmith/project/Archive-Markdown-Editor-For-HarmonyOS/app/ame/electron/src/main/ets/pages/QuickLoginButtonComponent.ets:257:19
 'show' has been deprecated.
[39m[39m
[33mWARN: [33m[33mArkTS:WARN File: C:/Users/scottsmith/project/Archive-Markdown-Editor-For-HarmonyOS/app/ame/electron/src/main/ets/pages/Login.ets:9:28
 'getShared' has been deprecated.
[39m[39m
[33mWARN: [33m[33mArkTS:WARN File: C:/Users/scottsmith/project/Archive-Markdown-Editor-For-HarmonyOS/app/ame/electron/src/main/ets/pages/NodeHandleWindow.ets:49:28
 'getShared' has been deprecated.
[39m[39m
[33mWARN: [33m[33mArkTS:WARN File: C:/Users/scottsmith/project/Archive-Markdown-Editor-For-HarmonyOS/app/ame/electron/src/main/ets/pages/NodeHandleSubWindow.ets:32:31
 'getShared' has been deprecated.
[39m[39m

[2026-07-22T23:22:10.795] [DEBUG] debug-file - Ark compile task finished.finished time is 104344393948100
[2026-07-22T23:22:10.795] [DEBUG] debug-file - worker[4] has one work done.
[2026-07-22T23:22:10.796] [DEBUG] debug-file - default@CompileArkTS work[25] done.
[2026-07-22T23:22:10.796] [DEBUG] debug-file - A work dispatched to worker[4] failed because unable to get work from ready queue.
[2026-07-22T23:22:10.797] [INFO] debug-file - Finished :electron:default@CompileArkTS... after 2 s 101 ms 
[2026-07-22T23:22:10.798] [DEBUG] debug-file - Executing task :electron:default@GeneratePkgModuleJson
[2026-07-22T23:22:10.798] [DEBUG] debug-file - File: 'C:\Users\scottsmith\project\Archive-Markdown-Editor-For-HarmonyOS\app\ame\electron\build\default\intermediates\preload\default\preload.json' from 'preloadSoJsonPath' is not exists, just ignore.
[2026-07-22T23:22:10.798] [DEBUG] debug-file - Error occurs while handling @Input 'shouldDeduplicateHar': The "data" argument must be of type string or an instance of Buffer, TypedArray, or DataView. Received undefined
[2026-07-22T23:22:10.798] [DEBUG] debug-file - Task 'electron:default@GeneratePkgModuleJson' cost while wrapping incremental declarations: 1 ms 
[2026-07-22T23:22:10.799] [DEBUG] debug-file - electron:default@GeneratePkgModuleJson is not up-to-date, since the input file 'C:\Users\scottsmith\project\Archive-Markdown-Editor-For-HarmonyOS\app\ame\electron\build\default\intermediates\res\default\module.json' has been changed.
[2026-07-22T23:22:10.799] [DEBUG] debug-file - Incremental task electron:default@GeneratePkgModuleJson pre-execution cost: 1 ms .
[2026-07-22T23:22:10.800] [DEBUG] debug-file - electron : default@GeneratePkgModuleJson cost memory 0.32093048095703125
[2026-07-22T23:22:10.800] [DEBUG] debug-file - runTaskFromQueue task cost before running: 2 s 985 ms 
[2026-07-22T23:22:10.800] [INFO] debug-file - Finished :electron:default@GeneratePkgModuleJson... after 3 ms 
[2026-07-22T23:22:10.801] [DEBUG] debug-file - Executing task :electron:default@ProcessCompiledResources
[2026-07-22T23:22:10.801] [DEBUG] debug-file - File: 'C:\Users\scottsmith\project\Archive-Markdown-Editor-For-HarmonyOS\app\ame\electron\build\default\intermediates\preload\default\preload.json' from 'preloadSoJsonPath' is not exists, just ignore.
[2026-07-22T23:22:10.801] [DEBUG] debug-file - Task 'electron:default@ProcessCompiledResources' cost while wrapping incremental declarations: 1 ms 
[2026-07-22T23:22:10.801] [DEBUG] debug-file - electron : default@ProcessCompiledResources cost memory 0.06805419921875
[2026-07-22T23:22:10.802] [DEBUG] debug-file - runTaskFromQueue task cost before running: 2 s 987 ms 
[2026-07-22T23:22:10.802] [INFO] debug-file - Finished :electron:default@ProcessCompiledResources... after 1 ms 
[2026-07-22T23:22:10.803] [DEBUG] debug-file - Executing task :electron:default@PackageHap
[2026-07-22T23:22:10.805] [WARN] debug-file - If obfuscation is needed, enable obfuscation settings in this build process; failing to do so may prevent future obfuscation. 
               Properly configure obfuscation rules to avoid runtime issues.
[2026-07-22T23:22:10.807] [DEBUG] debug-file - electron:default@PackageHap is not up-to-date, since the input file 'C:\Users\scottsmith\project\Archive-Markdown-Editor-For-HarmonyOS\app\ame\electron\build\default\intermediates\res\default\module.json' has been changed.
[2026-07-22T23:22:10.807] [DEBUG] debug-file - Incremental task electron:default@PackageHap pre-execution cost: 2 ms .
[2026-07-22T23:22:10.808] [DEBUG] debug-file - Use tool [C:\Program Files\Huawei\DevEco Studio\sdk\default\openharmony\toolchains\lib\app_packing_tool.jar]
 [
  'java',
  '-Dfile.encoding=GBK',
  '-jar',
  'C:\\Program Files\\Huawei\\DevEco Studio\\sdk\\default\\openharmony\\toolchains\\lib\\app_packing_tool.jar',
  '--mode',
  'hap',
  '--force',
  'true',
  '--lib-path',
  'C:\\Users\\scottsmith\\project\\Archive-Markdown-Editor-For-HarmonyOS\\app\\ame\\electron\\build\\default\\intermediates\\stripped_native_libs\\default',
  '--json-path',
  'C:\\Users\\scottsmith\\project\\Archive-Markdown-Editor-For-HarmonyOS\\app\\ame\\electron\\build\\default\\intermediates\\package\\default\\module.json',
  '--resources-path',
  'C:\\Users\\scottsmith\\project\\Archive-Markdown-Editor-For-HarmonyOS\\app\\ame\\electron\\build\\default\\intermediates\\res\\default\\resources',
  '--index-path',
  'C:\\Users\\scottsmith\\project\\Archive-Markdown-Editor-For-HarmonyOS\\app\\ame\\electron\\build\\default\\intermediates\\res\\default\\resources.index',
  '--pack-info-path',
  'C:\\Users\\scottsmith\\project\\Archive-Markdown-Editor-For-HarmonyOS\\app\\ame\\electron\\build\\default\\outputs\\default\\pack.info',
  '--out-path',
  'C:\\Users\\scottsmith\\project\\Archive-Markdown-Editor-For-HarmonyOS\\app\\ame\\electron\\build\\default\\outputs\\default\\electron-default-unsigned.hap',
  '--ets-path',
  'C:\\Users\\scottsmith\\project\\Archive-Markdown-Editor-For-HarmonyOS\\app\\ame\\electron\\build\\default\\intermediates\\loader_out\\default\\ets',
  '--pkg-sdk-info-path',
  'C:\\Users\\scottsmith\\project\\Archive-Markdown-Editor-For-HarmonyOS\\app\\ame\\electron\\build\\default\\intermediates\\loader\\default\\pkgSdkInfo.json'
]
[2026-07-22T23:22:10.808] [DEBUG] debug-file - default@PackageHap work[27] is submitted.
[2026-07-22T23:22:10.808] [DEBUG] debug-file - default@PackageHap work[27] is pushed to ready queue.
[2026-07-22T23:22:10.808] [DEBUG] debug-file - A work dispatched to worker[15] failed because unable to get work from ready queue.
[2026-07-22T23:22:10.809] [DEBUG] debug-file - default@PackageHap work[27] has been dispatched to worker[14].
[2026-07-22T23:22:10.809] [DEBUG] debug-file - default@PackageHap work[27] is dispatched.
[2026-07-22T23:22:10.811] [DEBUG] debug-file - electron : default@PackageHap cost memory 0.7350540161132812
[2026-07-22T23:22:10.942] [DEBUG] debug-file - current process  memoryUsage: {
  rss: 790761472,
  heapTotal: 81297408,
  heapUsed: 56172840,
  external: 2509534,
  arrayBuffers: 267857
} os memoryUsage :22.709030151367188
[2026-07-22T23:22:11.808] [DEBUG] debug-file - worker[14] has one work done.
[2026-07-22T23:22:11.808] [DEBUG] debug-file - default@PackageHap work[27] done.
[2026-07-22T23:22:11.808] [DEBUG] debug-file - A work dispatched to worker[14] failed because unable to get work from ready queue.
[2026-07-22T23:22:11.809] [INFO] debug-file - Finished :electron:default@PackageHap... after 876 ms 
[2026-07-22T23:22:11.810] [DEBUG] debug-file - Executing task :electron:default@PackingCheck
[2026-07-22T23:22:11.816] [DEBUG] debug-file - electron : default@PackingCheck cost memory 1.4375152587890625
[2026-07-22T23:22:11.816] [DEBUG] debug-file - runTaskFromQueue task cost before running: 4 s 
[2026-07-22T23:22:11.817] [INFO] debug-file - Finished :electron:default@PackingCheck... after 7 ms 
[2026-07-22T23:22:11.818] [DEBUG] debug-file - Executing task :electron:default@SignHap
[2026-07-22T23:22:11.819] [DEBUG] debug-file - electron:default@SignHap is not up-to-date, since the input file 'C:\Users\scottsmith\project\Archive-Markdown-Editor-For-HarmonyOS\app\ame\electron\build\default\outputs\default\electron-default-unsigned.hap' has been changed.
[2026-07-22T23:22:11.819] [DEBUG] debug-file - Incremental task electron:default@SignHap pre-execution cost: 1 ms .
[2026-07-22T23:22:11.882] [DEBUG] debug-file - java daemon socket received message:{"code":0,"message":"verify profile success"}
[2026-07-22T23:22:11.886] [DEBUG] debug-file - java daemon socket close code:1000 reason:close by user
[2026-07-22T23:22:13.050] [DEBUG] debug-file - java daemon socket received message:{"code":0,"message":"sign app success"}
[2026-07-22T23:22:13.050] [DEBUG] debug-file - electron : default@SignHap cost memory 0.6818695068359375
[2026-07-22T23:22:13.050] [DEBUG] debug-file - runTaskFromQueue task cost before running: 5 s 235 ms 
[2026-07-22T23:22:13.051] [INFO] debug-file - Finished :electron:default@SignHap... after 1 s 233 ms 
[2026-07-22T23:22:13.052] [DEBUG] debug-file - Executing task :electron:default@CollectDebugSymbol
[2026-07-22T23:22:13.052] [DEBUG] debug-file - electron:default@CollectDebugSymbol is not up-to-date, since the input file 'C:\Users\scottsmith\project\Archive-Markdown-Editor-For-HarmonyOS\app\ame\electron\build\default\cache\default\default@CompileArkTS\esmodule\release\sourceMaps.map' has been changed.
[2026-07-22T23:22:13.052] [DEBUG] debug-file - Incremental task electron:default@CollectDebugSymbol pre-execution cost: 1 ms .
[2026-07-22T23:22:13.054] [DEBUG] debug-file - nameCache.json for module electron does not exists
[2026-07-22T23:22:13.054] [DEBUG] debug-file - electron : default@CollectDebugSymbol cost memory 0.2772064208984375
[2026-07-22T23:22:13.054] [DEBUG] debug-file - runTaskFromQueue task cost before running: 5 s 239 ms 
[2026-07-22T23:22:13.055] [INFO] debug-file - Finished :electron:default@CollectDebugSymbol... after 3 ms 
[2026-07-22T23:22:13.055] [DEBUG] debug-file - Executing task :electron:assembleHap
[2026-07-22T23:22:13.055] [DEBUG] debug-file - electron : assembleHap cost memory 0.01355743408203125
[2026-07-22T23:22:13.055] [DEBUG] debug-file - runTaskFromQueue task cost before running: 5 s 240 ms 
[2026-07-22T23:22:13.055] [INFO] debug-file - Finished :electron:assembleHap... after 1 ms 
[2026-07-22T23:22:13.061] [INFO] debug-file - BUILD SUCCESSFUL in 5 s 246 ms 
[2026-07-22T23:22:13.062] [DEBUG] debug-file - Update task electron:default@PreBuild input file:C:\Users\scottsmith\project\Archive-Markdown-Editor-For-HarmonyOS\app\ame\AppScope\app.json5 cache by regenerate.
[2026-07-22T23:22:13.062] [DEBUG] debug-file - Update task electron:default@PreBuild input file:C:\Users\scottsmith\project\Archive-Markdown-Editor-For-HarmonyOS\app\ame\electron\src\main\module.json5 cache by regenerate.
[2026-07-22T23:22:13.062] [DEBUG] debug-file - Update task electron:default@PreBuild input file:C:\Users\scottsmith\project\Archive-Markdown-Editor-For-HarmonyOS\app\ame\build-profile.json5 cache from map.
[2026-07-22T23:22:13.062] [DEBUG] debug-file - Update task electron:default@PreBuild input file:C:\Users\scottsmith\project\Archive-Markdown-Editor-For-HarmonyOS\app\ame\electron\build-profile.json5 cache by regenerate.
[2026-07-22T23:22:13.062] [DEBUG] debug-file - Update task electron:default@PreBuild input file:C:\Users\scottsmith\project\Archive-Markdown-Editor-For-HarmonyOS\app\ame\electron\src\main\resources\base\profile\main_pages.json cache by regenerate.
[2026-07-22T23:22:13.063] [DEBUG] debug-file - Update task electron:default@PreBuild input file:C:\Users\scottsmith\project\Archive-Markdown-Editor-For-HarmonyOS\app\ame\hvigor\hvigor-config.json5 cache by regenerate.
[2026-07-22T23:22:13.063] [DEBUG] debug-file - Update task electron:default@PreBuild input file:C:\Users\scottsmith\project\Archive-Markdown-Editor-For-HarmonyOS\app\ame\electron\oh-package.json5 cache by regenerate.
[2026-07-22T23:22:13.063] [DEBUG] debug-file - Update task electron:default@PreBuild input file:C:\Users\scottsmith\project\Archive-Markdown-Editor-For-HarmonyOS\app\ame\oh-package.json5 cache by regenerate.
[2026-07-22T23:22:13.063] [DEBUG] debug-file - Incremental task electron:default@PreBuild post-execution cost:2 ms .
[2026-07-22T23:22:13.063] [DEBUG] debug-file - Update task web_engine:default@PreBuild input file:C:\Users\scottsmith\project\Archive-Markdown-Editor-For-HarmonyOS\app\ame\AppScope\app.json5 cache by regenerate.
[2026-07-22T23:22:13.063] [DEBUG] debug-file - Update task web_engine:default@PreBuild input file:C:\Users\scottsmith\project\Archive-Markdown-Editor-For-HarmonyOS\app\ame\web_engine\src\main\module.json5 cache by regenerate.
[2026-07-22T23:22:13.064] [DEBUG] debug-file - Update task web_engine:default@PreBuild input file:C:\Users\scottsmith\project\Archive-Markdown-Editor-For-HarmonyOS\app\ame\build-profile.json5 cache from map.
[2026-07-22T23:22:13.064] [DEBUG] debug-file - Update task web_engine:default@PreBuild input file:C:\Users\scottsmith\project\Archive-Markdown-Editor-For-HarmonyOS\app\ame\web_engine\build-profile.json5 cache by regenerate.
[2026-07-22T23:22:13.064] [DEBUG] debug-file - Update task web_engine:default@PreBuild input file:C:\Users\scottsmith\project\Archive-Markdown-Editor-For-HarmonyOS\app\ame\hvigor\hvigor-config.json5 cache by regenerate.
[2026-07-22T23:22:13.064] [DEBUG] debug-file - Update task web_engine:default@PreBuild input file:C:\Users\scottsmith\project\Archive-Markdown-Editor-For-HarmonyOS\app\ame\web_engine\oh-package.json5 cache by regenerate.
[2026-07-22T23:22:13.064] [DEBUG] debug-file - Update task web_engine:default@PreBuild input file:C:\Users\scottsmith\project\Archive-Markdown-Editor-For-HarmonyOS\app\ame\oh-package.json5 cache by regenerate.
[2026-07-22T23:22:13.064] [DEBUG] debug-file - Incremental task web_engine:default@PreBuild post-execution cost:2 ms .
[2026-07-22T23:22:13.064] [DEBUG] debug-file - Update task electron:default@CreateModuleInfo output file:C:\Users\scottsmith\project\Archive-Markdown-Editor-For-HarmonyOS\app\ame\electron\build\default\generated\profile\default\ModuleInfo.ts cache.
[2026-07-22T23:22:13.065] [DEBUG] debug-file - Incremental task electron:default@CreateModuleInfo post-execution cost:1 ms .
[2026-07-22T23:22:13.065] [DEBUG] debug-file - There is no need to refresh cache, since the incremental task electron:default@GenerateMetadata is up-to-date.
[2026-07-22T23:22:13.065] [DEBUG] debug-file - Update task electron:default@GeneratePkgContextInfo output file:C:\Users\scottsmith\project\Archive-Markdown-Editor-For-HarmonyOS\app\ame\electron\build\default\intermediates\loader\default\pkgContextInfo.json cache.
[2026-07-22T23:22:13.065] [DEBUG] debug-file - Incremental task electron:default@GeneratePkgContextInfo post-execution cost:1 ms .
[2026-07-22T23:22:13.065] [DEBUG] debug-file - There is no need to refresh cache, since the incremental task electron:default@GeneratePkgSdkInfo is up-to-date.
[2026-07-22T23:22:13.065] [DEBUG] debug-file - Update task electron:default@ProcessIntegratedHsp output file:C:\Users\scottsmith\project\Archive-Markdown-Editor-For-HarmonyOS\app\ame\build\cache\default\integrated_hsp\integratedHspCache.json cache.
[2026-07-22T23:22:13.065] [DEBUG] debug-file - Incremental task electron:default@ProcessIntegratedHsp post-execution cost:1 ms .
[2026-07-22T23:22:13.065] [DEBUG] debug-file - Update task web_engine:default@CreateHarBuildProfile input file:C:\Users\scottsmith\project\Archive-Markdown-Editor-For-HarmonyOS\app\ame\AppScope\app.json5 cache by regenerate.
[2026-07-22T23:22:13.065] [DEBUG] debug-file - Update task web_engine:default@CreateHarBuildProfile input file:C:\Users\scottsmith\project\Archive-Markdown-Editor-For-HarmonyOS\app\ame\build-profile.json5 cache from map.
[2026-07-22T23:22:13.065] [DEBUG] debug-file - Update task web_engine:default@CreateHarBuildProfile output file:C:\Users\scottsmith\project\Archive-Markdown-Editor-For-HarmonyOS\app\ame\web_engine\BuildProfile.ets cache.
[2026-07-22T23:22:13.066] [DEBUG] debug-file - Incremental task web_engine:default@CreateHarBuildProfile post-execution cost:1 ms .
[2026-07-22T23:22:13.066] [DEBUG] debug-file - Update task web_engine:default@MergeProfile input file:C:\Users\scottsmith\project\Archive-Markdown-Editor-For-HarmonyOS\app\ame\AppScope\app.json5 cache by regenerate.
[2026-07-22T23:22:13.066] [DEBUG] debug-file - Update task web_engine:default@MergeProfile input file:C:\Users\scottsmith\project\Archive-Markdown-Editor-For-HarmonyOS\app\ame\build-profile.json5 cache from map.
[2026-07-22T23:22:13.066] [DEBUG] debug-file - Update task web_engine:default@MergeProfile input file:C:\Users\scottsmith\project\Archive-Markdown-Editor-For-HarmonyOS\app\ame\web_engine\src\main\module.json5 cache by regenerate.
[2026-07-22T23:22:13.066] [DEBUG] debug-file - Update task web_engine:default@MergeProfile output file:C:\Users\scottsmith\project\Archive-Markdown-Editor-For-HarmonyOS\app\ame\web_engine\build\default\intermediates\merge_profile\default\module.json cache.
[2026-07-22T23:22:13.066] [DEBUG] debug-file - Incremental task web_engine:default@MergeProfile post-execution cost:1 ms .
[2026-07-22T23:22:13.066] [DEBUG] debug-file - Update task electron:default@SyscapTransform input file:C:\Program Files\Huawei\DevEco Studio\sdk\default\openharmony\toolchains\syscap_tool.exe cache by regenerate.
[2026-07-22T23:22:13.066] [DEBUG] debug-file - Update task electron:default@SyscapTransform input file:C:\Program Files\Huawei\DevEco Studio\sdk\default\openharmony\ets\api\device-define cache by regenerate.
[2026-07-22T23:22:13.067] [DEBUG] debug-file - Update task electron:default@SyscapTransform output file:C:\Users\scottsmith\project\Archive-Markdown-Editor-For-HarmonyOS\app\ame\electron\build\default\intermediates\syscap\default\rpcid.sc cache.
[2026-07-22T23:22:13.067] [DEBUG] debug-file - Incremental task electron:default@SyscapTransform post-execution cost:1 ms .
[2026-07-22T23:22:13.067] [DEBUG] debug-file - There is no need to refresh cache, since the incremental task electron:default@ProcessRouterMap is up-to-date.
[2026-07-22T23:22:13.067] [DEBUG] debug-file - There is no need to refresh cache, since the incremental task electron:default@ProcessShareConfig is up-to-date.
[2026-07-22T23:22:13.067] [DEBUG] debug-file - Update task electron:default@ProcessStartupConfig output file:C:\Users\scottsmith\project\Archive-Markdown-Editor-For-HarmonyOS\app\ame\electron\build\default\intermediates\startup\default\startup_config.json cache.
[2026-07-22T23:22:13.067] [DEBUG] debug-file - Incremental task electron:default@ProcessStartupConfig post-execution cost:1 ms .
[2026-07-22T23:22:13.067] [DEBUG] debug-file - Update task electron:default@CreateBuildProfile input file:C:\Users\scottsmith\project\Archive-Markdown-Editor-For-HarmonyOS\app\ame\AppScope\app.json5 cache by regenerate.
[2026-07-22T23:22:13.068] [DEBUG] debug-file - Update task electron:default@CreateBuildProfile input file:C:\Users\scottsmith\project\Archive-Markdown-Editor-For-HarmonyOS\app\ame\build-profile.json5 cache from map.
[2026-07-22T23:22:13.068] [DEBUG] debug-file - Update task electron:default@CreateBuildProfile output file:C:\Users\scottsmith\project\Archive-Markdown-Editor-For-HarmonyOS\app\ame\electron\build\default\generated\profile\default\BuildProfile.ets cache.
[2026-07-22T23:22:13.068] [DEBUG] debug-file - Incremental task electron:default@CreateBuildProfile post-execution cost:1 ms .
[2026-07-22T23:22:13.068] [DEBUG] debug-file - Update task electron:default@MergeProfile input file:C:\Users\scottsmith\project\Archive-Markdown-Editor-For-HarmonyOS\app\ame\AppScope\app.json5 cache by regenerate.
[2026-07-22T23:22:13.068] [DEBUG] debug-file - Update task electron:default@MergeProfile input file:C:\Users\scottsmith\project\Archive-Markdown-Editor-For-HarmonyOS\app\ame\build-profile.json5 cache from map.
[2026-07-22T23:22:13.068] [DEBUG] debug-file - Update task electron:default@MergeProfile input file:C:\Users\scottsmith\project\Archive-Markdown-Editor-For-HarmonyOS\app\ame\electron\src\main\module.json5 cache by regenerate.
[2026-07-22T23:22:13.068] [DEBUG] debug-file - Update task electron:default@MergeProfile input file:C:\Users\scottsmith\project\Archive-Markdown-Editor-For-HarmonyOS\app\ame\web_engine\build\default\intermediates\merge_profile\default\module.json cache by regenerate.
[2026-07-22T23:22:13.068] [DEBUG] debug-file - Update task electron:default@MergeProfile output file:C:\Users\scottsmith\project\Archive-Markdown-Editor-For-HarmonyOS\app\ame\electron\build\default\intermediates\merge_profile\default\module.json cache.
[2026-07-22T23:22:13.068] [DEBUG] debug-file - Incremental task electron:default@MergeProfile post-execution cost:1 ms .
[2026-07-22T23:22:13.069] [DEBUG] debug-file - Obtain build option for module 'web_engine' target 'default'in this build.
[2026-07-22T23:22:13.069] [DEBUG] debug-file - Update task electron:default@GenerateLoaderJson input file:C:\Users\scottsmith\project\Archive-Markdown-Editor-For-HarmonyOS\app\ame\electron\build\default\intermediates\router_map\default\temp-router-map.json cache by regenerate.
[2026-07-22T23:22:13.070] [DEBUG] debug-file - Update task electron:default@GenerateLoaderJson output file:C:\Users\scottsmith\project\Archive-Markdown-Editor-For-HarmonyOS\app\ame\electron\build\default\intermediates\loader\default\loader.json cache.
[2026-07-22T23:22:13.070] [DEBUG] debug-file - Incremental task electron:default@GenerateLoaderJson post-execution cost:2 ms .
[2026-07-22T23:22:13.070] [DEBUG] debug-file - Update task electron:default@MakePackInfo input file:C:\Users\scottsmith\project\Archive-Markdown-Editor-For-HarmonyOS\app\ame\AppScope\app.json5 cache by regenerate.
[2026-07-22T23:22:13.070] [DEBUG] debug-file - Update task electron:default@MakePackInfo input file:C:\Users\scottsmith\project\Archive-Markdown-Editor-For-HarmonyOS\app\ame\electron\src\main\module.json5 cache by regenerate.
[2026-07-22T23:22:13.070] [DEBUG] debug-file - Update task electron:default@MakePackInfo input file:C:\Users\scottsmith\project\Archive-Markdown-Editor-For-HarmonyOS\app\ame\build-profile.json5 cache from map.
[2026-07-22T23:22:13.070] [DEBUG] debug-file - Update task electron:default@MakePackInfo output file:C:\Users\scottsmith\project\Archive-Markdown-Editor-For-HarmonyOS\app\ame\electron\build\default\outputs\default\pack.info cache.
[2026-07-22T23:22:13.070] [DEBUG] debug-file - Incremental task electron:default@MakePackInfo post-execution cost:1 ms .
[2026-07-22T23:22:13.070] [DEBUG] debug-file - Update task electron:default@ProcessProfile input file:C:\Users\scottsmith\project\Archive-Markdown-Editor-For-HarmonyOS\app\ame\electron\build\default\intermediates\merge_profile\default\module.json cache from map.
[2026-07-22T23:22:13.070] [DEBUG] debug-file - Update task electron:default@ProcessProfile output file:C:\Users\scottsmith\project\Archive-Markdown-Editor-For-HarmonyOS\app\ame\electron\build\default\intermediates\process_profile\default\module.json cache.
[2026-07-22T23:22:13.070] [DEBUG] debug-file - Incremental task electron:default@ProcessProfile post-execution cost:1 ms .
[2026-07-22T23:22:13.071] [DEBUG] debug-file - Update task web_engine:default@ProcessLibs input file:C:\Users\scottsmith\project\Archive-Markdown-Editor-For-HarmonyOS\app\ame\build-profile.json5 cache from map.
[2026-07-22T23:22:13.071] [DEBUG] debug-file - Update task web_engine:default@ProcessLibs input file:C:\Users\scottsmith\project\Archive-Markdown-Editor-For-HarmonyOS\app\ame\web_engine\build-profile.json5 cache by regenerate.
[2026-07-22T23:22:13.071] [DEBUG] debug-file - Update task web_engine:default@ProcessLibs output file:C:\Users\scottsmith\project\Archive-Markdown-Editor-For-HarmonyOS\app\ame\web_engine\build\default\intermediates\libs\default cache.
[2026-07-22T23:22:13.071] [DEBUG] debug-file - Incremental task web_engine:default@ProcessLibs post-execution cost:1 ms .
[2026-07-22T23:22:13.071] [DEBUG] debug-file - There is no need to refresh cache, since the incremental task electron:default@ProcessResource is up-to-date.
[2026-07-22T23:22:13.071] [DEBUG] debug-file - There is no need to refresh cache, since the incremental task web_engine:default@DoNativeStrip is up-to-date.
[2026-07-22T23:22:13.072] [DEBUG] debug-file - Update task electron:default@CompileResource input file:C:\Users\scottsmith\project\Archive-Markdown-Editor-For-HarmonyOS\app\ame\electron\src\main\resources cache from map.
[2026-07-22T23:22:13.072] [DEBUG] debug-file - Update task electron:default@CompileResource input file:C:\Users\scottsmith\project\Archive-Markdown-Editor-For-HarmonyOS\app\ame\web_engine\src\main\resources cache by regenerate.
[2026-07-22T23:22:13.096] [DEBUG] debug-file - Update task electron:default@CompileResource input file:C:\Users\scottsmith\project\Archive-Markdown-Editor-For-HarmonyOS\app\ame\AppScope\resources cache by regenerate.
[2026-07-22T23:22:13.097] [DEBUG] debug-file - Update task electron:default@CompileResource input file:C:\Users\scottsmith\project\Archive-Markdown-Editor-For-HarmonyOS\app\ame\electron\build\default\intermediates\process_profile\default\module.json cache by regenerate.
[2026-07-22T23:22:13.097] [DEBUG] debug-file - Update task electron:default@CompileResource input file:C:\Users\scottsmith\project\Archive-Markdown-Editor-For-HarmonyOS\app\ame\electron\build\default\intermediates\res\default\resConfig.json cache by regenerate.
[2026-07-22T23:22:13.097] [DEBUG] debug-file - Update task electron:default@CompileResource output file:C:\Users\scottsmith\project\Archive-Markdown-Editor-For-HarmonyOS\app\ame\electron\build\default\intermediates\res\default cache.
[2026-07-22T23:22:13.122] [DEBUG] debug-file - Update task electron:default@CompileResource output file:C:\Users\scottsmith\project\Archive-Markdown-Editor-For-HarmonyOS\app\ame\electron\build\default\generated\r\default\ResourceTable.h cache.
[2026-07-22T23:22:13.122] [DEBUG] debug-file - Update task electron:default@CompileResource output file:C:\Users\scottsmith\project\Archive-Markdown-Editor-For-HarmonyOS\app\ame\electron\build\default\generated\r\default\ResourceTable.ts cache.
[2026-07-22T23:22:13.123] [DEBUG] debug-file - Update task electron:default@CompileResource output file:C:\Users\scottsmith\project\Archive-Markdown-Editor-For-HarmonyOS\app\ame\electron\build\default\generated\r\default cache.
[2026-07-22T23:22:13.123] [DEBUG] debug-file - Incremental task electron:default@CompileResource post-execution cost:52 ms .
[2026-07-22T23:22:13.124] [DEBUG] debug-file - Update task electron:default@CompileArkTS input file:C:\Users\scottsmith\project\Archive-Markdown-Editor-For-HarmonyOS\app\ame\electron\build\default\intermediates\loader\default cache from map.
[2026-07-22T23:22:13.124] [DEBUG] debug-file - Update task electron:default@CompileArkTS input file:C:\Users\scottsmith\project\Archive-Markdown-Editor-For-HarmonyOS\app\ame\web_engine\Index.ets cache by regenerate.
[2026-07-22T23:22:13.124] [DEBUG] debug-file - Update task electron:default@CompileArkTS input file:C:\Users\scottsmith\project\Archive-Markdown-Editor-For-HarmonyOS\app\ame\web_engine\src\main\ets cache by regenerate.
[2026-07-22T23:22:13.132] [DEBUG] debug-file - Update task electron:default@CompileArkTS input file:C:\Users\scottsmith\project\Archive-Markdown-Editor-For-HarmonyOS\app\ame\electron\build\default\intermediates\res\default\resources\rawfile cache by regenerate.
[2026-07-22T23:22:13.132] [DEBUG] debug-file - Update task electron:default@CompileArkTS input file:C:\Users\scottsmith\project\Archive-Markdown-Editor-For-HarmonyOS\app\ame\electron\build\default\intermediates\res\default\ResourceTable.txt cache by regenerate.
[2026-07-22T23:22:13.132] [DEBUG] debug-file - Update task electron:default@CompileArkTS input file:C:\Users\scottsmith\project\Archive-Markdown-Editor-For-HarmonyOS\app\ame\electron\build\default\intermediates\res\default\ark_module.json cache by regenerate.
[2026-07-22T23:22:13.133] [DEBUG] debug-file - Update task electron:default@CompileArkTS input file:C:\Users\scottsmith\project\Archive-Markdown-Editor-For-HarmonyOS\app\ame\electron\build\default\intermediates\res\default\resources\base\profile cache by regenerate.
[2026-07-22T23:22:13.133] [DEBUG] debug-file - Update task electron:default@CompileArkTS input file:C:\Users\scottsmith\project\Archive-Markdown-Editor-For-HarmonyOS\app\ame\electron\src\main\ets cache by regenerate.
[2026-07-22T23:22:13.135] [DEBUG] debug-file - Update task electron:default@CompileArkTS input file:C:\Users\scottsmith\project\Archive-Markdown-Editor-For-HarmonyOS\app\ame\electron\build\default\generated\profile\default\BuildProfile.ets cache by regenerate.
[2026-07-22T23:22:13.135] [DEBUG] debug-file - Update task electron:default@CompileArkTS input file:C:\Users\scottsmith\project\Archive-Markdown-Editor-For-HarmonyOS\app\ame\web_engine\src\main\cpp\types cache by regenerate.
[2026-07-22T23:22:13.136] [DEBUG] debug-file - Update task electron:default@CompileArkTS input file:C:\Users\scottsmith\project\Archive-Markdown-Editor-For-HarmonyOS\app\ame\web_engine\BuildProfile.ets cache by regenerate.
[2026-07-22T23:22:13.136] [DEBUG] debug-file - Update task electron:default@CompileArkTS output file:C:\Users\scottsmith\project\Archive-Markdown-Editor-For-HarmonyOS\app\ame\electron\build\default\intermediates\loader_out\default\ets cache.
[2026-07-22T23:22:13.136] [DEBUG] debug-file - Incremental task electron:default@CompileArkTS post-execution cost:14 ms .
[2026-07-22T23:22:13.137] [DEBUG] debug-file - Update task electron:default@BuildJS input file:C:\Users\scottsmith\project\Archive-Markdown-Editor-For-HarmonyOS\app\ame\electron\build\default\intermediates\loader\default cache by regenerate.
[2026-07-22T23:22:13.137] [DEBUG] debug-file - Update task electron:default@BuildJS input file:C:\Users\scottsmith\project\Archive-Markdown-Editor-For-HarmonyOS\app\ame\web_engine\Index.ets cache by regenerate.
[2026-07-22T23:22:13.137] [DEBUG] debug-file - Update task electron:default@BuildJS input file:C:\Users\scottsmith\project\Archive-Markdown-Editor-For-HarmonyOS\app\ame\electron\build\default\intermediates\res\default\resources\rawfile cache by regenerate.
[2026-07-22T23:22:13.137] [DEBUG] debug-file - Update task electron:default@BuildJS input file:C:\Users\scottsmith\project\Archive-Markdown-Editor-For-HarmonyOS\app\ame\electron\build\default\intermediates\res\default\ResourceTable.txt cache by regenerate.
[2026-07-22T23:22:13.138] [DEBUG] debug-file - Update task electron:default@BuildJS input file:C:\Users\scottsmith\project\Archive-Markdown-Editor-For-HarmonyOS\app\ame\electron\build\default\intermediates\res\default\ark_module.json cache by regenerate.
[2026-07-22T23:22:13.138] [DEBUG] debug-file - Update task electron:default@BuildJS input file:C:\Users\scottsmith\project\Archive-Markdown-Editor-For-HarmonyOS\app\ame\electron\build\default\intermediates\res\default\resources\base\profile cache by regenerate.
[2026-07-22T23:22:13.138] [DEBUG] debug-file - Update task electron:default@BuildJS output file:C:\Users\scottsmith\project\Archive-Markdown-Editor-For-HarmonyOS\app\ame\electron\build\default\intermediates\loader_out\default\js cache.
[2026-07-22T23:22:13.138] [DEBUG] debug-file - Incremental task electron:default@BuildJS post-execution cost:3 ms .
[2026-07-22T23:22:13.138] [DEBUG] debug-file - Update task electron:default@ProcessLibs input file:C:\Users\scottsmith\project\Archive-Markdown-Editor-For-HarmonyOS\app\ame\electron\libs cache by regenerate.
[2026-07-22T23:22:13.139] [DEBUG] debug-file - Update task electron:default@ProcessLibs input file:C:\Users\scottsmith\project\Archive-Markdown-Editor-For-HarmonyOS\app\ame\web_engine\build\default\intermediates\libs\default cache by regenerate.
[2026-07-22T23:22:13.139] [DEBUG] debug-file - Update task electron:default@ProcessLibs input file:C:\Users\scottsmith\project\Archive-Markdown-Editor-For-HarmonyOS\app\ame\build-profile.json5 cache from map.
[2026-07-22T23:22:13.139] [DEBUG] debug-file - Update task electron:default@ProcessLibs input file:C:\Users\scottsmith\project\Archive-Markdown-Editor-For-HarmonyOS\app\ame\electron\build-profile.json5 cache by regenerate.
[2026-07-22T23:22:13.139] [DEBUG] debug-file - Update task electron:default@ProcessLibs output file:C:\Users\scottsmith\project\Archive-Markdown-Editor-For-HarmonyOS\app\ame\electron\build\default\intermediates\libs\default cache.
[2026-07-22T23:22:13.140] [DEBUG] debug-file - Incremental task electron:default@ProcessLibs post-execution cost:2 ms .
[2026-07-22T23:22:13.140] [DEBUG] debug-file - There is no need to refresh cache, since the incremental task electron:default@DoNativeStrip is up-to-date.
[2026-07-22T23:22:13.140] [DEBUG] debug-file - There is no need to refresh cache, since the incremental task electron:default@CacheNativeLibs is up-to-date.
[2026-07-22T23:22:13.140] [DEBUG] debug-file - Update task electron:default@GeneratePkgModuleJson input file:C:\Users\scottsmith\project\Archive-Markdown-Editor-For-HarmonyOS\app\ame\electron\build\default\intermediates\res\default\module.json cache from map.
[2026-07-22T23:22:13.140] [DEBUG] debug-file - Update task electron:default@GeneratePkgModuleJson output file:C:\Users\scottsmith\project\Archive-Markdown-Editor-For-HarmonyOS\app\ame\electron\build\default\intermediates\package\default\module.json cache.
[2026-07-22T23:22:13.140] [DEBUG] debug-file - Incremental task electron:default@GeneratePkgModuleJson post-execution cost:1 ms .
[2026-07-22T23:22:13.140] [DEBUG] debug-file - Incremental task electron:default@ProcessCompiledResources post-execution cost:1 ms .
[2026-07-22T23:22:13.141] [DEBUG] debug-file - Update task electron:default@PackageHap input file:C:\Users\scottsmith\project\Archive-Markdown-Editor-For-HarmonyOS\app\ame\electron\build\default\intermediates\stripped_native_libs\default cache by regenerate.
[2026-07-22T23:22:13.141] [DEBUG] debug-file - Update task electron:default@PackageHap input file:C:\Users\scottsmith\project\Archive-Markdown-Editor-For-HarmonyOS\app\ame\electron\build\default\intermediates\res\default\module.json cache from map.
[2026-07-22T23:22:13.142] [DEBUG] debug-file - Update task electron:default@PackageHap input file:C:\Users\scottsmith\project\Archive-Markdown-Editor-For-HarmonyOS\app\ame\electron\build\default\intermediates\res\default\resources cache by regenerate.
[2026-07-22T23:22:13.170] [DEBUG] debug-file - Update task electron:default@PackageHap input file:C:\Users\scottsmith\project\Archive-Markdown-Editor-For-HarmonyOS\app\ame\electron\build\default\intermediates\res\default\resources.index cache by regenerate.
[2026-07-22T23:22:13.170] [DEBUG] debug-file - Update task electron:default@PackageHap input file:C:\Users\scottsmith\project\Archive-Markdown-Editor-For-HarmonyOS\app\ame\electron\build\default\outputs\default\pack.info cache by regenerate.
[2026-07-22T23:22:13.171] [DEBUG] debug-file - Update task electron:default@PackageHap input file:C:\Users\scottsmith\project\Archive-Markdown-Editor-For-HarmonyOS\app\ame\electron\build\default\intermediates\loader_out\default\ets cache by regenerate.
[2026-07-22T23:22:13.171] [DEBUG] debug-file - Update task electron:default@PackageHap input file:C:\Users\scottsmith\project\Archive-Markdown-Editor-For-HarmonyOS\app\ame\electron\build\default\intermediates\loader\default\pkgSdkInfo.json cache by regenerate.
[2026-07-22T23:22:13.171] [DEBUG] debug-file - Update task electron:default@PackageHap input file:C:\Users\scottsmith\project\Archive-Markdown-Editor-For-HarmonyOS\app\ame\electron\build\default\cache\default\default@CompileArkTS\esmodule\release\sourceMaps.map cache by regenerate.
[2026-07-22T23:22:13.171] [DEBUG] debug-file - Update task electron:default@PackageHap input file:C:\Users\scottsmith\project\Archive-Markdown-Editor-For-HarmonyOS\app\ame\electron\build\default\generated\profile\default\BuildProfile.ets cache by regenerate.
[2026-07-22T23:22:13.171] [DEBUG] debug-file - Update task electron:default@PackageHap output file:C:\Users\scottsmith\project\Archive-Markdown-Editor-For-HarmonyOS\app\ame\electron\build\default\outputs\default\electron-default-unsigned.hap cache.
[2026-07-22T23:22:13.171] [DEBUG] debug-file - Update task electron:default@PackageHap output file:C:\Users\scottsmith\project\Archive-Markdown-Editor-For-HarmonyOS\app\ame\electron\build\default\intermediates\source_map\default\sourceMaps.map cache.
[2026-07-22T23:22:13.172] [DEBUG] debug-file - Update task electron:default@PackageHap output file:C:\Users\scottsmith\project\Archive-Markdown-Editor-For-HarmonyOS\app\ame\electron\build\default\outputs\default\mapping\sourceMaps.map cache.
[2026-07-22T23:22:13.172] [DEBUG] debug-file - Incremental task electron:default@PackageHap post-execution cost:32 ms .
[2026-07-22T23:22:13.172] [DEBUG] debug-file - Update task electron:default@SignHap input file:C:/Users/scottsmith/project/HarmonyOS-AME-Cert/debug-cert/AME-debug.cer cache by regenerate.
[2026-07-22T23:22:13.172] [DEBUG] debug-file - Update task electron:default@SignHap input file:C:/Users/scottsmith/project/HarmonyOS-AME-Cert/debug-cert/ame-ss-debugDebug.p7b cache by regenerate.
[2026-07-22T23:22:13.172] [DEBUG] debug-file - Update task electron:default@SignHap input file:C:/Users/scottsmith/project/HarmonyOS-AME-Cert/debug-cert/ame-debug.p12 cache by regenerate.
[2026-07-22T23:22:13.172] [DEBUG] debug-file - Update task electron:default@SignHap input file:C:\Users\scottsmith\project\Archive-Markdown-Editor-For-HarmonyOS\app\ame\electron\build\default\outputs\default\electron-default-unsigned.hap cache from map.
[2026-07-22T23:22:13.172] [DEBUG] debug-file - Update task electron:default@SignHap output file:C:\Users\scottsmith\project\Archive-Markdown-Editor-For-HarmonyOS\app\ame\electron\build\default\outputs\default\electron-default-signed.hap cache.
[2026-07-22T23:22:13.172] [DEBUG] debug-file - Incremental task electron:default@SignHap post-execution cost:1 ms .
[2026-07-22T23:22:13.173] [DEBUG] debug-file - Update task electron:default@CollectDebugSymbol input file:C:\Users\scottsmith\project\Archive-Markdown-Editor-For-HarmonyOS\app\ame\electron\build\default\cache\default\default@CompileArkTS\esmodule\release\sourceMaps.map cache from map.
[2026-07-22T23:22:13.173] [DEBUG] debug-file - Update task electron:default@CollectDebugSymbol input file:C:\Users\scottsmith\project\Archive-Markdown-Editor-For-HarmonyOS\app\ame\electron\build\default\intermediates\libs\default cache by regenerate.
[2026-07-22T23:22:13.173] [DEBUG] debug-file - Update task electron:default@CollectDebugSymbol output file:C:\Users\scottsmith\project\Archive-Markdown-Editor-For-HarmonyOS\app\ame\electron\build\default\outputs\default\symbol cache.
[2026-07-22T23:22:13.174] [DEBUG] debug-file - Incremental task electron:default@CollectDebugSymbol post-execution cost:2 ms .
[2026-07-22T23:22:13.197] [DEBUG] debug-file - Cleanup worker 14.
[2026-07-22T23:22:13.198] [DEBUG] debug-file - Worker 14 has been cleaned up.
[2026-07-22T23:22:13.198] [DEBUG] debug-file - Current idle worker size: 1.
[2026-07-22T23:22:13.198] [DEBUG] debug-file - Current resident worker size: 2.
[2026-07-22T23:22:13.198] [DEBUG] debug-file - hvigor build process will be closed.
[2026-07-22T23:22:13.199] [DEBUG] debug-file - java daemon socket close code:1000 reason:close by user
[2026-07-22T23:22:13.202] [DEBUG] debug-file - session manager: send message to worker process.
[2026-07-22T23:22:13.203] [DEBUG] debug-file - session manager: send message to worker process.
[2026-07-22T23:22:13.203] [DEBUG] debug-file - watch worker: worker id should be larger than 0. Nothing will be sent to any worker thread.
[2026-07-22T23:22:13.204] [DEBUG] debug-file - watch worker: worker id should be larger than 0. Nothing will be sent to any worker thread.
[2026-07-22T23:22:13.209] [DEBUG] debug-file - worker[14] exits with exit code 1.
[2026-07-22T23:23:53.786] [DEBUG] debug-file - session manager: set active socket. socketId=BY1HykNB6JVMg0qqAAAh
[2026-07-22T23:23:53.793] [DEBUG] debug-file - watch worker: worker id should be larger than 0. Nothing will be sent to any worker thread.
[2026-07-22T23:23:53.797] [DEBUG] debug-file - Workers' log level updated to INFO
[2026-07-22T23:23:53.799] [DEBUG] debug-file - Hvigor init with startParameters:{
  hvigorfileTypeCheck: false,
  parallelExecution: true,
  incrementalExecution: true,
  printStackTrace: false,
  daemon: true,
  analyze: 0,
  logLevel: Level { level: 20000, levelStr: 'INFO', colour: 'green' },
  optimizationStrategy: 'memory',
  hotCompile: undefined,
  hotReloadBuild: undefined,
  customizedParam: undefined
}
[2026-07-22T23:23:53.810] [DEBUG] debug-file - Cache service initialization finished in 11 ms 
[2026-07-22T23:23:53.811] [DEBUG] debug-file - hvigorfile, resolving C:\Users\scottsmith\project\Archive-Markdown-Editor-For-HarmonyOS\app\ame\hvigorfile.ts
[2026-07-22T23:23:53.820] [DEBUG] debug-file - hvigorfile, require result:  { default: { plugins: [] } }
[2026-07-22T23:23:53.820] [DEBUG] debug-file - hvigorfile, binding system plugins null
[2026-07-22T23:23:53.821] [DEBUG] debug-file - Starting plugin build process
[2026-07-22T23:23:53.821] [DEBUG] debug-file - App plugin prepare start...
[2026-07-22T23:23:53.821] [DEBUG] debug-file - App plugin prepare end...
[2026-07-22T23:23:53.821] [DEBUG] debug-file - App plugin creating...
[2026-07-22T23:23:53.837] [DEBUG] debug-file - App plugin register hook start...
[2026-07-22T23:23:53.837] [DEBUG] debug-file - App plugin register hook end...
[2026-07-22T23:23:53.837] [DEBUG] debug-file - Plugin build process completed
[2026-07-22T23:23:53.838] [DEBUG] debug-file - Start initialize project's product build option map with build mode release.
[2026-07-22T23:23:53.838] [DEBUG] debug-file - Picking option from product 'default' with build mode 'release'.
[2026-07-22T23:23:53.838] [DEBUG] debug-file - Product 'default' build option initialized
[2026-07-22T23:23:53.838] [DEBUG] debug-file - End initialize project's product build option map with build mode 'release'.
[2026-07-22T23:23:53.839] [DEBUG] debug-file - Obtain build option for product 'default'in this build.
[2026-07-22T23:23:53.841] [DEBUG] debug-file - C:\Users\scottsmith\project\Archive-Markdown-Editor-For-HarmonyOS\app\ame\build\cache\default\remote_hsp\remoteHspCache.json not exists.
[2026-07-22T23:23:53.843] [DEBUG] debug-file - Start recording SDK configuration permission data.
[2026-07-22T23:23:53.865] [DEBUG] debug-file - Sdk init in 24 ms 
[2026-07-22T23:23:53.868] [DEBUG] debug-file - Project task initialization takes 4 ms 
[2026-07-22T23:23:53.868] [DEBUG] debug-file - hvigorfile, begin to bind custom plugins...
[2026-07-22T23:23:53.868] [DEBUG] debug-file - hvigorfile, no custom plugins were found in C:\Users\scottsmith\project\Archive-Markdown-Editor-For-HarmonyOS\app\ame\hvigorfile.ts
[2026-07-22T23:23:53.868] [DEBUG] debug-file - hvigorfile, resolve finished C:\Users\scottsmith\project\Archive-Markdown-Editor-For-HarmonyOS\app\ame\hvigorfile.ts
[2026-07-22T23:23:53.869] [DEBUG] debug-file - hvigorfile, resolving C:\Users\scottsmith\project\Archive-Markdown-Editor-For-HarmonyOS\app\ame\electron\hvigorfile.ts
[2026-07-22T23:23:53.871] [DEBUG] debug-file - hvigorfile, require result:  { default: { plugins: [] } }
[2026-07-22T23:23:53.871] [DEBUG] debug-file - hvigorfile, binding system plugins null
[2026-07-22T23:23:53.871] [DEBUG] debug-file - Starting plugin build process
[2026-07-22T23:23:53.871] [DEBUG] debug-file - Hap plugin creating...
[2026-07-22T23:23:53.872] [DEBUG] debug-file - failed to load cangjie to dynamically generate schemas: Error: Cannot find module '@ohos/cangjie-build-support/index'
Require stack:
- C:\Program Files\Huawei\DevEco Studio\tools\hvigor\hvigor-ohos-plugin\src\plugin\hooks\cangjie-register.js
- C:\Program Files\Huawei\DevEco Studio\tools\hvigor\hvigor-ohos-plugin\src\plugin\strategy\stage-init-strategy.js
- C:\Program Files\Huawei\DevEco Studio\tools\hvigor\hvigor-ohos-plugin\src\plugin\builder\abstract-plugin-builder.js
- C:\Program Files\Huawei\DevEco Studio\tools\hvigor\hvigor-ohos-plugin\src\plugin\builder\app-plugin-builder.js
- C:\Program Files\Huawei\DevEco Studio\tools\hvigor\hvigor-ohos-plugin\src\plugin\factory\plugin-factory.js
- C:\Program Files\Huawei\DevEco Studio\tools\hvigor\hvigor-ohos-plugin\index.js
- C:\Users\scottsmith\project\Archive-Markdown-Editor-For-HarmonyOS\app\ame\hvigorfile.ts
- C:\Program Files\Huawei\DevEco Studio\tools\hvigor\hvigor\src\base\internal\lifecycle\configuration.js
- C:\Program Files\Huawei\DevEco Studio\tools\hvigor\hvigor\src\base\boot\index.js
- C:\Program Files\Huawei\DevEco Studio\tools\hvigor\hvigor\src\base\daemon\cluster\worker-process-lifecycle.js
- C:\Program Files\Huawei\DevEco Studio\tools\hvigor\hvigor\src\base\daemon\process\daemon-process-boot-script.js
[2026-07-22T23:23:53.878] [DEBUG] debug-file - Start initialize module-target build option map, moduleName=electron, buildMode=debug
[2026-07-22T23:23:53.878] [DEBUG] debug-file - Target 'default' config initialized
[2026-07-22T23:23:53.878] [DEBUG] debug-file - Target 'ohosTest' config initialized
[2026-07-22T23:23:53.878] [DEBUG] debug-file - Module 'electron' target 'default' build option initialized
[2026-07-22T23:23:53.878] [DEBUG] debug-file - Module 'electron' target 'ohosTest' build option initialized
[2026-07-22T23:23:53.878] [DEBUG] debug-file - End initialize module-target build option map, moduleName=electron
[2026-07-22T23:23:53.878] [DEBUG] debug-file - Start initialize module-target build option map, moduleName=electron, buildMode=release
[2026-07-22T23:23:53.879] [DEBUG] debug-file - Target 'default' config initialized
[2026-07-22T23:23:53.879] [DEBUG] debug-file - Target 'ohosTest' config initialized
[2026-07-22T23:23:53.879] [DEBUG] debug-file - Module 'electron' target 'default' build option initialized
[2026-07-22T23:23:53.879] [DEBUG] debug-file - Module 'electron' target 'ohosTest' build option initialized
[2026-07-22T23:23:53.879] [DEBUG] debug-file - End initialize module-target build option map, moduleName=electron
[2026-07-22T23:23:53.879] [DEBUG] debug-file - Start initialize module-target build option map, moduleName=electron, buildMode=release
[2026-07-22T23:23:53.879] [DEBUG] debug-file - Target 'default' config initialized
[2026-07-22T23:23:53.880] [DEBUG] debug-file - Target 'ohosTest' config initialized
[2026-07-22T23:23:53.880] [DEBUG] debug-file - Module 'electron' target 'default' build option initialized
[2026-07-22T23:23:53.880] [DEBUG] debug-file - Module 'electron' target 'ohosTest' build option initialized
[2026-07-22T23:23:53.880] [DEBUG] debug-file - End initialize module-target build option map, moduleName=electron
[2026-07-22T23:23:53.880] [DEBUG] debug-file - Obtain build option for module 'electron' target 'default'in this build.
[2026-07-22T23:23:53.882] [DEBUG] debug-file - Module electron task initialization takes 1 ms 
[2026-07-22T23:23:53.882] [DEBUG] debug-file - Hap plugin register hook start...
[2026-07-22T23:23:53.882] [DEBUG] debug-file - Hap plugin register hook end...
[2026-07-22T23:23:53.882] [DEBUG] debug-file - Plugin build process completed
[2026-07-22T23:23:53.882] [DEBUG] debug-file - hvigorfile, begin to bind custom plugins...
[2026-07-22T23:23:53.882] [DEBUG] debug-file - hvigorfile, no custom plugins were found in C:\Users\scottsmith\project\Archive-Markdown-Editor-For-HarmonyOS\app\ame\electron\hvigorfile.ts
[2026-07-22T23:23:53.882] [DEBUG] debug-file - hvigorfile, resolve finished C:\Users\scottsmith\project\Archive-Markdown-Editor-For-HarmonyOS\app\ame\electron\hvigorfile.ts
[2026-07-22T23:23:53.882] [DEBUG] debug-file - hvigorfile, resolving C:\Users\scottsmith\project\Archive-Markdown-Editor-For-HarmonyOS\app\ame\web_engine\hvigorfile.ts
[2026-07-22T23:23:53.884] [DEBUG] debug-file - hvigorfile, require result:  { default: { plugins: [] } }
[2026-07-22T23:23:53.884] [DEBUG] debug-file - hvigorfile, binding system plugins null
[2026-07-22T23:23:53.884] [DEBUG] debug-file - Starting plugin build process
[2026-07-22T23:23:53.885] [DEBUG] debug-file - Har plugin creating...
[2026-07-22T23:23:53.885] [DEBUG] debug-file - failed to load cangjie to dynamically generate schemas: Error: Cannot find module '@ohos/cangjie-build-support/index'
Require stack:
- C:\Program Files\Huawei\DevEco Studio\tools\hvigor\hvigor-ohos-plugin\src\plugin\hooks\cangjie-register.js
- C:\Program Files\Huawei\DevEco Studio\tools\hvigor\hvigor-ohos-plugin\src\plugin\strategy\stage-init-strategy.js
- C:\Program Files\Huawei\DevEco Studio\tools\hvigor\hvigor-ohos-plugin\src\plugin\builder\abstract-plugin-builder.js
- C:\Program Files\Huawei\DevEco Studio\tools\hvigor\hvigor-ohos-plugin\src\plugin\builder\app-plugin-builder.js
- C:\Program Files\Huawei\DevEco Studio\tools\hvigor\hvigor-ohos-plugin\src\plugin\factory\plugin-factory.js
- C:\Program Files\Huawei\DevEco Studio\tools\hvigor\hvigor-ohos-plugin\index.js
- C:\Users\scottsmith\project\Archive-Markdown-Editor-For-HarmonyOS\app\ame\hvigorfile.ts
- C:\Program Files\Huawei\DevEco Studio\tools\hvigor\hvigor\src\base\internal\lifecycle\configuration.js
- C:\Program Files\Huawei\DevEco Studio\tools\hvigor\hvigor\src\base\boot\index.js
- C:\Program Files\Huawei\DevEco Studio\tools\hvigor\hvigor\src\base\daemon\cluster\worker-process-lifecycle.js
- C:\Program Files\Huawei\DevEco Studio\tools\hvigor\hvigor\src\base\daemon\process\daemon-process-boot-script.js
[2026-07-22T23:23:53.890] [DEBUG] debug-file - Start initialize module-target build option map, moduleName=web_engine, buildMode=debug
[2026-07-22T23:23:53.890] [DEBUG] debug-file - Target 'default' config initialized
[2026-07-22T23:23:53.890] [DEBUG] debug-file - Module 'web_engine' target 'default' build option initialized
[2026-07-22T23:23:53.890] [DEBUG] debug-file - End initialize module-target build option map, moduleName=web_engine
[2026-07-22T23:23:53.890] [DEBUG] debug-file - Start initialize module-target build option map, moduleName=web_engine, buildMode=release
[2026-07-22T23:23:53.890] [DEBUG] debug-file - Target 'default' config initialized
[2026-07-22T23:23:53.891] [DEBUG] debug-file - Module 'web_engine' target 'default' build option initialized
[2026-07-22T23:23:53.891] [DEBUG] debug-file - End initialize module-target build option map, moduleName=web_engine
[2026-07-22T23:23:53.891] [DEBUG] debug-file - Start initialize module-target build option map, moduleName=web_engine, buildMode=release
[2026-07-22T23:23:53.891] [DEBUG] debug-file - Target 'default' config initialized
[2026-07-22T23:23:53.891] [DEBUG] debug-file - Module 'web_engine' target 'default' build option initialized
[2026-07-22T23:23:53.891] [DEBUG] debug-file - End initialize module-target build option map, moduleName=web_engine
[2026-07-22T23:23:53.891] [DEBUG] debug-file - Obtain build option for module 'web_engine' target 'default'in this build.
[2026-07-22T23:23:53.892] [DEBUG] debug-file - Module web_engine task initialization takes 1 ms 
[2026-07-22T23:23:53.892] [DEBUG] debug-file - Har plugin register hook start...
[2026-07-22T23:23:53.892] [DEBUG] debug-file - Har plugin register hook end...
[2026-07-22T23:23:53.892] [DEBUG] debug-file - Plugin build process completed
[2026-07-22T23:23:53.892] [DEBUG] debug-file - hvigorfile, begin to bind custom plugins...
[2026-07-22T23:23:53.892] [DEBUG] debug-file - hvigorfile, no custom plugins were found in C:\Users\scottsmith\project\Archive-Markdown-Editor-For-HarmonyOS\app\ame\web_engine\hvigorfile.ts
[2026-07-22T23:23:53.892] [DEBUG] debug-file - hvigorfile, resolve finished C:\Users\scottsmith\project\Archive-Markdown-Editor-For-HarmonyOS\app\ame\web_engine\hvigorfile.ts
[2026-07-22T23:23:53.951] [DEBUG] debug-file - hvigorfile, resolve hvigorfile dependencies in 59 ms 
[2026-07-22T23:23:53.951] [DEBUG] debug-file - project has submodules:electron,web_engine
[2026-07-22T23:23:53.952] [DEBUG] debug-file - module:web_engine no need to execute packageHap
[2026-07-22T23:23:53.952] [DEBUG] debug-file - start to load updatedOhPackageInfo to the disk
[2026-07-22T23:23:53.955] [DEBUG] debug-file - load to the disk finished
[2026-07-22T23:23:53.955] [DEBUG] debug-file - Start to initialize dependency information.
[2026-07-22T23:23:53.957] [DEBUG] debug-file - Module ame Collected Dependency: 
[2026-07-22T23:23:53.957] [DEBUG] debug-file - Module ame's total dependency: 0
[2026-07-22T23:23:53.958] [DEBUG] debug-file - Start to initialize dependency information.
[2026-07-22T23:23:54.010] [DEBUG] debug-file - Module electron Collected Dependency: C:\Users\scottsmith\project\Archive-Markdown-Editor-For-HarmonyOS\app\ame\web_engine,C:\Users\scottsmith\project\Archive-Markdown-Editor-For-HarmonyOS\app\ame\oh_modules\.ohpm\inversify@6.0.1\oh_modules\inversify,C:\Users\scottsmith\project\Archive-Markdown-Editor-For-HarmonyOS\app\ame\oh_modules\.ohpm\reflect-metadata@0.2.1\oh_modules\reflect-metadata
[2026-07-22T23:23:54.010] [DEBUG] debug-file - Module electron's total dependency: 3
[2026-07-22T23:23:54.014] [DEBUG] debug-file - Start to initialize dependency information.
[2026-07-22T23:23:54.015] [DEBUG] debug-file - Module web_engine Collected Dependency: C:\Users\scottsmith\project\Archive-Markdown-Editor-For-HarmonyOS\app\ame\oh_modules\.ohpm\inversify@6.0.1\oh_modules\inversify,C:\Users\scottsmith\project\Archive-Markdown-Editor-For-HarmonyOS\app\ame\oh_modules\.ohpm\reflect-metadata@0.2.1\oh_modules\reflect-metadata
[2026-07-22T23:23:54.015] [DEBUG] debug-file - Module web_engine's total dependency: 2
[2026-07-22T23:23:54.017] [DEBUG] debug-file - Configuration phase cost:207 ms 
[2026-07-22T23:23:54.019] [DEBUG] debug-file - Configuration task cost before running: 222 ms 
[2026-07-22T23:23:54.019] [DEBUG] debug-file - Executing task :electron:init
[2026-07-22T23:23:54.019] [DEBUG] debug-file - electron : init cost memory 0.01743316650390625
[2026-07-22T23:23:54.019] [DEBUG] debug-file - runTaskFromQueue task cost before running: 223 ms 
[2026-07-22T23:23:54.020] [INFO] debug-file - Finished :electron:init... after 1 ms 
[2026-07-22T23:23:54.020] [DEBUG] debug-file - Executing task :web_engine:init
[2026-07-22T23:23:54.020] [DEBUG] debug-file - web_engine : init cost memory 0.0138702392578125
[2026-07-22T23:23:54.020] [DEBUG] debug-file - runTaskFromQueue task cost before running: 223 ms 
[2026-07-22T23:23:54.020] [INFO] debug-file - Finished :web_engine:init... after 1 ms 
[2026-07-22T23:23:54.020] [DEBUG] debug-file - Executing task ::init
[2026-07-22T23:23:54.020] [DEBUG] debug-file - ame : init cost memory 0.01226806640625
[2026-07-22T23:23:54.021] [DEBUG] debug-file - runTaskFromQueue task cost before running: 224 ms 
[2026-07-22T23:23:54.021] [INFO] debug-file - Finished ::init... after 1 ms 
[2026-07-22T23:23:54.029] [DEBUG] debug-file - Obtain build option for module 'electron' target 'default'in this build.
[2026-07-22T23:23:54.029] [DEBUG] debug-file - Obtain build option for module 'electron' target 'ohosTest'in this build.
[2026-07-22T23:23:54.029] [DEBUG] debug-file - Obtain build option for module 'web_engine' target 'default'in this build.
[2026-07-22T23:23:54.032] [DEBUG] debug-file - hvigor build process will be closed.
[2026-07-22T23:23:54.036] [DEBUG] debug-file - session manager: send message to worker process.
[2026-07-22T23:23:54.037] [DEBUG] debug-file - session manager: send message to worker process.
[2026-07-22T23:23:54.057] [DEBUG] debug-file - watch worker: worker id should be larger than 0. Nothing will be sent to any worker thread.
[2026-07-22T23:23:54.057] [DEBUG] debug-file - watch worker: worker id should be larger than 0. Nothing will be sent to any worker thread.
[2026-07-22T23:24:03.154] [DEBUG] debug-file - session manager: set active socket. socketId=_B_a8ANa5VV9LPqLAAAj
[2026-07-22T23:24:03.161] [DEBUG] debug-file - watch worker: worker id should be larger than 0. Nothing will be sent to any worker thread.
[2026-07-22T23:24:03.163] [DEBUG] debug-file - Workers' log level updated to INFO
[2026-07-22T23:24:03.166] [DEBUG] debug-file - Hvigor init with startParameters:{
  hvigorfileTypeCheck: false,
  parallelExecution: true,
  incrementalExecution: true,
  printStackTrace: false,
  daemon: true,
  analyze: 0,
  logLevel: Level { level: 20000, levelStr: 'INFO', colour: 'green' },
  optimizationStrategy: 'memory',
  hotCompile: undefined,
  hotReloadBuild: undefined,
  customizedParam: undefined
}
[2026-07-22T23:24:03.171] [DEBUG] debug-file - Cache service initialization finished in 6 ms 
[2026-07-22T23:24:03.172] [DEBUG] debug-file - hvigorfile, resolving C:\Users\scottsmith\project\Archive-Markdown-Editor-For-HarmonyOS\app\ame\hvigorfile.ts
[2026-07-22T23:24:03.175] [DEBUG] debug-file - hvigorfile, require result:  { default: { plugins: [] } }
[2026-07-22T23:24:03.175] [DEBUG] debug-file - hvigorfile, binding system plugins null
[2026-07-22T23:24:03.176] [DEBUG] debug-file - Starting plugin build process
[2026-07-22T23:24:03.176] [DEBUG] debug-file - App plugin prepare start...
[2026-07-22T23:24:03.176] [DEBUG] debug-file - App plugin prepare end...
[2026-07-22T23:24:03.176] [DEBUG] debug-file - App plugin creating...
[2026-07-22T23:24:03.181] [DEBUG] debug-file - App plugin register hook start...
[2026-07-22T23:24:03.181] [DEBUG] debug-file - App plugin register hook end...
[2026-07-22T23:24:03.181] [DEBUG] debug-file - Plugin build process completed
[2026-07-22T23:24:03.181] [DEBUG] debug-file - Start initialize project's product build option map with build mode debug.
[2026-07-22T23:24:03.181] [DEBUG] debug-file - Picking option from product 'default' with build mode 'debug'.
[2026-07-22T23:24:03.181] [DEBUG] debug-file - Product 'default' build option initialized
[2026-07-22T23:24:03.181] [DEBUG] debug-file - End initialize project's product build option map with build mode 'debug'.
[2026-07-22T23:24:03.182] [DEBUG] debug-file - Obtain build option for product 'default'in this build.
[2026-07-22T23:24:03.184] [DEBUG] debug-file - C:\Users\scottsmith\project\Archive-Markdown-Editor-For-HarmonyOS\app\ame\build\cache\default\remote_hsp\remoteHspCache.json not exists.
[2026-07-22T23:24:03.187] [DEBUG] debug-file - Start recording SDK configuration permission data.
[2026-07-22T23:24:03.209] [DEBUG] debug-file - Sdk init in 24 ms 
[2026-07-22T23:24:03.212] [DEBUG] debug-file - Project task initialization takes 3 ms 
[2026-07-22T23:24:03.212] [DEBUG] debug-file - hvigorfile, begin to bind custom plugins...
[2026-07-22T23:24:03.213] [DEBUG] debug-file - hvigorfile, no custom plugins were found in C:\Users\scottsmith\project\Archive-Markdown-Editor-For-HarmonyOS\app\ame\hvigorfile.ts
[2026-07-22T23:24:03.213] [DEBUG] debug-file - hvigorfile, resolve finished C:\Users\scottsmith\project\Archive-Markdown-Editor-For-HarmonyOS\app\ame\hvigorfile.ts
[2026-07-22T23:24:03.213] [DEBUG] debug-file - hvigorfile, resolving C:\Users\scottsmith\project\Archive-Markdown-Editor-For-HarmonyOS\app\ame\electron\hvigorfile.ts
[2026-07-22T23:24:03.215] [DEBUG] debug-file - hvigorfile, require result:  { default: { plugins: [] } }
[2026-07-22T23:24:03.216] [DEBUG] debug-file - hvigorfile, binding system plugins null
[2026-07-22T23:24:03.216] [DEBUG] debug-file - Starting plugin build process
[2026-07-22T23:24:03.216] [DEBUG] debug-file - Hap plugin creating...
[2026-07-22T23:24:03.217] [DEBUG] debug-file - failed to load cangjie to dynamically generate schemas: Error: Cannot find module '@ohos/cangjie-build-support/index'
Require stack:
- C:\Program Files\Huawei\DevEco Studio\tools\hvigor\hvigor-ohos-plugin\src\plugin\hooks\cangjie-register.js
- C:\Program Files\Huawei\DevEco Studio\tools\hvigor\hvigor-ohos-plugin\src\plugin\strategy\stage-init-strategy.js
- C:\Program Files\Huawei\DevEco Studio\tools\hvigor\hvigor-ohos-plugin\src\plugin\builder\abstract-plugin-builder.js
- C:\Program Files\Huawei\DevEco Studio\tools\hvigor\hvigor-ohos-plugin\src\plugin\builder\app-plugin-builder.js
- C:\Program Files\Huawei\DevEco Studio\tools\hvigor\hvigor-ohos-plugin\src\plugin\factory\plugin-factory.js
- C:\Program Files\Huawei\DevEco Studio\tools\hvigor\hvigor-ohos-plugin\index.js
- C:\Users\scottsmith\project\Archive-Markdown-Editor-For-HarmonyOS\app\ame\hvigorfile.ts
- C:\Program Files\Huawei\DevEco Studio\tools\hvigor\hvigor\src\base\internal\lifecycle\configuration.js
- C:\Program Files\Huawei\DevEco Studio\tools\hvigor\hvigor\src\base\boot\index.js
- C:\Program Files\Huawei\DevEco Studio\tools\hvigor\hvigor\src\base\daemon\cluster\worker-process-lifecycle.js
- C:\Program Files\Huawei\DevEco Studio\tools\hvigor\hvigor\src\base\daemon\process\daemon-process-boot-script.js
[2026-07-22T23:24:03.219] [DEBUG] debug-file - Start initialize module-target build option map, moduleName=electron, buildMode=debug
[2026-07-22T23:24:03.219] [DEBUG] debug-file - Target 'default' config initialized
[2026-07-22T23:24:03.220] [DEBUG] debug-file - Target 'ohosTest' config initialized
[2026-07-22T23:24:03.220] [DEBUG] debug-file - Module 'electron' target 'default' build option initialized
[2026-07-22T23:24:03.220] [DEBUG] debug-file - Module 'electron' target 'ohosTest' build option initialized
[2026-07-22T23:24:03.220] [DEBUG] debug-file - End initialize module-target build option map, moduleName=electron
[2026-07-22T23:24:03.220] [DEBUG] debug-file - Start initialize module-target build option map, moduleName=electron, buildMode=release
[2026-07-22T23:24:03.220] [DEBUG] debug-file - Target 'default' config initialized
[2026-07-22T23:24:03.220] [DEBUG] debug-file - Target 'ohosTest' config initialized
[2026-07-22T23:24:03.220] [DEBUG] debug-file - Module 'electron' target 'default' build option initialized
[2026-07-22T23:24:03.220] [DEBUG] debug-file - Module 'electron' target 'ohosTest' build option initialized
[2026-07-22T23:24:03.220] [DEBUG] debug-file - End initialize module-target build option map, moduleName=electron
[2026-07-22T23:24:03.220] [DEBUG] debug-file - Start initialize module-target build option map, moduleName=electron, buildMode=debug
[2026-07-22T23:24:03.220] [DEBUG] debug-file - Target 'default' config initialized
[2026-07-22T23:24:03.220] [DEBUG] debug-file - Target 'ohosTest' config initialized
[2026-07-22T23:24:03.221] [DEBUG] debug-file - Module 'electron' target 'default' build option initialized
[2026-07-22T23:24:03.221] [DEBUG] debug-file - Module 'electron' target 'ohosTest' build option initialized
[2026-07-22T23:24:03.221] [DEBUG] debug-file - End initialize module-target build option map, moduleName=electron
[2026-07-22T23:24:03.221] [DEBUG] debug-file - Obtain build option for module 'electron' target 'default'in this build.
[2026-07-22T23:24:03.223] [DEBUG] debug-file - Module electron task initialization takes 1 ms 
[2026-07-22T23:24:03.223] [DEBUG] debug-file - Hap plugin register hook start...
[2026-07-22T23:24:03.223] [DEBUG] debug-file - Hap plugin register hook end...
[2026-07-22T23:24:03.223] [DEBUG] debug-file - Plugin build process completed
[2026-07-22T23:24:03.223] [DEBUG] debug-file - hvigorfile, begin to bind custom plugins...
[2026-07-22T23:24:03.223] [DEBUG] debug-file - hvigorfile, no custom plugins were found in C:\Users\scottsmith\project\Archive-Markdown-Editor-For-HarmonyOS\app\ame\electron\hvigorfile.ts
[2026-07-22T23:24:03.223] [DEBUG] debug-file - hvigorfile, resolve finished C:\Users\scottsmith\project\Archive-Markdown-Editor-For-HarmonyOS\app\ame\electron\hvigorfile.ts
[2026-07-22T23:24:03.223] [DEBUG] debug-file - hvigorfile, resolving C:\Users\scottsmith\project\Archive-Markdown-Editor-For-HarmonyOS\app\ame\web_engine\hvigorfile.ts
[2026-07-22T23:24:03.226] [DEBUG] debug-file - hvigorfile, require result:  { default: { plugins: [] } }
[2026-07-22T23:24:03.226] [DEBUG] debug-file - hvigorfile, binding system plugins null
[2026-07-22T23:24:03.226] [DEBUG] debug-file - Starting plugin build process
[2026-07-22T23:24:03.226] [DEBUG] debug-file - Har plugin creating...
[2026-07-22T23:24:03.226] [DEBUG] debug-file - failed to load cangjie to dynamically generate schemas: Error: Cannot find module '@ohos/cangjie-build-support/index'
Require stack:
- C:\Program Files\Huawei\DevEco Studio\tools\hvigor\hvigor-ohos-plugin\src\plugin\hooks\cangjie-register.js
- C:\Program Files\Huawei\DevEco Studio\tools\hvigor\hvigor-ohos-plugin\src\plugin\strategy\stage-init-strategy.js
- C:\Program Files\Huawei\DevEco Studio\tools\hvigor\hvigor-ohos-plugin\src\plugin\builder\abstract-plugin-builder.js
- C:\Program Files\Huawei\DevEco Studio\tools\hvigor\hvigor-ohos-plugin\src\plugin\builder\app-plugin-builder.js
- C:\Program Files\Huawei\DevEco Studio\tools\hvigor\hvigor-ohos-plugin\src\plugin\factory\plugin-factory.js
- C:\Program Files\Huawei\DevEco Studio\tools\hvigor\hvigor-ohos-plugin\index.js
- C:\Users\scottsmith\project\Archive-Markdown-Editor-For-HarmonyOS\app\ame\hvigorfile.ts
- C:\Program Files\Huawei\DevEco Studio\tools\hvigor\hvigor\src\base\internal\lifecycle\configuration.js
- C:\Program Files\Huawei\DevEco Studio\tools\hvigor\hvigor\src\base\boot\index.js
- C:\Program Files\Huawei\DevEco Studio\tools\hvigor\hvigor\src\base\daemon\cluster\worker-process-lifecycle.js
- C:\Program Files\Huawei\DevEco Studio\tools\hvigor\hvigor\src\base\daemon\process\daemon-process-boot-script.js
[2026-07-22T23:24:03.228] [DEBUG] debug-file - Start initialize module-target build option map, moduleName=web_engine, buildMode=debug
[2026-07-22T23:24:03.228] [DEBUG] debug-file - Target 'default' config initialized
[2026-07-22T23:24:03.228] [DEBUG] debug-file - Module 'web_engine' target 'default' build option initialized
[2026-07-22T23:24:03.228] [DEBUG] debug-file - End initialize module-target build option map, moduleName=web_engine
[2026-07-22T23:24:03.229] [DEBUG] debug-file - Start initialize module-target build option map, moduleName=web_engine, buildMode=release
[2026-07-22T23:24:03.229] [DEBUG] debug-file - Target 'default' config initialized
[2026-07-22T23:24:03.229] [DEBUG] debug-file - Module 'web_engine' target 'default' build option initialized
[2026-07-22T23:24:03.229] [DEBUG] debug-file - End initialize module-target build option map, moduleName=web_engine
[2026-07-22T23:24:03.229] [DEBUG] debug-file - Start initialize module-target build option map, moduleName=web_engine, buildMode=debug
[2026-07-22T23:24:03.229] [DEBUG] debug-file - Target 'default' config initialized
[2026-07-22T23:24:03.229] [DEBUG] debug-file - Module 'web_engine' target 'default' build option initialized
[2026-07-22T23:24:03.229] [DEBUG] debug-file - End initialize module-target build option map, moduleName=web_engine
[2026-07-22T23:24:03.229] [DEBUG] debug-file - Obtain build option for module 'web_engine' target 'default'in this build.
[2026-07-22T23:24:03.230] [DEBUG] debug-file - Module web_engine task initialization takes 1 ms 
[2026-07-22T23:24:03.230] [DEBUG] debug-file - Har plugin register hook start...
[2026-07-22T23:24:03.230] [DEBUG] debug-file - Har plugin register hook end...
[2026-07-22T23:24:03.230] [DEBUG] debug-file - Plugin build process completed
[2026-07-22T23:24:03.230] [DEBUG] debug-file - hvigorfile, begin to bind custom plugins...
[2026-07-22T23:24:03.230] [DEBUG] debug-file - hvigorfile, no custom plugins were found in C:\Users\scottsmith\project\Archive-Markdown-Editor-For-HarmonyOS\app\ame\web_engine\hvigorfile.ts
[2026-07-22T23:24:03.230] [DEBUG] debug-file - hvigorfile, resolve finished C:\Users\scottsmith\project\Archive-Markdown-Editor-For-HarmonyOS\app\ame\web_engine\hvigorfile.ts
[2026-07-22T23:24:03.281] [DEBUG] debug-file - hvigorfile, resolve hvigorfile dependencies in 51 ms 
[2026-07-22T23:24:03.281] [DEBUG] debug-file - project has submodules:electron,web_engine
[2026-07-22T23:24:03.281] [DEBUG] debug-file - module:web_engine no need to execute packageHap
[2026-07-22T23:24:03.282] [DEBUG] debug-file - Start to initialize dependency information.
[2026-07-22T23:24:03.284] [DEBUG] debug-file - Module ame Collected Dependency: 
[2026-07-22T23:24:03.284] [DEBUG] debug-file - Module ame's total dependency: 0
[2026-07-22T23:24:03.284] [DEBUG] debug-file - Start to initialize dependency information.
[2026-07-22T23:24:03.325] [DEBUG] debug-file - Module electron Collected Dependency: C:\Users\scottsmith\project\Archive-Markdown-Editor-For-HarmonyOS\app\ame\web_engine,C:\Users\scottsmith\project\Archive-Markdown-Editor-For-HarmonyOS\app\ame\oh_modules\.ohpm\inversify@6.0.1\oh_modules\inversify,C:\Users\scottsmith\project\Archive-Markdown-Editor-For-HarmonyOS\app\ame\oh_modules\.ohpm\reflect-metadata@0.2.1\oh_modules\reflect-metadata
[2026-07-22T23:24:03.325] [DEBUG] debug-file - Module electron's total dependency: 3
[2026-07-22T23:24:03.327] [DEBUG] debug-file - Start to initialize dependency information.
[2026-07-22T23:24:03.328] [DEBUG] debug-file - Module web_engine Collected Dependency: C:\Users\scottsmith\project\Archive-Markdown-Editor-For-HarmonyOS\app\ame\oh_modules\.ohpm\inversify@6.0.1\oh_modules\inversify,C:\Users\scottsmith\project\Archive-Markdown-Editor-For-HarmonyOS\app\ame\oh_modules\.ohpm\reflect-metadata@0.2.1\oh_modules\reflect-metadata
[2026-07-22T23:24:03.329] [DEBUG] debug-file - Module web_engine's total dependency: 2
[2026-07-22T23:24:03.330] [DEBUG] debug-file - Configuration phase cost:159 ms 
[2026-07-22T23:24:03.331] [DEBUG] debug-file - Configuration task cost before running: 168 ms 
[2026-07-22T23:24:03.331] [DEBUG] debug-file - Executing task :electron:clean
[2026-07-22T23:24:03.331] [DEBUG] debug-file - clean: Start terminating worker pool.
[2026-07-22T23:24:03.331] [DEBUG] debug-file - Current worker pool is stopped or closed.
[2026-07-22T23:24:03.331] [DEBUG] debug-file - Clear worker 4.
[2026-07-22T23:24:03.332] [DEBUG] debug-file - Worker 4 has been cleared.
[2026-07-22T23:24:03.332] [DEBUG] debug-file - Current idle worker size: 0.
[2026-07-22T23:24:03.332] [DEBUG] debug-file - Current busy worker size: 0.
[2026-07-22T23:24:03.332] [DEBUG] debug-file - Current worker pool is terminated.
[2026-07-22T23:24:03.332] [DEBUG] debug-file - clean: Terminating worker pool finished.
[2026-07-22T23:24:03.713] [DEBUG] debug-file - electron : clean cost memory 2.3635940551757812
[2026-07-22T23:24:03.713] [DEBUG] debug-file - runTaskFromQueue task cost before running: 550 ms 
[2026-07-22T23:24:03.713] [INFO] debug-file - Finished :electron:clean... after 383 ms 
[2026-07-22T23:24:03.713] [DEBUG] debug-file - Executing task :web_engine:clean
[2026-07-22T23:24:03.713] [DEBUG] debug-file - clean: Worker pool is inactive.
[2026-07-22T23:24:03.718] [DEBUG] debug-file - web_engine : clean cost memory 0.26964569091796875
[2026-07-22T23:24:03.718] [DEBUG] debug-file - runTaskFromQueue task cost before running: 555 ms 
[2026-07-22T23:24:03.718] [INFO] debug-file - Finished :web_engine:clean... after 5 ms 
[2026-07-22T23:24:03.718] [DEBUG] debug-file - Executing task ::clean
[2026-07-22T23:24:03.718] [DEBUG] debug-file - clean: Worker pool is inactive.
[2026-07-22T23:24:03.718] [DEBUG] debug-file - ame : clean cost memory 0.0346527099609375
[2026-07-22T23:24:03.718] [DEBUG] debug-file - runTaskFromQueue task cost before running: 556 ms 
[2026-07-22T23:24:03.718] [INFO] debug-file - Finished ::clean... after 1 ms 
[2026-07-22T23:24:03.725] [INFO] debug-file - BUILD SUCCESSFUL in 562 ms 
[2026-07-22T23:24:03.743] [DEBUG] debug-file - worker[4] exits with exit code 1.
[2026-07-22T23:24:03.743] [DEBUG] debug-file - Since there is no instance or instance is terminated, create a new worker pool.
[2026-07-22T23:24:03.743] [DEBUG] debug-file - Worker pool is initialized with config:  {
  minPoolNum: 2,
  maxPoolNum: undefined,
  maxCoreSize: undefined,
  cacheCapacity: undefined,
  cacheTtl: undefined
}
[2026-07-22T23:24:03.743] [DEBUG] debug-file - Create  resident worker with id: 0.
[2026-07-22T23:24:03.745] [DEBUG] debug-file - Create  resident worker with id: 1.
[2026-07-22T23:24:03.746] [DEBUG] debug-file - Cleanup worker 0.
[2026-07-22T23:24:03.746] [DEBUG] debug-file - Worker 0 has been cleaned up.
[2026-07-22T23:24:03.746] [DEBUG] debug-file - Current idle worker size: 1.
[2026-07-22T23:24:03.746] [DEBUG] debug-file - Current resident worker size: 2.
[2026-07-22T23:24:03.746] [DEBUG] debug-file - Cleanup worker 1.
[2026-07-22T23:24:03.746] [DEBUG] debug-file - Worker 1 has been cleaned up.
[2026-07-22T23:24:03.746] [DEBUG] debug-file - Current idle worker size: 0.
[2026-07-22T23:24:03.746] [DEBUG] debug-file - Current resident worker size: 2.
[2026-07-22T23:24:03.746] [DEBUG] debug-file - hvigor build process will be closed.
[2026-07-22T23:24:03.759] [DEBUG] debug-file - session manager: send message to worker process.
[2026-07-22T23:24:03.759] [DEBUG] debug-file - session manager: send message to worker process.
[2026-07-22T23:24:03.786] [DEBUG] debug-file - worker[0] exits with exit code 0.
[2026-07-22T23:24:03.787] [DEBUG] debug-file - worker[1] exits with exit code 0.
[2026-07-22T23:24:03.796] [DEBUG] debug-file - watch worker: worker id should be larger than 0. Nothing will be sent to any worker thread.
[2026-07-22T23:24:03.797] [DEBUG] debug-file - watch worker: worker id should be larger than 0. Nothing will be sent to any worker thread.
[2026-07-22T23:24:08.895] [DEBUG] debug-file - session manager: set active socket. socketId=QIEu17ipLPsiWw9pAAAl
[2026-07-22T23:24:08.901] [DEBUG] debug-file - watch worker: worker id should be larger than 0. Nothing will be sent to any worker thread.
[2026-07-22T23:24:08.904] [DEBUG] debug-file - Workers' log level updated to INFO
[2026-07-22T23:24:08.906] [DEBUG] debug-file - Hvigor init with startParameters:{
  hvigorfileTypeCheck: false,
  parallelExecution: true,
  incrementalExecution: true,
  printStackTrace: false,
  daemon: true,
  analyze: 0,
  logLevel: Level { level: 20000, levelStr: 'INFO', colour: 'green' },
  optimizationStrategy: 'memory',
  hotCompile: undefined,
  hotReloadBuild: undefined,
  customizedParam: undefined
}
[2026-07-22T23:24:08.912] [DEBUG] debug-file - Cache service initialization finished in 7 ms 
[2026-07-22T23:24:08.913] [DEBUG] debug-file - hvigorfile, resolving C:\Users\scottsmith\project\Archive-Markdown-Editor-For-HarmonyOS\app\ame\hvigorfile.ts
[2026-07-22T23:24:08.917] [DEBUG] debug-file - hvigorfile, require result:  { default: { plugins: [] } }
[2026-07-22T23:24:08.917] [DEBUG] debug-file - hvigorfile, binding system plugins null
[2026-07-22T23:24:08.917] [DEBUG] debug-file - Starting plugin build process
[2026-07-22T23:24:08.917] [DEBUG] debug-file - App plugin prepare start...
[2026-07-22T23:24:08.917] [DEBUG] debug-file - App plugin prepare end...
[2026-07-22T23:24:08.917] [DEBUG] debug-file - App plugin creating...
[2026-07-22T23:24:09.059] [DEBUG] debug-file - App plugin register hook start...
[2026-07-22T23:24:09.059] [DEBUG] debug-file - App plugin register hook end...
[2026-07-22T23:24:09.059] [DEBUG] debug-file - Plugin build process completed
[2026-07-22T23:24:09.060] [DEBUG] debug-file - Start initialize project's product build option map with build mode release.
[2026-07-22T23:24:09.060] [DEBUG] debug-file - Picking option from product 'default' with build mode 'release'.
[2026-07-22T23:24:09.060] [DEBUG] debug-file - Product 'default' build option initialized
[2026-07-22T23:24:09.060] [DEBUG] debug-file - End initialize project's product build option map with build mode 'release'.
[2026-07-22T23:24:09.060] [DEBUG] debug-file - Obtain build option for product 'default'in this build.
[2026-07-22T23:24:09.063] [DEBUG] debug-file - C:\Users\scottsmith\project\Archive-Markdown-Editor-For-HarmonyOS\app\ame\build\cache\default\remote_hsp\remoteHspCache.json not exists.
[2026-07-22T23:24:09.065] [DEBUG] debug-file - Start recording SDK configuration permission data.
[2026-07-22T23:24:09.091] [DEBUG] debug-file - Sdk init in 28 ms 
[2026-07-22T23:24:09.094] [DEBUG] debug-file - Project task initialization takes 3 ms 
[2026-07-22T23:24:09.094] [DEBUG] debug-file - hvigorfile, begin to bind custom plugins...
[2026-07-22T23:24:09.094] [DEBUG] debug-file - hvigorfile, no custom plugins were found in C:\Users\scottsmith\project\Archive-Markdown-Editor-For-HarmonyOS\app\ame\hvigorfile.ts
[2026-07-22T23:24:09.094] [DEBUG] debug-file - hvigorfile, resolve finished C:\Users\scottsmith\project\Archive-Markdown-Editor-For-HarmonyOS\app\ame\hvigorfile.ts
[2026-07-22T23:24:09.095] [DEBUG] debug-file - hvigorfile, resolving C:\Users\scottsmith\project\Archive-Markdown-Editor-For-HarmonyOS\app\ame\electron\hvigorfile.ts
[2026-07-22T23:24:09.097] [DEBUG] debug-file - hvigorfile, require result:  { default: { plugins: [] } }
[2026-07-22T23:24:09.097] [DEBUG] debug-file - hvigorfile, binding system plugins null
[2026-07-22T23:24:09.098] [DEBUG] debug-file - Starting plugin build process
[2026-07-22T23:24:09.098] [DEBUG] debug-file - Hap plugin creating...
[2026-07-22T23:24:09.098] [DEBUG] debug-file - failed to load cangjie to dynamically generate schemas: Error: Cannot find module '@ohos/cangjie-build-support/index'
Require stack:
- C:\Program Files\Huawei\DevEco Studio\tools\hvigor\hvigor-ohos-plugin\src\plugin\hooks\cangjie-register.js
- C:\Program Files\Huawei\DevEco Studio\tools\hvigor\hvigor-ohos-plugin\src\plugin\strategy\stage-init-strategy.js
- C:\Program Files\Huawei\DevEco Studio\tools\hvigor\hvigor-ohos-plugin\src\plugin\builder\abstract-plugin-builder.js
- C:\Program Files\Huawei\DevEco Studio\tools\hvigor\hvigor-ohos-plugin\src\plugin\builder\app-plugin-builder.js
- C:\Program Files\Huawei\DevEco Studio\tools\hvigor\hvigor-ohos-plugin\src\plugin\factory\plugin-factory.js
- C:\Program Files\Huawei\DevEco Studio\tools\hvigor\hvigor-ohos-plugin\index.js
- C:\Users\scottsmith\project\Archive-Markdown-Editor-For-HarmonyOS\app\ame\hvigorfile.ts
- C:\Program Files\Huawei\DevEco Studio\tools\hvigor\hvigor\src\base\internal\lifecycle\configuration.js
- C:\Program Files\Huawei\DevEco Studio\tools\hvigor\hvigor\src\base\boot\index.js
- C:\Program Files\Huawei\DevEco Studio\tools\hvigor\hvigor\src\base\daemon\cluster\worker-process-lifecycle.js
- C:\Program Files\Huawei\DevEco Studio\tools\hvigor\hvigor\src\base\daemon\process\daemon-process-boot-script.js
[2026-07-22T23:24:09.105] [DEBUG] debug-file - Start initialize module-target build option map, moduleName=electron, buildMode=debug
[2026-07-22T23:24:09.105] [DEBUG] debug-file - Target 'default' config initialized
[2026-07-22T23:24:09.105] [DEBUG] debug-file - Target 'ohosTest' config initialized
[2026-07-22T23:24:09.105] [DEBUG] debug-file - Module 'electron' target 'default' build option initialized
[2026-07-22T23:24:09.105] [DEBUG] debug-file - Module 'electron' target 'ohosTest' build option initialized
[2026-07-22T23:24:09.105] [DEBUG] debug-file - End initialize module-target build option map, moduleName=electron
[2026-07-22T23:24:09.105] [DEBUG] debug-file - Start initialize module-target build option map, moduleName=electron, buildMode=release
[2026-07-22T23:24:09.105] [DEBUG] debug-file - Target 'default' config initialized
[2026-07-22T23:24:09.106] [DEBUG] debug-file - Target 'ohosTest' config initialized
[2026-07-22T23:24:09.106] [DEBUG] debug-file - Module 'electron' target 'default' build option initialized
[2026-07-22T23:24:09.106] [DEBUG] debug-file - Module 'electron' target 'ohosTest' build option initialized
[2026-07-22T23:24:09.106] [DEBUG] debug-file - End initialize module-target build option map, moduleName=electron
[2026-07-22T23:24:09.106] [DEBUG] debug-file - Start initialize module-target build option map, moduleName=electron, buildMode=release
[2026-07-22T23:24:09.106] [DEBUG] debug-file - Target 'default' config initialized
[2026-07-22T23:24:09.106] [DEBUG] debug-file - Target 'ohosTest' config initialized
[2026-07-22T23:24:09.106] [DEBUG] debug-file - Module 'electron' target 'default' build option initialized
[2026-07-22T23:24:09.106] [DEBUG] debug-file - Module 'electron' target 'ohosTest' build option initialized
[2026-07-22T23:24:09.106] [DEBUG] debug-file - End initialize module-target build option map, moduleName=electron
[2026-07-22T23:24:09.106] [DEBUG] debug-file - Obtain build option for module 'electron' target 'default'in this build.
[2026-07-22T23:24:09.108] [DEBUG] debug-file - Module electron task initialization takes 1 ms 
[2026-07-22T23:24:09.108] [DEBUG] debug-file - Hap plugin register hook start...
[2026-07-22T23:24:09.108] [DEBUG] debug-file - Hap plugin register hook end...
[2026-07-22T23:24:09.108] [DEBUG] debug-file - Plugin build process completed
[2026-07-22T23:24:09.108] [DEBUG] debug-file - hvigorfile, begin to bind custom plugins...
[2026-07-22T23:24:09.108] [DEBUG] debug-file - hvigorfile, no custom plugins were found in C:\Users\scottsmith\project\Archive-Markdown-Editor-For-HarmonyOS\app\ame\electron\hvigorfile.ts
[2026-07-22T23:24:09.108] [DEBUG] debug-file - hvigorfile, resolve finished C:\Users\scottsmith\project\Archive-Markdown-Editor-For-HarmonyOS\app\ame\electron\hvigorfile.ts
[2026-07-22T23:24:09.108] [DEBUG] debug-file - hvigorfile, resolving C:\Users\scottsmith\project\Archive-Markdown-Editor-For-HarmonyOS\app\ame\web_engine\hvigorfile.ts
[2026-07-22T23:24:09.111] [DEBUG] debug-file - hvigorfile, require result:  { default: { plugins: [] } }
[2026-07-22T23:24:09.111] [DEBUG] debug-file - hvigorfile, binding system plugins null
[2026-07-22T23:24:09.111] [DEBUG] debug-file - Starting plugin build process
[2026-07-22T23:24:09.111] [DEBUG] debug-file - Har plugin creating...
[2026-07-22T23:24:09.112] [DEBUG] debug-file - failed to load cangjie to dynamically generate schemas: Error: Cannot find module '@ohos/cangjie-build-support/index'
Require stack:
- C:\Program Files\Huawei\DevEco Studio\tools\hvigor\hvigor-ohos-plugin\src\plugin\hooks\cangjie-register.js
- C:\Program Files\Huawei\DevEco Studio\tools\hvigor\hvigor-ohos-plugin\src\plugin\strategy\stage-init-strategy.js
- C:\Program Files\Huawei\DevEco Studio\tools\hvigor\hvigor-ohos-plugin\src\plugin\builder\abstract-plugin-builder.js
- C:\Program Files\Huawei\DevEco Studio\tools\hvigor\hvigor-ohos-plugin\src\plugin\builder\app-plugin-builder.js
- C:\Program Files\Huawei\DevEco Studio\tools\hvigor\hvigor-ohos-plugin\src\plugin\factory\plugin-factory.js
- C:\Program Files\Huawei\DevEco Studio\tools\hvigor\hvigor-ohos-plugin\index.js
- C:\Users\scottsmith\project\Archive-Markdown-Editor-For-HarmonyOS\app\ame\hvigorfile.ts
- C:\Program Files\Huawei\DevEco Studio\tools\hvigor\hvigor\src\base\internal\lifecycle\configuration.js
- C:\Program Files\Huawei\DevEco Studio\tools\hvigor\hvigor\src\base\boot\index.js
- C:\Program Files\Huawei\DevEco Studio\tools\hvigor\hvigor\src\base\daemon\cluster\worker-process-lifecycle.js
- C:\Program Files\Huawei\DevEco Studio\tools\hvigor\hvigor\src\base\daemon\process\daemon-process-boot-script.js
[2026-07-22T23:24:09.141] [DEBUG] debug-file - Start initialize module-target build option map, moduleName=web_engine, buildMode=debug
[2026-07-22T23:24:09.141] [DEBUG] debug-file - Target 'default' config initialized
[2026-07-22T23:24:09.141] [DEBUG] debug-file - Module 'web_engine' target 'default' build option initialized
[2026-07-22T23:24:09.141] [DEBUG] debug-file - End initialize module-target build option map, moduleName=web_engine
[2026-07-22T23:24:09.141] [DEBUG] debug-file - Start initialize module-target build option map, moduleName=web_engine, buildMode=release
[2026-07-22T23:24:09.141] [DEBUG] debug-file - Target 'default' config initialized
[2026-07-22T23:24:09.141] [DEBUG] debug-file - Module 'web_engine' target 'default' build option initialized
[2026-07-22T23:24:09.141] [DEBUG] debug-file - End initialize module-target build option map, moduleName=web_engine
[2026-07-22T23:24:09.142] [DEBUG] debug-file - Start initialize module-target build option map, moduleName=web_engine, buildMode=release
[2026-07-22T23:24:09.142] [DEBUG] debug-file - Target 'default' config initialized
[2026-07-22T23:24:09.142] [DEBUG] debug-file - Module 'web_engine' target 'default' build option initialized
[2026-07-22T23:24:09.142] [DEBUG] debug-file - End initialize module-target build option map, moduleName=web_engine
[2026-07-22T23:24:09.142] [DEBUG] debug-file - Obtain build option for module 'web_engine' target 'default'in this build.
[2026-07-22T23:24:09.143] [DEBUG] debug-file - Module web_engine task initialization takes 1 ms 
[2026-07-22T23:24:09.143] [DEBUG] debug-file - Har plugin register hook start...
[2026-07-22T23:24:09.143] [DEBUG] debug-file - Har plugin register hook end...
[2026-07-22T23:24:09.143] [DEBUG] debug-file - Plugin build process completed
[2026-07-22T23:24:09.143] [DEBUG] debug-file - hvigorfile, begin to bind custom plugins...
[2026-07-22T23:24:09.143] [DEBUG] debug-file - hvigorfile, no custom plugins were found in C:\Users\scottsmith\project\Archive-Markdown-Editor-For-HarmonyOS\app\ame\web_engine\hvigorfile.ts
[2026-07-22T23:24:09.143] [DEBUG] debug-file - hvigorfile, resolve finished C:\Users\scottsmith\project\Archive-Markdown-Editor-For-HarmonyOS\app\ame\web_engine\hvigorfile.ts
[2026-07-22T23:24:09.195] [DEBUG] debug-file - hvigorfile, resolve hvigorfile dependencies in 52 ms 
[2026-07-22T23:24:09.196] [DEBUG] debug-file - project has submodules:electron,web_engine
[2026-07-22T23:24:09.196] [DEBUG] debug-file - module:web_engine no need to execute packageHap
[2026-07-22T23:24:09.196] [DEBUG] debug-file - start to load updatedOhPackageInfo to the disk
[2026-07-22T23:24:09.198] [DEBUG] debug-file - load to the disk finished
[2026-07-22T23:24:09.199] [DEBUG] debug-file - Start to initialize dependency information.
[2026-07-22T23:24:09.201] [DEBUG] debug-file - Module ame Collected Dependency: 
[2026-07-22T23:24:09.201] [DEBUG] debug-file - Module ame's total dependency: 0
[2026-07-22T23:24:09.202] [DEBUG] debug-file - Start to initialize dependency information.
[2026-07-22T23:24:09.253] [DEBUG] debug-file - Module electron Collected Dependency: C:\Users\scottsmith\project\Archive-Markdown-Editor-For-HarmonyOS\app\ame\web_engine,C:\Users\scottsmith\project\Archive-Markdown-Editor-For-HarmonyOS\app\ame\oh_modules\.ohpm\inversify@6.0.1\oh_modules\inversify,C:\Users\scottsmith\project\Archive-Markdown-Editor-For-HarmonyOS\app\ame\oh_modules\.ohpm\reflect-metadata@0.2.1\oh_modules\reflect-metadata
[2026-07-22T23:24:09.253] [DEBUG] debug-file - Module electron's total dependency: 3
[2026-07-22T23:24:09.256] [DEBUG] debug-file - Start to initialize dependency information.
[2026-07-22T23:24:09.258] [DEBUG] debug-file - Module web_engine Collected Dependency: C:\Users\scottsmith\project\Archive-Markdown-Editor-For-HarmonyOS\app\ame\oh_modules\.ohpm\inversify@6.0.1\oh_modules\inversify,C:\Users\scottsmith\project\Archive-Markdown-Editor-For-HarmonyOS\app\ame\oh_modules\.ohpm\reflect-metadata@0.2.1\oh_modules\reflect-metadata
[2026-07-22T23:24:09.258] [DEBUG] debug-file - Module web_engine's total dependency: 2
[2026-07-22T23:24:09.259] [DEBUG] debug-file - Configuration phase cost:347 ms 
[2026-07-22T23:24:09.260] [DEBUG] debug-file - Configuration task cost before running: 357 ms 
[2026-07-22T23:24:09.260] [DEBUG] debug-file - Executing task ::PreBuildApp
[2026-07-22T23:24:09.261] [DEBUG] debug-file - ame : PreBuildApp cost memory 0.013671875
[2026-07-22T23:24:09.261] [DEBUG] debug-file - runTaskFromQueue task cost before running: 357 ms 
[2026-07-22T23:24:09.261] [INFO] debug-file - Finished ::PreBuildApp... after 1 ms 
[2026-07-22T23:24:09.266] [DEBUG] debug-file - Executing task :electron:default@PreBuild
[2026-07-22T23:24:09.272] [DEBUG] debug-file - Task 'electron:default@PreBuild' cost while wrapping incremental declarations: 1 ms 
[2026-07-22T23:24:09.276] [DEBUG] debug-file - electron:default@PreBuild is not up-to-date, since the input file 'C:\Users\scottsmith\project\Archive-Markdown-Editor-For-HarmonyOS\app\ame\build-profile.json5' has been changed.
[2026-07-22T23:24:09.276] [DEBUG] debug-file - Incremental task electron:default@PreBuild pre-execution cost: 3 ms .
[2026-07-22T23:24:09.396] [DEBUG] debug-file - current product is not Atomic service.
[2026-07-22T23:24:09.396] [DEBUG] debug-file - Use tool [win32: JAVA_HOME, CLASSPATH]
 [
  { JAVA_HOME: 'C:\\Program Files\\Huawei\\DevEco Studio\\jbr' },
  { CLASSPATH: undefined }
]
[2026-07-22T23:24:09.396] [DEBUG] debug-file - Use tool [win32: NODE_HOME]
 [
  {
    NODE_HOME: 'C:\\Program Files\\Huawei\\DevEco Studio\\tools\\node'
  }
]
[2026-07-22T23:24:09.397] [DEBUG] debug-file - electron : default@PreBuild cost memory 11.366973876953125
[2026-07-22T23:24:09.397] [DEBUG] debug-file - runTaskFromQueue task cost before running: 494 ms 
[2026-07-22T23:24:09.399] [INFO] debug-file - Finished :electron:default@PreBuild... after 132 ms 
[2026-07-22T23:24:09.402] [DEBUG] debug-file - Executing task :web_engine:default@PreBuild
[2026-07-22T23:24:09.405] [DEBUG] debug-file - Task 'web_engine:default@PreBuild' cost while wrapping incremental declarations: 1 ms 
[2026-07-22T23:24:09.408] [DEBUG] debug-file - web_engine:default@PreBuild is not up-to-date, since the input file 'C:\Users\scottsmith\project\Archive-Markdown-Editor-For-HarmonyOS\app\ame\build-profile.json5' has been changed.
[2026-07-22T23:24:09.409] [DEBUG] debug-file - Incremental task web_engine:default@PreBuild pre-execution cost: 3 ms .
[2026-07-22T23:24:09.459] [DEBUG] debug-file - current product is not Atomic service.
[2026-07-22T23:24:09.459] [DEBUG] debug-file - Use tool [win32: JAVA_HOME, CLASSPATH]
 [
  { JAVA_HOME: 'C:\\Program Files\\Huawei\\DevEco Studio\\jbr' },
  { CLASSPATH: undefined }
]
[2026-07-22T23:24:09.459] [DEBUG] debug-file - Use tool [win32: NODE_HOME]
 [
  {
    NODE_HOME: 'C:\\Program Files\\Huawei\\DevEco Studio\\tools\\node'
  }
]
[2026-07-22T23:24:09.481] [DEBUG] debug-file - web_engine : default@PreBuild cost memory -26.59344482421875
[2026-07-22T23:24:09.481] [DEBUG] debug-file - runTaskFromQueue task cost before running: 578 ms 
[2026-07-22T23:24:09.483] [INFO] debug-file - Finished :web_engine:default@PreBuild... after 80 ms 
[2026-07-22T23:24:09.483] [DEBUG] debug-file - Executing task ::DuplicateDependencyCheck
[2026-07-22T23:24:09.483] [DEBUG] debug-file - ame : DuplicateDependencyCheck cost memory 0.01329803466796875
[2026-07-22T23:24:09.483] [DEBUG] debug-file - runTaskFromQueue task cost before running: 580 ms 
[2026-07-22T23:24:09.483] [INFO] debug-file - Finished ::DuplicateDependencyCheck... after 1 ms 
[2026-07-22T23:24:09.484] [DEBUG] debug-file - Executing task :electron:default@CreateModuleInfo
[2026-07-22T23:24:09.484] [DEBUG] debug-file - Task 'electron:default@CreateModuleInfo' cost while wrapping incremental declarations: 1 ms 
[2026-07-22T23:24:09.485] [DEBUG] debug-file - electron : default@CreateModuleInfo cost memory 0.05060577392578125
[2026-07-22T23:24:09.485] [DEBUG] debug-file - runTaskFromQueue task cost before running: 581 ms 
[2026-07-22T23:24:09.485] [INFO] debug-file - Finished :electron:default@CreateModuleInfo... after 1 ms 
[2026-07-22T23:24:09.488] [DEBUG] debug-file - Executing task :electron:default@GenerateMetadata
[2026-07-22T23:24:09.488] [DEBUG] debug-file - Task 'electron:default@GenerateMetadata' cost while wrapping incremental declarations: 1 ms 
[2026-07-22T23:24:09.489] [DEBUG] debug-file - electron:default@GenerateMetadata is not up-to-date, since the output file 'C:\Users\scottsmith\project\Archive-Markdown-Editor-For-HarmonyOS\app\ame\electron\build\default\intermediates\hap_metadata\default\output_metadata.json' does not exist.
[2026-07-22T23:24:09.489] [DEBUG] debug-file - Incremental task electron:default@GenerateMetadata pre-execution cost: 1 ms .
[2026-07-22T23:24:09.491] [DEBUG] debug-file - electron : default@GenerateMetadata cost memory 0.13304901123046875
[2026-07-22T23:24:09.491] [DEBUG] debug-file - runTaskFromQueue task cost before running: 588 ms 
[2026-07-22T23:24:09.491] [INFO] debug-file - Finished :electron:default@GenerateMetadata... after 4 ms 
[2026-07-22T23:24:09.492] [DEBUG] debug-file - Executing task :electron:default@PreCheckSyscap
[2026-07-22T23:24:09.492] [DEBUG] debug-file - electron : default@PreCheckSyscap cost memory 0.0205841064453125
[2026-07-22T23:24:09.492] [DEBUG] debug-file - runTaskFromQueue task cost before running: 589 ms 
[2026-07-22T23:24:09.492] [INFO] debug-file - Finished :electron:default@PreCheckSyscap... after 1 ms 
[2026-07-22T23:24:09.494] [DEBUG] debug-file - Executing task :electron:default@GeneratePkgContextInfo
[2026-07-22T23:24:09.497] [DEBUG] debug-file - Task 'electron:default@GeneratePkgContextInfo' cost while wrapping incremental declarations: 1 ms 
[2026-07-22T23:24:09.498] [DEBUG] debug-file - electron : default@GeneratePkgContextInfo cost memory 0.41938018798828125
[2026-07-22T23:24:09.498] [DEBUG] debug-file - runTaskFromQueue task cost before running: 594 ms 
[2026-07-22T23:24:09.498] [INFO] debug-file - Finished :electron:default@GeneratePkgContextInfo... after 5 ms 
[2026-07-22T23:24:09.499] [DEBUG] debug-file - Executing task :electron:default@GeneratePkgSdkInfo
[2026-07-22T23:24:09.500] [DEBUG] debug-file - Task 'electron:default@GeneratePkgSdkInfo' cost while wrapping incremental declarations: 1 ms 
[2026-07-22T23:24:09.500] [DEBUG] debug-file - electron:default@GeneratePkgSdkInfo is not up-to-date, since the output file 'C:\Users\scottsmith\project\Archive-Markdown-Editor-For-HarmonyOS\app\ame\electron\build\default\intermediates\loader\default\pkgSdkInfo.json' does not exist.
[2026-07-22T23:24:09.501] [DEBUG] debug-file - Incremental task electron:default@GeneratePkgSdkInfo pre-execution cost: 1 ms .
[2026-07-22T23:24:09.501] [DEBUG] debug-file - electron : default@GeneratePkgSdkInfo cost memory 0.2127532958984375
[2026-07-22T23:24:09.501] [DEBUG] debug-file - runTaskFromQueue task cost before running: 598 ms 
[2026-07-22T23:24:09.501] [INFO] debug-file - Finished :electron:default@GeneratePkgSdkInfo... after 3 ms 
[2026-07-22T23:24:09.504] [DEBUG] debug-file - Executing task :electron:default@ProcessIntegratedHsp
[2026-07-22T23:24:09.504] [DEBUG] debug-file - electron:default@ProcessIntegratedHsp is not up-to-date, since the output file 'C:\Users\scottsmith\project\Archive-Markdown-Editor-For-HarmonyOS\app\ame\build\cache\default\integrated_hsp\integratedHspCache.json' does not exist.
[2026-07-22T23:24:09.505] [DEBUG] debug-file - Incremental task electron:default@ProcessIntegratedHsp pre-execution cost: 1 ms .
[2026-07-22T23:24:09.505] [DEBUG] debug-file - electron : default@ProcessIntegratedHsp cost memory 0.06514739990234375
[2026-07-22T23:24:09.505] [DEBUG] debug-file - runTaskFromQueue task cost before running: 601 ms 
[2026-07-22T23:24:09.505] [INFO] debug-file - Finished :electron:default@ProcessIntegratedHsp... after 1 ms 
[2026-07-22T23:24:09.506] [DEBUG] debug-file - Executing task :web_engine:default@CreateHarBuildProfile
[2026-07-22T23:24:09.506] [DEBUG] debug-file - Task 'web_engine:default@CreateHarBuildProfile' cost while wrapping incremental declarations: 1 ms 
[2026-07-22T23:24:09.507] [DEBUG] debug-file - web_engine:default@CreateHarBuildProfile is not up-to-date, since the input file 'C:\Users\scottsmith\project\Archive-Markdown-Editor-For-HarmonyOS\app\ame\build-profile.json5' has been changed.
[2026-07-22T23:24:09.507] [DEBUG] debug-file - Incremental task web_engine:default@CreateHarBuildProfile pre-execution cost: 1 ms .
[2026-07-22T23:24:09.507] [DEBUG] debug-file - web_engine : default@CreateHarBuildProfile cost memory 0.10198211669921875
[2026-07-22T23:24:09.508] [DEBUG] debug-file - runTaskFromQueue task cost before running: 604 ms 
[2026-07-22T23:24:09.508] [INFO] debug-file - Finished :web_engine:default@CreateHarBuildProfile... after 2 ms 
[2026-07-22T23:24:09.508] [DEBUG] debug-file - Executing task :web_engine:default@ConfigureCmake
[2026-07-22T23:24:09.508] [DEBUG] debug-file - web_engine : default@ConfigureCmake cost memory 0.01636505126953125
[2026-07-22T23:24:09.509] [DEBUG] debug-file - runTaskFromQueue task cost before running: 605 ms 
[2026-07-22T23:24:09.509] [INFO] debug-file - Finished :web_engine:default@ConfigureCmake... after 1 ms 
[2026-07-22T23:24:09.509] [DEBUG] debug-file - Executing task :web_engine:default@MergeProfile
[2026-07-22T23:24:09.510] [DEBUG] debug-file - Task 'web_engine:default@MergeProfile' cost while wrapping incremental declarations: 1 ms 
[2026-07-22T23:24:09.510] [DEBUG] debug-file - web_engine:default@MergeProfile is not up-to-date, since the input file 'C:\Users\scottsmith\project\Archive-Markdown-Editor-For-HarmonyOS\app\ame\build-profile.json5' has been changed.
[2026-07-22T23:24:09.510] [DEBUG] debug-file - Incremental task web_engine:default@MergeProfile pre-execution cost: 1 ms .
[2026-07-22T23:24:09.510] [DEBUG] debug-file - Change app api release type with 'Release'
[2026-07-22T23:24:09.511] [DEBUG] debug-file - Change app compile API version with '6.1.1.125'
[2026-07-22T23:24:09.511] [DEBUG] debug-file - Change app target API version with '60002022'
[2026-07-22T23:24:09.511] [DEBUG] debug-file - Change app minimum API version with '50005017'
[2026-07-22T23:24:09.511] [DEBUG] debug-file - Use cli appEnvironment
[2026-07-22T23:24:09.513] [DEBUG] debug-file - web_engine : default@MergeProfile cost memory 0.264190673828125
[2026-07-22T23:24:09.513] [DEBUG] debug-file - runTaskFromQueue task cost before running: 610 ms 
[2026-07-22T23:24:09.514] [INFO] debug-file - Finished :web_engine:default@MergeProfile... after 4 ms 
[2026-07-22T23:24:09.515] [DEBUG] debug-file - Executing task :electron:default@SyscapTransform
[2026-07-22T23:24:09.515] [DEBUG] debug-file - File: 'C:\Users\scottsmith\project\Archive-Markdown-Editor-For-HarmonyOS\app\ame\electron\src\main\syscap.json' from 'sysCapJsonPath' is not exists, just ignore.
[2026-07-22T23:24:09.515] [DEBUG] debug-file - Task 'electron:default@SyscapTransform' cost while wrapping incremental declarations: 1 ms 
[2026-07-22T23:24:09.516] [DEBUG] debug-file - electron:default@SyscapTransform is not up-to-date, since the output file 'C:\Users\scottsmith\project\Archive-Markdown-Editor-For-HarmonyOS\app\ame\electron\build\default\intermediates\syscap\default\rpcid.sc' does not exist.
[2026-07-22T23:24:09.516] [DEBUG] debug-file - Incremental task electron:default@SyscapTransform pre-execution cost: 1 ms .
[2026-07-22T23:24:09.516] [DEBUG] debug-file - electron : default@SyscapTransform cost memory 0.1657562255859375
[2026-07-22T23:24:09.516] [DEBUG] debug-file - runTaskFromQueue task cost before running: 613 ms 
[2026-07-22T23:24:09.516] [INFO] debug-file - Finished :electron:default@SyscapTransform... after 2 ms 
[2026-07-22T23:24:09.517] [DEBUG] debug-file - Executing task :electron:default@ProcessRouterMap
[2026-07-22T23:24:09.519] [DEBUG] debug-file - electron:default@ProcessRouterMap is not up-to-date, since the output file 'C:\Users\scottsmith\project\Archive-Markdown-Editor-For-HarmonyOS\app\ame\electron\build\default\intermediates\router_map\default\temp-router-map.json' does not exist.
[2026-07-22T23:24:09.519] [DEBUG] debug-file - Incremental task electron:default@ProcessRouterMap pre-execution cost: 1 ms .
[2026-07-22T23:24:09.521] [DEBUG] debug-file - electron : default@ProcessRouterMap cost memory 0.18807220458984375
[2026-07-22T23:24:09.522] [DEBUG] debug-file - runTaskFromQueue task cost before running: 618 ms 
[2026-07-22T23:24:09.522] [INFO] debug-file - Finished :electron:default@ProcessRouterMap... after 5 ms 
[2026-07-22T23:24:09.523] [DEBUG] debug-file - Executing task :electron:default@ProcessShareConfig
[2026-07-22T23:24:09.524] [DEBUG] debug-file - electron:default@ProcessShareConfig is not up-to-date, since the output file 'C:\Users\scottsmith\project\Archive-Markdown-Editor-For-HarmonyOS\app\ame\electron\build\default\intermediates\share_config\default\temp-share-config.json' does not exist.
[2026-07-22T23:24:09.524] [DEBUG] debug-file - Incremental task electron:default@ProcessShareConfig pre-execution cost: 1 ms .
[2026-07-22T23:24:09.526] [DEBUG] debug-file - electron : default@ProcessShareConfig cost memory 0.162506103515625
[2026-07-22T23:24:09.526] [DEBUG] debug-file - runTaskFromQueue task cost before running: 623 ms 
[2026-07-22T23:24:09.526] [INFO] debug-file - Finished :electron:default@ProcessShareConfig... after 4 ms 
[2026-07-22T23:24:09.527] [DEBUG] debug-file - Executing task :electron:default@ProcessStartupConfig
[2026-07-22T23:24:09.527] [DEBUG] debug-file - Task 'electron:default@ProcessStartupConfig' cost while wrapping incremental declarations: 1 ms 
[2026-07-22T23:24:09.528] [DEBUG] debug-file - electron:default@ProcessStartupConfig is not up-to-date, since the output file 'C:\Users\scottsmith\project\Archive-Markdown-Editor-For-HarmonyOS\app\ame\electron\build\default\intermediates\startup\default\startup_config.json' does not exist.
[2026-07-22T23:24:09.528] [DEBUG] debug-file - Incremental task electron:default@ProcessStartupConfig pre-execution cost: 1 ms .
[2026-07-22T23:24:09.528] [DEBUG] debug-file - electron : default@ProcessStartupConfig cost memory 0.13066864013671875
[2026-07-22T23:24:09.528] [DEBUG] debug-file - runTaskFromQueue task cost before running: 625 ms 
[2026-07-22T23:24:09.529] [INFO] debug-file - Finished :electron:default@ProcessStartupConfig... after 2 ms 
[2026-07-22T23:24:09.529] [DEBUG] debug-file - Executing task :electron:default@CreateBuildProfile
[2026-07-22T23:24:09.530] [DEBUG] debug-file - Task 'electron:default@CreateBuildProfile' cost while wrapping incremental declarations: 1 ms 
[2026-07-22T23:24:09.530] [DEBUG] debug-file - electron:default@CreateBuildProfile is not up-to-date, since the input file 'C:\Users\scottsmith\project\Archive-Markdown-Editor-For-HarmonyOS\app\ame\build-profile.json5' has been changed.
[2026-07-22T23:24:09.530] [DEBUG] debug-file - Incremental task electron:default@CreateBuildProfile pre-execution cost: 1 ms .
[2026-07-22T23:24:09.531] [DEBUG] debug-file - electron : default@CreateBuildProfile cost memory 0.12722015380859375
[2026-07-22T23:24:09.531] [DEBUG] debug-file - runTaskFromQueue task cost before running: 628 ms 
[2026-07-22T23:24:09.532] [INFO] debug-file - Finished :electron:default@CreateBuildProfile... after 2 ms 
[2026-07-22T23:24:09.532] [DEBUG] debug-file - Executing task :web_engine:default@BuildNativeWithCmake
[2026-07-22T23:24:09.533] [DEBUG] debug-file - web_engine : default@BuildNativeWithCmake cost memory 0.01922607421875
[2026-07-22T23:24:09.533] [DEBUG] debug-file - runTaskFromQueue task cost before running: 629 ms 
[2026-07-22T23:24:09.533] [INFO] debug-file - Finished :web_engine:default@BuildNativeWithCmake... after 1 ms 
[2026-07-22T23:24:09.533] [DEBUG] debug-file - Executing task :electron:default@MergeProfile
[2026-07-22T23:24:09.534] [DEBUG] debug-file - Task 'electron:default@MergeProfile' cost while wrapping incremental declarations: 1 ms 
[2026-07-22T23:24:09.534] [DEBUG] debug-file - electron:default@MergeProfile is not up-to-date, since the input file 'C:\Users\scottsmith\project\Archive-Markdown-Editor-For-HarmonyOS\app\ame\build-profile.json5' has been changed.
[2026-07-22T23:24:09.534] [DEBUG] debug-file - Incremental task electron:default@MergeProfile pre-execution cost: 1 ms .
[2026-07-22T23:24:09.534] [DEBUG] debug-file - Change app api release type with 'Release'
[2026-07-22T23:24:09.535] [DEBUG] debug-file - Change app compile API version with '6.1.1.125'
[2026-07-22T23:24:09.535] [DEBUG] debug-file - Change app target API version with '60002022'
[2026-07-22T23:24:09.535] [DEBUG] debug-file - Change app minimum API version with '50005017'
[2026-07-22T23:24:09.535] [DEBUG] debug-file - Use cli appEnvironment
[2026-07-22T23:24:09.537] [DEBUG] debug-file - electron : default@MergeProfile cost memory 0.382720947265625
[2026-07-22T23:24:09.537] [DEBUG] debug-file - runTaskFromQueue task cost before running: 634 ms 
[2026-07-22T23:24:09.538] [INFO] debug-file - Finished :electron:default@MergeProfile... after 5 ms 
[2026-07-22T23:24:09.539] [DEBUG] debug-file - Obtain build option for module 'web_engine' target 'default'in this build.
[2026-07-22T23:24:09.540] [DEBUG] debug-file - Executing task :electron:default@GenerateLoaderJson
[2026-07-22T23:24:09.540] [DEBUG] debug-file - Task 'electron:default@GenerateLoaderJson' cost while wrapping incremental declarations: 1 ms 
[2026-07-22T23:24:09.542] [DEBUG] debug-file - Obtain build option for module 'web_engine' target 'default'in this build.
[2026-07-22T23:24:09.543] [DEBUG] debug-file - Obtain build option for module 'web_engine' target 'default'in this build.
[2026-07-22T23:24:09.544] [DEBUG] debug-file - Obtain build option for module 'web_engine' target 'default'in this build.
[2026-07-22T23:24:09.545] [DEBUG] debug-file - Obtain build option for module 'web_engine' target 'default'in this build.
[2026-07-22T23:24:09.545] [DEBUG] debug-file - Obtain build option for module 'web_engine' target 'default'in this build.
[2026-07-22T23:24:09.546] [DEBUG] debug-file - electron:default@GenerateLoaderJson is not up-to-date, since the input file 'C:\Users\scottsmith\project\Archive-Markdown-Editor-For-HarmonyOS\app\ame\electron\build\default\intermediates\router_map\default\temp-router-map.json' has been changed.
[2026-07-22T23:24:09.546] [DEBUG] debug-file - Incremental task electron:default@GenerateLoaderJson pre-execution cost: 3 ms .
[2026-07-22T23:24:09.546] [DEBUG] debug-file - Obtain build option for module 'web_engine' target 'default'in this build.
[2026-07-22T23:24:09.549] [DEBUG] debug-file - electron : default@GenerateLoaderJson cost memory 0.6234970092773438
[2026-07-22T23:24:09.549] [DEBUG] debug-file - runTaskFromQueue task cost before running: 646 ms 
[2026-07-22T23:24:09.551] [DEBUG] debug-file - Obtain build option for module 'web_engine' target 'default'in this build.
[2026-07-22T23:24:09.552] [DEBUG] debug-file - Obtain build option for module 'web_engine' target 'default'in this build.
[2026-07-22T23:24:09.552] [INFO] debug-file - Finished :electron:default@GenerateLoaderJson... after 10 ms 
[2026-07-22T23:24:09.552] [DEBUG] debug-file - Executing task :electron:default@ConfigureCmake
[2026-07-22T23:24:09.553] [DEBUG] debug-file - electron : default@ConfigureCmake cost memory 0.02011871337890625
[2026-07-22T23:24:09.553] [DEBUG] debug-file - runTaskFromQueue task cost before running: 649 ms 
[2026-07-22T23:24:09.553] [INFO] debug-file - Finished :electron:default@ConfigureCmake... after 1 ms 
[2026-07-22T23:24:09.554] [DEBUG] debug-file - Executing task :web_engine:default@BuildNativeWithNinja
[2026-07-22T23:24:09.555] [DEBUG] debug-file - web_engine : default@BuildNativeWithNinja cost memory 0.03157806396484375
[2026-07-22T23:24:09.555] [DEBUG] debug-file - runTaskFromQueue task cost before running: 652 ms 
[2026-07-22T23:24:09.555] [INFO] debug-file - Finished :web_engine:default@BuildNativeWithNinja... after 2 ms 
[2026-07-22T23:24:09.556] [DEBUG] debug-file - Executing task :electron:default@MakePackInfo
[2026-07-22T23:24:09.557] [DEBUG] debug-file - electron:default@MakePackInfo is not up-to-date, since the input file 'C:\Users\scottsmith\project\Archive-Markdown-Editor-For-HarmonyOS\app\ame\build-profile.json5' has been changed.
[2026-07-22T23:24:09.557] [DEBUG] debug-file - Incremental task electron:default@MakePackInfo pre-execution cost: 1 ms .
[2026-07-22T23:24:09.558] [DEBUG] debug-file - Module Pack Info:  {
  summary: {
    app: { bundleName: 'c***e', bundleType: 'app', version: [Object] },
    modules: [ [Object] ]
  },
  packages: [
    {
      deviceType: [Array],
      moduleType: 'entry',
      deliveryWithInstall: true,
      name: 'electron-default'
    }
  ]
}
[2026-07-22T23:24:09.559] [DEBUG] debug-file - electron : default@MakePackInfo cost memory 0.19525909423828125
[2026-07-22T23:24:09.559] [DEBUG] debug-file - runTaskFromQueue task cost before running: 655 ms 
[2026-07-22T23:24:09.559] [INFO] debug-file - Finished :electron:default@MakePackInfo... after 3 ms 
[2026-07-22T23:24:09.561] [DEBUG] debug-file - Executing task :electron:default@ProcessProfile
[2026-07-22T23:24:09.562] [DEBUG] debug-file - Task 'electron:default@ProcessProfile' cost while wrapping incremental declarations: 1 ms 
[2026-07-22T23:24:09.563] [DEBUG] debug-file - electron:default@ProcessProfile is not up-to-date, since the input file 'C:\Users\scottsmith\project\Archive-Markdown-Editor-For-HarmonyOS\app\ame\electron\build\default\intermediates\merge_profile\default\module.json' has been changed.
[2026-07-22T23:24:09.563] [DEBUG] debug-file - Incremental task electron:default@ProcessProfile pre-execution cost: 1 ms .
[2026-07-22T23:24:09.564] [DEBUG] debug-file - [
  'C:\\Program Files\\Huawei\\DevEco Studio\\tools\\node\\node.exe',
  'C:\\Program Files\\Huawei\\DevEco Studio\\sdk\\default\\openharmony\\ets\\build-tools\\ets-loader\\bin\\ark\\ts2abc.js',
  '--target-api-version',
  '17'
]
[2026-07-22T23:24:09.636] [DEBUG] debug-file - 12.0.6.0
[2026-07-22T23:24:09.638] [DEBUG] debug-file - No need to add fake ui ability because of not in preview process.
[2026-07-22T23:24:09.639] [DEBUG] debug-file - electron : default@ProcessProfile cost memory 0.6292648315429688
[2026-07-22T23:24:09.640] [DEBUG] debug-file - runTaskFromQueue task cost before running: 736 ms 
[2026-07-22T23:24:09.640] [INFO] debug-file - Finished :electron:default@ProcessProfile... after 79 ms 
[2026-07-22T23:24:09.640] [DEBUG] debug-file - Executing task :electron:default@BuildNativeWithCmake
[2026-07-22T23:24:09.640] [DEBUG] debug-file - electron : default@BuildNativeWithCmake cost memory 0.01639556884765625
[2026-07-22T23:24:09.640] [DEBUG] debug-file - runTaskFromQueue task cost before running: 737 ms 
[2026-07-22T23:24:09.641] [INFO] debug-file - Finished :electron:default@BuildNativeWithCmake... after 1 ms 
[2026-07-22T23:24:09.641] [DEBUG] debug-file - Executing task :web_engine:default@ProcessLibs
[2026-07-22T23:24:09.642] [DEBUG] debug-file - web_engine:default@ProcessLibs is not up-to-date, since the input file 'C:\Users\scottsmith\project\Archive-Markdown-Editor-For-HarmonyOS\app\ame\build-profile.json5' has been changed.
[2026-07-22T23:24:09.643] [DEBUG] debug-file - Incremental task web_engine:default@ProcessLibs pre-execution cost: 1 ms .
[2026-07-22T23:24:09.644] [DEBUG] debug-file - Worker dispatch failed, running processLibs on main thread.
[2026-07-22T23:24:09.645] [DEBUG] debug-file - web_engine : default@ProcessLibs cost memory 0.31705474853515625
[2026-07-22T23:24:09.645] [DEBUG] debug-file - runTaskFromQueue task cost before running: 741 ms 
[2026-07-22T23:24:09.645] [INFO] debug-file - Finished :web_engine:default@ProcessLibs... after 4 ms 
[2026-07-22T23:24:09.646] [DEBUG] debug-file - restool module names: electron,web_engine; moduleName=electron, taskName=default@ProcessResource
[2026-07-22T23:24:09.648] [DEBUG] debug-file - Executing task :electron:default@ProcessResource
[2026-07-22T23:24:09.648] [DEBUG] debug-file - Task 'electron:default@ProcessResource' cost while wrapping incremental declarations: 1 ms 
[2026-07-22T23:24:09.649] [DEBUG] debug-file - electron:default@ProcessResource is not up-to-date, since the output file 'C:\Users\scottsmith\project\Archive-Markdown-Editor-For-HarmonyOS\app\ame\electron\build\default\intermediates\res\default\resConfig.json' does not exist.
[2026-07-22T23:24:09.649] [DEBUG] debug-file - Incremental task electron:default@ProcessResource pre-execution cost: 1 ms .
[2026-07-22T23:24:09.650] [DEBUG] debug-file - electron : default@ProcessResource cost memory 0.19332122802734375
[2026-07-22T23:24:09.651] [DEBUG] debug-file - runTaskFromQueue task cost before running: 747 ms 
[2026-07-22T23:24:09.651] [INFO] debug-file - Finished :electron:default@ProcessResource... after 3 ms 
[2026-07-22T23:24:09.652] [DEBUG] debug-file - Executing task :web_engine:default@DoNativeStrip
[2026-07-22T23:24:09.652] [DEBUG] debug-file - File: 'C:\Users\scottsmith\project\Archive-Markdown-Editor-For-HarmonyOS\app\ame\web_engine\build\default\intermediates\binxo\default' from 'doBinxoNativeLibs' is not exists, just ignore.
[2026-07-22T23:24:09.652] [DEBUG] debug-file - Task 'web_engine:default@DoNativeStrip' cost while wrapping incremental declarations: 1 ms 
[2026-07-22T23:24:09.653] [DEBUG] debug-file - web_engine:default@DoNativeStrip is not up-to-date, since the output file 'C:\Users\scottsmith\project\Archive-Markdown-Editor-For-HarmonyOS\app\ame\web_engine\build\default\intermediates\stripped_native_libs\default' does not exist.
[2026-07-22T23:24:09.653] [DEBUG] debug-file - Incremental task web_engine:default@DoNativeStrip pre-execution cost: 1 ms .
[2026-07-22T23:24:09.655] [DEBUG] debug-file - web_engine : default@DoNativeStrip cost memory 0.1324310302734375
[2026-07-22T23:24:09.655] [DEBUG] debug-file - runTaskFromQueue task cost before running: 752 ms 
[2026-07-22T23:24:09.655] [INFO] debug-file - Finished :web_engine:default@DoNativeStrip... after 3 ms 
[2026-07-22T23:24:09.656] [DEBUG] debug-file - restool module names: electron,web_engine; moduleName=electron, taskName=default@CompileResource
[2026-07-22T23:24:09.657] [DEBUG] debug-file - Executing task :electron:default@CompileResource
[2026-07-22T23:24:09.688] [DEBUG] debug-file - electron:default@CompileResource is not up-to-date, since the input file 'C:\Users\scottsmith\project\Archive-Markdown-Editor-For-HarmonyOS\app\ame\electron\build\default\intermediates\process_profile\default\module.json' has been changed.
[2026-07-22T23:24:09.688] [DEBUG] debug-file - Incremental task electron:default@CompileResource pre-execution cost: 30 ms .
[2026-07-22T23:24:09.691] [DEBUG] debug-file - Use tool [C:\Program Files\Huawei\DevEco Studio\sdk\default\openharmony\toolchains\restool.exe]
 [
  'C:\\Program Files\\Huawei\\DevEco Studio\\sdk\\default\\openharmony\\toolchains\\restool.exe',
  '-l',
  'C:\\Users\\scottsmith\\project\\Archive-Markdown-Editor-For-HarmonyOS\\app\\ame\\electron\\build\\default\\intermediates\\res\\default\\resConfig.json'
]
[2026-07-22T23:24:09.692] [DEBUG] debug-file - current process  memoryUsage: {
  rss: 267419648,
  heapTotal: 191647744,
  heapUsed: 139360872,
  external: 3634508,
  arrayBuffers: 537597
} os memoryUsage :22.032978057861328
[2026-07-22T23:24:09.798] [DEBUG] debug-file - Info: Pack: normal pack mode

[2026-07-22T23:24:09.852] [DEBUG] debug-file - Info: hardware concurrency count is : 16
Info: thread count is : 16

[2026-07-22T23:24:09.852] [DEBUG] debug-file - Info: thread pool is started

[2026-07-22T23:24:09.854] [DEBUG] debug-file - Info: GenericCompiler::CompileFiles

[2026-07-22T23:24:09.857] [DEBUG] debug-file - Info: GenericCompiler::CompileFiles

[2026-07-22T23:24:09.862] [DEBUG] debug-file - Info: GenericCompiler::CompileFiles

[2026-07-22T23:24:09.886] [DEBUG] debug-file - 07-22 23:24:09.886 29948 28548 E C01400/ImageTranscoderUtils: DecodeToRGBA IN
07-22 23:24:09.886 29948 28548 E C01400/ImageTranscoderUtils: ImageFilter IN C:\Users\scottsmith\project\Archive-Markdown-Editor-For-HarmonyOS\app\ame\AppScope\resources\base\media\app_icon.png

[2026-07-22T23:24:09.889] [DEBUG] debug-file - 07-22 23:24:09.889 29948 28548 E C01400/ImageTranscoder: TranscodeSLR ScalePixelsWithSLR failed

[2026-07-22T23:24:09.890] [DEBUG] debug-file - Warning: ScaleImage failed, file path = C:\Users\scottsmith\project\Archive-Markdown-Editor-For-HarmonyOS\app\ame\AppScope\resources\base\media\app_icon.png

[2026-07-22T23:24:09.890] [DEBUG] debug-file - Warning: The width or height of the png file referenced by the icon exceeds the limit (41 pixels)
at C:\Users\scottsmith\project\Archive-Markdown-Editor-For-HarmonyOS\app\ame\AppScope\resources\base\media\app_icon.png

[2026-07-22T23:24:09.891] [DEBUG] debug-file - Warning: The width or height of the png file referenced by the startWindowIcon exceeds the limit (144 pixels)
at C:\Users\scottsmith\project\Archive-Markdown-Editor-For-HarmonyOS\app\ame\AppScope\resources\base\media\app_icon.png
Warning: The width or height of the png file referenced by the startWindowIcon exceeds the limit (144 pixels)
at C:\Users\scottsmith\project\Archive-Markdown-Editor-For-HarmonyOS\app\ame\AppScope\resources\base\media\startIcon.png

[2026-07-22T23:24:09.920] [DEBUG] debug-file - Info: file '.github' is ignored by default filename pattern '\..+'.

[2026-07-22T23:24:09.921] [DEBUG] debug-file - Info: file '.gitignore' is ignored by default filename pattern '\..+'.

[2026-07-22T23:24:09.980] [DEBUG] debug-file - Info: restool resources compile success.

[2026-07-22T23:24:09.981] [DEBUG] debug-file - Info: thread pool is stopped

[2026-07-22T23:24:10.039] [WARN] debug-file - Warning: 'button_cancel' conflict, first declared.
at C:\Users\scottsmith\project\Archive-Markdown-Editor-For-HarmonyOS\app\ame\electron\src\main\resources\base\element\string.json
but declared again.
at C:\Users\scottsmith\project\Archive-Markdown-Editor-For-HarmonyOS\app\ame\web_engine\src\main\resources\base\element\string.json
Warning: 'button_cancel' conflict, first declared.
at C:\Users\scottsmith\project\Archive-Markdown-Editor-For-HarmonyOS\app\ame\electron\src\main\resources\en_US\element\string.json
but declared again.
at C:\Users\scottsmith\project\Archive-Markdown-Editor-For-HarmonyOS\app\ame\web_engine\src\main\resources\en_US\element\string.json
Warning: 'button_cancel' conflict, first declared.
at C:\Users\scottsmith\project\Archive-Markdown-Editor-For-HarmonyOS\app\ame\electron\src\main\resources\zh_CN\element\string.json
but declared again.
at C:\Users\scottsmith\project\Archive-Markdown-Editor-For-HarmonyOS\app\ame\web_engine\src\main\resources\zh_CN\element\string.json
Warning: 'button_ok' conflict, first declared.
at C:\Users\scottsmith\project\Archive-Markdown-Editor-For-HarmonyOS\app\ame\electron\src\main\resources\base\element\string.json
but declared again.
at C:\Users\scottsmith\project\Archive-Markdown-Editor-For-HarmonyOS\app\ame\web_engine\src\main\resources\base\element\string.json
Warning: 'button_ok' conflict, first declared.
at C:\Users\scottsmith\project\Archive-Markdown-Editor-For-HarmonyOS\app\ame\electron\src\main\resources\en_US\element\string.json
but declared again.
at C:\Users\scottsmith\project\Archive-Markdown-Editor-For-HarmonyOS\app\ame\web_engine\src\main\resources\en_US\element\string.json
Warning: 'button_ok' conflict, first declared.
at C:\Users\scottsmith\project\Archive-Markdown-Editor-For-HarmonyOS\app\ame\electron\src\main\resources\zh_CN\element\string.json
but declared again.
at C:\Users\scottsmith\project\Archive-Markdown-Editor-For-HarmonyOS\app\ame\web_engine\src\main\resources\zh_CN\element\string.json
Warning: 'button_background' conflict, first declared.
at C:\Users\scottsmith\project\Archive-Markdown-Editor-For-HarmonyOS\app\ame\electron\src\main\resources\base\element\color.json
but declared again.
at C:\Users\scottsmith\project\Archive-Markdown-Editor-For-HarmonyOS\app\ame\web_engine\src\main\resources\base\element\color.json
Warning: 'button_font' conflict, first declared.
at C:\Users\scottsmith\project\Archive-Markdown-Editor-For-HarmonyOS\app\ame\electron\src\main\resources\base\element\color.json
but declared again.
at C:\Users\scottsmith\project\Archive-Markdown-Editor-For-HarmonyOS\app\ame\web_engine\src\main\resources\base\element\color.json
Warning: 'checkbox_selected' conflict, first declared.
at C:\Users\scottsmith\project\Archive-Markdown-Editor-For-HarmonyOS\app\ame\electron\src\main\resources\base\element\color.json
but declared again.
at C:\Users\scottsmith\project\Archive-Markdown-Editor-For-HarmonyOS\app\ame\web_engine\src\main\resources\base\element\color.json
Warning: 'start_window_background' conflict, first declared.
at C:\Users\scottsmith\project\Archive-Markdown-Editor-For-HarmonyOS\app\ame\electron\src\main\resources\base\element\color.json
but declared again.
at C:\Users\scottsmith\project\Archive-Markdown-Editor-For-HarmonyOS\app\ame\web_engine\src\main\resources\base\element\color.json

[2026-07-22T23:24:10.041] [DEBUG] debug-file - electron : default@CompileResource cost memory -7.4028472900390625
[2026-07-22T23:24:10.041] [DEBUG] debug-file - runTaskFromQueue task cost before running: 1 s 138 ms 
[2026-07-22T23:24:10.042] [INFO] debug-file - Finished :electron:default@CompileResource... after 385 ms 
[2026-07-22T23:24:10.043] [DEBUG] debug-file - Executing task :electron:default@BuildNativeWithNinja
[2026-07-22T23:24:10.044] [DEBUG] debug-file - electron : default@BuildNativeWithNinja cost memory 0.03194427490234375
[2026-07-22T23:24:10.044] [DEBUG] debug-file - runTaskFromQueue task cost before running: 1 s 141 ms 
[2026-07-22T23:24:10.044] [INFO] debug-file - Finished :electron:default@BuildNativeWithNinja... after 2 ms 
[2026-07-22T23:24:10.046] [DEBUG] debug-file - Executing task :electron:default@CompileArkTS
[2026-07-22T23:24:10.048] [DEBUG] debug-file - Obtain build option for module 'web_engine' target 'default'in this build.
[2026-07-22T23:24:10.048] [DEBUG] debug-file - Collect obfuscation config from library web_engine.
[2026-07-22T23:24:10.051] [DEBUG] debug-file - obfuscationOptions: {"selfConfig":{"ruleOptions":{"enable":false,"rules":[]},"consumerRules":[]},"sdkApis":[],"obfuscationCacheDir":"C:\\Users\\scottsmith\\project\\Archive-Markdown-Editor-For-HarmonyOS\\app\\ame\\electron\\build\\default\\cache\\default\\default@CompileArkTS\\esmodule\\release\\obfuscation","exportRulePath":"C:\\Users\\scottsmith\\project\\Archive-Markdown-Editor-For-HarmonyOS\\app\\ame\\electron\\build\\default\\intermediates\\obfuscation\\default\\obfuscation.txt","dependencies":{"libraries":[{"ruleOptions":{"enable":false,"rules":[]},"consumerRules":["C:\\Users\\scottsmith\\project\\Archive-Markdown-Editor-For-HarmonyOS\\app\\ame\\web_engine\\consumer-rules.txt"],"libDir":"C:\\Users\\scottsmith\\project\\Archive-Markdown-Editor-For-HarmonyOS\\app\\ame\\web_engine"}],"hspLibraries":[],"hars":[],"hsps":[]}}
[2026-07-22T23:24:10.054] [DEBUG] debug-file - Task 'electron:default@CompileArkTS' cost while wrapping incremental declarations: 1 ms 
[2026-07-22T23:24:10.058] [DEBUG] debug-file - electron:default@CompileArkTS is not up-to-date, since the input file 'C:\Users\scottsmith\project\Archive-Markdown-Editor-For-HarmonyOS\app\ame\electron\build\default\intermediates\loader\default' has been changed.
[2026-07-22T23:24:10.058] [DEBUG] debug-file - Incremental task electron:default@CompileArkTS pre-execution cost: 3 ms .
[2026-07-22T23:24:10.067] [DEBUG] debug-file - build config:
[2026-07-22T23:24:10.067] [DEBUG] debug-file - {
  moduleType: 'entry',
  perf: 0,
  targetName: '.default',
  packageManagerType: 'ohpm',
  localPropertiesPath: 'C:\\Users\\scottsmith\\project\\Archive-Markdown-Editor-For-HarmonyOS\\app\\ame\\local.properties',
  isPreview: false,
  isOhosTest: false,
  isLocalTest: false,
  buildMode: 'Release',
  hotReloadBuild: undefined,
  watchMode: 'false',
  aceProfilePath: 'C:\\Users\\scottsmith\\project\\Archive-Markdown-Editor-For-HarmonyOS\\app\\ame\\electron\\build\\default\\intermediates\\res\\default\\resources\\base\\profile',
  etsLoaderPath: 'C:\\Program Files\\Huawei\\DevEco Studio\\sdk\\default\\openharmony\\ets\\build-tools\\ets-loader',
  modulePath: 'C:\\Users\\scottsmith\\project\\Archive-Markdown-Editor-For-HarmonyOS\\app\\ame\\electron',
  testFrameworkPar: {
    testMode: undefined,
    coveragePathFilter: undefined,
    coverageMode: undefined
  },
  needCoverageInsert: false,
  debugLine: false,
  projectTopDir: 'C:\\Users\\scottsmith\\project\\Archive-Markdown-Editor-For-HarmonyOS\\app\\ame',
  compileSdkVersion: 24,
  compatibleSdkVersion: 17,
  originCompatibleSdkVersion: '5.0.5(17)',
  compatibleSdkVersionStage: undefined,
  bundleName: 'c***e',
  etsLoaderVersion: '6.1.1.125',
  etsLoaderReleaseType: 'Release',
  aotCompileMode: 'type',
  apPath: 'C:\\Users\\scottsmith\\project\\Archive-Markdown-Editor-For-HarmonyOS\\app\\ame\\electron\\modules.ap',
  entryModuleName: 'electron',
  entryModuleVersion: '1.2.3',
  entryPackageName: 'ame',
  allModuleNameHash: '1dd699aafb50747b447af15ee0483b063518d7578375cdc0f77be032f15639dd',
  externalApiPaths: [
    'C:\\Program Files\\Huawei\\DevEco Studio\\sdk\\default\\hms\\ets'
  ],
  compilerTypes: [],
  isCrossplatform: false,
  hvigorPluginFile: undefined,
  compilePluginPath: undefined,
  buildGeneratedProfilePath: 'C:\\Users\\scottsmith\\project\\Archive-Markdown-Editor-For-HarmonyOS\\app\\ame\\electron\\build\\default\\generated\\profile\\default',
  bundleType: 'app',
  arkTSVersion: undefined,
  apiVersion: 24,
  needCompleteSourcesMap: false,
  isFaMode: false,
  buildDir: 'C:\\Users\\scottsmith\\project\\Archive-Markdown-Editor-For-HarmonyOS\\app\\ame\\electron\\build',
  deviceTypes: [ '2in1', 'tablet' ],
  pkgContextInfo: undefined,
  ohPackagePathMap: {},
  dependencyAliasMap: {},
  permission: { requestPermissions: undefined, definePermissions: undefined },
  useGetCurrentBundleName: false,
  projectArkOption: { obfuscation: { ruleOptions: [Object], consumerRules: [] } },
  sourceMapDir: undefined,
  branchElimination: false,
  transformLib: undefined,
  tsImportSendable: false,
  resolveConflictMode: true,
  depName2RootPath: {},
  depName2DepInfo: {},
  depName2OhExports: {},
  rootPathSet: [
    'C:\\Users\\scottsmith\\project\\Archive-Markdown-Editor-For-HarmonyOS\\app\\ame'
  ],
  useNativeResolver: true,
  shouldEmitJs: true,
  useTscResolve: false,
  singleFileEmit: false,
  userProjectConfig: {
    autoLazyImport: false,
    allowEmptyBundleName: false,
    reExportCheckMode: 'noCheck',
    executionMode: 'memory',
    usePathPlaceholder: false,
    writeRollupCache: true,
    isExpandImportEnabled: false,
    expandImportExclude: '',
    lazyImportExclude: '',
    lazyImportInclude: '',
    ignoreCrossplatformCheck: false,
    isHarDeduplicateEnabled: false,
    skipOhModulesLint: false,
    enableStrictCheckOHModule: false,
    disableSendableCheckRules: [],
    useDeclarationFileSignature: false,
    customizedOptions: undefined,
    integratedHsp: false,
    isPreloadSoEnabled: false
  },
  executionMode: 'memory',
  arkCompileCachePath: 'C:\\Users\\scottsmith\\project\\Archive-Markdown-Editor-For-HarmonyOS\\app\\ame\\electron\\build\\default\\cache\\default\\default@CompileArkTS\\esmodule',
  autoLazyFilter: undefined,
  isHarDeduplicateEnabled: false,
  intermediateHarDuplicateDirPath: 'C:\\Users\\scottsmith\\project\\Archive-Markdown-Editor-For-HarmonyOS\\app\\ame\\electron\\build\\default\\intermediates\\har_duplicate\\default',
  autoLazyImport: false,
  allowEmptyBundleName: false,
  reExportCheckMode: 'noCheck',
  usePathPlaceholder: false,
  writeRollupCache: true,
  isExpandImportEnabled: false,
  expandImportExclude: '',
  lazyImportExclude: '',
  lazyImportInclude: '',
  ignoreCrossplatformCheck: false,
  skipOhModulesLint: false,
  enableStrictCheckOHModule: false,
  disableSendableCheckRules: [],
  useDeclarationFileSignature: false,
  customizedOptions: undefined,
  integratedHsp: false,
  isPreloadSoEnabled: false,
  strictMode: undefined,
  useNormalizedOHMUrl: false,
  caseSensitiveCheck: false,
  strictCheckerOnly: false,
  aceModuleJsonPath: 'C:\\Users\\scottsmith\\project\\Archive-Markdown-Editor-For-HarmonyOS\\app\\ame\\electron\\build\\default\\intermediates\\res\\default\\ark_module.json',
  appResource: 'C:\\Users\\scottsmith\\project\\Archive-Markdown-Editor-For-HarmonyOS\\app\\ame\\electron\\build\\default\\intermediates\\res\\default\\ResourceTable.txt',
  rawFileResource: 'C:\\Users\\scottsmith\\project\\Archive-Markdown-Editor-For-HarmonyOS\\app\\ame\\electron\\build\\default\\intermediates\\res\\default\\resources\\rawfile',
  resourceTableHash: 'd22ecbebfd05b9d26ca1ca9fe811e57d5a8a17a7657cb46cbb49d4c0711c23dc',
  runtimeOS: 'HarmonyOS',
  sdkInfo: 'false:24:6.1.1.125:Release',
  aceModuleRoot: 'C:\\Users\\scottsmith\\project\\Archive-Markdown-Editor-For-HarmonyOS\\app\\ame\\electron\\src\\main\\ets',
  compileMode: 'esmodule',
  aceSuperVisualPath: 'C:\\Users\\scottsmith\\project\\Archive-Markdown-Editor-For-HarmonyOS\\app\\ame\\electron\\src\\main\\supervisual',
  aceBuildJson: 'C:\\Users\\scottsmith\\project\\Archive-Markdown-Editor-For-HarmonyOS\\app\\ame\\electron\\build\\default\\intermediates\\loader\\default\\loader.json',
  cachePath: 'C:\\Users\\scottsmith\\project\\Archive-Markdown-Editor-For-HarmonyOS\\app\\ame\\electron\\build\\default\\cache\\default\\default@CompileArkTS\\esmodule\\release',
  aceModuleBuild: 'C:\\Users\\scottsmith\\project\\Archive-Markdown-Editor-For-HarmonyOS\\app\\ame\\electron\\build\\default\\intermediates\\loader_out\\default\\ets',
  supportChunks: true,
  declaredFilesPath: undefined,
  shouldCollectDirectImportees: false,
  isByteCodeHarOptimize: false,
  expandImportPath: undefined,
  resourceTableTs: 'C:\\Users\\scottsmith\\project\\Archive-Markdown-Editor-For-HarmonyOS\\app\\ame\\electron\\build\\default\\generated\\r\\default\\ResourceTable.ts',
  moduleMetaInfoFiles: [
    {
      filePath: 'C:\\Users\\scottsmith\\project\\Archive-Markdown-Editor-For-HarmonyOS\\app\\ame\\electron\\build\\default\\generated\\r\\default\\ResourceTable.ts',
      ohmurl: 'com.scottsmith.ame/electron/build/generated/r/ResourceTable'
    }
  ],
  pkgNameToPkgBriefInfo: {
    web_engine: {
      pkgRoot: 'C:\\Users\\scottsmith\\project\\Archive-Markdown-Editor-For-HarmonyOS\\app\\ame\\web_engine',
      pkgName: 'web_engine',
      sourceRoots: [Array],
      originalSourceRoots: undefined
    },
    ame: {
      pkgRoot: 'C:\\Users\\scottsmith\\project\\Archive-Markdown-Editor-For-HarmonyOS\\app\\ame\\electron',
      originalSourceRoots: undefined,
      sourceRoots: [Array],
      pkgName: 'ame'
    }
  },
  projectModel: {
    'C:\\Users\\scottsmith\\project\\Archive-Markdown-Editor-For-HarmonyOS\\app\\ame\\electron\\src\\main': {
      moduleName: 'electron',
      modulePkgPath: 'C:\\Users\\scottsmith\\project\\Archive-Markdown-Editor-For-HarmonyOS\\app\\ame\\electron',
      belongProjectPath: 'C:\\Users\\scottsmith\\project\\Archive-Markdown-Editor-For-HarmonyOS\\app\\ame'
    },
    'C:\\Users\\scottsmith\\project\\Archive-Markdown-Editor-For-HarmonyOS\\app\\ame\\electron\\src\\ohosTest': {
      moduleName: 'pc_test',
      modulePkgPath: 'C:\\Users\\scottsmith\\project\\Archive-Markdown-Editor-For-HarmonyOS\\app\\ame\\electron',
      belongProjectPath: 'C:\\Users\\scottsmith\\project\\Archive-Markdown-Editor-For-HarmonyOS\\app\\ame'
    },
    'C:\\Users\\scottsmith\\project\\Archive-Markdown-Editor-For-HarmonyOS\\app\\ame\\electron': {
      moduleName: 'electron',
      modulePkgPath: 'C:\\Users\\scottsmith\\project\\Archive-Markdown-Editor-For-HarmonyOS\\app\\ame\\electron',
      belongProjectPath: 'C:\\Users\\scottsmith\\project\\Archive-Markdown-Editor-For-HarmonyOS\\app\\ame'
    },
    'C:\\Users\\scottsmith\\project\\Archive-Markdown-Editor-For-HarmonyOS\\app\\ame\\web_engine\\src\\main': {
      moduleName: 'web_engine',
      modulePkgPath: 'C:\\Users\\scottsmith\\project\\Archive-Markdown-Editor-For-HarmonyOS\\app\\ame\\web_engine',
      belongProjectPath: 'C:\\Users\\scottsmith\\project\\Archive-Markdown-Editor-For-HarmonyOS\\app\\ame'
    },
    'C:\\Users\\scottsmith\\project\\Archive-Markdown-Editor-For-HarmonyOS\\app\\ame\\web_engine': {
      moduleName: 'web_engine',
      modulePkgPath: 'C:\\Users\\scottsmith\\project\\Archive-Markdown-Editor-For-HarmonyOS\\app\\ame\\web_engine',
      belongProjectPath: 'C:\\Users\\scottsmith\\project\\Archive-Markdown-Editor-For-HarmonyOS\\app\\ame'
    },
    'C:\\Users\\scottsmith\\project\\Archive-Markdown-Editor-For-HarmonyOS\\app\\ame': {
      moduleName: 'ame',
      modulePkgPath: 'C:\\Users\\scottsmith\\project\\Archive-Markdown-Editor-For-HarmonyOS\\app\\ame',
      belongProjectPath: 'C:\\Users\\scottsmith\\project\\Archive-Markdown-Editor-For-HarmonyOS\\app\\ame'
    }
  },
  pkgJsonFileHash: 'c7158e25fe065d88adafb399c939af368cda24ab00991d2b416c6241401c141d',
  allModulePaths: [
    'C:\\Users\\scottsmith\\project\\Archive-Markdown-Editor-For-HarmonyOS\\app\\ame\\electron',
    'C:\\Users\\scottsmith\\project\\Archive-Markdown-Editor-For-HarmonyOS\\app\\ame\\web_engine'
  ],
  routerMap: {},
  obfuscationOptions: {
    selfConfig: { ruleOptions: [Object], consumerRules: [] },
    sdkApis: [],
    obfuscationCacheDir: 'C:\\Users\\scottsmith\\project\\Archive-Markdown-Editor-For-HarmonyOS\\app\\ame\\electron\\build\\default\\cache\\default\\default@CompileArkTS\\esmodule\\release\\obfuscation',
    exportRulePath: 'C:\\Users\\scottsmith\\project\\Archive-Markdown-Editor-For-HarmonyOS\\app\\ame\\electron\\build\\default\\intermediates\\obfuscation\\default\\obfuscation.txt',
    dependencies: { libraries: [Array], hspLibraries: [], hars: [], hsps: [] }
  },
  byteCodeHarToDependencyKeys: undefined,
  compileBlockPkg: [],
  mockParams: {
    decorator: '@MockSetup',
    packageName: '@ohos/hamock',
    etsSourceRootPath: 'src/main/ets',
    mockConfigPath: undefined,
    mockConfigKey2ModuleInfo: {},
    source2ModuleIdMap: {}
  },
  copyCodeResourceEnable: true,
  copyCodeResourceExcludes: [],
  copyCodeResourceIncludes: undefined,
  uiTransformOptimization: false,
  sdkPath: 'C:/Program Files/Huawei/DevEco Studio/sdk',
  needPreloadSoFileSet: {},
  preloadSoFilePath: 'C:\\Users\\scottsmith\\project\\Archive-Markdown-Editor-For-HarmonyOS\\app\\ame\\electron\\build\\default\\intermediates\\preload\\default\\preload.json',
  useSourceHash: false,
  localModuleParamMap: {},
  otherPaths: {
    'web_engine/*': [
      '..\\..\\..\\..\\web_engine\\src\\main\\*',
      '..\\..\\..\\..\\web_engine\\build\\default\\generated\\profile\\default\\*'
    ],
    'ame/*': [
      '..\\*',
      '..\\..\\..\\build\\default\\generated\\profile\\default\\*'
    ]
  },
  collectImportersConfig: undefined
}
[2026-07-22T23:24:10.068] [DEBUG] debug-file - Compile arkts with external api path: C:\Program Files\Huawei\DevEco Studio\sdk\default\hms\ets
[2026-07-22T23:24:10.070] [DEBUG] debug-file - default@CompileArkTS work[28] is submitted.
[2026-07-22T23:24:10.071] [DEBUG] debug-file - default@CompileArkTS work[28] is pushed to ready queue.
[2026-07-22T23:24:10.071] [DEBUG] debug-file - A work dispatched to worker[15] failed because unable to get work from ready queue.
[2026-07-22T23:24:10.071] [DEBUG] debug-file - A work dispatched to worker[14] failed because unable to get work from ready queue.
[2026-07-22T23:24:10.071] [DEBUG] debug-file - A work dispatched to worker[13] failed because unable to get work from ready queue.
[2026-07-22T23:24:10.071] [DEBUG] debug-file - A work dispatched to worker[12] failed because unable to get work from ready queue.
[2026-07-22T23:24:10.071] [DEBUG] debug-file - A work dispatched to worker[11] failed because unable to get work from ready queue.
[2026-07-22T23:24:10.071] [DEBUG] debug-file - A work dispatched to worker[10] failed because unable to get work from ready queue.
[2026-07-22T23:24:10.071] [DEBUG] debug-file - A work dispatched to worker[9] failed because unable to get work from ready queue.
[2026-07-22T23:24:10.071] [DEBUG] debug-file - A work dispatched to worker[8] failed because unable to get work from ready queue.
[2026-07-22T23:24:10.071] [DEBUG] debug-file - A work dispatched to worker[7] failed because unable to get work from ready queue.
[2026-07-22T23:24:10.071] [DEBUG] debug-file - A work dispatched to worker[6] failed because unable to get work from ready queue.
[2026-07-22T23:24:10.071] [DEBUG] debug-file - A work dispatched to worker[5] failed because unable to get work from ready queue.
[2026-07-22T23:24:10.071] [DEBUG] debug-file - Create  resident worker with id: 4.
[2026-07-22T23:24:10.072] [DEBUG] debug-file - default@CompileArkTS work[28] has been dispatched to worker[4].
[2026-07-22T23:24:10.072] [DEBUG] debug-file - default@CompileArkTS work[28] is dispatched.
[2026-07-22T23:24:10.072] [DEBUG] debug-file - CopyResources startTime: 104463671434100
[2026-07-22T23:24:10.072] [DEBUG] debug-file - default@CompileArkTS work[29] is submitted.
[2026-07-22T23:24:10.073] [DEBUG] debug-file - default@CompileArkTS work[29] is pushed to ready queue.
[2026-07-22T23:24:10.073] [DEBUG] debug-file - A work dispatched to worker[15] failed because unable to get work from ready queue.
[2026-07-22T23:24:10.073] [DEBUG] debug-file - Create  resident worker with id: 14.
[2026-07-22T23:24:10.073] [DEBUG] debug-file - default@CompileArkTS work[29] has been dispatched to worker[14].
[2026-07-22T23:24:10.074] [DEBUG] debug-file - default@CompileArkTS work[29] is dispatched.
[2026-07-22T23:24:10.074] [DEBUG] debug-file - electron : default@CompileArkTS cost memory 2.24102783203125
[2026-07-22T23:24:10.075] [DEBUG] debug-file - Executing task :electron:default@BuildJS
[2026-07-22T23:24:10.075] [DEBUG] debug-file - Task 'electron:default@BuildJS' cost while wrapping incremental declarations: 1 ms 
[2026-07-22T23:24:10.077] [DEBUG] debug-file - electron : default@BuildJS cost memory 0.1826019287109375
[2026-07-22T23:24:10.077] [DEBUG] debug-file - runTaskFromQueue task cost before running: 1 s 174 ms 
[2026-07-22T23:24:10.078] [INFO] debug-file - Finished :electron:default@BuildJS... after 3 ms 
[2026-07-22T23:24:10.078] [DEBUG] debug-file - Executing task :electron:default@ProcessLibs
[2026-07-22T23:24:10.081] [DEBUG] debug-file - electron:default@ProcessLibs is not up-to-date, since the input file 'C:\Users\scottsmith\project\Archive-Markdown-Editor-For-HarmonyOS\app\ame\build-profile.json5' has been changed.
[2026-07-22T23:24:10.081] [DEBUG] debug-file - Incremental task electron:default@ProcessLibs pre-execution cost: 2 ms .
[2026-07-22T23:24:10.083] [DEBUG] debug-file - Worker dispatch failed, running processLibs on main thread.
[2026-07-22T23:24:10.085] [DEBUG] debug-file - Link C:\Users\scottsmith\project\Archive-Markdown-Editor-For-HarmonyOS\app\ame\electron\libs\arm64-v8a\mdz_utils.node to C:\Users\scottsmith\project\Archive-Markdown-Editor-For-HarmonyOS\app\ame\electron\build\default\intermediates\libs\default\arm64-v8a\mdz_utils.node successfully.
[2026-07-22T23:24:10.086] [DEBUG] debug-file - Link C:\Users\scottsmith\project\Archive-Markdown-Editor-For-HarmonyOS\app\ame\electron\libs\arm64-v8a\libffmpeg.so to C:\Users\scottsmith\project\Archive-Markdown-Editor-For-HarmonyOS\app\ame\electron\build\default\intermediates\libs\default\arm64-v8a\libffmpeg.so successfully.
[2026-07-22T23:24:10.087] [DEBUG] debug-file - Link C:\Users\scottsmith\project\Archive-Markdown-Editor-For-HarmonyOS\app\ame\electron\libs\arm64-v8a\libelectron.so to C:\Users\scottsmith\project\Archive-Markdown-Editor-For-HarmonyOS\app\ame\electron\build\default\intermediates\libs\default\arm64-v8a\libelectron.so successfully.
[2026-07-22T23:24:10.089] [DEBUG] debug-file - Link C:\Users\scottsmith\project\Archive-Markdown-Editor-For-HarmonyOS\app\ame\electron\libs\arm64-v8a\libc++_shared.so to C:\Users\scottsmith\project\Archive-Markdown-Editor-For-HarmonyOS\app\ame\electron\build\default\intermediates\libs\default\arm64-v8a\libc++_shared.so successfully.
[2026-07-22T23:24:10.090] [DEBUG] debug-file - Link C:\Users\scottsmith\project\Archive-Markdown-Editor-For-HarmonyOS\app\ame\electron\libs\arm64-v8a\libadapter.so to C:\Users\scottsmith\project\Archive-Markdown-Editor-For-HarmonyOS\app\ame\electron\build\default\intermediates\libs\default\arm64-v8a\libadapter.so successfully.
[2026-07-22T23:24:10.091] [DEBUG] debug-file - Link C:\Users\scottsmith\project\Archive-Markdown-Editor-For-HarmonyOS\app\ame\electron\libs\arm64-v8a\better_sqlite3.node to C:\Users\scottsmith\project\Archive-Markdown-Editor-For-HarmonyOS\app\ame\electron\build\default\intermediates\libs\default\arm64-v8a\better_sqlite3.node successfully.
[2026-07-22T23:24:10.092] [DEBUG] debug-file - Link C:\Users\scottsmith\project\Archive-Markdown-Editor-For-HarmonyOS\app\ame\electron\libs\arm64-v8a\7z.so to C:\Users\scottsmith\project\Archive-Markdown-Editor-For-HarmonyOS\app\ame\electron\build\default\intermediates\libs\default\arm64-v8a\7z.so successfully.
[2026-07-22T23:24:10.092] [DEBUG] debug-file - electron : default@ProcessLibs cost memory 0.8930130004882812
[2026-07-22T23:24:10.092] [DEBUG] debug-file - runTaskFromQueue task cost before running: 1 s 189 ms 
[2026-07-22T23:24:10.093] [INFO] debug-file - Finished :electron:default@ProcessLibs... after 15 ms 
[2026-07-22T23:24:10.093] [DEBUG] debug-file - Executing task :electron:default@DoNativeStrip
[2026-07-22T23:24:10.094] [DEBUG] debug-file - File: 'C:\Users\scottsmith\project\Archive-Markdown-Editor-For-HarmonyOS\app\ame\electron\build\default\intermediates\binxo\default' from 'doBinxoNativeLibs' is not exists, just ignore.
[2026-07-22T23:24:10.094] [DEBUG] debug-file - Task 'electron:default@DoNativeStrip' cost while wrapping incremental declarations: 1 ms 
[2026-07-22T23:24:10.095] [DEBUG] debug-file - electron:default@DoNativeStrip is not up-to-date, since the output file 'C:\Users\scottsmith\project\Archive-Markdown-Editor-For-HarmonyOS\app\ame\electron\build\default\intermediates\stripped_native_libs\default' does not exist.
[2026-07-22T23:24:10.095] [DEBUG] debug-file - Incremental task electron:default@DoNativeStrip pre-execution cost: 2 ms .
[2026-07-22T23:24:10.097] [DEBUG] debug-file - default@DoNativeStrip work[30] is submitted.
[2026-07-22T23:24:10.098] [DEBUG] debug-file - default@DoNativeStrip work[30] is pushed to ready queue.
[2026-07-22T23:24:10.098] [DEBUG] debug-file - A work dispatched to worker[15] failed because unable to get work from ready queue.
[2026-07-22T23:24:10.098] [DEBUG] debug-file - A work dispatched to worker[14] failed because of worker busy.
[2026-07-22T23:24:10.098] [DEBUG] debug-file - Create  resident worker with id: 13.
[2026-07-22T23:24:10.098] [DEBUG] debug-file - default@DoNativeStrip work[30] has been dispatched to worker[13].
[2026-07-22T23:24:10.098] [DEBUG] debug-file - default@DoNativeStrip work[30] is dispatched.
[2026-07-22T23:24:10.098] [DEBUG] debug-file - electron : default@DoNativeStrip cost memory 0.45243072509765625
[2026-07-22T23:24:10.791] [DEBUG] debug-file - worker[14] has one work done.
[2026-07-22T23:24:10.791] [DEBUG] debug-file - CopyResources is end, endTime: 104464389711700
[2026-07-22T23:24:10.791] [DEBUG] debug-file - default@CompileArkTS work[29] done.
[2026-07-22T23:24:10.791] [DEBUG] debug-file - A work dispatched to worker[14] failed because unable to get work from ready queue.
[2026-07-22T23:24:11.013] [DEBUG] debug-file - current process  memoryUsage: {
  rss: 497844224,
  heapTotal: 82345984,
  heapUsed: 62541280,
  external: 2742830,
  arrayBuffers: 501153
} os memoryUsage :22.40459442138672
[2026-07-22T23:24:11.018] [DEBUG] debug-file - current process  memoryUsage: {
  rss: 498794496,
  heapTotal: 82345984,
  heapUsed: 62678848,
  external: 2744918,
  arrayBuffers: 501153
} os memoryUsage :22.404949188232422
[2026-07-22T23:24:11.022] [DEBUG] debug-file - current process  memoryUsage: {
  rss: 499232768,
  heapTotal: 82345984,
  heapUsed: 62777688,
  external: 2744918,
  arrayBuffers: 501153
} os memoryUsage :22.4051513671875
[2026-07-22T23:24:11.025] [DEBUG] debug-file - current process  memoryUsage: {
  rss: 499781632,
  heapTotal: 82345984,
  heapUsed: 62875304,
  external: 2744918,
  arrayBuffers: 501153
} os memoryUsage :22.406036376953125
[2026-07-22T23:24:11.029] [DEBUG] debug-file - current process  memoryUsage: {
  rss: 500187136,
  heapTotal: 82345984,
  heapUsed: 62973336,
  external: 2744918,
  arrayBuffers: 501153
} os memoryUsage :22.40668487548828
[2026-07-22T23:24:11.033] [DEBUG] debug-file - current process  memoryUsage: {
  rss: 501084160,
  heapTotal: 82345984,
  heapUsed: 63071408,
  external: 2744918,
  arrayBuffers: 501153
} os memoryUsage :22.412899017333984
[2026-07-22T23:24:11.037] [DEBUG] debug-file - current process  memoryUsage: {
  rss: 501227520,
  heapTotal: 82345984,
  heapUsed: 63174392,
  external: 2744918,
  arrayBuffers: 501153
} os memoryUsage :22.420143127441406
[2026-07-22T23:24:11.282] [DEBUG] debug-file - worker[13] has one work done.
[2026-07-22T23:24:11.282] [DEBUG] debug-file - default@DoNativeStrip work[30] done.
[2026-07-22T23:24:11.282] [DEBUG] debug-file - A work dispatched to worker[13] failed because unable to get work from ready queue.
[2026-07-22T23:24:11.282] [INFO] debug-file - Finished :electron:default@DoNativeStrip... after 295 ms 
[2026-07-22T23:24:11.284] [DEBUG] debug-file - Executing task :electron:default@CacheNativeLibs
[2026-07-22T23:24:11.284] [DEBUG] debug-file - File: 'C:\Users\scottsmith\project\Archive-Markdown-Editor-For-HarmonyOS\app\ame\electron\build\default\intermediates\binxo\default' from 'cacheBinxoNativeLibs' is not exists, just ignore.
[2026-07-22T23:24:11.284] [DEBUG] debug-file - Task 'electron:default@CacheNativeLibs' cost while wrapping incremental declarations: 1 ms 
[2026-07-22T23:24:11.285] [DEBUG] debug-file - electron:default@CacheNativeLibs is not up-to-date, since the input file 'C:\Users\scottsmith\project\Archive-Markdown-Editor-For-HarmonyOS\app\ame\electron\build\default\intermediates\stripped_native_libs\default' has been changed.
[2026-07-22T23:24:11.285] [DEBUG] debug-file - Incremental task electron:default@CacheNativeLibs pre-execution cost: 1 ms .
[2026-07-22T23:24:11.285] [DEBUG] debug-file - default@CacheNativeLibs work[31] is submitted.
[2026-07-22T23:24:11.285] [DEBUG] debug-file - default@CacheNativeLibs work[31] is pushed to ready queue.
[2026-07-22T23:24:11.285] [DEBUG] debug-file - A work dispatched to worker[15] failed because unable to get work from ready queue.
[2026-07-22T23:24:11.285] [DEBUG] debug-file - default@CacheNativeLibs work[31] has been dispatched to worker[14].
[2026-07-22T23:24:11.285] [DEBUG] debug-file - default@CacheNativeLibs work[31] is dispatched.
[2026-07-22T23:24:11.285] [DEBUG] debug-file - electron : default@CacheNativeLibs cost memory 0.246826171875
[2026-07-22T23:24:11.364] [DEBUG] debug-file - worker[14] has one work done.
[2026-07-22T23:24:11.364] [DEBUG] debug-file - default@CacheNativeLibs work[31] done.
[2026-07-22T23:24:11.364] [DEBUG] debug-file - A work dispatched to worker[14] failed because unable to get work from ready queue.
[2026-07-22T23:24:11.364] [INFO] debug-file - Finished :electron:default@CacheNativeLibs... after 8 ms 
[2026-07-22T23:24:22.373] [WARN] debug-file - [33mWARN: [33m[33mArkTS:WARN File: C:/Users/scottsmith/project/Archive-Markdown-Editor-For-HarmonyOS/app/ame/web_engine/src/main/ets/adapter/DeviceInfoAdapter.ets:47:55
 Classes cannot be used as objects (arkts-no-classes-as-obj)
[39m[39m
[33mWARN: [33m[33mArkTS:WARN File: C:/Users/scottsmith/project/Archive-Markdown-Editor-For-HarmonyOS/app/ame/web_engine/src/main/ets/jsbindings/AccessibilityAdapterBind.ets:11:29
 Classes cannot be used as objects (arkts-no-classes-as-obj)
[39m[39m
[33mWARN: [33m[33mArkTS:WARN File: C:/Users/scottsmith/project/Archive-Markdown-Editor-For-HarmonyOS/app/ame/web_engine/src/main/ets/jsbindings/AppLifecycleAdapterBind.ets:11:29
 Classes cannot be used as objects (arkts-no-classes-as-obj)
[39m[39m
[33mWARN: [33m[33mArkTS:WARN File: C:/Users/scottsmith/project/Archive-Markdown-Editor-For-HarmonyOS/app/ame/web_engine/src/main/ets/jsbindings/AppWindowAdapterBind.ets:13:29
 Classes cannot be used as objects (arkts-no-classes-as-obj)
[39m[39m
[33mWARN: [33m[33mArkTS:WARN File: C:/Users/scottsmith/project/Archive-Markdown-Editor-For-HarmonyOS/app/ame/web_engine/src/main/ets/jsbindings/BluetoothAdapterBind.ets:10:29
 Classes cannot be used as objects (arkts-no-classes-as-obj)
[39m[39m
[33mWARN: [33m[33mArkTS:WARN File: C:/Users/scottsmith/project/Archive-Markdown-Editor-For-HarmonyOS/app/ame/web_engine/src/main/ets/jsbindings/BluetoothLowEnergyAdapterBind.ets:17:29
 Classes cannot be used as objects (arkts-no-classes-as-obj)
[39m[39m
[33mWARN: [33m[33mArkTS:WARN File: C:/Users/scottsmith/project/Archive-Markdown-Editor-For-HarmonyOS/app/ame/web_engine/src/main/ets/jsbindings/BrowserPolicyAdapterBind.ets:10:29
 Classes cannot be used as objects (arkts-no-classes-as-obj)
[39m[39m
[33mWARN: [33m[33mArkTS:WARN File: C:/Users/scottsmith/project/Archive-Markdown-Editor-For-HarmonyOS/app/ame/web_engine/src/main/ets/jsbindings/CertManagerAdapterBind.ets:10:29
 Classes cannot be used as objects (arkts-no-classes-as-obj)
[39m[39m
[33mWARN: [33m[33mArkTS:WARN File: C:/Users/scottsmith/project/Archive-Markdown-Editor-For-HarmonyOS/app/ame/web_engine/src/main/ets/jsbindings/ContextAdapterBind.ets:11:21
 Classes cannot be used as objects (arkts-no-classes-as-obj)
[39m[39m
[33mWARN: [33m[33mArkTS:WARN File: C:/Users/scottsmith/project/Archive-Markdown-Editor-For-HarmonyOS/app/ame/web_engine/src/main/ets/jsbindings/ContextPathAdapterBind.ets:10:29
 Classes cannot be used as objects (arkts-no-classes-as-obj)
[39m[39m
[33mWARN: [33m[33mArkTS:WARN File: C:/Users/scottsmith/project/Archive-Markdown-Editor-For-HarmonyOS/app/ame/web_engine/src/main/ets/jsbindings/CursorAdapterBind.ets:10:29
 Classes cannot be used as objects (arkts-no-classes-as-obj)
[39m[39m
[33mWARN: [33m[33mArkTS:WARN File: C:/Users/scottsmith/project/Archive-Markdown-Editor-For-HarmonyOS/app/ame/web_engine/src/main/ets/jsbindings/DeviceAdapterBind.ets:11:29
 Classes cannot be used as objects (arkts-no-classes-as-obj)
[39m[39m
[33mWARN: [33m[33mArkTS:WARN File: C:/Users/scottsmith/project/Archive-Markdown-Editor-For-HarmonyOS/app/ame/web_engine/src/main/ets/jsbindings/DeviceUserAuthAdapterBind.ets:10:29
 Classes cannot be used as objects (arkts-no-classes-as-obj)
[39m[39m
[33mWARN: [33m[33mArkTS:WARN File: C:/Users/scottsmith/project/Archive-Markdown-Editor-For-HarmonyOS/app/ame/web_engine/src/main/ets/jsbindings/DialogAdapterBind.ets:10:29
 Classes cannot be used as objects (arkts-no-classes-as-obj)
[39m[39m
[33mWARN: [33m[33mArkTS:WARN File: C:/Users/scottsmith/project/Archive-Markdown-Editor-For-HarmonyOS/app/ame/web_engine/src/main/ets/jsbindings/DisplayAdapterBind.ets:10:29
 Classes cannot be used as objects (arkts-no-classes-as-obj)
[39m[39m
[33mWARN: [33m[33mArkTS:WARN File: C:/Users/scottsmith/project/Archive-Markdown-Editor-For-HarmonyOS/app/ame/web_engine/src/main/ets/jsbindings/DragDropAdapterBind.ets:11:29
 Classes cannot be used as objects (arkts-no-classes-as-obj)
[39m[39m
[33mWARN: [33m[33mArkTS:WARN File: C:/Users/scottsmith/project/Archive-Markdown-Editor-For-HarmonyOS/app/ame/web_engine/src/main/ets/jsbindings/ElectronAppAdapterBind.ets:10:29
 Classes cannot be used as objects (arkts-no-classes-as-obj)
[39m[39m
[33mWARN: [33m[33mArkTS:WARN File: C:/Users/scottsmith/project/Archive-Markdown-Editor-For-HarmonyOS/app/ame/web_engine/src/main/ets/jsbindings/EtsBridgeAdapterBind.ets:27:31
 Classes cannot be used as objects (arkts-no-classes-as-obj)
[39m[39m
[33mWARN: [33m[33mArkTS:WARN File: C:/Users/scottsmith/project/Archive-Markdown-Editor-For-HarmonyOS/app/ame/web_engine/src/main/ets/jsbindings/FileManagerAdapterBind.ets:10:29
 Classes cannot be used as objects (arkts-no-classes-as-obj)
[39m[39m
[33mWARN: [33m[33mArkTS:WARN File: C:/Users/scottsmith/project/Archive-Markdown-Editor-For-HarmonyOS/app/ame/web_engine/src/main/ets/jsbindings/FilePickerAdapterBind.ets:11:29
 Classes cannot be used as objects (arkts-no-classes-as-obj)
[39m[39m
[33mWARN: [33m[33mArkTS:WARN File: C:/Users/scottsmith/project/Archive-Markdown-Editor-For-HarmonyOS/app/ame/web_engine/src/main/ets/jsbindings/FontAdapterBind.ets:10:29
 Classes cannot be used as objects (arkts-no-classes-as-obj)
[39m[39m
[33mWARN: [33m[33mArkTS:WARN File: C:/Users/scottsmith/project/Archive-Markdown-Editor-For-HarmonyOS/app/ame/web_engine/src/main/ets/jsbindings/I18nAdapterBind.ets:10:29
 Classes cannot be used as objects (arkts-no-classes-as-obj)
[39m[39m
[33mWARN: [33m[33mArkTS:WARN File: C:/Users/scottsmith/project/Archive-Markdown-Editor-For-HarmonyOS/app/ame/web_engine/src/main/ets/jsbindings/IMFAdapterBind.ets:14:29
 Classes cannot be used as objects (arkts-no-classes-as-obj)
[39m[39m
[33mWARN: [33m[33mArkTS:WARN File: C:/Users/scottsmith/project/Archive-Markdown-Editor-For-HarmonyOS/app/ame/web_engine/src/main/ets/jsbindings/MediaAdapterBind.ets:10:29
 Classes cannot be used as objects (arkts-no-classes-as-obj)
[39m[39m
[33mWARN: [33m[33mArkTS:WARN File: C:/Users/scottsmith/project/Archive-Markdown-Editor-For-HarmonyOS/app/ame/web_engine/src/main/ets/jsbindings/MimeTypeAdapterBind.ets:10:29
 Classes cannot be used as objects (arkts-no-classes-as-obj)
[39m[39m
[33mWARN: [33m[33mArkTS:WARN File: C:/Users/scottsmith/project/Archive-Markdown-Editor-For-HarmonyOS/app/ame/web_engine/src/main/ets/jsbindings/NativeMessagingAdapterBind.ets:35:29
 Classes cannot be used as objects (arkts-no-classes-as-obj)
[39m[39m
[33mWARN: [33m[33mArkTS:WARN File: C:/Users/scottsmith/project/Archive-Markdown-Editor-For-HarmonyOS/app/ame/web_engine/src/main/ets/jsbindings/NativeThemeAdapterBind.ets:11:29
 Classes cannot be used as objects (arkts-no-classes-as-obj)
[39m[39m
[33mWARN: [33m[33mArkTS:WARN File: C:/Users/scottsmith/project/Archive-Markdown-Editor-For-HarmonyOS/app/ame/web_engine/src/main/ets/jsbindings/NotificationAdapterBind.ets:11:29
 Classes cannot be used as objects (arkts-no-classes-as-obj)
[39m[39m
[33mWARN: [33m[33mArkTS:WARN File: C:\Users\scottsmith\project\Archive-Markdown-Editor-For-HarmonyOS\app\ame\web_engine\src\main\ets\jsbindings\PermissionManagerAdapterBind.ets:10:29
 Classes cannot be used as objects (arkts-no-classes-as-obj)
[39m[39m
[33mWARN: [33m[33mArkTS:WARN File: C:/Users/scottsmith/project/Archive-Markdown-Editor-For-HarmonyOS/app/ame/web_engine/src/main/ets/jsbindings/PopupWindowAdapterBind.ets:11:29
 Classes cannot be used as objects (arkts-no-classes-as-obj)
[39m[39m
[33mWARN: [33m[33mArkTS:WARN File: C:/Users/scottsmith/project/Archive-Markdown-Editor-For-HarmonyOS/app/ame/web_engine/src/main/ets/jsbindings/PrintAdapterBind.ets:10:29
 Classes cannot be used as objects (arkts-no-classes-as-obj)
[39m[39m
[33mWARN: [33m[33mArkTS:WARN File: C:/Users/scottsmith/project/Archive-Markdown-Editor-For-HarmonyOS/app/ame/web_engine/src/main/ets/jsbindings/ProcessAdapterBind.ets:10:29
 Classes cannot be used as objects (arkts-no-classes-as-obj)
[39m[39m
[33mWARN: [33m[33mArkTS:WARN File: C:/Users/scottsmith/project/Archive-Markdown-Editor-For-HarmonyOS/app/ame/web_engine/src/main/ets/jsbindings/RunningLockAdapterBind.ets:10:29
 Classes cannot be used as objects (arkts-no-classes-as-obj)
[39m[39m
[33mWARN: [33m[33mArkTS:WARN File: C:/Users/scottsmith/project/Archive-Markdown-Editor-For-HarmonyOS/app/ame/web_engine/src/main/ets/jsbindings/ScreenshotAdapterBind.ets:11:29
 Classes cannot be used as objects (arkts-no-classes-as-obj)
[39m[39m
[33mWARN: [33m[33mArkTS:WARN File: C:/Users/scottsmith/project/Archive-Markdown-Editor-For-HarmonyOS/app/ame/web_engine/src/main/ets/jsbindings/ShapeDetectionAdapterBind.ets:10:29
 Classes cannot be used as objects (arkts-no-classes-as-obj)
[39m[39m
[33mWARN: [33m[33mArkTS:WARN File: C:/Users/scottsmith/project/Archive-Markdown-Editor-For-HarmonyOS/app/ame/web_engine/src/main/ets/jsbindings/SpeechAdapterBind.ets:11:29
 Classes cannot be used as objects (arkts-no-classes-as-obj)
[39m[39m
[33mWARN: [33m[33mArkTS:WARN File: C:/Users/scottsmith/project/Archive-Markdown-Editor-For-HarmonyOS/app/ame/web_engine/src/main/ets/jsbindings/SubWindowAdapterBind.ets:11:29
 Classes cannot be used as objects (arkts-no-classes-as-obj)
[39m[39m
[33mWARN: [33m[33mArkTS:WARN File: C:/Users/scottsmith/project/Archive-Markdown-Editor-For-HarmonyOS/app/ame/web_engine/src/main/ets/jsbindings/SystemFloatingWindowAdapterBind.ets:11:29
 Classes cannot be used as objects (arkts-no-classes-as-obj)
[39m[39m
[33mWARN: [33m[33mArkTS:WARN File: C:/Users/scottsmith/project/Archive-Markdown-Editor-For-HarmonyOS/app/ame/web_engine/src/main/ets/jsbindings/StatusBarManagerAdapterBind.ets:10:29
 Classes cannot be used as objects (arkts-no-classes-as-obj)
[39m[39m
[33mWARN: [33m[33mArkTS:WARN File: C:/Users/scottsmith/project/Archive-Markdown-Editor-For-HarmonyOS/app/ame/web_engine/src/main/ets/jsbindings/WebAppAdapterBind.ets:13:29
 Classes cannot be used as objects (arkts-no-classes-as-obj)
[39m[39m
[33mWARN: [33m[33mArkTS:WARN File: C:/Users/scottsmith/project/Archive-Markdown-Editor-For-HarmonyOS/app/ame/web_engine/src/main/ets/application/WebAbilityStage.ets:117:46
 Classes cannot be used as objects (arkts-no-classes-as-obj)
[39m[39m
[33mWARN: [33m[33mArkTS:WARN File: C:/Users/scottsmith/project/Archive-Markdown-Editor-For-HarmonyOS/app/ame/web_engine/src/main/ets/ability/WebAbility.ets:92:38
 Classes cannot be used as objects (arkts-no-classes-as-obj)
[39m[39m
[33mWARN: [33m[33mArkTS:WARN File: C:/Users/scottsmith/project/Archive-Markdown-Editor-For-HarmonyOS/app/ame/web_engine/src/main/ets/ability/WebAbility.ets:93:38
 Classes cannot be used as objects (arkts-no-classes-as-obj)
[39m[39m
[33mWARN: [33m[33mArkTS:WARN File: C:/Users/scottsmith/project/Archive-Markdown-Editor-For-HarmonyOS/app/ame/web_engine/src/main/ets/ability/WebAbility.ets:94:42
 Classes cannot be used as objects (arkts-no-classes-as-obj)
[39m[39m
[33mWARN: [33m[33mArkTS:WARN File: C:/Users/scottsmith/project/Archive-Markdown-Editor-For-HarmonyOS/app/ame/web_engine/src/main/ets/ability/WebAbility.ets:95:38
 Classes cannot be used as objects (arkts-no-classes-as-obj)
[39m[39m
[33mWARN: [33m[33mArkTS:WARN File: C:/Users/scottsmith/project/Archive-Markdown-Editor-For-HarmonyOS/app/ame/web_engine/src/main/ets/ability/WebAbility.ets:97:16
 Classes cannot be used as objects (arkts-no-classes-as-obj)
[39m[39m
[33mWARN: [33m[33mArkTS:WARN File: C:/Users/scottsmith/project/Archive-Markdown-Editor-For-HarmonyOS/app/ame/web_engine/src/main/ets/ability/WebAbility.ets:99:41
 Classes cannot be used as objects (arkts-no-classes-as-obj)
[39m[39m
[33mWARN: [33m[33mArkTS:WARN File: C:/Users/scottsmith/project/Archive-Markdown-Editor-For-HarmonyOS/app/ame/web_engine/src/main/ets/ability/WebAbility.ets:100:43
 Classes cannot be used as objects (arkts-no-classes-as-obj)
[39m[39m
[33mWARN: [33m[33mArkTS:WARN File: C:/Users/scottsmith/project/Archive-Markdown-Editor-For-HarmonyOS/app/ame/web_engine/src/main/ets/ability/WebEmbeddedAbility.ets:34:38
 Classes cannot be used as objects (arkts-no-classes-as-obj)
[39m[39m
[33mWARN: [33m[33mArkTS:WARN File: C:/Users/scottsmith/project/Archive-Markdown-Editor-For-HarmonyOS/app/ame/web_engine/src/main/ets/ability/WebEmbeddedAbility.ets:35:42
 Classes cannot be used as objects (arkts-no-classes-as-obj)
[39m[39m
[33mWARN: [33m[33mArkTS:WARN File: C:/Users/scottsmith/project/Archive-Markdown-Editor-For-HarmonyOS/app/ame/web_engine/src/main/ets/ability/WebEmbeddedAbility.ets:36:16
 Classes cannot be used as objects (arkts-no-classes-as-obj)
[39m[39m
[33mWARN: [33m[33mArkTS:WARN File: C:/Users/scottsmith/project/Archive-Markdown-Editor-For-HarmonyOS/app/ame/web_engine/src/main/ets/components/WebWindow.ets:61:41
 Classes cannot be used as objects (arkts-no-classes-as-obj)
[39m[39m
[33mWARN: [33m[33mArkTS:WARN File: C:/Users/scottsmith/project/Archive-Markdown-Editor-For-HarmonyOS/app/ame/web_engine/src/main/ets/components/WebWindow.ets:144:57
 Classes cannot be used as objects (arkts-no-classes-as-obj)
[39m[39m
[33mWARN: [33m[33mArkTS:WARN File: C:/Users/scottsmith/project/Archive-Markdown-Editor-For-HarmonyOS/app/ame/web_engine/src/main/ets/components/WebWindow.ets:145:61
 Classes cannot be used as objects (arkts-no-classes-as-obj)
[39m[39m
[33mWARN: [33m[33mArkTS:WARN File: C:/Users/scottsmith/project/Archive-Markdown-Editor-For-HarmonyOS/app/ame/web_engine/src/main/ets/components/WebWindow.ets:146:39
 Classes cannot be used as objects (arkts-no-classes-as-obj)
[39m[39m
[33mWARN: [33m[33mArkTS:WARN File: C:/Users/scottsmith/project/Archive-Markdown-Editor-For-HarmonyOS/app/ame/web_engine/src/main/ets/components/WebWindow.ets:147:41
 Classes cannot be used as objects (arkts-no-classes-as-obj)
[39m[39m
[33mWARN: [33m[33mArkTS:WARN File: C:/Users/scottsmith/project/Archive-Markdown-Editor-For-HarmonyOS/app/ame/web_engine/src/main/ets/components/WebSubWindow.ets:25:57
 Classes cannot be used as objects (arkts-no-classes-as-obj)
[39m[39m
[33mWARN: [33m[33mArkTS:WARN File: C:/Users/scottsmith/project/Archive-Markdown-Editor-For-HarmonyOS/app/ame/web_engine/src/main/ets/components/WebSubWindow.ets:26:61
 Classes cannot be used as objects (arkts-no-classes-as-obj)
[39m[39m
[33mWARN: [33m[33mArkTS:WARN File: C:/Users/scottsmith/project/Archive-Markdown-Editor-For-HarmonyOS/app/ame/web_engine/src/main/ets/components/WebSubWindow.ets:27:41
 Classes cannot be used as objects (arkts-no-classes-as-obj)
[39m[39m
[33mWARN: [33m[33mArkTS:WARN File: C:/Users/scottsmith/project/Archive-Markdown-Editor-For-HarmonyOS/app/ame/web_engine/src/main/ets/components/WebEmbeddedWindow.ets:27:57
 Classes cannot be used as objects (arkts-no-classes-as-obj)
[39m[39m
[33mWARN: [33m[33mArkTS:WARN File: C:/Users/scottsmith/project/Archive-Markdown-Editor-For-HarmonyOS/app/ame/web_engine/src/main/ets/components/WebEmbeddedWindow.ets:29:61
 Classes cannot be used as objects (arkts-no-classes-as-obj)
[39m[39m
[33mWARN: [33m[33mArkTS:WARN File: C:/Users/scottsmith/project/Archive-Markdown-Editor-For-HarmonyOS/app/ame/web_engine/src/main/ets/components/WebEmbeddedWindow.ets:30:41
 Classes cannot be used as objects (arkts-no-classes-as-obj)
[39m[39m
[33mWARN: [33m[33mArkTS:WARN File: C:/Users/scottsmith/project/Archive-Markdown-Editor-For-HarmonyOS/app/ame/web_engine/src/main/ets/components/WebWindowNode.ets:121:57
 Classes cannot be used as objects (arkts-no-classes-as-obj)
[39m[39m
[33mWARN: [33m[33mArkTS:WARN File: C:/Users/scottsmith/project/Archive-Markdown-Editor-For-HarmonyOS/app/ame/web_engine/src/main/ets/components/WebWindowNode.ets:123:61
 Classes cannot be used as objects (arkts-no-classes-as-obj)
[39m[39m
[33mWARN: [33m[33mArkTS:WARN File: C:/Users/scottsmith/project/Archive-Markdown-Editor-For-HarmonyOS/app/ame/web_engine/src/main/ets/components/WebWindowNode.ets:124:41
 Classes cannot be used as objects (arkts-no-classes-as-obj)
[39m[39m
[33mWARN: [33m[33mArkTS:WARN File: C:/Users/scottsmith/project/Archive-Markdown-Editor-For-HarmonyOS/app/ame/web_engine/src/main/ets/components/WebNodeHandleWindow.ets:54:42
 Classes cannot be used as objects (arkts-no-classes-as-obj)
[39m[39m
[33mWARN: [33m[33mArkTS:WARN File: C:/Users/scottsmith/project/Archive-Markdown-Editor-For-HarmonyOS/app/ame/web_engine/src/main/ets/components/WebNodeHandleWindow.ets:55:39
 Classes cannot be used as objects (arkts-no-classes-as-obj)
[39m[39m
[33mWARN: [33m[33mArkTS:WARN File: C:/Users/scottsmith/project/Archive-Markdown-Editor-For-HarmonyOS/app/ame/web_engine/src/main/ets/components/WebNodeHandleWindow.ets:56:43
 Classes cannot be used as objects (arkts-no-classes-as-obj)
[39m[39m
[33mWARN: [33m[33mArkTS:WARN File: C:/Users/scottsmith/project/Archive-Markdown-Editor-For-HarmonyOS/app/ame/web_engine/src/main/ets/components/WebNodeHandleWindow.ets:59:39
 Classes cannot be used as objects (arkts-no-classes-as-obj)
[39m[39m
[33mWARN: [33m[33mArkTS:WARN File: C:/Users/scottsmith/project/Archive-Markdown-Editor-For-HarmonyOS/app/ame/web_engine/src/main/ets/components/WebNodeHandleSubWindow.ets:48:42
 Classes cannot be used as objects (arkts-no-classes-as-obj)
[39m[39m
[33mWARN: [33m[33mArkTS:WARN: For details about ArkTS syntax errors, see FAQs[39m[39m
[33mWARN: [33m[33mArkTS:WARN File: C:/Users/scottsmith/project/Archive-Markdown-Editor-For-HarmonyOS/app/ame/web_engine/src/main/ets/adapter/DialogAdapter.ets:96:17
 'show' has been deprecated.
[39m[39m
[33mWARN: [33m[33mArkTS:WARN File: C:/Users/scottsmith/project/Archive-Markdown-Editor-For-HarmonyOS/app/ame/web_engine/src/main/ets/adapter/DialogAdapter.ets:121:29
 The system capacity of this api 'selectMode' is not supported on all devices
[39m[39m
[33mWARN: [33m[33mArkTS:WARN File: C:/Users/scottsmith/project/Archive-Markdown-Editor-For-HarmonyOS/app/ame/web_engine/src/main/ets/adapter/DialogAdapter.ets:121:49
 The system capacity of this api 'DocumentSelectMode' is not supported on all devices
[39m[39m
[33mWARN: [33m[33mArkTS:WARN File: C:/Users/scottsmith/project/Archive-Markdown-Editor-For-HarmonyOS/app/ame/web_engine/src/main/ets/adapter/DialogAdapter.ets:121:68
 The system capacity of this api 'FOLDER' is not supported on all devices
[39m[39m
[33mWARN: [33m[33mArkTS:WARN File: C:/Users/scottsmith/project/Archive-Markdown-Editor-For-HarmonyOS/app/ame/web_engine/src/main/ets/adapter/DialogAdapter.ets:123:31
 The system capacity of this api 'selectMode' is not supported on all devices
[39m[39m
[33mWARN: [33m[33mArkTS:WARN File: C:/Users/scottsmith/project/Archive-Markdown-Editor-For-HarmonyOS/app/ame/web_engine/src/main/ets/adapter/DialogAdapter.ets:123:51
 The system capacity of this api 'DocumentSelectMode' is not supported on all devices
[39m[39m
[33mWARN: [33m[33mArkTS:WARN File: C:/Users/scottsmith/project/Archive-Markdown-Editor-For-HarmonyOS/app/ame/web_engine/src/main/ets/adapter/DialogAdapter.ets:123:70
 The system capacity of this api 'MIXED' is not supported on all devices
[39m[39m
[33mWARN: [33m[33mArkTS:WARN File: C:/Users/scottsmith/project/Archive-Markdown-Editor-For-HarmonyOS/app/ame/web_engine/src/main/ets/adapter/DialogAdapter.ets:129:30
 Function may throw exceptions. Special handling is required.
[39m[39m
[33mWARN: [33m[33mArkTS:WARN File: C:/Users/scottsmith/project/Archive-Markdown-Editor-For-HarmonyOS/app/ame/web_engine/src/main/ets/adapter/DialogAdapter.ets:162:30
 Function may throw exceptions. Special handling is required.
[39m[39m
[33mWARN: [33m[33mArkTS:WARN File: C:/Users/scottsmith/project/Archive-Markdown-Editor-For-HarmonyOS/app/ame/web_engine/src/main/ets/adapter/NativeThemeAdapter.ets:56:5
 Function may throw exceptions. Special handling is required.
[39m[39m
[33mWARN: [33m[33mArkTS:WARN File: C:/Users/scottsmith/project/Archive-Markdown-Editor-For-HarmonyOS/app/ame/web_engine/src/main/ets/adapter/AppLifecycleAdapter.ets:48:7
 Function may throw exceptions. Special handling is required.
[39m[39m
[33mWARN: [33m[33mArkTS:WARN File: C:/Users/scottsmith/project/Archive-Markdown-Editor-For-HarmonyOS/app/ame/web_engine/src/main/ets/adapter/PermissionManagerAdapter.ets:236:15
 To use this API, you need to apply for the permissions: ohos.permission.FILE_ACCESS_PERSIST
[39m[39m
[33mWARN: [33m[33mArkTS:WARN File: C:/Users/scottsmith/project/Archive-Markdown-Editor-For-HarmonyOS/app/ame/web_engine/src/main/ets/adapter/PermissionManagerAdapter.ets:260:15
 To use this API, you need to apply for the permissions: ohos.permission.FILE_ACCESS_PERSIST
[39m[39m
[33mWARN: [33m[33mArkTS:WARN File: C:/Users/scottsmith/project/Archive-Markdown-Editor-For-HarmonyOS/app/ame/web_engine/src/main/ets/adapter/PermissionManagerAdapter.ets:299:37
 Function may throw exceptions. Special handling is required.
[39m[39m
[33mWARN: [33m[33mArkTS:WARN File: C:/Users/scottsmith/project/Archive-Markdown-Editor-For-HarmonyOS/app/ame/web_engine/src/main/ets/adapter/PermissionManagerAdapter.ets:300:39
 Function may throw exceptions. Special handling is required.
[39m[39m
[33mWARN: [33m[33mArkTS:WARN File: C:/Users/scottsmith/project/Archive-Markdown-Editor-For-HarmonyOS/app/ame/web_engine/src/main/ets/adapter/PermissionManagerAdapter.ets:301:37
 Function may throw exceptions. Special handling is required.
[39m[39m
[33mWARN: [33m[33mArkTS:WARN File: C:/Users/scottsmith/project/Archive-Markdown-Editor-For-HarmonyOS/app/ame/web_engine/src/main/ets/adapter/PermissionManagerAdapter.ets:303:39
 Function may throw exceptions. Special handling is required.
[39m[39m
[33mWARN: [33m[33mArkTS:WARN File: C:/Users/scottsmith/project/Archive-Markdown-Editor-For-HarmonyOS/app/ame/web_engine/src/main/ets/adapter/PermissionManagerAdapter.ets:304:38
 Function may throw exceptions. Special handling is required.
[39m[39m
[33mWARN: [33m[33mArkTS:WARN File: C:/Users/scottsmith/project/Archive-Markdown-Editor-For-HarmonyOS/app/ame/web_engine/src/main/ets/adapter/PermissionManagerAdapter.ets:308:37
 Function may throw exceptions. Special handling is required.
[39m[39m
[33mWARN: [33m[33mArkTS:WARN File: C:/Users/scottsmith/project/Archive-Markdown-Editor-For-HarmonyOS/app/ame/web_engine/src/main/ets/adapter/PermissionManagerAdapter.ets:309:39
 Function may throw exceptions. Special handling is required.
[39m[39m
[33mWARN: [33m[33mArkTS:WARN File: C:/Users/scottsmith/project/Archive-Markdown-Editor-For-HarmonyOS/app/ame/web_engine/src/main/ets/adapter/PermissionManagerAdapter.ets:310:37
 Function may throw exceptions. Special handling is required.
[39m[39m
[33mWARN: [33m[33mArkTS:WARN File: C:/Users/scottsmith/project/Archive-Markdown-Editor-For-HarmonyOS/app/ame/web_engine/src/main/ets/adapter/PermissionManagerAdapter.ets:312:39
 Function may throw exceptions. Special handling is required.
[39m[39m
[33mWARN: [33m[33mArkTS:WARN File: C:/Users/scottsmith/project/Archive-Markdown-Editor-For-HarmonyOS/app/ame/web_engine/src/main/ets/adapter/PermissionManagerAdapter.ets:313:38
 Function may throw exceptions. Special handling is required.
[39m[39m
[33mWARN: [33m[33mArkTS:WARN File: C:/Users/scottsmith/project/Archive-Markdown-Editor-For-HarmonyOS/app/ame/web_engine/src/main/ets/adapter/PermissionManagerAdapter.ets:317:18
 'showDialog' has been deprecated.
[39m[39m
[33mWARN: [33m[33mArkTS:WARN File: C:/Users/scottsmith/project/Archive-Markdown-Editor-For-HarmonyOS/app/ame/web_engine/src/main/ets/adapter/AppWindowAdapter.ets:106:24
 Function may throw exceptions. Special handling is required.
[39m[39m
[33mWARN: [33m[33mArkTS:WARN File: C:/Users/scottsmith/project/Archive-Markdown-Editor-For-HarmonyOS/app/ame/web_engine/src/main/ets/adapter/AppWindowAdapter.ets:111:21
 Function may throw exceptions. Special handling is required.
[39m[39m
[33mWARN: [33m[33mArkTS:WARN File: C:/Users/scottsmith/project/Archive-Markdown-Editor-For-HarmonyOS/app/ame/web_engine/src/main/ets/adapter/AppWindowAdapter.ets:176:9
 Function may throw exceptions. Special handling is required.
[39m[39m
[33mWARN: [33m[33mArkTS:WARN File: C:/Users/scottsmith/project/Archive-Markdown-Editor-For-HarmonyOS/app/ame/web_engine/src/main/ets/adapter/AppWindowAdapter.ets:180:7
 Function may throw exceptions. Special handling is required.
[39m[39m
[33mWARN: [33m[33mArkTS:WARN File: C:/Users/scottsmith/project/Archive-Markdown-Editor-For-HarmonyOS/app/ame/web_engine/src/main/ets/adapter/AppWindowAdapter.ets:182:7
 Function may throw exceptions. Special handling is required.
[39m[39m
[33mWARN: [33m[33mArkTS:WARN File: C:/Users/scottsmith/project/Archive-Markdown-Editor-For-HarmonyOS/app/ame/web_engine/src/main/ets/adapter/AppWindowAdapter.ets:194:9
 Function may throw exceptions. Special handling is required.
[39m[39m
[33mWARN: [33m[33mArkTS:WARN File: C:/Users/scottsmith/project/Archive-Markdown-Editor-For-HarmonyOS/app/ame/web_engine/src/main/ets/adapter/AppWindowAdapter.ets:206:9
 Function may throw exceptions. Special handling is required.
[39m[39m
[33mWARN: [33m[33mArkTS:WARN File: C:/Users/scottsmith/project/Archive-Markdown-Editor-For-HarmonyOS/app/ame/web_engine/src/main/ets/adapter/AppWindowAdapter.ets:220:9
 Function may throw exceptions. Special handling is required.
[39m[39m
[33mWARN: [33m[33mArkTS:WARN File: C:/Users/scottsmith/project/Archive-Markdown-Editor-For-HarmonyOS/app/ame/web_engine/src/main/ets/adapter/AppWindowAdapter.ets:237:19
 Function may throw exceptions. Special handling is required.
[39m[39m
[33mWARN: [33m[33mArkTS:WARN File: C:/Users/scottsmith/project/Archive-Markdown-Editor-For-HarmonyOS/app/ame/web_engine/src/main/ets/adapter/AppWindowAdapter.ets:237:32
 To use this API, you need to apply for the permissions: ohos.permission.WINDOW_TOPMOST
[39m[39m
[33mWARN: [33m[33mArkTS:WARN File: C:/Users/scottsmith/project/Archive-Markdown-Editor-For-HarmonyOS/app/ame/web_engine/src/main/ets/adapter/AppWindowAdapter.ets:340:24
 Function may throw exceptions. Special handling is required.
[39m[39m
[33mWARN: [33m[33mArkTS:WARN File: C:/Users/scottsmith/project/Archive-Markdown-Editor-For-HarmonyOS/app/ame/web_engine/src/main/ets/adapter/AppWindowAdapter.ets:400:24
 Function may throw exceptions. Special handling is required.
[39m[39m
[33mWARN: [33m[33mArkTS:WARN File: C:/Users/scottsmith/project/Archive-Markdown-Editor-For-HarmonyOS/app/ame/web_engine/src/main/ets/adapter/AppWindowAdapter.ets:429:9
 Function may throw exceptions. Special handling is required.
[39m[39m
[33mWARN: [33m[33mArkTS:WARN File: C:/Users/scottsmith/project/Archive-Markdown-Editor-For-HarmonyOS/app/ame/web_engine/src/main/ets/adapter/AppWindowAdapter.ets:533:7
 Function may throw exceptions. Special handling is required.
[39m[39m
[33mWARN: [33m[33mArkTS:WARN File: C:/Users/scottsmith/project/Archive-Markdown-Editor-For-HarmonyOS/app/ame/web_engine/src/main/ets/adapter/AppWindowAdapter.ets:546:7
 Function may throw exceptions. Special handling is required.
[39m[39m
[33mWARN: [33m[33mArkTS:WARN File: C:/Users/scottsmith/project/Archive-Markdown-Editor-For-HarmonyOS/app/ame/web_engine/src/main/ets/adapter/AppWindowAdapter.ets:555:20
 To use this API, you need to apply for the permissions: ohos.permission.PRIVACY_WINDOW
[39m[39m
[33mWARN: [33m[33mArkTS:WARN File: C:/Users/scottsmith/project/Archive-Markdown-Editor-For-HarmonyOS/app/ame/web_engine/src/main/ets/adapter/AppWindowAdapter.ets:646:5
 Function may throw exceptions. Special handling is required.
[39m[39m
[33mWARN: [33m[33mArkTS:WARN File: C:/Users/scottsmith/project/Archive-Markdown-Editor-For-HarmonyOS/app/ame/web_engine/src/main/ets/adapter/AppWindowAdapter.ets:652:16
 Function may throw exceptions. Special handling is required.
[39m[39m
[33mWARN: [33m[33mArkTS:WARN File: C:/Users/scottsmith/project/Archive-Markdown-Editor-For-HarmonyOS/app/ame/web_engine/src/main/ets/adapter/AppWindowAdapter.ets:743:12
 To use this API, you need to apply for the permissions: ohos.permission.SYSTEM_FLOAT_WINDOW
[39m[39m
[33mWARN: [33m[33mArkTS:WARN File: C:/Users/scottsmith/project/Archive-Markdown-Editor-For-HarmonyOS/app/ame/web_engine/src/main/ets/adapter/AppWindowAdapter.ets:796:20
 Function may throw exceptions. Special handling is required.
[39m[39m
[33mWARN: [33m[33mArkTS:WARN File: C:/Users/scottsmith/project/Archive-Markdown-Editor-For-HarmonyOS/app/ame/web_engine/src/main/ets/adapter/BluetoothAdapter.ets:38:32
 To use this API, you need to apply for the permissions: ohos.permission.ACCESS_BLUETOOTH
[39m[39m
[33mWARN: [33m[33mArkTS:WARN File: C:/Users/scottsmith/project/Archive-Markdown-Editor-For-HarmonyOS/app/ame/web_engine/src/main/ets/adapter/BluetoothAdapter.ets:49:18
 'setLocalName' has been deprecated.
[39m[39m
[33mWARN: [33m[33mArkTS:WARN File: C:/Users/scottsmith/project/Archive-Markdown-Editor-For-HarmonyOS/app/ame/web_engine/src/main/ets/adapter/BluetoothAdapter.ets:49:18
 To use this API, you need to apply for the permissions: ohos.permission.ACCESS_BLUETOOTH
[39m[39m
[33mWARN: [33m[33mArkTS:WARN File: C:/Users/scottsmith/project/Archive-Markdown-Editor-For-HarmonyOS/app/ame/web_engine/src/main/ets/adapter/BluetoothAdapter.ets:73:16
 To use this API, you need to apply for the permissions: ohos.permission.ACCESS_BLUETOOTH
[39m[39m
[33mWARN: [33m[33mArkTS:WARN File: C:/Users/scottsmith/project/Archive-Markdown-Editor-For-HarmonyOS/app/ame/web_engine/src/main/ets/adapter/BluetoothAdapter.ets:84:16
 To use this API, you need to apply for the permissions: ohos.permission.ACCESS_BLUETOOTH
[39m[39m
[33mWARN: [33m[33mArkTS:WARN File: C:/Users/scottsmith/project/Archive-Markdown-Editor-For-HarmonyOS/app/ame/web_engine/src/main/ets/adapter/BluetoothAdapter.ets:117:54
 To use this API, you need to apply for the permissions: ohos.permission.ACCESS_BLUETOOTH
[39m[39m
[33mWARN: [33m[33mArkTS:WARN File: C:/Users/scottsmith/project/Archive-Markdown-Editor-For-HarmonyOS/app/ame/web_engine/src/main/ets/adapter/BluetoothAdapter.ets:128:18
 To use this API, you need to apply for the permissions: ohos.permission.ACCESS_BLUETOOTH
[39m[39m
[33mWARN: [33m[33mArkTS:WARN File: C:/Users/scottsmith/project/Archive-Markdown-Editor-For-HarmonyOS/app/ame/web_engine/src/main/ets/adapter/BluetoothAdapter.ets:137:18
 To use this API, you need to apply for the permissions: ohos.permission.ACCESS_BLUETOOTH
[39m[39m
[33mWARN: [33m[33mArkTS:WARN File: C:/Users/scottsmith/project/Archive-Markdown-Editor-For-HarmonyOS/app/ame/web_engine/src/main/ets/adapter/BluetoothAdapter.ets:146:18
 To use this API, you need to apply for the permissions: ohos.permission.ACCESS_BLUETOOTH
[39m[39m
[33mWARN: [33m[33mArkTS:WARN File: C:/Users/scottsmith/project/Archive-Markdown-Editor-For-HarmonyOS/app/ame/web_engine/src/main/ets/adapter/BluetoothAdapter.ets:158:18
 To use this API, you need to apply for the permissions: ohos.permission.ACCESS_BLUETOOTH
[39m[39m
[33mWARN: [33m[33mArkTS:WARN File: C:/Users/scottsmith/project/Archive-Markdown-Editor-For-HarmonyOS/app/ame/web_engine/src/main/ets/adapter/BluetoothAdapter.ets:167:18
 To use this API, you need to apply for the permissions: ohos.permission.ACCESS_BLUETOOTH
[39m[39m
[33mWARN: [33m[33mArkTS:WARN File: C:/Users/scottsmith/project/Archive-Markdown-Editor-For-HarmonyOS/app/ame/web_engine/src/main/ets/adapter/BluetoothAdapter.ets:177:37
 To use this API, you need to apply for the permissions: ohos.permission.ACCESS_BLUETOOTH
[39m[39m
[33mWARN: [33m[33mArkTS:WARN File: C:/Users/scottsmith/project/Archive-Markdown-Editor-For-HarmonyOS/app/ame/web_engine/src/main/ets/adapter/BluetoothAdapter.ets:188:57
 To use this API, you need to apply for the permissions: ohos.permission.ACCESS_BLUETOOTH
[39m[39m
[33mWARN: [33m[33mArkTS:WARN File: C:/Users/scottsmith/project/Archive-Markdown-Editor-For-HarmonyOS/app/ame/web_engine/src/main/ets/adapter/BluetoothAdapter.ets:213:18
 To use this API, you need to apply for the permissions: ohos.permission.ACCESS_BLUETOOTH
[39m[39m
[33mWARN: [33m[33mArkTS:WARN File: C:/Users/scottsmith/project/Archive-Markdown-Editor-For-HarmonyOS/app/ame/web_engine/src/main/ets/adapter/BluetoothAdapter.ets:231:28
 To use this API, you need to apply for the permissions: ohos.permission.ACCESS_BLUETOOTH
[39m[39m
[33mWARN: [33m[33mArkTS:WARN File: C:/Users/scottsmith/project/Archive-Markdown-Editor-For-HarmonyOS/app/ame/web_engine/src/main/ets/adapter/BluetoothAdapter.ets:241:18
 To use this API, you need to apply for the permissions: ohos.permission.ACCESS_BLUETOOTH
[39m[39m
[33mWARN: [33m[33mArkTS:WARN File: C:/Users/scottsmith/project/Archive-Markdown-Editor-For-HarmonyOS/app/ame/web_engine/src/main/ets/adapter/BluetoothAdapter.ets:261:34
 To use this API, you need to apply for the permissions: ohos.permission.ACCESS_BLUETOOTH
[39m[39m
[33mWARN: [33m[33mArkTS:WARN File: C:/Users/scottsmith/project/Archive-Markdown-Editor-For-HarmonyOS/app/ame/web_engine/src/main/ets/adapter/BluetoothAdapter.ets:273:56
 To use this API, you need to apply for the permissions: ohos.permission.ACCESS_BLUETOOTH
[39m[39m
[33mWARN: [33m[33mArkTS:WARN File: C:/Users/scottsmith/project/Archive-Markdown-Editor-For-HarmonyOS/app/ame/web_engine/src/main/ets/adapter/BluetoothLowEnergyAdapter.ets:68:11
 To use this API, you need to apply for the permissions: ohos.permission.ACCESS_BLUETOOTH
[39m[39m
[33mWARN: [33m[33mArkTS:WARN File: C:/Users/scottsmith/project/Archive-Markdown-Editor-For-HarmonyOS/app/ame/web_engine/src/main/ets/adapter/BluetoothLowEnergyAdapter.ets:77:11
 To use this API, you need to apply for the permissions: ohos.permission.ACCESS_BLUETOOTH
[39m[39m
[33mWARN: [33m[33mArkTS:WARN File: C:/Users/scottsmith/project/Archive-Markdown-Editor-For-HarmonyOS/app/ame/web_engine/src/main/ets/adapter/BluetoothLowEnergyAdapter.ets:93:11
 To use this API, you need to apply for the permissions: ohos.permission.ACCESS_BLUETOOTH
[39m[39m
[33mWARN: [33m[33mArkTS:WARN File: C:/Users/scottsmith/project/Archive-Markdown-Editor-For-HarmonyOS/app/ame/web_engine/src/main/ets/adapter/BluetoothLowEnergyAdapter.ets:103:11
 To use this API, you need to apply for the permissions: ohos.permission.ACCESS_BLUETOOTH
[39m[39m
[33mWARN: [33m[33mArkTS:WARN File: C:/Users/scottsmith/project/Archive-Markdown-Editor-For-HarmonyOS/app/ame/web_engine/src/main/ets/adapter/BluetoothLowEnergyAdapter.ets:111:9
 Function may throw exceptions. Special handling is required.
[39m[39m
[33mWARN: [33m[33mArkTS:WARN File: C:/Users/scottsmith/project/Archive-Markdown-Editor-For-HarmonyOS/app/ame/web_engine/src/main/ets/adapter/BluetoothLowEnergyAdapter.ets:117:14
 To use this API, you need to apply for the permissions: ohos.permission.ACCESS_BLUETOOTH
[39m[39m
[33mWARN: [33m[33mArkTS:WARN File: C:/Users/scottsmith/project/Archive-Markdown-Editor-For-HarmonyOS/app/ame/web_engine/src/main/ets/adapter/BluetoothLowEnergyAdapter.ets:126:14
 To use this API, you need to apply for the permissions: ohos.permission.ACCESS_BLUETOOTH
[39m[39m
[33mWARN: [33m[33mArkTS:WARN File: C:/Users/scottsmith/project/Archive-Markdown-Editor-For-HarmonyOS/app/ame/web_engine/src/main/ets/adapter/BluetoothLowEnergyAdapter.ets:134:10
 Function may throw exceptions. Special handling is required.
[39m[39m
[33mWARN: [33m[33mArkTS:WARN File: C:/Users/scottsmith/project/Archive-Markdown-Editor-For-HarmonyOS/app/ame/web_engine/src/main/ets/adapter/BluetoothLowEnergyAdapter.ets:138:40
 Function may throw exceptions. Special handling is required.
[39m[39m
[33mWARN: [33m[33mArkTS:WARN File: C:/Users/scottsmith/project/Archive-Markdown-Editor-For-HarmonyOS/app/ame/web_engine/src/main/ets/adapter/BluetoothLowEnergyAdapter.ets:140:14
 To use this API, you need to apply for the permissions: ohos.permission.ACCESS_BLUETOOTH
[39m[39m
[33mWARN: [33m[33mArkTS:WARN File: C:/Users/scottsmith/project/Archive-Markdown-Editor-For-HarmonyOS/app/ame/web_engine/src/main/ets/adapter/BluetoothLowEnergyAdapter.ets:141:14
 To use this API, you need to apply for the permissions: ohos.permission.ACCESS_BLUETOOTH
[39m[39m
[33mWARN: [33m[33mArkTS:WARN File: C:/Users/scottsmith/project/Archive-Markdown-Editor-For-HarmonyOS/app/ame/web_engine/src/main/ets/adapter/BluetoothLowEnergyAdapter.ets:151:11
 To use this API, you need to apply for the permissions: ohos.permission.ACCESS_BLUETOOTH
[39m[39m
[33mWARN: [33m[33mArkTS:WARN File: C:/Users/scottsmith/project/Archive-Markdown-Editor-For-HarmonyOS/app/ame/web_engine/src/main/ets/adapter/BluetoothLowEnergyAdapter.ets:160:11
 To use this API, you need to apply for the permissions: ohos.permission.ACCESS_BLUETOOTH
[39m[39m
[33mWARN: [33m[33mArkTS:WARN File: C:/Users/scottsmith/project/Archive-Markdown-Editor-For-HarmonyOS/app/ame/web_engine/src/main/ets/adapter/BluetoothLowEnergyAdapter.ets:214:11
 To use this API, you need to apply for the permissions: ohos.permission.ACCESS_BLUETOOTH or (ohos.permission.ACCESS_BLUETOOTH and
ohos.permission.MANAGE_BLUETOOTH_ADVERTISER_NAME)
[39m[39m
[33mWARN: [33m[33mArkTS:WARN File: C:/Users/scottsmith/project/Archive-Markdown-Editor-For-HarmonyOS/app/ame/web_engine/src/main/ets/adapter/BluetoothLowEnergyAdapter.ets:226:11
 To use this API, you need to apply for the permissions: ohos.permission.ACCESS_BLUETOOTH
[39m[39m
[33mWARN: [33m[33mArkTS:WARN File: C:/Users/scottsmith/project/Archive-Markdown-Editor-For-HarmonyOS/app/ame/web_engine/src/main/ets/adapter/BluetoothLowEnergyAdapter.ets:242:5
 Function may throw exceptions. Special handling is required.
[39m[39m
[33mWARN: [33m[33mArkTS:WARN File: C:/Users/scottsmith/project/Archive-Markdown-Editor-For-HarmonyOS/app/ame/web_engine/src/main/ets/adapter/BluetoothLowEnergyAdapter.ets:247:5
 Function may throw exceptions. Special handling is required.
[39m[39m
[33mWARN: [33m[33mArkTS:WARN File: C:/Users/scottsmith/project/Archive-Markdown-Editor-For-HarmonyOS/app/ame/web_engine/src/main/ets/adapter/BluetoothLowEnergyAdapter.ets:253:9
 Function may throw exceptions. Special handling is required.
[39m[39m
[33mWARN: [33m[33mArkTS:WARN File: C:/Users/scottsmith/project/Archive-Markdown-Editor-For-HarmonyOS/app/ame/web_engine/src/main/ets/adapter/BluetoothLowEnergyAdapter.ets:254:20
 Function may throw exceptions. Special handling is required.
[39m[39m
[33mWARN: [33m[33mArkTS:WARN File: C:/Users/scottsmith/project/Archive-Markdown-Editor-For-HarmonyOS/app/ame/web_engine/src/main/ets/adapter/BluetoothLowEnergyAdapter.ets:259:12
 Function may throw exceptions. Special handling is required.
[39m[39m
[33mWARN: [33m[33mArkTS:WARN File: C:/Users/scottsmith/project/Archive-Markdown-Editor-For-HarmonyOS/app/ame/web_engine/src/main/ets/adapter/BluetoothLowEnergyAdapter.ets:264:5
 Function may throw exceptions. Special handling is required.
[39m[39m
[33mWARN: [33m[33mArkTS:WARN File: C:/Users/scottsmith/project/Archive-Markdown-Editor-For-HarmonyOS/app/ame/web_engine/src/main/ets/adapter/BluetoothLowEnergyAdapter.ets:264:12
 To use this API, you need to apply for the permissions: ohos.permission.ACCESS_BLUETOOTH
[39m[39m
[33mWARN: [33m[33mArkTS:WARN File: C:/Users/scottsmith/project/Archive-Markdown-Editor-For-HarmonyOS/app/ame/web_engine/src/main/ets/adapter/BluetoothLowEnergyAdapter.ets:283:26
 Function may throw exceptions. Special handling is required.
[39m[39m
[33mWARN: [33m[33mArkTS:WARN File: C:/Users/scottsmith/project/Archive-Markdown-Editor-For-HarmonyOS/app/ame/web_engine/src/main/ets/adapter/BluetoothLowEnergyAdapter.ets:290:57
 To use this API, you need to apply for the permissions: ohos.permission.ACCESS_BLUETOOTH
[39m[39m
[33mWARN: [33m[33mArkTS:WARN File: C:/Users/scottsmith/project/Archive-Markdown-Editor-For-HarmonyOS/app/ame/web_engine/src/main/ets/adapter/BluetoothLowEnergyAdapter.ets:301:26
 Function may throw exceptions. Special handling is required.
[39m[39m
[33mWARN: [33m[33mArkTS:WARN File: C:/Users/scottsmith/project/Archive-Markdown-Editor-For-HarmonyOS/app/ame/web_engine/src/main/ets/adapter/BluetoothLowEnergyAdapter.ets:309:57
 To use this API, you need to apply for the permissions: ohos.permission.ACCESS_BLUETOOTH
[39m[39m
[33mWARN: [33m[33mArkTS:WARN File: C:/Users/scottsmith/project/Archive-Markdown-Editor-For-HarmonyOS/app/ame/web_engine/src/main/ets/adapter/BluetoothLowEnergyAdapter.ets:320:26
 Function may throw exceptions. Special handling is required.
[39m[39m
[33mWARN: [33m[33mArkTS:WARN File: C:/Users/scottsmith/project/Archive-Markdown-Editor-For-HarmonyOS/app/ame/web_engine/src/main/ets/adapter/BluetoothLowEnergyAdapter.ets:329:59
 To use this API, you need to apply for the permissions: ohos.permission.ACCESS_BLUETOOTH
[39m[39m
[33mWARN: [33m[33mArkTS:WARN File: C:/Users/scottsmith/project/Archive-Markdown-Editor-For-HarmonyOS/app/ame/web_engine/src/main/ets/adapter/BluetoothLowEnergyAdapter.ets:331:59
 To use this API, you need to apply for the permissions: ohos.permission.ACCESS_BLUETOOTH
[39m[39m
[33mWARN: [33m[33mArkTS:WARN File: C:/Users/scottsmith/project/Archive-Markdown-Editor-For-HarmonyOS/app/ame/web_engine/src/main/ets/adapter/BluetoothLowEnergyAdapter.ets:343:22
 Function may throw exceptions. Special handling is required.
[39m[39m
[33mWARN: [33m[33mArkTS:WARN File: C:/Users/scottsmith/project/Archive-Markdown-Editor-For-HarmonyOS/app/ame/web_engine/src/main/ets/adapter/BluetoothLowEnergyAdapter.ets:350:57
 To use this API, you need to apply for the permissions: ohos.permission.ACCESS_BLUETOOTH
[39m[39m
[33mWARN: [33m[33mArkTS:WARN File: C:/Users/scottsmith/project/Archive-Markdown-Editor-For-HarmonyOS/app/ame/web_engine/src/main/ets/adapter/BluetoothLowEnergyAdapter.ets:361:26
 Function may throw exceptions. Special handling is required.
[39m[39m
[33mWARN: [33m[33mArkTS:WARN File: C:/Users/scottsmith/project/Archive-Markdown-Editor-For-HarmonyOS/app/ame/web_engine/src/main/ets/adapter/BluetoothLowEnergyAdapter.ets:367:18
 Function may throw exceptions. Special handling is required.
[39m[39m
[33mWARN: [33m[33mArkTS:WARN File: C:/Users/scottsmith/project/Archive-Markdown-Editor-For-HarmonyOS/app/ame/web_engine/src/main/ets/adapter/BluetoothLowEnergyAdapter.ets:373:5
 Function may throw exceptions. Special handling is required.
[39m[39m
[33mWARN: [33m[33mArkTS:WARN File: C:/Users/scottsmith/project/Archive-Markdown-Editor-For-HarmonyOS/app/ame/web_engine/src/main/ets/adapter/BluetoothLowEnergyAdapter.ets:373:12
 To use this API, you need to apply for the permissions: ohos.permission.ACCESS_BLUETOOTH
[39m[39m
[33mWARN: [33m[33mArkTS:WARN File: C:/Users/scottsmith/project/Archive-Markdown-Editor-For-HarmonyOS/app/ame/web_engine/src/main/ets/adapter/BluetoothLowEnergyAdapter.ets:374:5
 Function may throw exceptions. Special handling is required.
[39m[39m
[33mWARN: [33m[33mArkTS:WARN File: C:/Users/scottsmith/project/Archive-Markdown-Editor-For-HarmonyOS/app/ame/web_engine/src/main/ets/adapter/BluetoothLowEnergyAdapter.ets:375:5
 Function may throw exceptions. Special handling is required.
[39m[39m
[33mWARN: [33m[33mArkTS:WARN File: C:/Users/scottsmith/project/Archive-Markdown-Editor-For-HarmonyOS/app/ame/web_engine/src/main/ets/adapter/BluetoothLowEnergyAdapter.ets:375:12
 To use this API, you need to apply for the permissions: ohos.permission.ACCESS_BLUETOOTH
[39m[39m
[33mWARN: [33m[33mArkTS:WARN File: C:/Users/scottsmith/project/Archive-Markdown-Editor-For-HarmonyOS/app/ame/web_engine/src/main/ets/adapter/BluetoothLowEnergyAdapter.ets:388:18
 Function may throw exceptions. Special handling is required.
[39m[39m
[33mWARN: [33m[33mArkTS:WARN File: C:/Users/scottsmith/project/Archive-Markdown-Editor-For-HarmonyOS/app/ame/web_engine/src/main/ets/adapter/BluetoothLowEnergyAdapter.ets:394:5
 Function may throw exceptions. Special handling is required.
[39m[39m
[33mWARN: [33m[33mArkTS:WARN File: C:/Users/scottsmith/project/Archive-Markdown-Editor-For-HarmonyOS/app/ame/web_engine/src/main/ets/adapter/BluetoothLowEnergyAdapter.ets:397:16
 To use this API, you need to apply for the permissions: ohos.permission.ACCESS_BLUETOOTH
[39m[39m
[33mWARN: [33m[33mArkTS:WARN File: C:/Users/scottsmith/project/Archive-Markdown-Editor-For-HarmonyOS/app/ame/web_engine/src/main/ets/adapter/BluetoothLowEnergyAdapter.ets:410:22
 Function may throw exceptions. Special handling is required.
[39m[39m
[33mWARN: [33m[33mArkTS:WARN File: C:/Users/scottsmith/project/Archive-Markdown-Editor-For-HarmonyOS/app/ame/web_engine/src/main/ets/adapter/BluetoothLowEnergyAdapter.ets:417:57
 To use this API, you need to apply for the permissions: ohos.permission.ACCESS_BLUETOOTH
[39m[39m
[33mWARN: [33m[33mArkTS:WARN File: C:/Users/scottsmith/project/Archive-Markdown-Editor-For-HarmonyOS/app/ame/web_engine/src/main/ets/adapter/BluetoothLowEnergyAdapter.ets:443:19
 Function may throw exceptions. Special handling is required.
[39m[39m
[33mWARN: [33m[33mArkTS:WARN File: C:/Users/scottsmith/project/Archive-Markdown-Editor-For-HarmonyOS/app/ame/web_engine/src/main/ets/adapter/BluetoothLowEnergyAdapter.ets:483:26
 Function may throw exceptions. Special handling is required.
[39m[39m
[33mWARN: [33m[33mArkTS:WARN File: C:/Users/scottsmith/project/Archive-Markdown-Editor-For-HarmonyOS/app/ame/web_engine/src/main/ets/adapter/BrowserPolicyAdapter.ets:22:40
 'decodeWithStream' has been deprecated.
[39m[39m
[33mWARN: [33m[33mArkTS:WARN File: C:/Users/scottsmith/project/Archive-Markdown-Editor-For-HarmonyOS/app/ame/web_engine/src/main/ets/adapter/CertManagerAdapter.ets:45:15
 Function may throw exceptions. Special handling is required.
[39m[39m
[33mWARN: [33m[33mArkTS:WARN File: C:/Users/scottsmith/project/Archive-Markdown-Editor-For-HarmonyOS/app/ame/web_engine/src/main/ets/adapter/CertManagerAdapter.ets:49:20
 Function may throw exceptions. Special handling is required.
[39m[39m
[33mWARN: [33m[33mArkTS:WARN File: C:/Users/scottsmith/project/Archive-Markdown-Editor-For-HarmonyOS/app/ame/web_engine/src/main/ets/adapter/CertManagerAdapter.ets:50:16
 Function may throw exceptions. Special handling is required.
[39m[39m
[33mWARN: [33m[33mArkTS:WARN File: C:/Users/scottsmith/project/Archive-Markdown-Editor-For-HarmonyOS/app/ame/web_engine/src/main/ets/adapter/CertManagerAdapter.ets:52:5
 Function may throw exceptions. Special handling is required.
[39m[39m
[33mWARN: [33m[33mArkTS:WARN File: C:/Users/scottsmith/project/Archive-Markdown-Editor-For-HarmonyOS/app/ame/web_engine/src/main/ets/adapter/CertManagerAdapter.ets:53:5
 Function may throw exceptions. Special handling is required.
[39m[39m
[33mWARN: [33m[33mArkTS:WARN File: C:/Users/scottsmith/project/Archive-Markdown-Editor-For-HarmonyOS/app/ame/web_engine/src/main/ets/adapter/CertManagerAdapter.ets:64:17
 To use this API, you need to apply for the permissions: ohos.permission.ACCESS_CERT_MANAGER
[39m[39m
[33mWARN: [33m[33mArkTS:WARN File: C:/Users/scottsmith/project/Archive-Markdown-Editor-For-HarmonyOS/app/ame/web_engine/src/main/ets/adapter/CertManagerAdapter.ets:81:26
 To use this API, you need to apply for the permissions: ohos.permission.ACCESS_CERT_MANAGER
[39m[39m
[33mWARN: [33m[33mArkTS:WARN File: C:/Users/scottsmith/project/Archive-Markdown-Editor-For-HarmonyOS/app/ame/web_engine/src/main/ets/adapter/CertManagerAdapter.ets:90:44
 To use this API, you need to apply for the permissions: ohos.permission.ACCESS_CERT_MANAGER
[39m[39m
[33mWARN: [33m[33mArkTS:WARN File: C:/Users/scottsmith/project/Archive-Markdown-Editor-For-HarmonyOS/app/ame/web_engine/src/main/ets/adapter/CertManagerAdapter.ets:112:17
 To use this API, you need to apply for the permissions: ohos.permission.ACCESS_CERT_MANAGER
[39m[39m
[33mWARN: [33m[33mArkTS:WARN File: C:/Users/scottsmith/project/Archive-Markdown-Editor-For-HarmonyOS/app/ame/web_engine/src/main/ets/adapter/CertManagerAdapter.ets:129:17
 To use this API, you need to apply for the permissions: ohos.permission.ACCESS_CERT_MANAGER
[39m[39m
[33mWARN: [33m[33mArkTS:WARN File: C:/Users/scottsmith/project/Archive-Markdown-Editor-For-HarmonyOS/app/ame/web_engine/src/main/ets/adapter/CertManagerAdapter.ets:136:19
 To use this API, you need to apply for the permissions: ohos.permission.ACCESS_CERT_MANAGER
[39m[39m
[33mWARN: [33m[33mArkTS:WARN File: C:/Users/scottsmith/project/Archive-Markdown-Editor-For-HarmonyOS/app/ame/web_engine/src/main/ets/adapter/CertManagerAdapter.ets:142:21
 To use this API, you need to apply for the permissions: ohos.permission.ACCESS_CERT_MANAGER
[39m[39m
[33mWARN: [33m[33mArkTS:WARN File: C:/Users/scottsmith/project/Archive-Markdown-Editor-For-HarmonyOS/app/ame/web_engine/src/main/ets/adapter/CertManagerAdapter.ets:154:33
 Function may throw exceptions. Special handling is required.
[39m[39m
[33mWARN: [33m[33mArkTS:WARN File: C:/Users/scottsmith/project/Archive-Markdown-Editor-For-HarmonyOS/app/ame/web_engine/src/main/ets/adapter/CertManagerAdapter.ets:176:15
 Function may throw exceptions. Special handling is required.
[39m[39m
[33mWARN: [33m[33mArkTS:WARN File: C:/Users/scottsmith/project/Archive-Markdown-Editor-For-HarmonyOS/app/ame/web_engine/src/main/ets/adapter/CertManagerAdapter.ets:181:21
 Function may throw exceptions. Special handling is required.
[39m[39m
[33mWARN: [33m[33mArkTS:WARN File: C:/Users/scottsmith/project/Archive-Markdown-Editor-For-HarmonyOS/app/ame/web_engine/src/main/ets/adapter/CertManagerAdapter.ets:201:32
 To use this API, you need to apply for the permissions: ohos.permission.ACCESS_CERT_MANAGER
[39m[39m
[33mWARN: [33m[33mArkTS:WARN File: C:/Users/scottsmith/project/Archive-Markdown-Editor-For-HarmonyOS/app/ame/web_engine/src/main/ets/adapter/CursorAdapter.ets:44:22
 Function may throw exceptions. Special handling is required.
[39m[39m
[33mWARN: [33m[33mArkTS:WARN File: C:/Users/scottsmith/project/Archive-Markdown-Editor-For-HarmonyOS/app/ame/web_engine/src/main/ets/adapter/DeviceAdapter.ets:115:12
 Function may throw exceptions. Special handling is required.
[39m[39m
[33mWARN: [33m[33mArkTS:WARN File: C:/Users/scottsmith/project/Archive-Markdown-Editor-For-HarmonyOS/app/ame/web_engine/src/main/ets/adapter/DeviceUserAuthAdapter.ets:43:16
 To use this API, you need to apply for the permissions: ohos.permission.ACCESS_BIOMETRIC
[39m[39m
[33mWARN: [33m[33mArkTS:WARN File: C:/Users/scottsmith/project/Archive-Markdown-Editor-For-HarmonyOS/app/ame/web_engine/src/main/ets/adapter/DeviceUserAuthAdapter.ets:56:16
 To use this API, you need to apply for the permissions: ohos.permission.ACCESS_BIOMETRIC
[39m[39m
[33mWARN: [33m[33mArkTS:WARN File: C:/Users/scottsmith/project/Archive-Markdown-Editor-For-HarmonyOS/app/ame/web_engine/src/main/ets/adapter/DeviceUserAuthAdapter.ets:96:11
 Function may throw exceptions. Special handling is required.
[39m[39m
[33mWARN: [33m[33mArkTS:WARN File: C:/Users/scottsmith/project/Archive-Markdown-Editor-For-HarmonyOS/app/ame/web_engine/src/main/ets/adapter/DeviceUserAuthAdapter.ets:107:24
 To use this API, you need to apply for the permissions: ohos.permission.ACCESS_BIOMETRIC or ohos.permission.USER_AUTH_FROM_BACKGROUND
[39m[39m
[33mWARN: [33m[33mArkTS:WARN File: C:/Users/scottsmith/project/Archive-Markdown-Editor-For-HarmonyOS/app/ame/web_engine/src/main/ets/adapter/ElectronAppAdapter.ets:66:24
 'getSystemLocale' has been deprecated.
[39m[39m
[33mWARN: [33m[33mArkTS:WARN File: C:/Users/scottsmith/project/Archive-Markdown-Editor-For-HarmonyOS/app/ame/web_engine/src/main/ets/adapter/ElectronAppAdapter.ets:113:5
 Function may throw exceptions. Special handling is required.
[39m[39m
[33mWARN: [33m[33mArkTS:WARN File: C:/Users/scottsmith/project/Archive-Markdown-Editor-For-HarmonyOS/app/ame/web_engine/src/main/ets/adapter/ElectronAppAdapter.ets:126:5
 Function may throw exceptions. Special handling is required.
[39m[39m
[33mWARN: [33m[33mArkTS:WARN File: C:/Users/scottsmith/project/Archive-Markdown-Editor-For-HarmonyOS/app/ame/web_engine/src/main/ets/adapter/FileManagerAdapter.ets:128:26
 To use this API, you need to apply for the permissions: ohos.permission.GET_FILE_ICON
[39m[39m
[33mWARN: [33m[33mArkTS:WARN File: C:/Users/scottsmith/project/Archive-Markdown-Editor-For-HarmonyOS/app/ame/web_engine/src/main/ets/adapter/FilePickerAdapter.ets:50:30
 Function may throw exceptions. Special handling is required.
[39m[39m
[33mWARN: [33m[33mArkTS:WARN File: C:/Users/scottsmith/project/Archive-Markdown-Editor-For-HarmonyOS/app/ame/web_engine/src/main/ets/adapter/FilePickerAdapter.ets:73:27
 The system capacity of this api 'selectMode' is not supported on all devices
[39m[39m
[33mWARN: [33m[33mArkTS:WARN File: C:/Users/scottsmith/project/Archive-Markdown-Editor-For-HarmonyOS/app/ame/web_engine/src/main/ets/adapter/FilePickerAdapter.ets:73:47
 The system capacity of this api 'DocumentSelectMode' is not supported on all devices
[39m[39m
[33mWARN: [33m[33mArkTS:WARN File: C:/Users/scottsmith/project/Archive-Markdown-Editor-For-HarmonyOS/app/ame/web_engine/src/main/ets/adapter/FilePickerAdapter.ets:73:66
 The system capacity of this api 'FOLDER' is not supported on all devices
[39m[39m
[33mWARN: [33m[33mArkTS:WARN File: C:/Users/scottsmith/project/Archive-Markdown-Editor-For-HarmonyOS/app/ame/web_engine/src/main/ets/adapter/FilePickerAdapter.ets:99:30
 Function may throw exceptions. Special handling is required.
[39m[39m
[33mWARN: [33m[33mArkTS:WARN File: C:/Users/scottsmith/project/Archive-Markdown-Editor-For-HarmonyOS/app/ame/web_engine/src/main/ets/adapter/FilePickerAdapter.ets:121:21
 Function may throw exceptions. Special handling is required.
[39m[39m
[33mWARN: [33m[33mArkTS:WARN File: C:/Users/scottsmith/project/Archive-Markdown-Editor-For-HarmonyOS/app/ame/web_engine/src/main/ets/adapter/FilePickerAdapter.ets:178:30
 Function may throw exceptions. Special handling is required.
[39m[39m
[33mWARN: [33m[33mArkTS:WARN File: C:/Users/scottsmith/project/Archive-Markdown-Editor-For-HarmonyOS/app/ame/web_engine/src/main/ets/adapter/FontAdapter.ets:18:42
 'getFontByName' has been deprecated.
[39m[39m
[33mWARN: [33m[33mArkTS:WARN File: C:/Users/scottsmith/project/Archive-Markdown-Editor-For-HarmonyOS/app/ame/web_engine/src/main/ets/adapter/FontAdapter.ets:22:26
 'getSystemFontList' has been deprecated.
[39m[39m
[33mWARN: [33m[33mArkTS:WARN File: C:/Users/scottsmith/project/Archive-Markdown-Editor-For-HarmonyOS/app/ame/web_engine/src/main/ets/adapter/FontAdapter.ets:45:26
 'getFontByName' has been deprecated.
[39m[39m
[33mWARN: [33m[33mArkTS:WARN File: C:/Users/scottsmith/project/Archive-Markdown-Editor-For-HarmonyOS/app/ame/web_engine/src/main/ets/adapter/I18nAdapter.ets:25:22
 'Locale' has been deprecated.
[39m[39m
[33mWARN: [33m[33mArkTS:WARN File: C:/Users/scottsmith/project/Archive-Markdown-Editor-For-HarmonyOS/app/ame/web_engine/src/main/ets/adapter/I18nAdapter.ets:25:32
 'language' has been deprecated.
[39m[39m
[33mWARN: [33m[33mArkTS:WARN File: C:/Users/scottsmith/project/Archive-Markdown-Editor-For-HarmonyOS/app/ame/web_engine/src/main/ets/adapter/I18nAdapter.ets:30:22
 'Locale' has been deprecated.
[39m[39m
[33mWARN: [33m[33mArkTS:WARN File: C:/Users/scottsmith/project/Archive-Markdown-Editor-For-HarmonyOS/app/ame/web_engine/src/main/ets/adapter/I18nAdapter.ets:30:32
 'region' has been deprecated.
[39m[39m
[33mWARN: [33m[33mArkTS:WARN File: C:/Users/scottsmith/project/Archive-Markdown-Editor-For-HarmonyOS/app/ame/web_engine/src/main/ets/adapter/IMFAdapter.ets:143:5
 Function may throw exceptions. Special handling is required.
[39m[39m
[33mWARN: [33m[33mArkTS:WARN File: C:/Users/scottsmith/project/Archive-Markdown-Editor-For-HarmonyOS/app/ame/web_engine/src/main/ets/adapter/IMFAdapter.ets:147:5
 Function may throw exceptions. Special handling is required.
[39m[39m
[33mWARN: [33m[33mArkTS:WARN File: C:/Users/scottsmith/project/Archive-Markdown-Editor-For-HarmonyOS/app/ame/web_engine/src/main/ets/adapter/IMFAdapter.ets:150:5
 Function may throw exceptions. Special handling is required.
[39m[39m
[33mWARN: [33m[33mArkTS:WARN File: C:/Users/scottsmith/project/Archive-Markdown-Editor-For-HarmonyOS/app/ame/web_engine/src/main/ets/adapter/IMFAdapter.ets:153:5
 Function may throw exceptions. Special handling is required.
[39m[39m
[33mWARN: [33m[33mArkTS:WARN File: C:/Users/scottsmith/project/Archive-Markdown-Editor-For-HarmonyOS/app/ame/web_engine/src/main/ets/adapter/IMFAdapter.ets:156:5
 Function may throw exceptions. Special handling is required.
[39m[39m
[33mWARN: [33m[33mArkTS:WARN File: C:/Users/scottsmith/project/Archive-Markdown-Editor-For-HarmonyOS/app/ame/web_engine/src/main/ets/adapter/MediaAdapter.ets:56:19
 'getContext' has been deprecated.
[39m[39m
[33mWARN: [33m[33mArkTS:WARN File: C:/Users/scottsmith/project/Archive-Markdown-Editor-For-HarmonyOS/app/ame/web_engine/src/main/ets/adapter/MediaAdapter.ets:57:25
 Function may throw exceptions. Special handling is required.
[39m[39m
[33mWARN: [33m[33mArkTS:WARN File: C:/Users/scottsmith/project/Archive-Markdown-Editor-For-HarmonyOS/app/ame/web_engine/src/main/ets/adapter/NativeMessagingAdapter.ets:68:74
 The 'extensionPid' API is supported since SDK version 21. However, the current compatible SDK version is 5.0.5(17).
[39m[39m
[33mWARN: [33m[33mArkTS:WARN File: C:/Users/scottsmith/project/Archive-Markdown-Editor-For-HarmonyOS/app/ame/web_engine/src/main/ets/adapter/NativeMessagingAdapter.ets:104:57
 To use this API, you need to apply for the permissions: ohos.permission.WEB_NATIVE_MESSAGING
[39m[39m
[33mWARN: [33m[33mArkTS:WARN File: C:/Users/scottsmith/project/Archive-Markdown-Editor-For-HarmonyOS/app/ame/web_engine/src/main/ets/adapter/NativeMessagingAdapter.ets:117:42
 To use this API, you need to apply for the permissions: ohos.permission.WEB_NATIVE_MESSAGING
[39m[39m
[33mWARN: [33m[33mArkTS:WARN File: C:/Users/scottsmith/project/Archive-Markdown-Editor-For-HarmonyOS/app/ame/web_engine/src/main/ets/adapter/NativeMessagingAdapter.ets:126:5
 The 'dataShare' API is supported since SDK version 20. However, the current compatible SDK version is 5.0.5(17).
[39m[39m
[33mWARN: [33m[33mArkTS:WARN File: C:/Users/scottsmith/project/Archive-Markdown-Editor-For-HarmonyOS/app/ame/web_engine/src/main/ets/adapter/NativeMessagingAdapter.ets:126:15
 The 'createDataProxyHandle' API is supported since SDK version 20. However, the current compatible SDK version is 5.0.5(17).
[39m[39m
[33mWARN: [33m[33mArkTS:WARN File: C:/Users/scottsmith/project/Archive-Markdown-Editor-For-HarmonyOS/app/ame/web_engine/src/main/ets/adapter/NativeMessagingAdapter.ets:130:15
 The 'dataShare' API is supported since SDK version 20. However, the current compatible SDK version is 5.0.5(17).
[39m[39m
[33mWARN: [33m[33mArkTS:WARN File: C:/Users/scottsmith/project/Archive-Markdown-Editor-For-HarmonyOS/app/ame/web_engine/src/main/ets/adapter/NativeMessagingAdapter.ets:130:25
 The 'DataProxyType' API is supported since SDK version 20. However, the current compatible SDK version is 5.0.5(17).
[39m[39m
[33mWARN: [33m[33mArkTS:WARN File: C:/Users/scottsmith/project/Archive-Markdown-Editor-For-HarmonyOS/app/ame/web_engine/src/main/ets/adapter/NativeMessagingAdapter.ets:130:39
 The 'SHARED_CONFIG' API is supported since SDK version 20. However, the current compatible SDK version is 5.0.5(17).
[39m[39m
[33mWARN: [33m[33mArkTS:WARN File: C:/Users/scottsmith/project/Archive-Markdown-Editor-For-HarmonyOS/app/ame/web_engine/src/main/ets/adapter/NativeMessagingAdapter.ets:132:21
 The 'get' API is supported since SDK version 20. However, the current compatible SDK version is 5.0.5(17).
[39m[39m
[33mWARN: [33m[33mArkTS:WARN File: C:/Users/scottsmith/project/Archive-Markdown-Editor-For-HarmonyOS/app/ame/web_engine/src/main/ets/adapter/NativeMessagingAdapter.ets:134:33
 The 'value' API is supported since SDK version 20. However, the current compatible SDK version is 5.0.5(17).
[39m[39m
[33mWARN: [33m[33mArkTS:WARN File: C:/Users/scottsmith/project/Archive-Markdown-Editor-For-HarmonyOS/app/ame/web_engine/src/main/ets/adapter/NativeMessagingAdapter.ets:137:28
 The 'value' API is supported since SDK version 20. However, the current compatible SDK version is 5.0.5(17).
[39m[39m
[33mWARN: [33m[33mArkTS:WARN File: C:/Users/scottsmith/project/Archive-Markdown-Editor-For-HarmonyOS/app/ame/web_engine/src/main/ets/adapter/NotificationAdapter.ets:76:5
 Function may throw exceptions. Special handling is required.
[39m[39m
[33mWARN: [33m[33mArkTS:WARN File: C:/Users/scottsmith/project/Archive-Markdown-Editor-For-HarmonyOS/app/ame/web_engine/src/main/ets/adapter/NotificationAdapter.ets:260:43
 Function may throw exceptions. Special handling is required.
[39m[39m
[33mWARN: [33m[33mArkTS:WARN File: C:/Users/scottsmith/project/Archive-Markdown-Editor-For-HarmonyOS/app/ame/web_engine/src/main/ets/common/BaseWindowAdapter.ets:30:27
 Function may throw exceptions. Special handling is required.
[39m[39m
[33mWARN: [33m[33mArkTS:WARN File: C:/Users/scottsmith/project/Archive-Markdown-Editor-For-HarmonyOS/app/ame/web_engine/src/main/ets/adapter/PopupWindowAdapter.ets:68:5
 Function may throw exceptions. Special handling is required.
[39m[39m
[33mWARN: [33m[33mArkTS:WARN File: C:/Users/scottsmith/project/Archive-Markdown-Editor-For-HarmonyOS/app/ame/web_engine/src/main/ets/adapter/PopupWindowAdapter.ets:136:19
 Function may throw exceptions. Special handling is required.
[39m[39m
[33mWARN: [33m[33mArkTS:WARN File: C:/Users/scottsmith/project/Archive-Markdown-Editor-For-HarmonyOS/app/ame/web_engine/src/main/ets/adapter/PopupWindowAdapter.ets:147:19
 Function may throw exceptions. Special handling is required.
[39m[39m
[33mWARN: [33m[33mArkTS:WARN File: C:/Users/scottsmith/project/Archive-Markdown-Editor-For-HarmonyOS/app/ame/web_engine/src/main/ets/adapter/PopupWindowAdapter.ets:190:28
 Function may throw exceptions. Special handling is required.
[39m[39m
[33mWARN: [33m[33mArkTS:WARN File: C:/Users/scottsmith/project/Archive-Markdown-Editor-For-HarmonyOS/app/ame/web_engine/src/main/ets/adapter/PrintAdapter.ets:53:13
 To use this API, you need to apply for the permissions: ohos.permission.PRINT
[39m[39m
[33mWARN: [33m[33mArkTS:WARN File: C:/Users/scottsmith/project/Archive-Markdown-Editor-For-HarmonyOS/app/ame/web_engine/src/main/ets/adapter/PrintAdapter.ets:55:21
 To use this API, you need to apply for the permissions: ohos.permission.PRINT
[39m[39m
[33mWARN: [33m[33mArkTS:WARN File: C:/Users/scottsmith/project/Archive-Markdown-Editor-For-HarmonyOS/app/ame/web_engine/src/main/ets/adapter/PrintAdapter.ets:58:21
 To use this API, you need to apply for the permissions: ohos.permission.PRINT
[39m[39m
[33mWARN: [33m[33mArkTS:WARN File: C:/Users/scottsmith/project/Archive-Markdown-Editor-For-HarmonyOS/app/ame/web_engine/src/main/ets/adapter/PrintAdapter.ets:78:9
 Function may throw exceptions. Special handling is required.
[39m[39m
[33mWARN: [33m[33mArkTS:WARN File: C:/Users/scottsmith/project/Archive-Markdown-Editor-For-HarmonyOS/app/ame/web_engine/src/main/ets/adapter/PrintAdapter.ets:90:11
 To use this API, you need to apply for the permissions: ohos.permission.PRINT
[39m[39m
[33mWARN: [33m[33mArkTS:WARN File: C:/Users/scottsmith/project/Archive-Markdown-Editor-For-HarmonyOS/app/ame/web_engine/src/main/ets/adapter/PrintAdapter.ets:101:20
 'showDialog' has been deprecated.
[39m[39m
[33mWARN: [33m[33mArkTS:WARN File: C:/Users/scottsmith/project/Archive-Markdown-Editor-For-HarmonyOS/app/ame/web_engine/src/main/ets/adapter/RunningLockAdapter.ets:67:19
 To use this API, you need to apply for the permissions: ohos.permission.RUNNING_LOCK
[39m[39m
[33mWARN: [33m[33mArkTS:WARN File: C:/Users/scottsmith/project/Archive-Markdown-Editor-For-HarmonyOS/app/ame/web_engine/src/main/ets/adapter/RunningLockAdapter.ets:67:75
 'BACKGROUND' has been deprecated.
[39m[39m
[33mWARN: [33m[33mArkTS:WARN File: C:/Users/scottsmith/project/Archive-Markdown-Editor-For-HarmonyOS/app/ame/web_engine/src/main/ets/adapter/RunningLockAdapter.ets:72:29
 To use this API, you need to apply for the permissions: ohos.permission.RUNNING_LOCK
[39m[39m
[33mWARN: [33m[33mArkTS:WARN File: C:/Users/scottsmith/project/Archive-Markdown-Editor-For-HarmonyOS/app/ame/web_engine/src/main/ets/adapter/RunningLockAdapter.ets:90:27
 To use this API, you need to apply for the permissions: ohos.permission.RUNNING_LOCK
[39m[39m
[33mWARN: [33m[33mArkTS:WARN File: C:/Users/scottsmith/project/Archive-Markdown-Editor-For-HarmonyOS/app/ame/web_engine/src/main/ets/adapter/ScreenshotAdapter.ets:21:16
 To use this API, you need to apply for the permissions: ohos.permission.CUSTOM_SCREEN_CAPTURE or ohos.permission.CUSTOM_SCREEN_RECORDING
[39m[39m
[33mWARN: [33m[33mArkTS:WARN File: C:/Users/scottsmith/project/Archive-Markdown-Editor-For-HarmonyOS/app/ame/web_engine/src/main/ets/adapter/SpeechAdapter.ets:68:44
 'getVolumeSync' has been deprecated.
[39m[39m
[33mWARN: [33m[33mArkTS:WARN File: C:/Users/scottsmith/project/Archive-Markdown-Editor-For-HarmonyOS/app/ame/web_engine/src/main/ets/adapter/SubWindowAdapter.ets:119:24
 Function may throw exceptions. Special handling is required.
[39m[39m
[33mWARN: [33m[33mArkTS:WARN File: C:/Users/scottsmith/project/Archive-Markdown-Editor-For-HarmonyOS/app/ame/web_engine/src/main/ets/adapter/SubWindowAdapter.ets:151:20
 Function may throw exceptions. Special handling is required.
[39m[39m
[33mWARN: [33m[33mArkTS:WARN File: C:/Users/scottsmith/project/Archive-Markdown-Editor-For-HarmonyOS/app/ame/web_engine/src/main/ets/adapter/SubWindowAdapter.ets:257:18
 Function may throw exceptions. Special handling is required.
[39m[39m
[33mWARN: [33m[33mArkTS:WARN File: C:/Users/scottsmith/project/Archive-Markdown-Editor-For-HarmonyOS/app/ame/web_engine/src/main/ets/adapter/SubWindowAdapter.ets:265:22
 Function may throw exceptions. Special handling is required.
[39m[39m
[33mWARN: [33m[33mArkTS:WARN File: C:/Users/scottsmith/project/Archive-Markdown-Editor-For-HarmonyOS/app/ame/web_engine/src/main/ets/adapter/SubWindowAdapter.ets:301:5
 Function may throw exceptions. Special handling is required.
[39m[39m
[33mWARN: [33m[33mArkTS:WARN File: C:/Users/scottsmith/project/Archive-Markdown-Editor-For-HarmonyOS/app/ame/web_engine/src/main/ets/adapter/SystemFloatingWindowAdapter.ets:60:12
 To use this API, you need to apply for the permissions: ohos.permission.SYSTEM_FLOAT_WINDOW
[39m[39m
[33mWARN: [33m[33mArkTS:WARN File: C:/Users/scottsmith/project/Archive-Markdown-Editor-For-HarmonyOS/app/ame/web_engine/src/main/ets/adapter/SystemFloatingWindowAdapter.ets:175:7
 Function may throw exceptions. Special handling is required.
[39m[39m
[33mWARN: [33m[33mArkTS:WARN File: C:/Users/scottsmith/project/Archive-Markdown-Editor-For-HarmonyOS/app/ame/web_engine/src/main/ets/adapter/SystemFloatingWindowAdapter.ets:183:19
 Function may throw exceptions. Special handling is required.
[39m[39m
[33mWARN: [33m[33mArkTS:WARN File: C:/Users/scottsmith/project/Archive-Markdown-Editor-For-HarmonyOS/app/ame/web_engine/src/main/ets/adapter/SystemFloatingWindowAdapter.ets:194:19
 Function may throw exceptions. Special handling is required.
[39m[39m
[33mWARN: [33m[33mArkTS:WARN File: C:/Users/scottsmith/project/Archive-Markdown-Editor-For-HarmonyOS/app/ame/web_engine/src/main/ets/adapter/SystemFloatingWindowAdapter.ets:213:24
 Function may throw exceptions. Special handling is required.
[39m[39m
[33mWARN: [33m[33mArkTS:WARN File: C:/Users/scottsmith/project/Archive-Markdown-Editor-For-HarmonyOS/app/ame/web_engine/src/main/ets/adapter/SystemFloatingWindowAdapter.ets:263:24
 Function may throw exceptions. Special handling is required.
[39m[39m
[33mWARN: [33m[33mArkTS:WARN File: C:/Users/scottsmith/project/Archive-Markdown-Editor-For-HarmonyOS/app/ame/web_engine/src/main/ets/adapter/SystemFloatingWindowAdapter.ets:315:24
 Function may throw exceptions. Special handling is required.
[39m[39m
[33mWARN: [33m[33mArkTS:WARN File: C:/Users/scottsmith/project/Archive-Markdown-Editor-For-HarmonyOS/app/ame/web_engine/src/main/ets/adapter/StatusBarManager.ets:79:7
 The system capacity of this api 'statusBarManager' is not supported on all devices
[39m[39m
[33mWARN: [33m[33mArkTS:WARN File: C:/Users/scottsmith/project/Archive-Markdown-Editor-For-HarmonyOS/app/ame/web_engine/src/main/ets/adapter/StatusBarManager.ets:79:24
 The system capacity of this api 'addToStatusBar' is not supported on all devices
[39m[39m
[33mWARN: [33m[33mArkTS:WARN File: C:/Users/scottsmith/project/Archive-Markdown-Editor-For-HarmonyOS/app/ame/web_engine/src/main/ets/adapter/StatusBarManager.ets:93:9
 The system capacity of this api 'statusBarManager' is not supported on all devices
[39m[39m
[33mWARN: [33m[33mArkTS:WARN File: C:/Users/scottsmith/project/Archive-Markdown-Editor-For-HarmonyOS/app/ame/web_engine/src/main/ets/adapter/StatusBarManager.ets:93:26
 The system capacity of this api 'on' is not supported on all devices
[39m[39m
[33mWARN: [33m[33mArkTS:WARN File: C:/Users/scottsmith/project/Archive-Markdown-Editor-For-HarmonyOS/app/ame/web_engine/src/main/ets/adapter/StatusBarManager.ets:100:9
 The system capacity of this api 'statusBarManager' is not supported on all devices
[39m[39m
[33mWARN: [33m[33mArkTS:WARN File: C:/Users/scottsmith/project/Archive-Markdown-Editor-For-HarmonyOS/app/ame/web_engine/src/main/ets/adapter/StatusBarManager.ets:100:26
 The system capacity of this api 'on' is not supported on all devices
[39m[39m
[33mWARN: [33m[33mArkTS:WARN File: C:/Users/scottsmith/project/Archive-Markdown-Editor-For-HarmonyOS/app/ame/web_engine/src/main/ets/adapter/StatusBarManager.ets:110:7
 The system capacity of this api 'statusBarManager' is not supported on all devices
[39m[39m
[33mWARN: [33m[33mArkTS:WARN File: C:/Users/scottsmith/project/Archive-Markdown-Editor-For-HarmonyOS/app/ame/web_engine/src/main/ets/adapter/StatusBarManager.ets:110:24
 The system capacity of this api 'updateStatusBarIcon' is not supported on all devices
[39m[39m
[33mWARN: [33m[33mArkTS:WARN File: C:/Users/scottsmith/project/Archive-Markdown-Editor-For-HarmonyOS/app/ame/web_engine/src/main/ets/adapter/StatusBarManager.ets:127:9
 The system capacity of this api 'statusBarManager' is not supported on all devices
[39m[39m
[33mWARN: [33m[33mArkTS:WARN File: C:/Users/scottsmith/project/Archive-Markdown-Editor-For-HarmonyOS/app/ame/web_engine/src/main/ets/adapter/StatusBarManager.ets:127:26
 The system capacity of this api 'updateStatusBarHoverTips' is not supported on all devices
[39m[39m
[33mWARN: [33m[33mArkTS:WARN File: C:/Users/scottsmith/project/Archive-Markdown-Editor-For-HarmonyOS/app/ame/web_engine/src/main/ets/adapter/StatusBarManager.ets:146:9
 The system capacity of this api 'statusBarManager' is not supported on all devices
[39m[39m
[33mWARN: [33m[33mArkTS:WARN File: C:/Users/scottsmith/project/Archive-Markdown-Editor-For-HarmonyOS/app/ame/web_engine/src/main/ets/adapter/StatusBarManager.ets:146:26
 The system capacity of this api 'updateStatusBarMenu' is not supported on all devices
[39m[39m
[33mWARN: [33m[33mArkTS:WARN File: C:/Users/scottsmith/project/Archive-Markdown-Editor-For-HarmonyOS/app/ame/web_engine/src/main/ets/adapter/StatusBarManager.ets:162:9
 The system capacity of this api 'statusBarManager' is not supported on all devices
[39m[39m
[33mWARN: [33m[33mArkTS:WARN File: C:/Users/scottsmith/project/Archive-Markdown-Editor-For-HarmonyOS/app/ame/web_engine/src/main/ets/adapter/StatusBarManager.ets:162:26
 The system capacity of this api 'removeFromStatusBar' is not supported on all devices
[39m[39m
[33mWARN: [33m[33mArkTS:WARN File: C:/Users/scottsmith/project/Archive-Markdown-Editor-For-HarmonyOS/app/ame/web_engine/src/main/ets/adapter/StatusBarManager.ets:174:7
 The system capacity of this api 'statusBarManager' is not supported on all devices
[39m[39m
[33mWARN: [33m[33mArkTS:WARN File: C:/Users/scottsmith/project/Archive-Markdown-Editor-For-HarmonyOS/app/ame/web_engine/src/main/ets/adapter/StatusBarManager.ets:174:24
 The system capacity of this api 'off' is not supported on all devices
[39m[39m
[33mWARN: [33m[33mArkTS:WARN File: C:/Users/scottsmith/project/Archive-Markdown-Editor-For-HarmonyOS/app/ame/web_engine/src/main/ets/adapter/StatusBarManager.ets:175:7
 The system capacity of this api 'statusBarManager' is not supported on all devices
[39m[39m
[33mWARN: [33m[33mArkTS:WARN File: C:/Users/scottsmith/project/Archive-Markdown-Editor-For-HarmonyOS/app/ame/web_engine/src/main/ets/adapter/StatusBarManager.ets:175:24
 The system capacity of this api 'off' is not supported on all devices
[39m[39m
[33mWARN: [33m[33mArkTS:WARN File: C:/Users/scottsmith/project/Archive-Markdown-Editor-For-HarmonyOS/app/ame/web_engine/src/main/ets/adapter/StatusBarManager.ets:190:30
 'menuCode' has been deprecated.
[39m[39m
[33mWARN: [33m[33mArkTS:WARN File: C:/Users/scottsmith/project/Archive-Markdown-Editor-For-HarmonyOS/app/ame/web_engine/src/main/ets/adapter/StatusBarManager.ets:190:30
 The system capacity of this api 'menuCode' is not supported on all devices
[39m[39m
[33mWARN: [33m[33mArkTS:WARN File: C:/Users/scottsmith/project/Archive-Markdown-Editor-For-HarmonyOS/app/ame/web_engine/src/main/ets/adapter/StatusBarManager.ets:225:16
 The system capacity of this api 'subMenu' is not supported on all devices
[39m[39m
[33mWARN: [33m[33mArkTS:WARN File: C:/Users/scottsmith/project/Archive-Markdown-Editor-For-HarmonyOS/app/ame/web_engine/src/main/ets/adapter/WebAppAdapter.ets:54:23
 'getContext' has been deprecated.
[39m[39m
[33mWARN: [33m[33mArkTS:WARN File: C:/Users/scottsmith/project/Archive-Markdown-Editor-For-HarmonyOS/app/ame/web_engine/src/main/ets/adapter/WebAppAdapter.ets:94:26
 'showToast' has been deprecated.
[39m[39m
[33mWARN: [33m[33mArkTS:WARN File: C:/Users/scottsmith/project/Archive-Markdown-Editor-For-HarmonyOS/app/ame/web_engine/src/main/ets/adapter/WebAppAdapter.ets:104:22
 'showToast' has been deprecated.
[39m[39m
[33mWARN: [33m[33mArkTS:WARN File: C:/Users/scottsmith/project/Archive-Markdown-Editor-For-HarmonyOS/app/ame/web_engine/src/main/ets/adapter/WebAppAdapter.ets:114:7
 Function may throw exceptions. Special handling is required.
[39m[39m
[33mWARN: [33m[33mArkTS:WARN File: C:/Users/scottsmith/project/Archive-Markdown-Editor-For-HarmonyOS/app/ame/web_engine/src/main/ets/adapter/WebAppAdapter.ets:114:20
 'showToast' has been deprecated.
[39m[39m
[33mWARN: [33m[33mArkTS:WARN File: C:/Users/scottsmith/project/Archive-Markdown-Editor-For-HarmonyOS/app/ame/web_engine/src/main/ets/ability/WebBaseAbility.ets:110:27
 Function may throw exceptions. Special handling is required.
[39m[39m
[33mWARN: [33m[33mArkTS:WARN File: C:/Users/scottsmith/project/Archive-Markdown-Editor-For-HarmonyOS/app/ame/web_engine/src/main/ets/ability/WebBaseAbility.ets:110:27
 Function may throw exceptions. Special handling is required.
[39m[39m
[33mWARN: [33m[33mArkTS:WARN File: C:/Users/scottsmith/project/Archive-Markdown-Editor-For-HarmonyOS/app/ame/web_engine/src/main/ets/ability/WebBaseAbility.ets:119:12
 Function may throw exceptions. Special handling is required.
[39m[39m
[33mWARN: [33m[33mArkTS:WARN File: C:/Users/scottsmith/project/Archive-Markdown-Editor-For-HarmonyOS/app/ame/web_engine/src/main/ets/ability/WebAbility.ets:79:28
 To use this API, you need to apply for the permissions: ohos.permission.SET_ABILITY_INSTANCE_INFO
[39m[39m
[33mWARN: [33m[33mArkTS:WARN File: C:/Users/scottsmith/project/Archive-Markdown-Editor-For-HarmonyOS/app/ame/web_engine/src/main/ets/ability/WebAbility.ets:276:17
 Function may throw exceptions. Special handling is required.
[39m[39m
[33mWARN: [33m[33mArkTS:WARN File: C:/Users/scottsmith/project/Archive-Markdown-Editor-For-HarmonyOS/app/ame/web_engine/src/main/ets/ability/WebAbility.ets:432:20
 Function may throw exceptions. Special handling is required.
[39m[39m
[33mWARN: [33m[33mArkTS:WARN File: C:/Users/scottsmith/project/Archive-Markdown-Editor-For-HarmonyOS/app/ame/web_engine/src/main/ets/ability/WebAbility.ets:523:21
 Function may throw exceptions. Special handling is required.
[39m[39m
[33mWARN: [33m[33mArkTS:WARN File: C:/Users/scottsmith/project/Archive-Markdown-Editor-For-HarmonyOS/app/ame/web_engine/src/main/ets/ability/WebAbility.ets:528:30
 'getContext' has been deprecated.
[39m[39m
[33mWARN: [33m[33mArkTS:WARN File: C:/Users/scottsmith/project/Archive-Markdown-Editor-For-HarmonyOS/app/ame/web_engine/src/main/ets/ability/WebEmbeddedAbility.ets:44:23
 Function may throw exceptions. Special handling is required.
[39m[39m
[33mWARN: [33m[33mArkTS:WARN File: C:/Users/scottsmith/project/Archive-Markdown-Editor-For-HarmonyOS/app/ame/web_engine/src/main/ets/ability/WebEmbeddedAbility.ets:75:5
 Function may throw exceptions. Special handling is required.
[39m[39m
[33mWARN: [33m[33mArkTS:WARN File: C:/Users/scottsmith/project/Archive-Markdown-Editor-For-HarmonyOS/app/ame/web_engine/src/main/ets/components/WebWindow.ets:60:75
 'getContext' has been deprecated.
[39m[39m
[33mWARN: [33m[33mArkTS:WARN File: C:/Users/scottsmith/project/Archive-Markdown-Editor-For-HarmonyOS/app/ame/web_engine/src/main/ets/components/WebWindow.ets:85:5
 Function may throw exceptions. Special handling is required.
[39m[39m
[33mWARN: [33m[33mArkTS:WARN File: C:/Users/scottsmith/project/Archive-Markdown-Editor-For-HarmonyOS/app/ame/web_engine/src/main/ets/components/WebWindow.ets:92:16
 Function may throw exceptions. Special handling is required.
[39m[39m
[33mWARN: [33m[33mArkTS:WARN File: C:/Users/scottsmith/project/Archive-Markdown-Editor-For-HarmonyOS/app/ame/web_engine/src/main/ets/components/WebWindow.ets:103:27
 Function may throw exceptions. Special handling is required.
[39m[39m
[33mWARN: [33m[33mArkTS:WARN File: C:/Users/scottsmith/project/Archive-Markdown-Editor-For-HarmonyOS/app/ame/web_engine/src/main/ets/components/WebWindow.ets:116:17
 Function may throw exceptions. Special handling is required.
[39m[39m
[33mWARN: [33m[33mArkTS:WARN File: C:/Users/scottsmith/project/Archive-Markdown-Editor-For-HarmonyOS/app/ame/web_engine/src/main/ets/components/WebWindow.ets:124:9
 Function may throw exceptions. Special handling is required.
[39m[39m
[33mWARN: [33m[33mArkTS:WARN File: C:/Users/scottsmith/project/Archive-Markdown-Editor-For-HarmonyOS/app/ame/web_engine/src/main/ets/components/WebWindow.ets:253:19
 'vp2px' has been deprecated.
[39m[39m
[33mWARN: [33m[33mArkTS:WARN File: C:/Users/scottsmith/project/Archive-Markdown-Editor-For-HarmonyOS/app/ame/web_engine/src/main/ets/components/WebWindow.ets:254:19
 'vp2px' has been deprecated.
[39m[39m
[33mWARN: [33m[33mArkTS:WARN File: C:/Users/scottsmith/project/Archive-Markdown-Editor-For-HarmonyOS/app/ame/web_engine/src/main/ets/components/WebSubWindow.ets:71:19
 'vp2px' has been deprecated.
[39m[39m
[33mWARN: [33m[33mArkTS:WARN File: C:/Users/scottsmith/project/Archive-Markdown-Editor-For-HarmonyOS/app/ame/web_engine/src/main/ets/components/WebSubWindow.ets:72:19
 'vp2px' has been deprecated.
[39m[39m
[33mWARN: [33m[33mArkTS:WARN File: C:/Users/scottsmith/project/Archive-Markdown-Editor-For-HarmonyOS/app/ame/web_engine/src/main/ets/components/WebEmbeddedWindow.ets:85:19
 'vp2px' has been deprecated.
[39m[39m
[33mWARN: [33m[33mArkTS:WARN File: C:/Users/scottsmith/project/Archive-Markdown-Editor-For-HarmonyOS/app/ame/web_engine/src/main/ets/components/WebEmbeddedWindow.ets:86:19
 'vp2px' has been deprecated.
[39m[39m
[33mWARN: [33m[33mArkTS:WARN File: C:/Users/scottsmith/project/Archive-Markdown-Editor-For-HarmonyOS/app/ame/web_engine/src/main/ets/components/WebEmbeddedWindow.ets:124:23
 Function may throw exceptions. Special handling is required.
[39m[39m
[33mWARN: [33m[33mArkTS:WARN File: C:/Users/scottsmith/project/Archive-Markdown-Editor-For-HarmonyOS/app/ame/web_engine/src/main/ets/components/WebEmbeddedWindow.ets:159:49
 'getContext' has been deprecated.
[39m[39m
[33mWARN: [33m[33mArkTS:WARN File: C:/Users/scottsmith/project/Archive-Markdown-Editor-For-HarmonyOS/app/ame/web_engine/src/main/ets/components/WebWindowNode.ets:73:5
 Function may throw exceptions. Special handling is required.
[39m[39m
[33mWARN: [33m[33mArkTS:WARN File: C:/Users/scottsmith/project/Archive-Markdown-Editor-For-HarmonyOS/app/ame/web_engine/src/main/ets/components/WebWindowNode.ets:82:16
 Function may throw exceptions. Special handling is required.
[39m[39m
[33mWARN: [33m[33mArkTS:WARN File: C:/Users/scottsmith/project/Archive-Markdown-Editor-For-HarmonyOS/app/ame/web_engine/src/main/ets/components/WebWindowNode.ets:108:49
 'getContext' has been deprecated.
[39m[39m
[33mWARN: [33m[33mArkTS:WARN File: C:/Users/scottsmith/project/Archive-Markdown-Editor-For-HarmonyOS/app/ame/web_engine/src/main/ets/components/WebWindowNode.ets:183:19
 'vp2px' has been deprecated.
[39m[39m
[33mWARN: [33m[33mArkTS:WARN File: C:/Users/scottsmith/project/Archive-Markdown-Editor-For-HarmonyOS/app/ame/web_engine/src/main/ets/components/WebWindowNode.ets:184:19
 'vp2px' has been deprecated.
[39m[39m
[33mWARN: [33m[33mArkTS:WARN File: C:/Users/scottsmith/project/Archive-Markdown-Editor-For-HarmonyOS/app/ame/web_engine/src/main/ets/components/WebNodeHandleWindow.ets:102:75
 'getContext' has been deprecated.
[39m[39m
[33mWARN: [33m[33mArkTS:WARN File: C:/Users/scottsmith/project/Archive-Markdown-Editor-For-HarmonyOS/app/ame/web_engine/src/main/ets/components/WebNodeHandleWindow.ets:120:16
 Function may throw exceptions. Special handling is required.
[39m[39m
[33mWARN: [33m[33mArkTS:WARN File: C:/Users/scottsmith/project/Archive-Markdown-Editor-For-HarmonyOS/app/ame/web_engine/src/main/ets/components/WebNodeHandleWindow.ets:147:17
 Function may throw exceptions. Special handling is required.
[39m[39m
[33mWARN: [33m[33mArkTS:WARN File: C:/Users/scottsmith/project/Archive-Markdown-Editor-For-HarmonyOS/app/ame/electron/src/main/ets/entryability/StatelessAbility.ets:34:7
 Function may throw exceptions. Special handling is required.
[39m[39m
[33mWARN: [33m[33mArkTS:WARN File: C:/Users/scottsmith/project/Archive-Markdown-Editor-For-HarmonyOS/app/ame/electron/src/main/ets/entryability/StatusBarEntryAbility.ets:10:52
 The system capacity of this api 'StatusBarViewExtensionAbility' is not supported on all devices
[39m[39m
[33mWARN: [33m[33mArkTS:WARN File: C:/Users/scottsmith/project/Archive-Markdown-Editor-For-HarmonyOS/app/ame/electron/src/main/ets/entryability/StatusBarEntryAbility.ets:17:5
 Function may throw exceptions. Special handling is required.
[39m[39m
[33mWARN: [33m[33mArkTS:WARN File: C:/Users/scottsmith/project/Archive-Markdown-Editor-For-HarmonyOS/app/ame/electron/src/main/ets/pages/Index.ets:24:28
 'getShared' has been deprecated.
[39m[39m
[33mWARN: [33m[33mArkTS:WARN File: C:/Users/scottsmith/project/Archive-Markdown-Editor-For-HarmonyOS/app/ame/electron/src/main/ets/pages/SubWindow.ets:7:31
 'getShared' has been deprecated.
[39m[39m
[33mWARN: [33m[33mArkTS:WARN File: C:/Users/scottsmith/project/Archive-Markdown-Editor-For-HarmonyOS/app/ame/electron/src/main/ets/pages/EmbeddedWindow.ets:8:28
 'getShared' has been deprecated.
[39m[39m
[33mWARN: [33m[33mArkTS:WARN File: C:/Users/scottsmith/project/Archive-Markdown-Editor-For-HarmonyOS/app/ame/electron/src/main/ets/pages/WindowNode.ets:8:28
 'getShared' has been deprecated.
[39m[39m
[33mWARN: [33m[33mArkTS:WARN File: C:/Users/scottsmith/project/Archive-Markdown-Editor-For-HarmonyOS/app/ame/electron/src/main/ets/pages/WebPage.ets:36:18
 'back' has been deprecated.
[39m[39m
[33mWARN: [33m[33mArkTS:WARN File: C:/Users/scottsmith/project/Archive-Markdown-Editor-For-HarmonyOS/app/ame/electron/src/main/ets/pages/WebPage.ets:80:27
 'getParams' has been deprecated.
[39m[39m
[33mWARN: [33m[33mArkTS:WARN File: C:/Users/scottsmith/project/Archive-Markdown-Editor-For-HarmonyOS/app/ame/electron/src/main/ets/pages/WebPage.ets:88:7
 Function may throw exceptions. Special handling is required.
[39m[39m
[33mWARN: [33m[33mArkTS:WARN File: C:/Users/scottsmith/project/Archive-Markdown-Editor-For-HarmonyOS/app/ame/electron/src/main/ets/pages/QuickLoginButtonComponent.ets:153:20
 'showToast' has been deprecated.
[39m[39m
[33mWARN: [33m[33mArkTS:WARN File: C:/Users/scottsmith/project/Archive-Markdown-Editor-For-HarmonyOS/app/ame/electron/src/main/ets/pages/QuickLoginButtonComponent.ets:168:39
 To use this API, you need to apply for the permissions: ohos.permission.GET_NETWORK_INFO
[39m[39m
[33mWARN: [33m[33mArkTS:WARN File: C:/Users/scottsmith/project/Archive-Markdown-Editor-For-HarmonyOS/app/ame/electron/src/main/ets/pages/QuickLoginButtonComponent.ets:178:12
 'pushUrl' has been deprecated.
[39m[39m
[33mWARN: [33m[33mArkTS:WARN File: C:/Users/scottsmith/project/Archive-Markdown-Editor-For-HarmonyOS/app/ame/electron/src/main/ets/pages/QuickLoginButtonComponent.ets:199:21
 'show' has been deprecated.
[39m[39m
[33mWARN: [33m[33mArkTS:WARN File: C:/Users/scottsmith/project/Archive-Markdown-Editor-For-HarmonyOS/app/ame/electron/src/main/ets/pages/QuickLoginButtonComponent.ets:257:19
 'show' has been deprecated.
[39m[39m
[33mWARN: [33m[33mArkTS:WARN File: C:/Users/scottsmith/project/Archive-Markdown-Editor-For-HarmonyOS/app/ame/electron/src/main/ets/pages/Login.ets:9:28
 'getShared' has been deprecated.
[39m[39m
[33mWARN: [33m[33mArkTS:WARN File: C:/Users/scottsmith/project/Archive-Markdown-Editor-For-HarmonyOS/app/ame/electron/src/main/ets/pages/NodeHandleWindow.ets:49:28
 'getShared' has been deprecated.
[39m[39m
[33mWARN: [33m[33mArkTS:WARN File: C:/Users/scottsmith/project/Archive-Markdown-Editor-For-HarmonyOS/app/ame/electron/src/main/ets/pages/NodeHandleSubWindow.ets:32:31
 'getShared' has been deprecated.
[39m[39m
[33mWARN: [33mArkTS:WARN File: C:/Users/scottsmith/project/Archive-Markdown-Editor-For-HarmonyOS/app/ame/electron/src/main/ets/pages/WebPage.ets:6:1
 It's not a recommended way to export struct with '@Entry' decorator, which may cause ACE Engine error in component preview mode.[39m[39m
[33mWARN: [33mArkTS:WARN File: C:/Users/scottsmith/project/Archive-Markdown-Editor-For-HarmonyOS/app/ame/web_engine/src/main/ets/interface/CommonInterface.ts:71:53
 Cannot find name 'GestureEvent'.[39m[39m
[33mWARN: [33mArkTS:WARN File: C:/Users/scottsmith/project/Archive-Markdown-Editor-For-HarmonyOS/app/ame/web_engine/src/main/ets/interface/CommonInterface.ts:72:59
 Cannot find name 'GestureEvent'.[39m[39m

[2026-07-22T23:24:22.374] [DEBUG] debug-file - Ark compile task finished.finished time is 104475972508200
[2026-07-22T23:24:22.374] [DEBUG] debug-file - worker[4] has one work done.
[2026-07-22T23:24:22.375] [DEBUG] debug-file - default@CompileArkTS work[28] done.
[2026-07-22T23:24:22.375] [DEBUG] debug-file - A work dispatched to worker[4] failed because unable to get work from ready queue.
[2026-07-22T23:24:22.377] [INFO] debug-file - Finished :electron:default@CompileArkTS... after 10 s 522 ms 
[2026-07-22T23:24:22.377] [DEBUG] debug-file - Executing task :electron:default@GeneratePkgModuleJson
[2026-07-22T23:24:22.377] [DEBUG] debug-file - File: 'C:\Users\scottsmith\project\Archive-Markdown-Editor-For-HarmonyOS\app\ame\electron\build\default\intermediates\preload\default\preload.json' from 'preloadSoJsonPath' is not exists, just ignore.
[2026-07-22T23:24:22.378] [DEBUG] debug-file - Error occurs while handling @Input 'shouldDeduplicateHar': The "data" argument must be of type string or an instance of Buffer, TypedArray, or DataView. Received undefined
[2026-07-22T23:24:22.378] [DEBUG] debug-file - Task 'electron:default@GeneratePkgModuleJson' cost while wrapping incremental declarations: 1 ms 
[2026-07-22T23:24:22.378] [DEBUG] debug-file - electron:default@GeneratePkgModuleJson is not up-to-date, since the input file 'C:\Users\scottsmith\project\Archive-Markdown-Editor-For-HarmonyOS\app\ame\electron\build\default\intermediates\res\default\module.json' has been changed.
[2026-07-22T23:24:22.378] [DEBUG] debug-file - Incremental task electron:default@GeneratePkgModuleJson pre-execution cost: 1 ms .
[2026-07-22T23:24:22.380] [DEBUG] debug-file - electron : default@GeneratePkgModuleJson cost memory 0.33010101318359375
[2026-07-22T23:24:22.381] [DEBUG] debug-file - runTaskFromQueue task cost before running: 13 s 477 ms 
[2026-07-22T23:24:22.381] [INFO] debug-file - Finished :electron:default@GeneratePkgModuleJson... after 4 ms 
[2026-07-22T23:24:22.381] [DEBUG] debug-file - Executing task :electron:default@ProcessCompiledResources
[2026-07-22T23:24:22.382] [DEBUG] debug-file - File: 'C:\Users\scottsmith\project\Archive-Markdown-Editor-For-HarmonyOS\app\ame\electron\build\default\intermediates\preload\default\preload.json' from 'preloadSoJsonPath' is not exists, just ignore.
[2026-07-22T23:24:22.382] [DEBUG] debug-file - Task 'electron:default@ProcessCompiledResources' cost while wrapping incremental declarations: 1 ms 
[2026-07-22T23:24:22.382] [DEBUG] debug-file - electron : default@ProcessCompiledResources cost memory 0.07105255126953125
[2026-07-22T23:24:22.382] [DEBUG] debug-file - runTaskFromQueue task cost before running: 13 s 479 ms 
[2026-07-22T23:24:22.382] [INFO] debug-file - Finished :electron:default@ProcessCompiledResources... after 1 ms 
[2026-07-22T23:24:22.384] [DEBUG] debug-file - Executing task :electron:default@PackageHap
[2026-07-22T23:24:22.386] [WARN] debug-file - If obfuscation is needed, enable obfuscation settings in this build process; failing to do so may prevent future obfuscation. 
               Properly configure obfuscation rules to avoid runtime issues.
[2026-07-22T23:24:22.389] [DEBUG] debug-file - electron:default@PackageHap is not up-to-date, since the input file 'C:\Users\scottsmith\project\Archive-Markdown-Editor-For-HarmonyOS\app\ame\electron\build\default\intermediates\stripped_native_libs\default' has been changed.
[2026-07-22T23:24:22.389] [DEBUG] debug-file - Incremental task electron:default@PackageHap pre-execution cost: 3 ms .
[2026-07-22T23:24:22.389] [DEBUG] debug-file - Use tool [C:\Program Files\Huawei\DevEco Studio\sdk\default\openharmony\toolchains\lib\app_packing_tool.jar]
 [
  'java',
  '-Dfile.encoding=GBK',
  '-jar',
  'C:\\Program Files\\Huawei\\DevEco Studio\\sdk\\default\\openharmony\\toolchains\\lib\\app_packing_tool.jar',
  '--mode',
  'hap',
  '--force',
  'true',
  '--lib-path',
  'C:\\Users\\scottsmith\\project\\Archive-Markdown-Editor-For-HarmonyOS\\app\\ame\\electron\\build\\default\\intermediates\\stripped_native_libs\\default',
  '--json-path',
  'C:\\Users\\scottsmith\\project\\Archive-Markdown-Editor-For-HarmonyOS\\app\\ame\\electron\\build\\default\\intermediates\\package\\default\\module.json',
  '--resources-path',
  'C:\\Users\\scottsmith\\project\\Archive-Markdown-Editor-For-HarmonyOS\\app\\ame\\electron\\build\\default\\intermediates\\res\\default\\resources',
  '--index-path',
  'C:\\Users\\scottsmith\\project\\Archive-Markdown-Editor-For-HarmonyOS\\app\\ame\\electron\\build\\default\\intermediates\\res\\default\\resources.index',
  '--pack-info-path',
  'C:\\Users\\scottsmith\\project\\Archive-Markdown-Editor-For-HarmonyOS\\app\\ame\\electron\\build\\default\\outputs\\default\\pack.info',
  '--out-path',
  'C:\\Users\\scottsmith\\project\\Archive-Markdown-Editor-For-HarmonyOS\\app\\ame\\electron\\build\\default\\outputs\\default\\electron-default-unsigned.hap',
  '--ets-path',
  'C:\\Users\\scottsmith\\project\\Archive-Markdown-Editor-For-HarmonyOS\\app\\ame\\electron\\build\\default\\intermediates\\loader_out\\default\\ets',
  '--pkg-sdk-info-path',
  'C:\\Users\\scottsmith\\project\\Archive-Markdown-Editor-For-HarmonyOS\\app\\ame\\electron\\build\\default\\intermediates\\loader\\default\\pkgSdkInfo.json'
]
[2026-07-22T23:24:22.390] [DEBUG] debug-file - default@PackageHap work[32] is submitted.
[2026-07-22T23:24:22.390] [DEBUG] debug-file - default@PackageHap work[32] is pushed to ready queue.
[2026-07-22T23:24:22.390] [DEBUG] debug-file - A work dispatched to worker[15] failed because unable to get work from ready queue.
[2026-07-22T23:24:22.390] [DEBUG] debug-file - default@PackageHap work[32] has been dispatched to worker[14].
[2026-07-22T23:24:22.391] [DEBUG] debug-file - default@PackageHap work[32] is dispatched.
[2026-07-22T23:24:22.393] [DEBUG] debug-file - electron : default@PackageHap cost memory 0.0407562255859375
[2026-07-22T23:24:22.470] [DEBUG] debug-file - current process  memoryUsage: {
  rss: 804712448,
  heapTotal: 52723712,
  heapUsed: 47127280,
  external: 2348489,
  arrayBuffers: 41194
} os memoryUsage :22.71054458618164
[2026-07-22T23:24:23.320] [DEBUG] debug-file - worker[14] has one work done.
[2026-07-22T23:24:23.320] [DEBUG] debug-file - default@PackageHap work[32] done.
[2026-07-22T23:24:23.321] [DEBUG] debug-file - A work dispatched to worker[14] failed because unable to get work from ready queue.
[2026-07-22T23:24:23.321] [INFO] debug-file - Finished :electron:default@PackageHap... after 863 ms 
[2026-07-22T23:24:23.322] [DEBUG] debug-file - Executing task :electron:default@PackingCheck
[2026-07-22T23:24:23.331] [DEBUG] debug-file - electron : default@PackingCheck cost memory 0.31482696533203125
[2026-07-22T23:24:23.331] [DEBUG] debug-file - runTaskFromQueue task cost before running: 14 s 427 ms 
[2026-07-22T23:24:23.331] [INFO] debug-file - Finished :electron:default@PackingCheck... after 9 ms 
[2026-07-22T23:24:23.332] [DEBUG] debug-file - Executing task :electron:default@SignHap
[2026-07-22T23:24:23.333] [DEBUG] debug-file - electron:default@SignHap is not up-to-date, since the input file 'C:\Users\scottsmith\project\Archive-Markdown-Editor-For-HarmonyOS\app\ame\electron\build\default\outputs\default\electron-default-unsigned.hap' has been changed.
[2026-07-22T23:24:23.333] [DEBUG] debug-file - Incremental task electron:default@SignHap pre-execution cost: 1 ms .
[2026-07-22T23:24:23.369] [DEBUG] debug-file - java daemon socket received message:{"code":0,"message":"verify profile success"}
[2026-07-22T23:24:23.374] [DEBUG] debug-file - java daemon socket close code:1000 reason:close by user
[2026-07-22T23:24:24.531] [DEBUG] debug-file - java daemon socket received message:{"code":0,"message":"sign app success"}
[2026-07-22T23:24:24.531] [DEBUG] debug-file - electron : default@SignHap cost memory 0.1763458251953125
[2026-07-22T23:24:24.531] [DEBUG] debug-file - runTaskFromQueue task cost before running: 15 s 628 ms 
[2026-07-22T23:24:24.532] [INFO] debug-file - Finished :electron:default@SignHap... after 1 s 199 ms 
[2026-07-22T23:24:24.533] [DEBUG] debug-file - Executing task :electron:default@CollectDebugSymbol
[2026-07-22T23:24:24.534] [DEBUG] debug-file - electron:default@CollectDebugSymbol is not up-to-date, since the input file 'C:\Users\scottsmith\project\Archive-Markdown-Editor-For-HarmonyOS\app\ame\electron\build\default\cache\default\default@CompileArkTS\esmodule\release\sourceMaps.map' has been changed.
[2026-07-22T23:24:24.534] [DEBUG] debug-file - Incremental task electron:default@CollectDebugSymbol pre-execution cost: 1 ms .
[2026-07-22T23:24:24.536] [DEBUG] debug-file - nameCache.json for module electron does not exists
[2026-07-22T23:24:24.537] [DEBUG] debug-file - electron : default@CollectDebugSymbol cost memory 0.286041259765625
[2026-07-22T23:24:24.537] [DEBUG] debug-file - runTaskFromQueue task cost before running: 15 s 634 ms 
[2026-07-22T23:24:24.538] [INFO] debug-file - Finished :electron:default@CollectDebugSymbol... after 5 ms 
[2026-07-22T23:24:24.538] [DEBUG] debug-file - Executing task :electron:assembleHap
[2026-07-22T23:24:24.538] [DEBUG] debug-file - electron : assembleHap cost memory 0.01352691650390625
[2026-07-22T23:24:24.538] [DEBUG] debug-file - runTaskFromQueue task cost before running: 15 s 635 ms 
[2026-07-22T23:24:24.538] [INFO] debug-file - Finished :electron:assembleHap... after 1 ms 
[2026-07-22T23:24:24.538] [DEBUG] debug-file - Executing task ::MakeProjectPackInfo
[2026-07-22T23:24:24.540] [DEBUG] debug-file - Task ':MakeProjectPackInfo' cost while wrapping incremental declarations: 1 ms 
[2026-07-22T23:24:24.540] [DEBUG] debug-file - :MakeProjectPackInfo is not up-to-date, since the input file 'C:\Users\scottsmith\project\Archive-Markdown-Editor-For-HarmonyOS\app\ame\electron\build\default\outputs\default\pack.info' has been changed.
[2026-07-22T23:24:24.540] [DEBUG] debug-file - Incremental task :MakeProjectPackInfo pre-execution cost: 1 ms .
[2026-07-22T23:24:24.541] [DEBUG] debug-file - Project Pack Info: {
  summary: {
    app: { bundleName: 'c***e', bundleType: 'app', version: [Object] },
    modules: [ [Object] ]
  },
  packages: [
    {
      deviceType: [Array],
      moduleType: 'entry',
      deliveryWithInstall: true,
      name: 'electron-default'
    }
  ]
}
[2026-07-22T23:24:24.543] [DEBUG] debug-file - ame : MakeProjectPackInfo cost memory 0.31642913818359375
[2026-07-22T23:24:24.543] [DEBUG] debug-file - runTaskFromQueue task cost before running: 15 s 639 ms 
[2026-07-22T23:24:24.543] [INFO] debug-file - Finished ::MakeProjectPackInfo... after 5 ms 
[2026-07-22T23:24:24.543] [DEBUG] debug-file - Executing task ::ProcessProjectPrivacyProfile
[2026-07-22T23:24:24.545] [DEBUG] debug-file - :ProcessProjectPrivacyProfile is not up-to-date, since the output file 'C:\Users\scottsmith\project\Archive-Markdown-Editor-For-HarmonyOS\app\ame\build\outputs\default\pac.json' does not exist.
[2026-07-22T23:24:24.545] [DEBUG] debug-file - Incremental task :ProcessProjectPrivacyProfile pre-execution cost: 1 ms .
[2026-07-22T23:24:24.548] [DEBUG] debug-file - ame : ProcessProjectPrivacyProfile cost memory 0.35260772705078125
[2026-07-22T23:24:24.548] [DEBUG] debug-file - runTaskFromQueue task cost before running: 15 s 645 ms 
[2026-07-22T23:24:24.549] [INFO] debug-file - Finished ::ProcessProjectPrivacyProfile... after 5 ms 
[2026-07-22T23:24:24.549] [DEBUG] debug-file - Executing task ::GeneratePackRes
[2026-07-22T23:24:24.549] [DEBUG] debug-file - :GeneratePackRes is not up-to-date, since the input file 'C:\Users\scottsmith\project\Archive-Markdown-Editor-For-HarmonyOS\app\ame\build\outputs\default\pack.info' has been changed.
[2026-07-22T23:24:24.549] [DEBUG] debug-file - Incremental task :GeneratePackRes pre-execution cost: 1 ms .
[2026-07-22T23:24:24.549] [DEBUG] debug-file - ame : GeneratePackRes cost memory 0.0599365234375
[2026-07-22T23:24:24.550] [DEBUG] debug-file - runTaskFromQueue task cost before running: 15 s 646 ms 
[2026-07-22T23:24:24.550] [INFO] debug-file - Finished ::GeneratePackRes... after 1 ms 
[2026-07-22T23:24:24.550] [DEBUG] debug-file - Executing task ::PackageApp
[2026-07-22T23:24:24.552] [DEBUG] debug-file - Task ':PackageApp' cost while wrapping incremental declarations: 1 ms 
[2026-07-22T23:24:24.553] [DEBUG] debug-file - :PackageApp is not up-to-date, since the input file 'C:\Users\scottsmith\project\Archive-Markdown-Editor-For-HarmonyOS\app\ame\build\outputs\default\pack.info' has been changed.
[2026-07-22T23:24:24.553] [DEBUG] debug-file - Incremental task :PackageApp pre-execution cost: 1 ms .
[2026-07-22T23:24:24.554] [DEBUG] debug-file - java daemon socket close code:1000 reason:close by user
[2026-07-22T23:24:24.646] [DEBUG] debug-file - Use tool [PackageApp]
 [
  'java',
  '-Dfile.encoding=GBK',
  '-jar',
  'C:\\Program Files\\Huawei\\DevEco Studio\\sdk\\default\\openharmony\\toolchains\\lib\\app_packing_tool.jar',
  '--mode',
  'app',
  '--pack-info-path',
  'C:\\Users\\scottsmith\\project\\Archive-Markdown-Editor-For-HarmonyOS\\app\\ame\\build\\outputs\\default\\pack.info',
  '--hap-path',
  'C:\\Users\\scottsmith\\project\\Archive-Markdown-Editor-For-HarmonyOS\\app\\ame\\electron\\build\\default\\outputs\\default\\app\\electron-default.hap',
  '--hsp-path',
  '',
  '--force',
  'true',
  '--out-path',
  'C:\\Users\\scottsmith\\project\\Archive-Markdown-Editor-For-HarmonyOS\\app\\ame\\build\\outputs\\default\\ame-default-unsigned.app',
  '--main-module-limit',
  '2',
  '--normal-module-limit',
  '2',
  '--pac-json-path',
  'C:\\Users\\scottsmith\\project\\Archive-Markdown-Editor-For-HarmonyOS\\app\\ame\\build\\outputs\\default\\pac.json'
]
[2026-07-22T23:24:24.646] [DEBUG] debug-file - current process  memoryUsage: {
  rss: 808099840,
  heapTotal: 135024640,
  heapUsed: 125177568,
  external: 3115970,
  arrayBuffers: 89088
} os memoryUsage :23.74091339111328
[2026-07-22T23:24:30.869] [DEBUG] debug-file - Remove the invalid app-symbol.zip file successfully.
[2026-07-22T23:24:35.000] [DEBUG] debug-file - ame : PackageApp cost memory -2.245361328125
[2026-07-22T23:24:35.000] [DEBUG] debug-file - runTaskFromQueue task cost before running: 26 s 97 ms 
[2026-07-22T23:24:35.000] [INFO] debug-file - Finished ::PackageApp... after 10 s 451 ms 
[2026-07-22T23:24:35.001] [DEBUG] debug-file - Executing task ::SignPackagesFromApp
[2026-07-22T23:24:35.002] [DEBUG] debug-file - :SignPackagesFromApp is not up-to-date, since the input file 'C:\Users\scottsmith\project\Archive-Markdown-Editor-For-HarmonyOS\app\ame\build\outputs\default\ame-default-unsigned.app' has been changed.
[2026-07-22T23:24:35.002] [DEBUG] debug-file - Incremental task :SignPackagesFromApp pre-execution cost: 1 ms .
[2026-07-22T23:24:35.002] [DEBUG] debug-file - ame : SignPackagesFromApp cost memory 0.10855865478515625
[2026-07-22T23:24:35.002] [DEBUG] debug-file - runTaskFromQueue task cost before running: 26 s 99 ms 
[2026-07-22T23:24:35.002] [INFO] debug-file - Finished ::SignPackagesFromApp... after 2 ms 
[2026-07-22T23:24:35.003] [DEBUG] debug-file - Executing task ::SignApp
[2026-07-22T23:24:35.003] [DEBUG] debug-file - signingConfigName of signApp is :  default
[2026-07-22T23:24:35.004] [DEBUG] debug-file - :SignApp is not up-to-date, since the input file 'C:\Users\scottsmith\project\Archive-Markdown-Editor-For-HarmonyOS\app\ame\build\outputs\default\ame-default-unsigned.app' has been changed.
[2026-07-22T23:24:35.004] [DEBUG] debug-file - Incremental task :SignApp pre-execution cost: 1 ms .
[2026-07-22T23:24:35.449] [DEBUG] debug-file - java daemon socket received message:{"code":0,"message":"sign app success"}
[2026-07-22T23:24:35.450] [DEBUG] debug-file - ame : SignApp cost memory 0.4415435791015625
[2026-07-22T23:24:35.450] [DEBUG] debug-file - runTaskFromQueue task cost before running: 26 s 546 ms 
[2026-07-22T23:24:35.450] [INFO] debug-file - Finished ::SignApp... after 447 ms 
[2026-07-22T23:24:35.450] [DEBUG] debug-file - Executing task ::assembleApp
[2026-07-22T23:24:35.450] [DEBUG] debug-file - ame : assembleApp cost memory 0.0119781494140625
[2026-07-22T23:24:35.450] [DEBUG] debug-file - runTaskFromQueue task cost before running: 26 s 547 ms 
[2026-07-22T23:24:35.450] [INFO] debug-file - Finished ::assembleApp... after 1 ms 
[2026-07-22T23:24:35.457] [INFO] debug-file - BUILD SUCCESSFUL in 26 s 554 ms 
[2026-07-22T23:24:35.458] [DEBUG] debug-file - Update task electron:default@PreBuild input file:C:\Users\scottsmith\project\Archive-Markdown-Editor-For-HarmonyOS\app\ame\AppScope\app.json5 cache by regenerate.
[2026-07-22T23:24:35.458] [DEBUG] debug-file - Update task electron:default@PreBuild input file:C:\Users\scottsmith\project\Archive-Markdown-Editor-For-HarmonyOS\app\ame\electron\src\main\module.json5 cache by regenerate.
[2026-07-22T23:24:35.458] [DEBUG] debug-file - Update task electron:default@PreBuild input file:C:\Users\scottsmith\project\Archive-Markdown-Editor-For-HarmonyOS\app\ame\build-profile.json5 cache from map.
[2026-07-22T23:24:35.458] [DEBUG] debug-file - Update task electron:default@PreBuild input file:C:\Users\scottsmith\project\Archive-Markdown-Editor-For-HarmonyOS\app\ame\electron\build-profile.json5 cache by regenerate.
[2026-07-22T23:24:35.459] [DEBUG] debug-file - Update task electron:default@PreBuild input file:C:\Users\scottsmith\project\Archive-Markdown-Editor-For-HarmonyOS\app\ame\electron\src\main\resources\base\profile\main_pages.json cache by regenerate.
[2026-07-22T23:24:35.459] [DEBUG] debug-file - Update task electron:default@PreBuild input file:C:\Users\scottsmith\project\Archive-Markdown-Editor-For-HarmonyOS\app\ame\hvigor\hvigor-config.json5 cache by regenerate.
[2026-07-22T23:24:35.459] [DEBUG] debug-file - Update task electron:default@PreBuild input file:C:\Users\scottsmith\project\Archive-Markdown-Editor-For-HarmonyOS\app\ame\electron\oh-package.json5 cache by regenerate.
[2026-07-22T23:24:35.459] [DEBUG] debug-file - Update task electron:default@PreBuild input file:C:\Users\scottsmith\project\Archive-Markdown-Editor-For-HarmonyOS\app\ame\oh-package.json5 cache by regenerate.
[2026-07-22T23:24:35.459] [DEBUG] debug-file - Incremental task electron:default@PreBuild post-execution cost:2 ms .
[2026-07-22T23:24:35.459] [DEBUG] debug-file - Update task web_engine:default@PreBuild input file:C:\Users\scottsmith\project\Archive-Markdown-Editor-For-HarmonyOS\app\ame\AppScope\app.json5 cache by regenerate.
[2026-07-22T23:24:35.460] [DEBUG] debug-file - Update task web_engine:default@PreBuild input file:C:\Users\scottsmith\project\Archive-Markdown-Editor-For-HarmonyOS\app\ame\web_engine\src\main\module.json5 cache by regenerate.
[2026-07-22T23:24:35.460] [DEBUG] debug-file - Update task web_engine:default@PreBuild input file:C:\Users\scottsmith\project\Archive-Markdown-Editor-For-HarmonyOS\app\ame\build-profile.json5 cache from map.
[2026-07-22T23:24:35.460] [DEBUG] debug-file - Update task web_engine:default@PreBuild input file:C:\Users\scottsmith\project\Archive-Markdown-Editor-For-HarmonyOS\app\ame\web_engine\build-profile.json5 cache by regenerate.
[2026-07-22T23:24:35.460] [DEBUG] debug-file - Update task web_engine:default@PreBuild input file:C:\Users\scottsmith\project\Archive-Markdown-Editor-For-HarmonyOS\app\ame\hvigor\hvigor-config.json5 cache by regenerate.
[2026-07-22T23:24:35.460] [DEBUG] debug-file - Update task web_engine:default@PreBuild input file:C:\Users\scottsmith\project\Archive-Markdown-Editor-For-HarmonyOS\app\ame\web_engine\oh-package.json5 cache by regenerate.
[2026-07-22T23:24:35.460] [DEBUG] debug-file - Update task web_engine:default@PreBuild input file:C:\Users\scottsmith\project\Archive-Markdown-Editor-For-HarmonyOS\app\ame\oh-package.json5 cache by regenerate.
[2026-07-22T23:24:35.460] [DEBUG] debug-file - Incremental task web_engine:default@PreBuild post-execution cost:2 ms .
[2026-07-22T23:24:35.461] [DEBUG] debug-file - Update task electron:default@CreateModuleInfo output file:C:\Users\scottsmith\project\Archive-Markdown-Editor-For-HarmonyOS\app\ame\electron\build\default\generated\profile\default\ModuleInfo.ts cache.
[2026-07-22T23:24:35.461] [DEBUG] debug-file - Incremental task electron:default@CreateModuleInfo post-execution cost:1 ms .
[2026-07-22T23:24:35.461] [DEBUG] debug-file - Update task electron:default@GenerateMetadata input file:C:\Users\scottsmith\project\Archive-Markdown-Editor-For-HarmonyOS\app\ame\electron\src\main\module.json5 cache by regenerate.
[2026-07-22T23:24:35.461] [DEBUG] debug-file - Update task electron:default@GenerateMetadata output file:C:\Users\scottsmith\project\Archive-Markdown-Editor-For-HarmonyOS\app\ame\electron\build\default\intermediates\hap_metadata\default\output_metadata.json cache.
[2026-07-22T23:24:35.461] [DEBUG] debug-file - Incremental task electron:default@GenerateMetadata post-execution cost:1 ms .
[2026-07-22T23:24:35.461] [DEBUG] debug-file - Update task electron:default@GeneratePkgContextInfo output file:C:\Users\scottsmith\project\Archive-Markdown-Editor-For-HarmonyOS\app\ame\electron\build\default\intermediates\loader\default\pkgContextInfo.json cache.
[2026-07-22T23:24:35.461] [DEBUG] debug-file - Incremental task electron:default@GeneratePkgContextInfo post-execution cost:1 ms .
[2026-07-22T23:24:35.461] [DEBUG] debug-file - Update task electron:default@GeneratePkgSdkInfo output file:C:\Users\scottsmith\project\Archive-Markdown-Editor-For-HarmonyOS\app\ame\electron\build\default\intermediates\loader\default\pkgSdkInfo.json cache.
[2026-07-22T23:24:35.461] [DEBUG] debug-file - Incremental task electron:default@GeneratePkgSdkInfo post-execution cost:1 ms .
[2026-07-22T23:24:35.461] [DEBUG] debug-file - Update task electron:default@ProcessIntegratedHsp output file:C:\Users\scottsmith\project\Archive-Markdown-Editor-For-HarmonyOS\app\ame\build\cache\default\integrated_hsp\integratedHspCache.json cache.
[2026-07-22T23:24:35.462] [DEBUG] debug-file - Incremental task electron:default@ProcessIntegratedHsp post-execution cost:1 ms .
[2026-07-22T23:24:35.462] [DEBUG] debug-file - Update task web_engine:default@CreateHarBuildProfile input file:C:\Users\scottsmith\project\Archive-Markdown-Editor-For-HarmonyOS\app\ame\AppScope\app.json5 cache by regenerate.
[2026-07-22T23:24:35.462] [DEBUG] debug-file - Update task web_engine:default@CreateHarBuildProfile input file:C:\Users\scottsmith\project\Archive-Markdown-Editor-For-HarmonyOS\app\ame\build-profile.json5 cache from map.
[2026-07-22T23:24:35.462] [DEBUG] debug-file - Update task web_engine:default@CreateHarBuildProfile output file:C:\Users\scottsmith\project\Archive-Markdown-Editor-For-HarmonyOS\app\ame\web_engine\BuildProfile.ets cache.
[2026-07-22T23:24:35.462] [DEBUG] debug-file - Incremental task web_engine:default@CreateHarBuildProfile post-execution cost:1 ms .
[2026-07-22T23:24:35.462] [DEBUG] debug-file - Update task web_engine:default@MergeProfile input file:C:\Users\scottsmith\project\Archive-Markdown-Editor-For-HarmonyOS\app\ame\AppScope\app.json5 cache by regenerate.
[2026-07-22T23:24:35.462] [DEBUG] debug-file - Update task web_engine:default@MergeProfile input file:C:\Users\scottsmith\project\Archive-Markdown-Editor-For-HarmonyOS\app\ame\build-profile.json5 cache from map.
[2026-07-22T23:24:35.462] [DEBUG] debug-file - Update task web_engine:default@MergeProfile input file:C:\Users\scottsmith\project\Archive-Markdown-Editor-For-HarmonyOS\app\ame\web_engine\src\main\module.json5 cache by regenerate.
[2026-07-22T23:24:35.462] [DEBUG] debug-file - Update task web_engine:default@MergeProfile output file:C:\Users\scottsmith\project\Archive-Markdown-Editor-For-HarmonyOS\app\ame\web_engine\build\default\intermediates\merge_profile\default\module.json cache.
[2026-07-22T23:24:35.462] [DEBUG] debug-file - Incremental task web_engine:default@MergeProfile post-execution cost:1 ms .
[2026-07-22T23:24:35.462] [DEBUG] debug-file - Update task electron:default@SyscapTransform input file:C:\Program Files\Huawei\DevEco Studio\sdk\default\openharmony\toolchains\syscap_tool.exe cache by regenerate.
[2026-07-22T23:24:35.463] [DEBUG] debug-file - Update task electron:default@SyscapTransform input file:C:\Program Files\Huawei\DevEco Studio\sdk\default\openharmony\ets\api\device-define cache by regenerate.
[2026-07-22T23:24:35.463] [DEBUG] debug-file - Update task electron:default@SyscapTransform output file:C:\Users\scottsmith\project\Archive-Markdown-Editor-For-HarmonyOS\app\ame\electron\build\default\intermediates\syscap\default\rpcid.sc cache.
[2026-07-22T23:24:35.463] [DEBUG] debug-file - Incremental task electron:default@SyscapTransform post-execution cost:1 ms .
[2026-07-22T23:24:35.464] [DEBUG] debug-file - Update task electron:default@ProcessRouterMap input file:C:\Users\scottsmith\project\Archive-Markdown-Editor-For-HarmonyOS\app\ame\electron\oh-package.json5 cache by regenerate.
[2026-07-22T23:24:35.464] [DEBUG] debug-file - Update task electron:default@ProcessRouterMap input file:C:\Users\scottsmith\project\Archive-Markdown-Editor-For-HarmonyOS\app\ame\oh-package.json5 cache by regenerate.
[2026-07-22T23:24:35.464] [DEBUG] debug-file - Update task electron:default@ProcessRouterMap input file:C:\Users\scottsmith\project\Archive-Markdown-Editor-For-HarmonyOS\app\ame\electron\src\main\module.json5 cache by regenerate.
[2026-07-22T23:24:35.464] [DEBUG] debug-file - Update task electron:default@ProcessRouterMap output file:C:\Users\scottsmith\project\Archive-Markdown-Editor-For-HarmonyOS\app\ame\electron\build\default\intermediates\router_map\default\temp-router-map.json cache.
[2026-07-22T23:24:35.464] [DEBUG] debug-file - Update task electron:default@ProcessRouterMap output file:C:\Users\scottsmith\project\Archive-Markdown-Editor-For-HarmonyOS\app\ame\electron\build\default\intermediates\router_map\default\loader-router-map.json cache.
[2026-07-22T23:24:35.464] [DEBUG] debug-file - Incremental task electron:default@ProcessRouterMap post-execution cost:1 ms .
[2026-07-22T23:24:35.465] [DEBUG] debug-file - Update task electron:default@ProcessShareConfig input file:C:\Users\scottsmith\project\Archive-Markdown-Editor-For-HarmonyOS\app\ame\electron\oh-package.json5 cache by regenerate.
[2026-07-22T23:24:35.465] [DEBUG] debug-file - Update task electron:default@ProcessShareConfig input file:C:\Users\scottsmith\project\Archive-Markdown-Editor-For-HarmonyOS\app\ame\oh-package.json5 cache by regenerate.
[2026-07-22T23:24:35.465] [DEBUG] debug-file - Update task electron:default@ProcessShareConfig input file:C:\Users\scottsmith\project\Archive-Markdown-Editor-For-HarmonyOS\app\ame\electron\src\main\module.json5 cache by regenerate.
[2026-07-22T23:24:35.465] [DEBUG] debug-file - Update task electron:default@ProcessShareConfig output file:C:\Users\scottsmith\project\Archive-Markdown-Editor-For-HarmonyOS\app\ame\electron\build\default\intermediates\share_config\default\temp-share-config.json cache.
[2026-07-22T23:24:35.465] [DEBUG] debug-file - Incremental task electron:default@ProcessShareConfig post-execution cost:1 ms .
[2026-07-22T23:24:35.465] [DEBUG] debug-file - Update task electron:default@ProcessStartupConfig output file:C:\Users\scottsmith\project\Archive-Markdown-Editor-For-HarmonyOS\app\ame\electron\build\default\intermediates\startup\default\startup_config.json cache.
[2026-07-22T23:24:35.465] [DEBUG] debug-file - Incremental task electron:default@ProcessStartupConfig post-execution cost:1 ms .
[2026-07-22T23:24:35.465] [DEBUG] debug-file - Update task electron:default@CreateBuildProfile input file:C:\Users\scottsmith\project\Archive-Markdown-Editor-For-HarmonyOS\app\ame\AppScope\app.json5 cache by regenerate.
[2026-07-22T23:24:35.465] [DEBUG] debug-file - Update task electron:default@CreateBuildProfile input file:C:\Users\scottsmith\project\Archive-Markdown-Editor-For-HarmonyOS\app\ame\build-profile.json5 cache from map.
[2026-07-22T23:24:35.465] [DEBUG] debug-file - Update task electron:default@CreateBuildProfile output file:C:\Users\scottsmith\project\Archive-Markdown-Editor-For-HarmonyOS\app\ame\electron\build\default\generated\profile\default\BuildProfile.ets cache.
[2026-07-22T23:24:35.466] [DEBUG] debug-file - Incremental task electron:default@CreateBuildProfile post-execution cost:1 ms .
[2026-07-22T23:24:35.466] [DEBUG] debug-file - Update task electron:default@MergeProfile input file:C:\Users\scottsmith\project\Archive-Markdown-Editor-For-HarmonyOS\app\ame\AppScope\app.json5 cache by regenerate.
[2026-07-22T23:24:35.466] [DEBUG] debug-file - Update task electron:default@MergeProfile input file:C:\Users\scottsmith\project\Archive-Markdown-Editor-For-HarmonyOS\app\ame\build-profile.json5 cache from map.
[2026-07-22T23:24:35.466] [DEBUG] debug-file - Update task electron:default@MergeProfile input file:C:\Users\scottsmith\project\Archive-Markdown-Editor-For-HarmonyOS\app\ame\electron\src\main\module.json5 cache by regenerate.
[2026-07-22T23:24:35.466] [DEBUG] debug-file - Update task electron:default@MergeProfile input file:C:\Users\scottsmith\project\Archive-Markdown-Editor-For-HarmonyOS\app\ame\web_engine\build\default\intermediates\merge_profile\default\module.json cache by regenerate.
[2026-07-22T23:24:35.467] [DEBUG] debug-file - Update task electron:default@MergeProfile output file:C:\Users\scottsmith\project\Archive-Markdown-Editor-For-HarmonyOS\app\ame\electron\build\default\intermediates\merge_profile\default\module.json cache.
[2026-07-22T23:24:35.467] [DEBUG] debug-file - Incremental task electron:default@MergeProfile post-execution cost:2 ms .
[2026-07-22T23:24:35.468] [DEBUG] debug-file - Obtain build option for module 'web_engine' target 'default'in this build.
[2026-07-22T23:24:35.468] [DEBUG] debug-file - Update task electron:default@GenerateLoaderJson input file:C:\Users\scottsmith\project\Archive-Markdown-Editor-For-HarmonyOS\app\ame\electron\build\default\intermediates\router_map\default\temp-router-map.json cache from map.
[2026-07-22T23:24:35.468] [DEBUG] debug-file - Update task electron:default@GenerateLoaderJson output file:C:\Users\scottsmith\project\Archive-Markdown-Editor-For-HarmonyOS\app\ame\electron\build\default\intermediates\loader\default\loader.json cache.
[2026-07-22T23:24:35.468] [DEBUG] debug-file - Incremental task electron:default@GenerateLoaderJson post-execution cost:2 ms .
[2026-07-22T23:24:35.469] [DEBUG] debug-file - Update task electron:default@MakePackInfo input file:C:\Users\scottsmith\project\Archive-Markdown-Editor-For-HarmonyOS\app\ame\AppScope\app.json5 cache by regenerate.
[2026-07-22T23:24:35.469] [DEBUG] debug-file - Update task electron:default@MakePackInfo input file:C:\Users\scottsmith\project\Archive-Markdown-Editor-For-HarmonyOS\app\ame\electron\src\main\module.json5 cache by regenerate.
[2026-07-22T23:24:35.469] [DEBUG] debug-file - Update task electron:default@MakePackInfo input file:C:\Users\scottsmith\project\Archive-Markdown-Editor-For-HarmonyOS\app\ame\build-profile.json5 cache from map.
[2026-07-22T23:24:35.469] [DEBUG] debug-file - Update task electron:default@MakePackInfo output file:C:\Users\scottsmith\project\Archive-Markdown-Editor-For-HarmonyOS\app\ame\electron\build\default\outputs\default\pack.info cache.
[2026-07-22T23:24:35.469] [DEBUG] debug-file - Incremental task electron:default@MakePackInfo post-execution cost:1 ms .
[2026-07-22T23:24:35.469] [DEBUG] debug-file - Update task electron:default@ProcessProfile input file:C:\Users\scottsmith\project\Archive-Markdown-Editor-For-HarmonyOS\app\ame\electron\build\default\intermediates\merge_profile\default\module.json cache from map.
[2026-07-22T23:24:35.469] [DEBUG] debug-file - Update task electron:default@ProcessProfile output file:C:\Users\scottsmith\project\Archive-Markdown-Editor-For-HarmonyOS\app\ame\electron\build\default\intermediates\process_profile\default\module.json cache.
[2026-07-22T23:24:35.469] [DEBUG] debug-file - Incremental task electron:default@ProcessProfile post-execution cost:1 ms .
[2026-07-22T23:24:35.470] [DEBUG] debug-file - Update task web_engine:default@ProcessLibs input file:C:\Users\scottsmith\project\Archive-Markdown-Editor-For-HarmonyOS\app\ame\build-profile.json5 cache from map.
[2026-07-22T23:24:35.470] [DEBUG] debug-file - Update task web_engine:default@ProcessLibs input file:C:\Users\scottsmith\project\Archive-Markdown-Editor-For-HarmonyOS\app\ame\web_engine\build-profile.json5 cache by regenerate.
[2026-07-22T23:24:35.470] [DEBUG] debug-file - Update task web_engine:default@ProcessLibs output file:C:\Users\scottsmith\project\Archive-Markdown-Editor-For-HarmonyOS\app\ame\web_engine\build\default\intermediates\libs\default cache.
[2026-07-22T23:24:35.470] [DEBUG] debug-file - Incremental task web_engine:default@ProcessLibs post-execution cost:1 ms .
[2026-07-22T23:24:35.470] [DEBUG] debug-file - Update task electron:default@ProcessResource output file:C:\Users\scottsmith\project\Archive-Markdown-Editor-For-HarmonyOS\app\ame\electron\build\default\intermediates\res\default\resConfig.json cache.
[2026-07-22T23:24:35.470] [DEBUG] debug-file - Update task electron:default@ProcessResource output file:C:\Users\scottsmith\project\Archive-Markdown-Editor-For-HarmonyOS\app\ame\electron\build\default\intermediates\res\default\opt-compression.json cache.
[2026-07-22T23:24:35.471] [DEBUG] debug-file - Incremental task electron:default@ProcessResource post-execution cost:1 ms .
[2026-07-22T23:24:35.471] [DEBUG] debug-file - Update task web_engine:default@DoNativeStrip input file:C:\Users\scottsmith\project\Archive-Markdown-Editor-For-HarmonyOS\app\ame\web_engine\build\default\intermediates\libs\default cache by regenerate.
[2026-07-22T23:24:35.471] [DEBUG] debug-file - Update task web_engine:default@DoNativeStrip output file:C:\Users\scottsmith\project\Archive-Markdown-Editor-For-HarmonyOS\app\ame\web_engine\build\default\intermediates\stripped_native_libs\default cache.
[2026-07-22T23:24:35.471] [DEBUG] debug-file - Incremental task web_engine:default@DoNativeStrip post-execution cost:1 ms .
[2026-07-22T23:24:35.472] [DEBUG] debug-file - Update task electron:default@CompileResource input file:C:\Users\scottsmith\project\Archive-Markdown-Editor-For-HarmonyOS\app\ame\electron\src\main\resources cache by regenerate.
[2026-07-22T23:24:35.473] [DEBUG] debug-file - Update task electron:default@CompileResource input file:C:\Users\scottsmith\project\Archive-Markdown-Editor-For-HarmonyOS\app\ame\web_engine\src\main\resources cache by regenerate.
[2026-07-22T23:24:35.501] [DEBUG] debug-file - Update task electron:default@CompileResource input file:C:\Users\scottsmith\project\Archive-Markdown-Editor-For-HarmonyOS\app\ame\AppScope\resources cache by regenerate.
[2026-07-22T23:24:35.502] [DEBUG] debug-file - Update task electron:default@CompileResource input file:C:\Users\scottsmith\project\Archive-Markdown-Editor-For-HarmonyOS\app\ame\electron\build\default\intermediates\process_profile\default\module.json cache from map.
[2026-07-22T23:24:35.502] [DEBUG] debug-file - Update task electron:default@CompileResource input file:C:\Users\scottsmith\project\Archive-Markdown-Editor-For-HarmonyOS\app\ame\electron\build\default\intermediates\res\default\resConfig.json cache by regenerate.
[2026-07-22T23:24:35.502] [DEBUG] debug-file - Update task electron:default@CompileResource output file:C:\Users\scottsmith\project\Archive-Markdown-Editor-For-HarmonyOS\app\ame\electron\build\default\intermediates\res\default cache.
[2026-07-22T23:24:35.529] [DEBUG] debug-file - Update task electron:default@CompileResource output file:C:\Users\scottsmith\project\Archive-Markdown-Editor-For-HarmonyOS\app\ame\electron\build\default\generated\r\default\ResourceTable.h cache.
[2026-07-22T23:24:35.529] [DEBUG] debug-file - Update task electron:default@CompileResource output file:C:\Users\scottsmith\project\Archive-Markdown-Editor-For-HarmonyOS\app\ame\electron\build\default\generated\r\default\ResourceTable.ts cache.
[2026-07-22T23:24:35.529] [DEBUG] debug-file - Update task electron:default@CompileResource output file:C:\Users\scottsmith\project\Archive-Markdown-Editor-For-HarmonyOS\app\ame\electron\build\default\generated\r\default cache.
[2026-07-22T23:24:35.530] [DEBUG] debug-file - Incremental task electron:default@CompileResource post-execution cost:59 ms .
[2026-07-22T23:24:35.531] [DEBUG] debug-file - Update task electron:default@CompileArkTS input file:C:\Users\scottsmith\project\Archive-Markdown-Editor-For-HarmonyOS\app\ame\electron\build\default\intermediates\loader\default cache from map.
[2026-07-22T23:24:35.531] [DEBUG] debug-file - Update task electron:default@CompileArkTS input file:C:\Users\scottsmith\project\Archive-Markdown-Editor-For-HarmonyOS\app\ame\web_engine\Index.ets cache by regenerate.
[2026-07-22T23:24:35.531] [DEBUG] debug-file - Update task electron:default@CompileArkTS input file:C:\Users\scottsmith\project\Archive-Markdown-Editor-For-HarmonyOS\app\ame\web_engine\src\main\ets cache by regenerate.
[2026-07-22T23:24:35.540] [DEBUG] debug-file - Update task electron:default@CompileArkTS input file:C:\Users\scottsmith\project\Archive-Markdown-Editor-For-HarmonyOS\app\ame\electron\build\default\intermediates\res\default\resources\rawfile cache by regenerate.
[2026-07-22T23:24:35.541] [DEBUG] debug-file - Update task electron:default@CompileArkTS input file:C:\Users\scottsmith\project\Archive-Markdown-Editor-For-HarmonyOS\app\ame\electron\build\default\intermediates\res\default\ResourceTable.txt cache by regenerate.
[2026-07-22T23:24:35.541] [DEBUG] debug-file - Update task electron:default@CompileArkTS input file:C:\Users\scottsmith\project\Archive-Markdown-Editor-For-HarmonyOS\app\ame\electron\build\default\intermediates\res\default\ark_module.json cache by regenerate.
[2026-07-22T23:24:35.541] [DEBUG] debug-file - Update task electron:default@CompileArkTS input file:C:\Users\scottsmith\project\Archive-Markdown-Editor-For-HarmonyOS\app\ame\electron\build\default\intermediates\res\default\resources\base\profile cache by regenerate.
[2026-07-22T23:24:35.541] [DEBUG] debug-file - Update task electron:default@CompileArkTS input file:C:\Users\scottsmith\project\Archive-Markdown-Editor-For-HarmonyOS\app\ame\electron\src\main\ets cache by regenerate.
[2026-07-22T23:24:35.543] [DEBUG] debug-file - Update task electron:default@CompileArkTS input file:C:\Users\scottsmith\project\Archive-Markdown-Editor-For-HarmonyOS\app\ame\electron\build\default\generated\profile\default\BuildProfile.ets cache by regenerate.
[2026-07-22T23:24:35.543] [DEBUG] debug-file - Update task electron:default@CompileArkTS input file:C:\Users\scottsmith\project\Archive-Markdown-Editor-For-HarmonyOS\app\ame\web_engine\src\main\cpp\types cache by regenerate.
[2026-07-22T23:24:35.543] [DEBUG] debug-file - Update task electron:default@CompileArkTS input file:C:\Users\scottsmith\project\Archive-Markdown-Editor-For-HarmonyOS\app\ame\web_engine\BuildProfile.ets cache by regenerate.
[2026-07-22T23:24:35.543] [DEBUG] debug-file - Update task electron:default@CompileArkTS output file:C:\Users\scottsmith\project\Archive-Markdown-Editor-For-HarmonyOS\app\ame\electron\build\default\intermediates\loader_out\default\ets cache.
[2026-07-22T23:24:35.544] [DEBUG] debug-file - Incremental task electron:default@CompileArkTS post-execution cost:15 ms .
[2026-07-22T23:24:35.544] [DEBUG] debug-file - Update task electron:default@BuildJS input file:C:\Users\scottsmith\project\Archive-Markdown-Editor-For-HarmonyOS\app\ame\electron\build\default\intermediates\loader\default cache by regenerate.
[2026-07-22T23:24:35.545] [DEBUG] debug-file - Update task electron:default@BuildJS input file:C:\Users\scottsmith\project\Archive-Markdown-Editor-For-HarmonyOS\app\ame\web_engine\Index.ets cache by regenerate.
[2026-07-22T23:24:35.545] [DEBUG] debug-file - Update task electron:default@BuildJS input file:C:\Users\scottsmith\project\Archive-Markdown-Editor-For-HarmonyOS\app\ame\electron\build\default\intermediates\res\default\resources\rawfile cache by regenerate.
[2026-07-22T23:24:35.545] [DEBUG] debug-file - Update task electron:default@BuildJS input file:C:\Users\scottsmith\project\Archive-Markdown-Editor-For-HarmonyOS\app\ame\electron\build\default\intermediates\res\default\ResourceTable.txt cache by regenerate.
[2026-07-22T23:24:35.545] [DEBUG] debug-file - Update task electron:default@BuildJS input file:C:\Users\scottsmith\project\Archive-Markdown-Editor-For-HarmonyOS\app\ame\electron\build\default\intermediates\res\default\ark_module.json cache by regenerate.
[2026-07-22T23:24:35.545] [DEBUG] debug-file - Update task electron:default@BuildJS input file:C:\Users\scottsmith\project\Archive-Markdown-Editor-For-HarmonyOS\app\ame\electron\build\default\intermediates\res\default\resources\base\profile cache by regenerate.
[2026-07-22T23:24:35.546] [DEBUG] debug-file - Update task electron:default@BuildJS output file:C:\Users\scottsmith\project\Archive-Markdown-Editor-For-HarmonyOS\app\ame\electron\build\default\intermediates\loader_out\default\js cache.
[2026-07-22T23:24:35.546] [DEBUG] debug-file - Incremental task electron:default@BuildJS post-execution cost:3 ms .
[2026-07-22T23:24:35.546] [DEBUG] debug-file - Update task electron:default@ProcessLibs input file:C:\Users\scottsmith\project\Archive-Markdown-Editor-For-HarmonyOS\app\ame\electron\libs cache by regenerate.
[2026-07-22T23:24:35.548] [DEBUG] debug-file - Update task electron:default@ProcessLibs input file:C:\Users\scottsmith\project\Archive-Markdown-Editor-For-HarmonyOS\app\ame\web_engine\build\default\intermediates\libs\default cache by regenerate.
[2026-07-22T23:24:35.548] [DEBUG] debug-file - Update task electron:default@ProcessLibs input file:C:\Users\scottsmith\project\Archive-Markdown-Editor-For-HarmonyOS\app\ame\build-profile.json5 cache from map.
[2026-07-22T23:24:35.548] [DEBUG] debug-file - Update task electron:default@ProcessLibs input file:C:\Users\scottsmith\project\Archive-Markdown-Editor-For-HarmonyOS\app\ame\electron\build-profile.json5 cache by regenerate.
[2026-07-22T23:24:35.548] [DEBUG] debug-file - Update task electron:default@ProcessLibs output file:C:\Users\scottsmith\project\Archive-Markdown-Editor-For-HarmonyOS\app\ame\electron\build\default\intermediates\libs\default cache.
[2026-07-22T23:24:35.549] [DEBUG] debug-file - Incremental task electron:default@ProcessLibs post-execution cost:3 ms .
[2026-07-22T23:24:35.549] [DEBUG] debug-file - Update task electron:default@DoNativeStrip input file:C:\Users\scottsmith\project\Archive-Markdown-Editor-For-HarmonyOS\app\ame\electron\build\default\intermediates\libs\default cache by regenerate.
[2026-07-22T23:24:35.549] [DEBUG] debug-file - Update task electron:default@DoNativeStrip output file:C:\Users\scottsmith\project\Archive-Markdown-Editor-For-HarmonyOS\app\ame\electron\build\default\intermediates\stripped_native_libs\default cache.
[2026-07-22T23:24:35.550] [DEBUG] debug-file - Incremental task electron:default@DoNativeStrip post-execution cost:2 ms .
[2026-07-22T23:24:35.550] [DEBUG] debug-file - Update task electron:default@CacheNativeLibs input file:C:\Users\scottsmith\project\Archive-Markdown-Editor-For-HarmonyOS\app\ame\electron\build\default\intermediates\stripped_native_libs\default cache from map.
[2026-07-22T23:24:35.550] [DEBUG] debug-file - Update task electron:default@CacheNativeLibs input file:C:\Users\scottsmith\project\Archive-Markdown-Editor-For-HarmonyOS\app\ame\electron\build\default\intermediates\libs\default cache by regenerate.
[2026-07-22T23:24:35.551] [DEBUG] debug-file - Update task electron:default@CacheNativeLibs output file:C:\Users\scottsmith\project\Archive-Markdown-Editor-For-HarmonyOS\app\ame\electron\build\default\intermediates\patch\default\base_native_libs.json cache.
[2026-07-22T23:24:35.551] [DEBUG] debug-file - Update task electron:default@CacheNativeLibs output file:C:\Users\scottsmith\project\Archive-Markdown-Editor-For-HarmonyOS\app\ame\electron\build\default\intermediates\patch\default\binxo_native_libs.json cache.
[2026-07-22T23:24:35.551] [DEBUG] debug-file - Incremental task electron:default@CacheNativeLibs post-execution cost:2 ms .
[2026-07-22T23:24:35.552] [DEBUG] debug-file - Update task electron:default@GeneratePkgModuleJson input file:C:\Users\scottsmith\project\Archive-Markdown-Editor-For-HarmonyOS\app\ame\electron\build\default\intermediates\res\default\module.json cache from map.
[2026-07-22T23:24:35.552] [DEBUG] debug-file - Update task electron:default@GeneratePkgModuleJson output file:C:\Users\scottsmith\project\Archive-Markdown-Editor-For-HarmonyOS\app\ame\electron\build\default\intermediates\package\default\module.json cache.
[2026-07-22T23:24:35.552] [DEBUG] debug-file - Incremental task electron:default@GeneratePkgModuleJson post-execution cost:1 ms .
[2026-07-22T23:24:35.552] [DEBUG] debug-file - Incremental task electron:default@ProcessCompiledResources post-execution cost:1 ms .
[2026-07-22T23:24:35.552] [DEBUG] debug-file - Update task electron:default@PackageHap input file:C:\Users\scottsmith\project\Archive-Markdown-Editor-For-HarmonyOS\app\ame\electron\build\default\intermediates\stripped_native_libs\default cache from map.
[2026-07-22T23:24:35.552] [DEBUG] debug-file - Update task electron:default@PackageHap input file:C:\Users\scottsmith\project\Archive-Markdown-Editor-For-HarmonyOS\app\ame\electron\build\default\intermediates\res\default\module.json cache by regenerate.
[2026-07-22T23:24:35.552] [DEBUG] debug-file - Update task electron:default@PackageHap input file:C:\Users\scottsmith\project\Archive-Markdown-Editor-For-HarmonyOS\app\ame\electron\build\default\intermediates\res\default\resources cache by regenerate.
[2026-07-22T23:24:35.578] [DEBUG] debug-file - Update task electron:default@PackageHap input file:C:\Users\scottsmith\project\Archive-Markdown-Editor-For-HarmonyOS\app\ame\electron\build\default\intermediates\res\default\resources.index cache by regenerate.
[2026-07-22T23:24:35.578] [DEBUG] debug-file - Update task electron:default@PackageHap input file:C:\Users\scottsmith\project\Archive-Markdown-Editor-For-HarmonyOS\app\ame\electron\build\default\outputs\default\pack.info cache by regenerate.
[2026-07-22T23:24:35.578] [DEBUG] debug-file - Update task electron:default@PackageHap input file:C:\Users\scottsmith\project\Archive-Markdown-Editor-For-HarmonyOS\app\ame\electron\build\default\intermediates\loader_out\default\ets cache by regenerate.
[2026-07-22T23:24:35.579] [DEBUG] debug-file - Update task electron:default@PackageHap input file:C:\Users\scottsmith\project\Archive-Markdown-Editor-For-HarmonyOS\app\ame\electron\build\default\intermediates\loader\default\pkgSdkInfo.json cache by regenerate.
[2026-07-22T23:24:35.579] [DEBUG] debug-file - Update task electron:default@PackageHap input file:C:\Users\scottsmith\project\Archive-Markdown-Editor-For-HarmonyOS\app\ame\electron\build\default\cache\default\default@CompileArkTS\esmodule\release\sourceMaps.map cache by regenerate.
[2026-07-22T23:24:35.579] [DEBUG] debug-file - Update task electron:default@PackageHap input file:C:\Users\scottsmith\project\Archive-Markdown-Editor-For-HarmonyOS\app\ame\electron\build\default\generated\profile\default\BuildProfile.ets cache by regenerate.
[2026-07-22T23:24:35.579] [DEBUG] debug-file - Update task electron:default@PackageHap output file:C:\Users\scottsmith\project\Archive-Markdown-Editor-For-HarmonyOS\app\ame\electron\build\default\outputs\default\electron-default-unsigned.hap cache.
[2026-07-22T23:24:35.579] [DEBUG] debug-file - Update task electron:default@PackageHap output file:C:\Users\scottsmith\project\Archive-Markdown-Editor-For-HarmonyOS\app\ame\electron\build\default\intermediates\source_map\default\sourceMaps.map cache.
[2026-07-22T23:24:35.579] [DEBUG] debug-file - Update task electron:default@PackageHap output file:C:\Users\scottsmith\project\Archive-Markdown-Editor-For-HarmonyOS\app\ame\electron\build\default\outputs\default\mapping\sourceMaps.map cache.
[2026-07-22T23:24:35.579] [DEBUG] debug-file - Incremental task electron:default@PackageHap post-execution cost:28 ms .
[2026-07-22T23:24:35.580] [DEBUG] debug-file - Update task electron:default@SignHap input file:C:/Users/scottsmith/project/HarmonyOS-AME-Cert/release-cert/Archive-Markdown-Editor.cer cache by regenerate.
[2026-07-22T23:24:35.580] [DEBUG] debug-file - Update task electron:default@SignHap input file:C:/Users/scottsmith/project/HarmonyOS-AME-Cert/release-cert/ame-ssRelease.p7b cache by regenerate.
[2026-07-22T23:24:35.580] [DEBUG] debug-file - Update task electron:default@SignHap input file:C:/Users/scottsmith/project/HarmonyOS-AME-Cert/release-cert/ame.p12 cache by regenerate.
[2026-07-22T23:24:35.580] [DEBUG] debug-file - Update task electron:default@SignHap input file:C:\Users\scottsmith\project\Archive-Markdown-Editor-For-HarmonyOS\app\ame\electron\build\default\outputs\default\electron-default-unsigned.hap cache from map.
[2026-07-22T23:24:35.580] [DEBUG] debug-file - Update task electron:default@SignHap output file:C:\Users\scottsmith\project\Archive-Markdown-Editor-For-HarmonyOS\app\ame\electron\build\default\outputs\default\electron-default-signed.hap cache.
[2026-07-22T23:24:35.580] [DEBUG] debug-file - Incremental task electron:default@SignHap post-execution cost:1 ms .
[2026-07-22T23:24:35.581] [DEBUG] debug-file - Update task electron:default@CollectDebugSymbol input file:C:\Users\scottsmith\project\Archive-Markdown-Editor-For-HarmonyOS\app\ame\electron\build\default\cache\default\default@CompileArkTS\esmodule\release\sourceMaps.map cache from map.
[2026-07-22T23:24:35.581] [DEBUG] debug-file - Update task electron:default@CollectDebugSymbol input file:C:\Users\scottsmith\project\Archive-Markdown-Editor-For-HarmonyOS\app\ame\electron\build\default\intermediates\libs\default cache by regenerate.
[2026-07-22T23:24:35.582] [DEBUG] debug-file - Update task electron:default@CollectDebugSymbol output file:C:\Users\scottsmith\project\Archive-Markdown-Editor-For-HarmonyOS\app\ame\electron\build\default\outputs\default\symbol cache.
[2026-07-22T23:24:35.583] [DEBUG] debug-file - Incremental task electron:default@CollectDebugSymbol post-execution cost:3 ms .
[2026-07-22T23:24:35.583] [DEBUG] debug-file - Update task :MakeProjectPackInfo input file:C:\Users\scottsmith\project\Archive-Markdown-Editor-For-HarmonyOS\app\ame\electron\build\default\outputs\default\pack.info cache from map.
[2026-07-22T23:24:35.583] [DEBUG] debug-file - Update task :MakeProjectPackInfo output file:C:\Users\scottsmith\project\Archive-Markdown-Editor-For-HarmonyOS\app\ame\build\outputs\default\pack.info cache.
[2026-07-22T23:24:35.583] [DEBUG] debug-file - Incremental task :MakeProjectPackInfo post-execution cost:1 ms .
[2026-07-22T23:24:35.583] [DEBUG] debug-file - Update task :ProcessProjectPrivacyProfile output file:C:\Users\scottsmith\project\Archive-Markdown-Editor-For-HarmonyOS\app\ame\build\outputs\default\pac.json cache.
[2026-07-22T23:24:35.583] [DEBUG] debug-file - Incremental task :ProcessProjectPrivacyProfile post-execution cost:1 ms .
[2026-07-22T23:24:35.583] [DEBUG] debug-file - Update task :GeneratePackRes input file:C:\Users\scottsmith\project\Archive-Markdown-Editor-For-HarmonyOS\app\ame\build\outputs\default\pack.info cache from map.
[2026-07-22T23:24:35.583] [DEBUG] debug-file - Incremental task :GeneratePackRes post-execution cost:1 ms .
[2026-07-22T23:24:35.583] [DEBUG] debug-file - Update task :PackageApp input file:C:\Users\scottsmith\project\Archive-Markdown-Editor-For-HarmonyOS\app\ame\build\outputs\default\pack.info cache from map.
[2026-07-22T23:24:35.583] [DEBUG] debug-file - Update task :PackageApp input file:C:\Users\scottsmith\project\Archive-Markdown-Editor-For-HarmonyOS\app\ame\electron\build\default\outputs\default\electron-default-unsigned.hap cache by regenerate.
[2026-07-22T23:24:35.584] [DEBUG] debug-file - Update task :PackageApp input file:C:\Users\scottsmith\project\Archive-Markdown-Editor-For-HarmonyOS\app\ame\build\outputs\default\pac.json cache by regenerate.
[2026-07-22T23:24:35.584] [DEBUG] debug-file - Update task :PackageApp output file:C:\Users\scottsmith\project\Archive-Markdown-Editor-For-HarmonyOS\app\ame\build\outputs\default\ame-default-unsigned.app cache.
[2026-07-22T23:24:35.584] [DEBUG] debug-file - Update task :PackageApp output file:C:\Users\scottsmith\project\Archive-Markdown-Editor-For-HarmonyOS\app\ame\electron\build\default\outputs\default\app\electron-default.hap cache.
[2026-07-22T23:24:35.584] [DEBUG] debug-file - Update task :PackageApp output file:C:\Users\scottsmith\project\Archive-Markdown-Editor-For-HarmonyOS\app\ame\build\outputs\default\symbol\release cache.
[2026-07-22T23:24:35.585] [DEBUG] debug-file - Incremental task :PackageApp post-execution cost:3 ms .
[2026-07-22T23:24:35.586] [DEBUG] debug-file - Update task :SignPackagesFromApp input file:C:/Users/scottsmith/project/HarmonyOS-AME-Cert/release-cert/Archive-Markdown-Editor.cer cache by regenerate.
[2026-07-22T23:24:35.586] [DEBUG] debug-file - Update task :SignPackagesFromApp input file:C:/Users/scottsmith/project/HarmonyOS-AME-Cert/release-cert/ame-ssRelease.p7b cache by regenerate.
[2026-07-22T23:24:35.586] [DEBUG] debug-file - Update task :SignPackagesFromApp input file:C:/Users/scottsmith/project/HarmonyOS-AME-Cert/release-cert/ame.p12 cache by regenerate.
[2026-07-22T23:24:35.586] [DEBUG] debug-file - Update task :SignPackagesFromApp input file:C:\Users\scottsmith\project\Archive-Markdown-Editor-For-HarmonyOS\app\ame\build\outputs\default\ame-default-unsigned.app cache from map.
[2026-07-22T23:24:35.586] [DEBUG] debug-file - Incremental task :SignPackagesFromApp post-execution cost:1 ms .
[2026-07-22T23:24:35.586] [DEBUG] debug-file - Update task :SignApp input file:C:/Users/scottsmith/project/HarmonyOS-AME-Cert/release-cert/Archive-Markdown-Editor.cer cache by regenerate.
[2026-07-22T23:24:35.586] [DEBUG] debug-file - Update task :SignApp input file:C:/Users/scottsmith/project/HarmonyOS-AME-Cert/release-cert/ame-ssRelease.p7b cache by regenerate.
[2026-07-22T23:24:35.586] [DEBUG] debug-file - Update task :SignApp input file:C:/Users/scottsmith/project/HarmonyOS-AME-Cert/release-cert/ame.p12 cache by regenerate.
[2026-07-22T23:24:35.587] [DEBUG] debug-file - Update task :SignApp input file:C:\Users\scottsmith\project\Archive-Markdown-Editor-For-HarmonyOS\app\ame\build\outputs\default\ame-default-unsigned.app cache from map.
[2026-07-22T23:24:35.587] [DEBUG] debug-file - Update task :SignApp output file:C:\Users\scottsmith\project\Archive-Markdown-Editor-For-HarmonyOS\app\ame\build\outputs\default\ame-default-signed.app cache.
[2026-07-22T23:24:35.587] [DEBUG] debug-file - Incremental task :SignApp post-execution cost:1 ms .
[2026-07-22T23:24:35.609] [DEBUG] debug-file - Cleanup worker 13.
[2026-07-22T23:24:35.609] [DEBUG] debug-file - Worker 13 has been cleaned up.
[2026-07-22T23:24:35.609] [DEBUG] debug-file - Current idle worker size: 2.
[2026-07-22T23:24:35.609] [DEBUG] debug-file - Current resident worker size: 3.
[2026-07-22T23:24:35.610] [DEBUG] debug-file - Cleanup worker 14.
[2026-07-22T23:24:35.610] [DEBUG] debug-file - Worker 14 has been cleaned up.
[2026-07-22T23:24:35.610] [DEBUG] debug-file - Current idle worker size: 1.
[2026-07-22T23:24:35.610] [DEBUG] debug-file - Current resident worker size: 3.
[2026-07-22T23:24:35.610] [DEBUG] debug-file - hvigor build process will be closed.
[2026-07-22T23:24:35.611] [DEBUG] debug-file - java daemon socket close code:1000 reason:close by user
[2026-07-22T23:24:35.615] [DEBUG] debug-file - worker[13] exits with exit code 1.
[2026-07-22T23:24:35.615] [DEBUG] debug-file - worker[14] exits with exit code 1.
[2026-07-22T23:24:35.630] [DEBUG] debug-file - session manager: send message to worker process.
[2026-07-22T23:24:35.631] [DEBUG] debug-file - session manager: send message to worker process.
[2026-07-22T23:24:35.631] [DEBUG] debug-file - watch worker: worker id should be larger than 0. Nothing will be sent to any worker thread.
[2026-07-22T23:24:35.632] [DEBUG] debug-file - watch worker: worker id should be larger than 0. Nothing will be sent to any worker thread.
[2026-07-22T23:28:07.439] [DEBUG] debug-file - session manager: set active socket. socketId=X4ghGOxn9fGU_vSRAAAn
[2026-07-22T23:28:07.445] [DEBUG] debug-file - watch worker: worker id should be larger than 0. Nothing will be sent to any worker thread.
[2026-07-22T23:28:07.448] [DEBUG] debug-file - Workers' log level updated to INFO
[2026-07-22T23:28:07.451] [DEBUG] debug-file - Hvigor init with startParameters:{
  hvigorfileTypeCheck: false,
  parallelExecution: true,
  incrementalExecution: true,
  printStackTrace: false,
  daemon: true,
  analyze: 0,
  logLevel: Level { level: 20000, levelStr: 'INFO', colour: 'green' },
  optimizationStrategy: 'memory',
  hotCompile: undefined,
  hotReloadBuild: undefined,
  customizedParam: undefined
}
[2026-07-22T23:28:07.461] [DEBUG] debug-file - Cache service initialization finished in 10 ms 
[2026-07-22T23:28:07.462] [DEBUG] debug-file - hvigorfile, resolving C:\Users\scottsmith\project\Archive-Markdown-Editor-For-HarmonyOS\app\ame\hvigorfile.ts
[2026-07-22T23:28:07.471] [DEBUG] debug-file - hvigorfile, require result:  { default: { plugins: [] } }
[2026-07-22T23:28:07.472] [DEBUG] debug-file - hvigorfile, binding system plugins null
[2026-07-22T23:28:07.472] [DEBUG] debug-file - Starting plugin build process
[2026-07-22T23:28:07.472] [DEBUG] debug-file - App plugin prepare start...
[2026-07-22T23:28:07.472] [DEBUG] debug-file - App plugin prepare end...
[2026-07-22T23:28:07.472] [DEBUG] debug-file - App plugin creating...
[2026-07-22T23:28:07.488] [DEBUG] debug-file - App plugin register hook start...
[2026-07-22T23:28:07.488] [DEBUG] debug-file - App plugin register hook end...
[2026-07-22T23:28:07.488] [DEBUG] debug-file - Plugin build process completed
[2026-07-22T23:28:07.489] [DEBUG] debug-file - Start initialize project's product build option map with build mode debug.
[2026-07-22T23:28:07.489] [DEBUG] debug-file - Picking option from product 'default' with build mode 'debug'.
[2026-07-22T23:28:07.489] [DEBUG] debug-file - Product 'default' build option initialized
[2026-07-22T23:28:07.489] [DEBUG] debug-file - End initialize project's product build option map with build mode 'debug'.
[2026-07-22T23:28:07.490] [DEBUG] debug-file - Obtain build option for product 'default'in this build.
[2026-07-22T23:28:07.493] [DEBUG] debug-file - C:\Users\scottsmith\project\Archive-Markdown-Editor-For-HarmonyOS\app\ame\build\cache\default\remote_hsp\remoteHspCache.json not exists.
[2026-07-22T23:28:07.496] [DEBUG] debug-file - Start recording SDK configuration permission data.
[2026-07-22T23:28:07.519] [DEBUG] debug-file - Sdk init in 25 ms 
[2026-07-22T23:28:07.523] [DEBUG] debug-file - Project task initialization takes 4 ms 
[2026-07-22T23:28:07.523] [DEBUG] debug-file - hvigorfile, begin to bind custom plugins...
[2026-07-22T23:28:07.523] [DEBUG] debug-file - hvigorfile, no custom plugins were found in C:\Users\scottsmith\project\Archive-Markdown-Editor-For-HarmonyOS\app\ame\hvigorfile.ts
[2026-07-22T23:28:07.523] [DEBUG] debug-file - hvigorfile, resolve finished C:\Users\scottsmith\project\Archive-Markdown-Editor-For-HarmonyOS\app\ame\hvigorfile.ts
[2026-07-22T23:28:07.523] [DEBUG] debug-file - hvigorfile, resolving C:\Users\scottsmith\project\Archive-Markdown-Editor-For-HarmonyOS\app\ame\electron\hvigorfile.ts
[2026-07-22T23:28:07.525] [DEBUG] debug-file - hvigorfile, require result:  { default: { plugins: [] } }
[2026-07-22T23:28:07.525] [DEBUG] debug-file - hvigorfile, binding system plugins null
[2026-07-22T23:28:07.525] [DEBUG] debug-file - Starting plugin build process
[2026-07-22T23:28:07.525] [DEBUG] debug-file - Hap plugin creating...
[2026-07-22T23:28:07.526] [DEBUG] debug-file - failed to load cangjie to dynamically generate schemas: Error: Cannot find module '@ohos/cangjie-build-support/index'
Require stack:
- C:\Program Files\Huawei\DevEco Studio\tools\hvigor\hvigor-ohos-plugin\src\plugin\hooks\cangjie-register.js
- C:\Program Files\Huawei\DevEco Studio\tools\hvigor\hvigor-ohos-plugin\src\plugin\strategy\stage-init-strategy.js
- C:\Program Files\Huawei\DevEco Studio\tools\hvigor\hvigor-ohos-plugin\src\plugin\builder\abstract-plugin-builder.js
- C:\Program Files\Huawei\DevEco Studio\tools\hvigor\hvigor-ohos-plugin\src\plugin\builder\app-plugin-builder.js
- C:\Program Files\Huawei\DevEco Studio\tools\hvigor\hvigor-ohos-plugin\src\plugin\factory\plugin-factory.js
- C:\Program Files\Huawei\DevEco Studio\tools\hvigor\hvigor-ohos-plugin\index.js
- C:\Users\scottsmith\project\Archive-Markdown-Editor-For-HarmonyOS\app\ame\hvigorfile.ts
- C:\Program Files\Huawei\DevEco Studio\tools\hvigor\hvigor\src\base\internal\lifecycle\configuration.js
- C:\Program Files\Huawei\DevEco Studio\tools\hvigor\hvigor\src\base\boot\index.js
- C:\Program Files\Huawei\DevEco Studio\tools\hvigor\hvigor\src\base\daemon\cluster\worker-process-lifecycle.js
- C:\Program Files\Huawei\DevEco Studio\tools\hvigor\hvigor\src\base\daemon\process\daemon-process-boot-script.js
[2026-07-22T23:28:07.535] [DEBUG] debug-file - Start initialize module-target build option map, moduleName=electron, buildMode=debug
[2026-07-22T23:28:07.535] [DEBUG] debug-file - Target 'default' config initialized
[2026-07-22T23:28:07.535] [DEBUG] debug-file - Target 'ohosTest' config initialized
[2026-07-22T23:28:07.535] [DEBUG] debug-file - Module 'electron' target 'default' build option initialized
[2026-07-22T23:28:07.536] [DEBUG] debug-file - Module 'electron' target 'ohosTest' build option initialized
[2026-07-22T23:28:07.536] [DEBUG] debug-file - End initialize module-target build option map, moduleName=electron
[2026-07-22T23:28:07.536] [DEBUG] debug-file - Start initialize module-target build option map, moduleName=electron, buildMode=release
[2026-07-22T23:28:07.536] [DEBUG] debug-file - Target 'default' config initialized
[2026-07-22T23:28:07.536] [DEBUG] debug-file - Target 'ohosTest' config initialized
[2026-07-22T23:28:07.536] [DEBUG] debug-file - Module 'electron' target 'default' build option initialized
[2026-07-22T23:28:07.536] [DEBUG] debug-file - Module 'electron' target 'ohosTest' build option initialized
[2026-07-22T23:28:07.536] [DEBUG] debug-file - End initialize module-target build option map, moduleName=electron
[2026-07-22T23:28:07.536] [DEBUG] debug-file - Start initialize module-target build option map, moduleName=electron, buildMode=debug
[2026-07-22T23:28:07.536] [DEBUG] debug-file - Target 'default' config initialized
[2026-07-22T23:28:07.536] [DEBUG] debug-file - Target 'ohosTest' config initialized
[2026-07-22T23:28:07.536] [DEBUG] debug-file - Module 'electron' target 'default' build option initialized
[2026-07-22T23:28:07.536] [DEBUG] debug-file - Module 'electron' target 'ohosTest' build option initialized
[2026-07-22T23:28:07.536] [DEBUG] debug-file - End initialize module-target build option map, moduleName=electron
[2026-07-22T23:28:07.536] [DEBUG] debug-file - Obtain build option for module 'electron' target 'default'in this build.
[2026-07-22T23:28:07.538] [DEBUG] debug-file - Module electron task initialization takes 1 ms 
[2026-07-22T23:28:07.538] [DEBUG] debug-file - Hap plugin register hook start...
[2026-07-22T23:28:07.538] [DEBUG] debug-file - Hap plugin register hook end...
[2026-07-22T23:28:07.538] [DEBUG] debug-file - Plugin build process completed
[2026-07-22T23:28:07.538] [DEBUG] debug-file - hvigorfile, begin to bind custom plugins...
[2026-07-22T23:28:07.538] [DEBUG] debug-file - hvigorfile, no custom plugins were found in C:\Users\scottsmith\project\Archive-Markdown-Editor-For-HarmonyOS\app\ame\electron\hvigorfile.ts
[2026-07-22T23:28:07.538] [DEBUG] debug-file - hvigorfile, resolve finished C:\Users\scottsmith\project\Archive-Markdown-Editor-For-HarmonyOS\app\ame\electron\hvigorfile.ts
[2026-07-22T23:28:07.538] [DEBUG] debug-file - hvigorfile, resolving C:\Users\scottsmith\project\Archive-Markdown-Editor-For-HarmonyOS\app\ame\web_engine\hvigorfile.ts
[2026-07-22T23:28:07.541] [DEBUG] debug-file - hvigorfile, require result:  { default: { plugins: [] } }
[2026-07-22T23:28:07.541] [DEBUG] debug-file - hvigorfile, binding system plugins null
[2026-07-22T23:28:07.541] [DEBUG] debug-file - Starting plugin build process
[2026-07-22T23:28:07.541] [DEBUG] debug-file - Har plugin creating...
[2026-07-22T23:28:07.542] [DEBUG] debug-file - failed to load cangjie to dynamically generate schemas: Error: Cannot find module '@ohos/cangjie-build-support/index'
Require stack:
- C:\Program Files\Huawei\DevEco Studio\tools\hvigor\hvigor-ohos-plugin\src\plugin\hooks\cangjie-register.js
- C:\Program Files\Huawei\DevEco Studio\tools\hvigor\hvigor-ohos-plugin\src\plugin\strategy\stage-init-strategy.js
- C:\Program Files\Huawei\DevEco Studio\tools\hvigor\hvigor-ohos-plugin\src\plugin\builder\abstract-plugin-builder.js
- C:\Program Files\Huawei\DevEco Studio\tools\hvigor\hvigor-ohos-plugin\src\plugin\builder\app-plugin-builder.js
- C:\Program Files\Huawei\DevEco Studio\tools\hvigor\hvigor-ohos-plugin\src\plugin\factory\plugin-factory.js
- C:\Program Files\Huawei\DevEco Studio\tools\hvigor\hvigor-ohos-plugin\index.js
- C:\Users\scottsmith\project\Archive-Markdown-Editor-For-HarmonyOS\app\ame\hvigorfile.ts
- C:\Program Files\Huawei\DevEco Studio\tools\hvigor\hvigor\src\base\internal\lifecycle\configuration.js
- C:\Program Files\Huawei\DevEco Studio\tools\hvigor\hvigor\src\base\boot\index.js
- C:\Program Files\Huawei\DevEco Studio\tools\hvigor\hvigor\src\base\daemon\cluster\worker-process-lifecycle.js
- C:\Program Files\Huawei\DevEco Studio\tools\hvigor\hvigor\src\base\daemon\process\daemon-process-boot-script.js
[2026-07-22T23:28:07.546] [DEBUG] debug-file - Start initialize module-target build option map, moduleName=web_engine, buildMode=debug
[2026-07-22T23:28:07.546] [DEBUG] debug-file - Target 'default' config initialized
[2026-07-22T23:28:07.547] [DEBUG] debug-file - Module 'web_engine' target 'default' build option initialized
[2026-07-22T23:28:07.547] [DEBUG] debug-file - End initialize module-target build option map, moduleName=web_engine
[2026-07-22T23:28:07.547] [DEBUG] debug-file - Start initialize module-target build option map, moduleName=web_engine, buildMode=release
[2026-07-22T23:28:07.547] [DEBUG] debug-file - Target 'default' config initialized
[2026-07-22T23:28:07.547] [DEBUG] debug-file - Module 'web_engine' target 'default' build option initialized
[2026-07-22T23:28:07.547] [DEBUG] debug-file - End initialize module-target build option map, moduleName=web_engine
[2026-07-22T23:28:07.547] [DEBUG] debug-file - Start initialize module-target build option map, moduleName=web_engine, buildMode=debug
[2026-07-22T23:28:07.547] [DEBUG] debug-file - Target 'default' config initialized
[2026-07-22T23:28:07.547] [DEBUG] debug-file - Module 'web_engine' target 'default' build option initialized
[2026-07-22T23:28:07.547] [DEBUG] debug-file - End initialize module-target build option map, moduleName=web_engine
[2026-07-22T23:28:07.548] [DEBUG] debug-file - Obtain build option for module 'web_engine' target 'default'in this build.
[2026-07-22T23:28:07.549] [DEBUG] debug-file - Module web_engine task initialization takes 1 ms 
[2026-07-22T23:28:07.550] [DEBUG] debug-file - Har plugin register hook start...
[2026-07-22T23:28:07.550] [DEBUG] debug-file - Har plugin register hook end...
[2026-07-22T23:28:07.550] [DEBUG] debug-file - Plugin build process completed
[2026-07-22T23:28:07.550] [DEBUG] debug-file - hvigorfile, begin to bind custom plugins...
[2026-07-22T23:28:07.550] [DEBUG] debug-file - hvigorfile, no custom plugins were found in C:\Users\scottsmith\project\Archive-Markdown-Editor-For-HarmonyOS\app\ame\web_engine\hvigorfile.ts
[2026-07-22T23:28:07.550] [DEBUG] debug-file - hvigorfile, resolve finished C:\Users\scottsmith\project\Archive-Markdown-Editor-For-HarmonyOS\app\ame\web_engine\hvigorfile.ts
[2026-07-22T23:28:07.612] [DEBUG] debug-file - hvigorfile, resolve hvigorfile dependencies in 62 ms 
[2026-07-22T23:28:07.612] [DEBUG] debug-file - project has submodules:electron,web_engine
[2026-07-22T23:28:07.612] [DEBUG] debug-file - module:web_engine no need to execute packageHap
[2026-07-22T23:28:07.613] [DEBUG] debug-file - Start to initialize dependency information.
[2026-07-22T23:28:07.615] [DEBUG] debug-file - Module ame Collected Dependency: 
[2026-07-22T23:28:07.615] [DEBUG] debug-file - Module ame's total dependency: 0
[2026-07-22T23:28:07.616] [DEBUG] debug-file - Start to initialize dependency information.
[2026-07-22T23:28:07.662] [DEBUG] debug-file - Module electron Collected Dependency: C:\Users\scottsmith\project\Archive-Markdown-Editor-For-HarmonyOS\app\ame\web_engine,C:\Users\scottsmith\project\Archive-Markdown-Editor-For-HarmonyOS\app\ame\oh_modules\.ohpm\inversify@6.0.1\oh_modules\inversify,C:\Users\scottsmith\project\Archive-Markdown-Editor-For-HarmonyOS\app\ame\oh_modules\.ohpm\reflect-metadata@0.2.1\oh_modules\reflect-metadata
[2026-07-22T23:28:07.662] [DEBUG] debug-file - Module electron's total dependency: 3
[2026-07-22T23:28:07.666] [DEBUG] debug-file - Start to initialize dependency information.
[2026-07-22T23:28:07.668] [DEBUG] debug-file - Module web_engine Collected Dependency: C:\Users\scottsmith\project\Archive-Markdown-Editor-For-HarmonyOS\app\ame\oh_modules\.ohpm\inversify@6.0.1\oh_modules\inversify,C:\Users\scottsmith\project\Archive-Markdown-Editor-For-HarmonyOS\app\ame\oh_modules\.ohpm\reflect-metadata@0.2.1\oh_modules\reflect-metadata
[2026-07-22T23:28:07.668] [DEBUG] debug-file - Module web_engine's total dependency: 2
[2026-07-22T23:28:07.670] [DEBUG] debug-file - Configuration phase cost:209 ms 
[2026-07-22T23:28:07.671] [DEBUG] debug-file - Configuration task cost before running: 223 ms 
[2026-07-22T23:28:07.671] [DEBUG] debug-file - Executing task :electron:clean
[2026-07-22T23:28:07.671] [DEBUG] debug-file - clean: Start terminating worker pool.
