[2026-04-28T16:15:24.704] [WARN] debug-file - [33mWARN: [33m[33mArkTS:WARN File: /Volumes/Execute/Files/project/ame_new/archive_markdown_editor_hmos/app/ame/web_engine/src/main/ets/adapter/DeviceInfoAdapter.ets:47:55
 Classes cannot be used as objects (arkts-no-classes-as-obj)
[39m[39m
[33mWARN: [33m[33mArkTS:WARN File: /Volumes/Execute/Files/project/ame_new/archive_markdown_editor_hmos/app/ame/web_engine/src/main/ets/jsbindings/AccessibilityAdapterBind.ets:11:29
 Classes cannot be used as objects (arkts-no-classes-as-obj)
[39m[39m
[33mWARN: [33m[33mArkTS:WARN File: /Volumes/Execute/Files/project/ame_new/archive_markdown_editor_hmos/app/ame/web_engine/src/main/ets/jsbindings/AppLifecycleAdapterBind.ets:11:29
 Classes cannot be used as objects (arkts-no-classes-as-obj)
[39m[39m
[33mWARN: [33m[33mArkTS:WARN File: /Volumes/Execute/Files/project/ame_new/archive_markdown_editor_hmos/app/ame/web_engine/src/main/ets/jsbindings/AppWindowAdapterBind.ets:13:29
 Classes cannot be used as objects (arkts-no-classes-as-obj)
[39m[39m
[33mWARN: [33m[33mArkTS:WARN File: /Volumes/Execute/Files/project/ame_new/archive_markdown_editor_hmos/app/ame/web_engine/src/main/ets/jsbindings/BluetoothAdapterBind.ets:10:29
 Classes cannot be used as objects (arkts-no-classes-as-obj)
[39m[39m
[33mWARN: [33m[33mArkTS:WARN File: /Volumes/Execute/Files/project/ame_new/archive_markdown_editor_hmos/app/ame/web_engine/src/main/ets/jsbindings/BluetoothLowEnergyAdapterBind.ets:17:29
 Classes cannot be used as objects (arkts-no-classes-as-obj)
[39m[39m
[33mWARN: [33m[33mArkTS:WARN File: /Volumes/Execute/Files/project/ame_new/archive_markdown_editor_hmos/app/ame/web_engine/src/main/ets/jsbindings/BrowserPolicyAdapterBind.ets:10:29
 Classes cannot be used as objects (arkts-no-classes-as-obj)
[39m[39m
[33mWARN: [33m[33mArkTS:WARN File: /Volumes/Execute/Files/project/ame_new/archive_markdown_editor_hmos/app/ame/web_engine/src/main/ets/jsbindings/CertManagerAdapterBind.ets:10:29
 Classes cannot be used as objects (arkts-no-classes-as-obj)
[39m[39m
[33mWARN: [33m[33mArkTS:WARN File: /Volumes/Execute/Files/project/ame_new/archive_markdown_editor_hmos/app/ame/web_engine/src/main/ets/jsbindings/ContextAdapterBind.ets:11:21
 Classes cannot be used as objects (arkts-no-classes-as-obj)
[39m[39m
[33mWARN: [33m[33mArkTS:WARN File: /Volumes/Execute/Files/project/ame_new/archive_markdown_editor_hmos/app/ame/web_engine/src/main/ets/jsbindings/ContextPathAdapterBind.ets:10:29
 Classes cannot be used as objects (arkts-no-classes-as-obj)
[39m[39m
[33mWARN: [33m[33mArkTS:WARN File: /Volumes/Execute/Files/project/ame_new/archive_markdown_editor_hmos/app/ame/web_engine/src/main/ets/jsbindings/CursorAdapterBind.ets:10:29
 Classes cannot be used as objects (arkts-no-classes-as-obj)
[39m[39m
[33mWARN: [33m[33mArkTS:WARN File: /Volumes/Execute/Files/project/ame_new/archive_markdown_editor_hmos/app/ame/web_engine/src/main/ets/jsbindings/DeviceAdapterBind.ets:11:29
 Classes cannot be used as objects (arkts-no-classes-as-obj)
[39m[39m
[33mWARN: [33m[33mArkTS:WARN File: /Volumes/Execute/Files/project/ame_new/archive_markdown_editor_hmos/app/ame/web_engine/src/main/ets/jsbindings/DeviceUserAuthAdapterBind.ets:10:29
 Classes cannot be used as objects (arkts-no-classes-as-obj)
[39m[39m
[33mWARN: [33m[33mArkTS:WARN File: /Volumes/Execute/Files/project/ame_new/archive_markdown_editor_hmos/app/ame/web_engine/src/main/ets/jsbindings/DialogAdapterBind.ets:10:29
 Classes cannot be used as objects (arkts-no-classes-as-obj)
[39m[39m
[33mWARN: [33m[33mArkTS:WARN File: /Volumes/Execute/Files/project/ame_new/archive_markdown_editor_hmos/app/ame/web_engine/src/main/ets/jsbindings/DisplayAdapterBind.ets:10:29
 Classes cannot be used as objects (arkts-no-classes-as-obj)
[39m[39m
[33mWARN: [33m[33mArkTS:WARN File: /Volumes/Execute/Files/project/ame_new/archive_markdown_editor_hmos/app/ame/web_engine/src/main/ets/jsbindings/DragDropAdapterBind.ets:11:29
 Classes cannot be used as objects (arkts-no-classes-as-obj)
[39m[39m
[33mWARN: [33m[33mArkTS:WARN File: /Volumes/Execute/Files/project/ame_new/archive_markdown_editor_hmos/app/ame/web_engine/src/main/ets/jsbindings/ElectronAppAdapterBind.ets:10:29
 Classes cannot be used as objects (arkts-no-classes-as-obj)
[39m[39m
[33mWARN: [33m[33mArkTS:WARN File: /Volumes/Execute/Files/project/ame_new/archive_markdown_editor_hmos/app/ame/web_engine/src/main/ets/jsbindings/EtsBridgeAdapterBind.ets:27:31
 Classes cannot be used as objects (arkts-no-classes-as-obj)
[39m[39m
[33mWARN: [33m[33mArkTS:WARN File: /Volumes/Execute/Files/project/ame_new/archive_markdown_editor_hmos/app/ame/web_engine/src/main/ets/jsbindings/FileManagerAdapterBind.ets:10:29
 Classes cannot be used as objects (arkts-no-classes-as-obj)
[39m[39m
[33mWARN: [33m[33mArkTS:WARN File: /Volumes/Execute/Files/project/ame_new/archive_markdown_editor_hmos/app/ame/web_engine/src/main/ets/jsbindings/FilePickerAdapterBind.ets:11:29
 Classes cannot be used as objects (arkts-no-classes-as-obj)
[39m[39m
[33mWARN: [33m[33mArkTS:WARN File: /Volumes/Execute/Files/project/ame_new/archive_markdown_editor_hmos/app/ame/web_engine/src/main/ets/jsbindings/FontAdapterBind.ets:10:29
 Classes cannot be used as objects (arkts-no-classes-as-obj)
[39m[39m
[33mWARN: [33m[33mArkTS:WARN File: /Volumes/Execute/Files/project/ame_new/archive_markdown_editor_hmos/app/ame/web_engine/src/main/ets/jsbindings/I18nAdapterBind.ets:10:29
 Classes cannot be used as objects (arkts-no-classes-as-obj)
[39m[39m
[33mWARN: [33m[33mArkTS:WARN File: /Volumes/Execute/Files/project/ame_new/archive_markdown_editor_hmos/app/ame/web_engine/src/main/ets/jsbindings/IMFAdapterBind.ets:14:29
 Classes cannot be used as objects (arkts-no-classes-as-obj)
[39m[39m
[33mWARN: [33m[33mArkTS:WARN File: /Volumes/Execute/Files/project/ame_new/archive_markdown_editor_hmos/app/ame/web_engine/src/main/ets/jsbindings/MediaAdapterBind.ets:10:29
 Classes cannot be used as objects (arkts-no-classes-as-obj)
[39m[39m
[33mWARN: [33m[33mArkTS:WARN File: /Volumes/Execute/Files/project/ame_new/archive_markdown_editor_hmos/app/ame/web_engine/src/main/ets/jsbindings/MimeTypeAdapterBind.ets:10:29
 Classes cannot be used as objects (arkts-no-classes-as-obj)
[39m[39m
[33mWARN: [33m[33mArkTS:WARN File: /Volumes/Execute/Files/project/ame_new/archive_markdown_editor_hmos/app/ame/web_engine/src/main/ets/jsbindings/NativeMessagingAdapterBind.ets:35:29
 Classes cannot be used as objects (arkts-no-classes-as-obj)
[39m[39m
[33mWARN: [33m[33mArkTS:WARN File: /Volumes/Execute/Files/project/ame_new/archive_markdown_editor_hmos/app/ame/web_engine/src/main/ets/jsbindings/NativeThemeAdapterBind.ets:11:29
 Classes cannot be used as objects (arkts-no-classes-as-obj)
[39m[39m
[33mWARN: [33m[33mArkTS:WARN File: /Volumes/Execute/Files/project/ame_new/archive_markdown_editor_hmos/app/ame/web_engine/src/main/ets/jsbindings/NotificationAdapterBind.ets:11:29
 Classes cannot be used as objects (arkts-no-classes-as-obj)
[39m[39m
[33mWARN: [33m[33mArkTS:WARN File: /Volumes/Execute/Files/project/ame_new/archive_markdown_editor_hmos/app/ame/web_engine/src/main/ets/jsbindings/PermissionManagerAdapterBind.ets:10:29
 Classes cannot be used as objects (arkts-no-classes-as-obj)
[39m[39m
[33mWARN: [33m[33mArkTS:WARN File: /Volumes/Execute/Files/project/ame_new/archive_markdown_editor_hmos/app/ame/web_engine/src/main/ets/jsbindings/PopupWindowAdapterBind.ets:11:29
 Classes cannot be used as objects (arkts-no-classes-as-obj)
[39m[39m
[33mWARN: [33m[33mArkTS:WARN File: /Volumes/Execute/Files/project/ame_new/archive_markdown_editor_hmos/app/ame/web_engine/src/main/ets/jsbindings/PrintAdapterBind.ets:10:29
 Classes cannot be used as objects (arkts-no-classes-as-obj)
[39m[39m
[33mWARN: [33m[33mArkTS:WARN File: /Volumes/Execute/Files/project/ame_new/archive_markdown_editor_hmos/app/ame/web_engine/src/main/ets/jsbindings/ProcessAdapterBind.ets:10:29
 Classes cannot be used as objects (arkts-no-classes-as-obj)
[39m[39m
[33mWARN: [33m[33mArkTS:WARN File: /Volumes/Execute/Files/project/ame_new/archive_markdown_editor_hmos/app/ame/web_engine/src/main/ets/jsbindings/RunningLockAdapterBind.ets:10:29
 Classes cannot be used as objects (arkts-no-classes-as-obj)
[39m[39m
[33mWARN: [33m[33mArkTS:WARN File: /Volumes/Execute/Files/project/ame_new/archive_markdown_editor_hmos/app/ame/web_engine/src/main/ets/jsbindings/ScreenshotAdapterBind.ets:11:29
 Classes cannot be used as objects (arkts-no-classes-as-obj)
[39m[39m
[33mWARN: [33m[33mArkTS:WARN File: /Volumes/Execute/Files/project/ame_new/archive_markdown_editor_hmos/app/ame/web_engine/src/main/ets/jsbindings/ShapeDetectionAdapterBind.ets:10:29
 Classes cannot be used as objects (arkts-no-classes-as-obj)
[39m[39m
[33mWARN: [33m[33mArkTS:WARN File: /Volumes/Execute/Files/project/ame_new/archive_markdown_editor_hmos/app/ame/web_engine/src/main/ets/jsbindings/SpeechAdapterBind.ets:11:29
 Classes cannot be used as objects (arkts-no-classes-as-obj)
[39m[39m
[33mWARN: [33m[33mArkTS:WARN File: /Volumes/Execute/Files/project/ame_new/archive_markdown_editor_hmos/app/ame/web_engine/src/main/ets/jsbindings/SubWindowAdapterBind.ets:11:29
 Classes cannot be used as objects (arkts-no-classes-as-obj)
[39m[39m
[33mWARN: [33m[33mArkTS:WARN File: /Volumes/Execute/Files/project/ame_new/archive_markdown_editor_hmos/app/ame/web_engine/src/main/ets/jsbindings/SystemFloatingWindowAdapterBind.ets:11:29
 Classes cannot be used as objects (arkts-no-classes-as-obj)
[39m[39m
[33mWARN: [33m[33mArkTS:WARN File: /Volumes/Execute/Files/project/ame_new/archive_markdown_editor_hmos/app/ame/web_engine/src/main/ets/jsbindings/StatusBarManagerAdapterBind.ets:10:29
 Classes cannot be used as objects (arkts-no-classes-as-obj)
[39m[39m
[33mWARN: [33m[33mArkTS:WARN File: /Volumes/Execute/Files/project/ame_new/archive_markdown_editor_hmos/app/ame/web_engine/src/main/ets/jsbindings/WebAppAdapterBind.ets:13:29
 Classes cannot be used as objects (arkts-no-classes-as-obj)
[39m[39m
[33mWARN: [33m[33mArkTS:WARN File: /Volumes/Execute/Files/project/ame_new/archive_markdown_editor_hmos/app/ame/web_engine/src/main/ets/application/WebAbilityStage.ets:117:46
 Classes cannot be used as objects (arkts-no-classes-as-obj)
[39m[39m
[33mWARN: [33m[33mArkTS:WARN File: /Volumes/Execute/Files/project/ame_new/archive_markdown_editor_hmos/app/ame/web_engine/src/main/ets/ability/WebAbility.ets:92:38
 Classes cannot be used as objects (arkts-no-classes-as-obj)
[39m[39m
[33mWARN: [33m[33mArkTS:WARN File: /Volumes/Execute/Files/project/ame_new/archive_markdown_editor_hmos/app/ame/web_engine/src/main/ets/ability/WebAbility.ets:93:38
 Classes cannot be used as objects (arkts-no-classes-as-obj)
[39m[39m
[33mWARN: [33m[33mArkTS:WARN File: /Volumes/Execute/Files/project/ame_new/archive_markdown_editor_hmos/app/ame/web_engine/src/main/ets/ability/WebAbility.ets:94:42
 Classes cannot be used as objects (arkts-no-classes-as-obj)
[39m[39m
[33mWARN: [33m[33mArkTS:WARN File: /Volumes/Execute/Files/project/ame_new/archive_markdown_editor_hmos/app/ame/web_engine/src/main/ets/ability/WebAbility.ets:95:38
 Classes cannot be used as objects (arkts-no-classes-as-obj)
[39m[39m
[33mWARN: [33m[33mArkTS:WARN File: /Volumes/Execute/Files/project/ame_new/archive_markdown_editor_hmos/app/ame/web_engine/src/main/ets/ability/WebAbility.ets:97:16
 Classes cannot be used as objects (arkts-no-classes-as-obj)
[39m[39m
[33mWARN: [33m[33mArkTS:WARN File: /Volumes/Execute/Files/project/ame_new/archive_markdown_editor_hmos/app/ame/web_engine/src/main/ets/ability/WebAbility.ets:99:41
 Classes cannot be used as objects (arkts-no-classes-as-obj)
[39m[39m
[33mWARN: [33m[33mArkTS:WARN File: /Volumes/Execute/Files/project/ame_new/archive_markdown_editor_hmos/app/ame/web_engine/src/main/ets/ability/WebAbility.ets:100:43
 Classes cannot be used as objects (arkts-no-classes-as-obj)
[39m[39m
[33mWARN: [33m[33mArkTS:WARN File: /Volumes/Execute/Files/project/ame_new/archive_markdown_editor_hmos/app/ame/web_engine/src/main/ets/ability/WebEmbeddedAbility.ets:34:38
 Classes cannot be used as objects (arkts-no-classes-as-obj)
[39m[39m
[33mWARN: [33m[33mArkTS:WARN File: /Volumes/Execute/Files/project/ame_new/archive_markdown_editor_hmos/app/ame/web_engine/src/main/ets/ability/WebEmbeddedAbility.ets:35:42
 Classes cannot be used as objects (arkts-no-classes-as-obj)
[39m[39m
[33mWARN: [33m[33mArkTS:WARN File: /Volumes/Execute/Files/project/ame_new/archive_markdown_editor_hmos/app/ame/web_engine/src/main/ets/ability/WebEmbeddedAbility.ets:36:16
 Classes cannot be used as objects (arkts-no-classes-as-obj)
[39m[39m
[33mWARN: [33m[33mArkTS:WARN File: /Volumes/Execute/Files/project/ame_new/archive_markdown_editor_hmos/app/ame/web_engine/src/main/ets/components/WebWindow.ets:61:41
 Classes cannot be used as objects (arkts-no-classes-as-obj)
[39m[39m
[33mWARN: [33m[33mArkTS:WARN File: /Volumes/Execute/Files/project/ame_new/archive_markdown_editor_hmos/app/ame/web_engine/src/main/ets/components/WebWindow.ets:144:57
 Classes cannot be used as objects (arkts-no-classes-as-obj)
[39m[39m
[33mWARN: [33m[33mArkTS:WARN File: /Volumes/Execute/Files/project/ame_new/archive_markdown_editor_hmos/app/ame/web_engine/src/main/ets/components/WebWindow.ets:145:61
 Classes cannot be used as objects (arkts-no-classes-as-obj)
[39m[39m
[33mWARN: [33m[33mArkTS:WARN File: /Volumes/Execute/Files/project/ame_new/archive_markdown_editor_hmos/app/ame/web_engine/src/main/ets/components/WebWindow.ets:146:39
 Classes cannot be used as objects (arkts-no-classes-as-obj)
[39m[39m
[33mWARN: [33m[33mArkTS:WARN File: /Volumes/Execute/Files/project/ame_new/archive_markdown_editor_hmos/app/ame/web_engine/src/main/ets/components/WebWindow.ets:147:41
 Classes cannot be used as objects (arkts-no-classes-as-obj)
[39m[39m
[33mWARN: [33m[33mArkTS:WARN File: /Volumes/Execute/Files/project/ame_new/archive_markdown_editor_hmos/app/ame/web_engine/src/main/ets/components/WebSubWindow.ets:25:57
 Classes cannot be used as objects (arkts-no-classes-as-obj)
[39m[39m
[33mWARN: [33m[33mArkTS:WARN File: /Volumes/Execute/Files/project/ame_new/archive_markdown_editor_hmos/app/ame/web_engine/src/main/ets/components/WebSubWindow.ets:26:61
 Classes cannot be used as objects (arkts-no-classes-as-obj)
[39m[39m
[33mWARN: [33m[33mArkTS:WARN File: /Volumes/Execute/Files/project/ame_new/archive_markdown_editor_hmos/app/ame/web_engine/src/main/ets/components/WebSubWindow.ets:27:41
 Classes cannot be used as objects (arkts-no-classes-as-obj)
[39m[39m
[33mWARN: [33m[33mArkTS:WARN File: /Volumes/Execute/Files/project/ame_new/archive_markdown_editor_hmos/app/ame/web_engine/src/main/ets/components/WebEmbeddedWindow.ets:27:57
 Classes cannot be used as objects (arkts-no-classes-as-obj)
[39m[39m
[33mWARN: [33m[33mArkTS:WARN File: /Volumes/Execute/Files/project/ame_new/archive_markdown_editor_hmos/app/ame/web_engine/src/main/ets/components/WebEmbeddedWindow.ets:29:61
 Classes cannot be used as objects (arkts-no-classes-as-obj)
[39m[39m
[33mWARN: [33m[33mArkTS:WARN File: /Volumes/Execute/Files/project/ame_new/archive_markdown_editor_hmos/app/ame/web_engine/src/main/ets/components/WebEmbeddedWindow.ets:30:41
 Classes cannot be used as objects (arkts-no-classes-as-obj)
[39m[39m
[33mWARN: [33m[33mArkTS:WARN File: /Volumes/Execute/Files/project/ame_new/archive_markdown_editor_hmos/app/ame/web_engine/src/main/ets/components/WebWindowNode.ets:121:57
 Classes cannot be used as objects (arkts-no-classes-as-obj)
[39m[39m
[33mWARN: [33m[33mArkTS:WARN File: /Volumes/Execute/Files/project/ame_new/archive_markdown_editor_hmos/app/ame/web_engine/src/main/ets/components/WebWindowNode.ets:123:61
 Classes cannot be used as objects (arkts-no-classes-as-obj)
[39m[39m
[33mWARN: [33m[33mArkTS:WARN File: /Volumes/Execute/Files/project/ame_new/archive_markdown_editor_hmos/app/ame/web_engine/src/main/ets/components/WebWindowNode.ets:124:41
 Classes cannot be used as objects (arkts-no-classes-as-obj)
[39m[39m
[33mWARN: [33m[33mArkTS:WARN File: /Volumes/Execute/Files/project/ame_new/archive_markdown_editor_hmos/app/ame/web_engine/src/main/ets/components/WebNodeHandleWindow.ets:54:42
 Classes cannot be used as objects (arkts-no-classes-as-obj)
[39m[39m
[33mWARN: [33m[33mArkTS:WARN File: /Volumes/Execute/Files/project/ame_new/archive_markdown_editor_hmos/app/ame/web_engine/src/main/ets/components/WebNodeHandleWindow.ets:55:39
 Classes cannot be used as objects (arkts-no-classes-as-obj)
[39m[39m
[33mWARN: [33m[33mArkTS:WARN File: /Volumes/Execute/Files/project/ame_new/archive_markdown_editor_hmos/app/ame/web_engine/src/main/ets/components/WebNodeHandleWindow.ets:56:43
 Classes cannot be used as objects (arkts-no-classes-as-obj)
[39m[39m
[33mWARN: [33m[33mArkTS:WARN File: /Volumes/Execute/Files/project/ame_new/archive_markdown_editor_hmos/app/ame/web_engine/src/main/ets/components/WebNodeHandleWindow.ets:59:39
 Classes cannot be used as objects (arkts-no-classes-as-obj)
[39m[39m
[33mWARN: [33m[33mArkTS:WARN File: /Volumes/Execute/Files/project/ame_new/archive_markdown_editor_hmos/app/ame/web_engine/src/main/ets/components/WebNodeHandleSubWindow.ets:48:42
 Classes cannot be used as objects (arkts-no-classes-as-obj)
[39m[39m
[33mWARN: [33m[33mArkTS:WARN: For details about ArkTS syntax errors, see FAQs[39m[39m
[33mWARN: [33m[33mArkTS:WARN File: /Volumes/Execute/Files/project/ame_new/archive_markdown_editor_hmos/app/ame/web_engine/src/main/ets/adapter/DialogAdapter.ets:96:17
 'show' has been deprecated.
[39m[39m
[33mWARN: [33m[33mArkTS:WARN File: /Volumes/Execute/Files/project/ame_new/archive_markdown_editor_hmos/app/ame/web_engine/src/main/ets/adapter/DialogAdapter.ets:121:29
 The system capacity of this api 'selectMode' is not supported on all devices
[39m[39m
[33mWARN: [33m[33mArkTS:WARN File: /Volumes/Execute/Files/project/ame_new/archive_markdown_editor_hmos/app/ame/web_engine/src/main/ets/adapter/DialogAdapter.ets:121:49
 The system capacity of this api 'DocumentSelectMode' is not supported on all devices
[39m[39m
[33mWARN: [33m[33mArkTS:WARN File: /Volumes/Execute/Files/project/ame_new/archive_markdown_editor_hmos/app/ame/web_engine/src/main/ets/adapter/DialogAdapter.ets:121:68
 The system capacity of this api 'FOLDER' is not supported on all devices
[39m[39m
[33mWARN: [33m[33mArkTS:WARN File: /Volumes/Execute/Files/project/ame_new/archive_markdown_editor_hmos/app/ame/web_engine/src/main/ets/adapter/DialogAdapter.ets:123:31
 The system capacity of this api 'selectMode' is not supported on all devices
[39m[39m
[33mWARN: [33m[33mArkTS:WARN File: /Volumes/Execute/Files/project/ame_new/archive_markdown_editor_hmos/app/ame/web_engine/src/main/ets/adapter/DialogAdapter.ets:123:51
 The system capacity of this api 'DocumentSelectMode' is not supported on all devices
[39m[39m
[33mWARN: [33m[33mArkTS:WARN File: /Volumes/Execute/Files/project/ame_new/archive_markdown_editor_hmos/app/ame/web_engine/src/main/ets/adapter/DialogAdapter.ets:123:70
 The system capacity of this api 'MIXED' is not supported on all devices
[39m[39m
[33mWARN: [33m[33mArkTS:WARN File: /Volumes/Execute/Files/project/ame_new/archive_markdown_editor_hmos/app/ame/web_engine/src/main/ets/adapter/DialogAdapter.ets:129:30
 Function may throw exceptions. Special handling is required.
[39m[39m
[33mWARN: [33m[33mArkTS:WARN File: /Volumes/Execute/Files/project/ame_new/archive_markdown_editor_hmos/app/ame/web_engine/src/main/ets/adapter/DialogAdapter.ets:162:30
 Function may throw exceptions. Special handling is required.
[39m[39m
[33mWARN: [33m[33mArkTS:WARN File: /Volumes/Execute/Files/project/ame_new/archive_markdown_editor_hmos/app/ame/web_engine/src/main/ets/adapter/NativeThemeAdapter.ets:56:5
 Function may throw exceptions. Special handling is required.
[39m[39m
[33mWARN: [33m[33mArkTS:WARN File: /Volumes/Execute/Files/project/ame_new/archive_markdown_editor_hmos/app/ame/web_engine/src/main/ets/adapter/AppLifecycleAdapter.ets:48:7
 Function may throw exceptions. Special handling is required.
[39m[39m
[33mWARN: [33m[33mArkTS:WARN File: /Volumes/Execute/Files/project/ame_new/archive_markdown_editor_hmos/app/ame/web_engine/src/main/ets/adapter/PermissionManagerAdapter.ets:236:15
 To use this API, you need to apply for the permissions: ohos.permission.FILE_ACCESS_PERSIST
[39m[39m
[33mWARN: [33m[33mArkTS:WARN File: /Volumes/Execute/Files/project/ame_new/archive_markdown_editor_hmos/app/ame/web_engine/src/main/ets/adapter/PermissionManagerAdapter.ets:260:15
 To use this API, you need to apply for the permissions: ohos.permission.FILE_ACCESS_PERSIST
[39m[39m
[33mWARN: [33m[33mArkTS:WARN File: /Volumes/Execute/Files/project/ame_new/archive_markdown_editor_hmos/app/ame/web_engine/src/main/ets/adapter/PermissionManagerAdapter.ets:299:37
 Function may throw exceptions. Special handling is required.
[39m[39m
[33mWARN: [33m[33mArkTS:WARN File: /Volumes/Execute/Files/project/ame_new/archive_markdown_editor_hmos/app/ame/web_engine/src/main/ets/adapter/PermissionManagerAdapter.ets:300:39
 Function may throw exceptions. Special handling is required.
[39m[39m
[33mWARN: [33m[33mArkTS:WARN File: /Volumes/Execute/Files/project/ame_new/archive_markdown_editor_hmos/app/ame/web_engine/src/main/ets/adapter/PermissionManagerAdapter.ets:301:37
 Function may throw exceptions. Special handling is required.
[39m[39m
[33mWARN: [33m[33mArkTS:WARN File: /Volumes/Execute/Files/project/ame_new/archive_markdown_editor_hmos/app/ame/web_engine/src/main/ets/adapter/PermissionManagerAdapter.ets:303:39
 Function may throw exceptions. Special handling is required.
[39m[39m
[33mWARN: [33m[33mArkTS:WARN File: /Volumes/Execute/Files/project/ame_new/archive_markdown_editor_hmos/app/ame/web_engine/src/main/ets/adapter/PermissionManagerAdapter.ets:304:38
 Function may throw exceptions. Special handling is required.
[39m[39m
[33mWARN: [33m[33mArkTS:WARN File: /Volumes/Execute/Files/project/ame_new/archive_markdown_editor_hmos/app/ame/web_engine/src/main/ets/adapter/PermissionManagerAdapter.ets:308:37
 Function may throw exceptions. Special handling is required.
[39m[39m
[33mWARN: [33m[33mArkTS:WARN File: /Volumes/Execute/Files/project/ame_new/archive_markdown_editor_hmos/app/ame/web_engine/src/main/ets/adapter/PermissionManagerAdapter.ets:309:39
 Function may throw exceptions. Special handling is required.
[39m[39m
[33mWARN: [33m[33mArkTS:WARN File: /Volumes/Execute/Files/project/ame_new/archive_markdown_editor_hmos/app/ame/web_engine/src/main/ets/adapter/PermissionManagerAdapter.ets:310:37
 Function may throw exceptions. Special handling is required.
[39m[39m
[33mWARN: [33m[33mArkTS:WARN File: /Volumes/Execute/Files/project/ame_new/archive_markdown_editor_hmos/app/ame/web_engine/src/main/ets/adapter/PermissionManagerAdapter.ets:312:39
 Function may throw exceptions. Special handling is required.
[39m[39m
[33mWARN: [33m[33mArkTS:WARN File: /Volumes/Execute/Files/project/ame_new/archive_markdown_editor_hmos/app/ame/web_engine/src/main/ets/adapter/PermissionManagerAdapter.ets:313:38
 Function may throw exceptions. Special handling is required.
[39m[39m
[33mWARN: [33m[33mArkTS:WARN File: /Volumes/Execute/Files/project/ame_new/archive_markdown_editor_hmos/app/ame/web_engine/src/main/ets/adapter/PermissionManagerAdapter.ets:317:18
 'showDialog' has been deprecated.
[39m[39m
[33mWARN: [33m[33mArkTS:WARN File: /Volumes/Execute/Files/project/ame_new/archive_markdown_editor_hmos/app/ame/web_engine/src/main/ets/adapter/AppWindowAdapter.ets:106:24
 Function may throw exceptions. Special handling is required.
[39m[39m
[33mWARN: [33m[33mArkTS:WARN File: /Volumes/Execute/Files/project/ame_new/archive_markdown_editor_hmos/app/ame/web_engine/src/main/ets/adapter/AppWindowAdapter.ets:111:21
 Function may throw exceptions. Special handling is required.
[39m[39m
[33mWARN: [33m[33mArkTS:WARN File: /Volumes/Execute/Files/project/ame_new/archive_markdown_editor_hmos/app/ame/web_engine/src/main/ets/adapter/AppWindowAdapter.ets:176:9
 Function may throw exceptions. Special handling is required.
[39m[39m
[33mWARN: [33m[33mArkTS:WARN File: /Volumes/Execute/Files/project/ame_new/archive_markdown_editor_hmos/app/ame/web_engine/src/main/ets/adapter/AppWindowAdapter.ets:180:7
 Function may throw exceptions. Special handling is required.
[39m[39m
[33mWARN: [33m[33mArkTS:WARN File: /Volumes/Execute/Files/project/ame_new/archive_markdown_editor_hmos/app/ame/web_engine/src/main/ets/adapter/AppWindowAdapter.ets:182:7
 Function may throw exceptions. Special handling is required.
[39m[39m
[33mWARN: [33m[33mArkTS:WARN File: /Volumes/Execute/Files/project/ame_new/archive_markdown_editor_hmos/app/ame/web_engine/src/main/ets/adapter/AppWindowAdapter.ets:194:9
 Function may throw exceptions. Special handling is required.
[39m[39m
[33mWARN: [33m[33mArkTS:WARN File: /Volumes/Execute/Files/project/ame_new/archive_markdown_editor_hmos/app/ame/web_engine/src/main/ets/adapter/AppWindowAdapter.ets:206:9
 Function may throw exceptions. Special handling is required.
[39m[39m
[33mWARN: [33m[33mArkTS:WARN File: /Volumes/Execute/Files/project/ame_new/archive_markdown_editor_hmos/app/ame/web_engine/src/main/ets/adapter/AppWindowAdapter.ets:220:9
 Function may throw exceptions. Special handling is required.
[39m[39m
[33mWARN: [33m[33mArkTS:WARN File: /Volumes/Execute/Files/project/ame_new/archive_markdown_editor_hmos/app/ame/web_engine/src/main/ets/adapter/AppWindowAdapter.ets:237:19
 Function may throw exceptions. Special handling is required.
[39m[39m
[33mWARN: [33m[33mArkTS:WARN File: /Volumes/Execute/Files/project/ame_new/archive_markdown_editor_hmos/app/ame/web_engine/src/main/ets/adapter/AppWindowAdapter.ets:237:32
 To use this API, you need to apply for the permissions: ohos.permission.WINDOW_TOPMOST
[39m[39m
[33mWARN: [33m[33mArkTS:WARN File: /Volumes/Execute/Files/project/ame_new/archive_markdown_editor_hmos/app/ame/web_engine/src/main/ets/adapter/AppWindowAdapter.ets:340:24
 Function may throw exceptions. Special handling is required.
[39m[39m
[33mWARN: [33m[33mArkTS:WARN File: /Volumes/Execute/Files/project/ame_new/archive_markdown_editor_hmos/app/ame/web_engine/src/main/ets/adapter/AppWindowAdapter.ets:400:24
 Function may throw exceptions. Special handling is required.
[39m[39m
[33mWARN: [33m[33mArkTS:WARN File: /Volumes/Execute/Files/project/ame_new/archive_markdown_editor_hmos/app/ame/web_engine/src/main/ets/adapter/AppWindowAdapter.ets:429:9
 Function may throw exceptions. Special handling is required.
[39m[39m
[33mWARN: [33m[33mArkTS:WARN File: /Volumes/Execute/Files/project/ame_new/archive_markdown_editor_hmos/app/ame/web_engine/src/main/ets/adapter/AppWindowAdapter.ets:533:7
 Function may throw exceptions. Special handling is required.
[39m[39m
[33mWARN: [33m[33mArkTS:WARN File: /Volumes/Execute/Files/project/ame_new/archive_markdown_editor_hmos/app/ame/web_engine/src/main/ets/adapter/AppWindowAdapter.ets:546:7
 Function may throw exceptions. Special handling is required.
[39m[39m
[33mWARN: [33m[33mArkTS:WARN File: /Volumes/Execute/Files/project/ame_new/archive_markdown_editor_hmos/app/ame/web_engine/src/main/ets/adapter/AppWindowAdapter.ets:555:20
 To use this API, you need to apply for the permissions: ohos.permission.PRIVACY_WINDOW
[39m[39m
[33mWARN: [33m[33mArkTS:WARN File: /Volumes/Execute/Files/project/ame_new/archive_markdown_editor_hmos/app/ame/web_engine/src/main/ets/adapter/AppWindowAdapter.ets:646:5
 Function may throw exceptions. Special handling is required.
[39m[39m
[33mWARN: [33m[33mArkTS:WARN File: /Volumes/Execute/Files/project/ame_new/archive_markdown_editor_hmos/app/ame/web_engine/src/main/ets/adapter/AppWindowAdapter.ets:652:16
 Function may throw exceptions. Special handling is required.
[39m[39m
[33mWARN: [33m[33mArkTS:WARN File: /Volumes/Execute/Files/project/ame_new/archive_markdown_editor_hmos/app/ame/web_engine/src/main/ets/adapter/AppWindowAdapter.ets:743:12
 To use this API, you need to apply for the permissions: ohos.permission.SYSTEM_FLOAT_WINDOW
[39m[39m
[33mWARN: [33m[33mArkTS:WARN File: /Volumes/Execute/Files/project/ame_new/archive_markdown_editor_hmos/app/ame/web_engine/src/main/ets/adapter/AppWindowAdapter.ets:796:20
 Function may throw exceptions. Special handling is required.
[39m[39m
[33mWARN: [33m[33mArkTS:WARN File: /Volumes/Execute/Files/project/ame_new/archive_markdown_editor_hmos/app/ame/web_engine/src/main/ets/adapter/BluetoothAdapter.ets:38:32
 To use this API, you need to apply for the permissions: ohos.permission.ACCESS_BLUETOOTH
[39m[39m
[33mWARN: [33m[33mArkTS:WARN File: /Volumes/Execute/Files/project/ame_new/archive_markdown_editor_hmos/app/ame/web_engine/src/main/ets/adapter/BluetoothAdapter.ets:49:18
 'setLocalName' has been deprecated.
[39m[39m
[33mWARN: [33m[33mArkTS:WARN File: /Volumes/Execute/Files/project/ame_new/archive_markdown_editor_hmos/app/ame/web_engine/src/main/ets/adapter/BluetoothAdapter.ets:49:18
 To use this API, you need to apply for the permissions: ohos.permission.ACCESS_BLUETOOTH
[39m[39m
[33mWARN: [33m[33mArkTS:WARN File: /Volumes/Execute/Files/project/ame_new/archive_markdown_editor_hmos/app/ame/web_engine/src/main/ets/adapter/BluetoothAdapter.ets:73:16
 To use this API, you need to apply for the permissions: ohos.permission.ACCESS_BLUETOOTH
[39m[39m
[33mWARN: [33m[33mArkTS:WARN File: /Volumes/Execute/Files/project/ame_new/archive_markdown_editor_hmos/app/ame/web_engine/src/main/ets/adapter/BluetoothAdapter.ets:84:16
 To use this API, you need to apply for the permissions: ohos.permission.ACCESS_BLUETOOTH
[39m[39m
[33mWARN: [33m[33mArkTS:WARN File: /Volumes/Execute/Files/project/ame_new/archive_markdown_editor_hmos/app/ame/web_engine/src/main/ets/adapter/BluetoothAdapter.ets:117:54
 To use this API, you need to apply for the permissions: ohos.permission.ACCESS_BLUETOOTH
[39m[39m
[33mWARN: [33m[33mArkTS:WARN File: /Volumes/Execute/Files/project/ame_new/archive_markdown_editor_hmos/app/ame/web_engine/src/main/ets/adapter/BluetoothAdapter.ets:128:18
 To use this API, you need to apply for the permissions: ohos.permission.ACCESS_BLUETOOTH
[39m[39m
[33mWARN: [33m[33mArkTS:WARN File: /Volumes/Execute/Files/project/ame_new/archive_markdown_editor_hmos/app/ame/web_engine/src/main/ets/adapter/BluetoothAdapter.ets:137:18
 To use this API, you need to apply for the permissions: ohos.permission.ACCESS_BLUETOOTH
[39m[39m
[33mWARN: [33m[33mArkTS:WARN File: /Volumes/Execute/Files/project/ame_new/archive_markdown_editor_hmos/app/ame/web_engine/src/main/ets/adapter/BluetoothAdapter.ets:146:18
 To use this API, you need to apply for the permissions: ohos.permission.ACCESS_BLUETOOTH
[39m[39m
[33mWARN: [33m[33mArkTS:WARN File: /Volumes/Execute/Files/project/ame_new/archive_markdown_editor_hmos/app/ame/web_engine/src/main/ets/adapter/BluetoothAdapter.ets:158:18
 To use this API, you need to apply for the permissions: ohos.permission.ACCESS_BLUETOOTH
[39m[39m
[33mWARN: [33m[33mArkTS:WARN File: /Volumes/Execute/Files/project/ame_new/archive_markdown_editor_hmos/app/ame/web_engine/src/main/ets/adapter/BluetoothAdapter.ets:167:18
 To use this API, you need to apply for the permissions: ohos.permission.ACCESS_BLUETOOTH
[39m[39m
[33mWARN: [33m[33mArkTS:WARN File: /Volumes/Execute/Files/project/ame_new/archive_markdown_editor_hmos/app/ame/web_engine/src/main/ets/adapter/BluetoothAdapter.ets:177:37
 To use this API, you need to apply for the permissions: ohos.permission.ACCESS_BLUETOOTH
[39m[39m
[33mWARN: [33m[33mArkTS:WARN File: /Volumes/Execute/Files/project/ame_new/archive_markdown_editor_hmos/app/ame/web_engine/src/main/ets/adapter/BluetoothAdapter.ets:188:57
 To use this API, you need to apply for the permissions: ohos.permission.ACCESS_BLUETOOTH
[39m[39m
[33mWARN: [33m[33mArkTS:WARN File: /Volumes/Execute/Files/project/ame_new/archive_markdown_editor_hmos/app/ame/web_engine/src/main/ets/adapter/BluetoothAdapter.ets:213:18
 To use this API, you need to apply for the permissions: ohos.permission.ACCESS_BLUETOOTH
[39m[39m
[33mWARN: [33m[33mArkTS:WARN File: /Volumes/Execute/Files/project/ame_new/archive_markdown_editor_hmos/app/ame/web_engine/src/main/ets/adapter/BluetoothAdapter.ets:231:28
 To use this API, you need to apply for the permissions: ohos.permission.ACCESS_BLUETOOTH
[39m[39m
[33mWARN: [33m[33mArkTS:WARN File: /Volumes/Execute/Files/project/ame_new/archive_markdown_editor_hmos/app/ame/web_engine/src/main/ets/adapter/BluetoothAdapter.ets:241:18
 To use this API, you need to apply for the permissions: ohos.permission.ACCESS_BLUETOOTH
[39m[39m
[33mWARN: [33m[33mArkTS:WARN File: /Volumes/Execute/Files/project/ame_new/archive_markdown_editor_hmos/app/ame/web_engine/src/main/ets/adapter/BluetoothAdapter.ets:261:34
 To use this API, you need to apply for the permissions: ohos.permission.ACCESS_BLUETOOTH
[39m[39m
[33mWARN: [33m[33mArkTS:WARN File: /Volumes/Execute/Files/project/ame_new/archive_markdown_editor_hmos/app/ame/web_engine/src/main/ets/adapter/BluetoothAdapter.ets:273:56
 To use this API, you need to apply for the permissions: ohos.permission.ACCESS_BLUETOOTH
[39m[39m
[33mWARN: [33m[33mArkTS:WARN File: /Volumes/Execute/Files/project/ame_new/archive_markdown_editor_hmos/app/ame/web_engine/src/main/ets/adapter/BluetoothLowEnergyAdapter.ets:68:11
 To use this API, you need to apply for the permissions: ohos.permission.ACCESS_BLUETOOTH
[39m[39m
[33mWARN: [33m[33mArkTS:WARN File: /Volumes/Execute/Files/project/ame_new/archive_markdown_editor_hmos/app/ame/web_engine/src/main/ets/adapter/BluetoothLowEnergyAdapter.ets:77:11
 To use this API, you need to apply for the permissions: ohos.permission.ACCESS_BLUETOOTH
[39m[39m
[33mWARN: [33m[33mArkTS:WARN File: /Volumes/Execute/Files/project/ame_new/archive_markdown_editor_hmos/app/ame/web_engine/src/main/ets/adapter/BluetoothLowEnergyAdapter.ets:93:11
 To use this API, you need to apply for the permissions: ohos.permission.ACCESS_BLUETOOTH
[39m[39m
[33mWARN: [33m[33mArkTS:WARN File: /Volumes/Execute/Files/project/ame_new/archive_markdown_editor_hmos/app/ame/web_engine/src/main/ets/adapter/BluetoothLowEnergyAdapter.ets:103:11
 To use this API, you need to apply for the permissions: ohos.permission.ACCESS_BLUETOOTH
[39m[39m
[33mWARN: [33m[33mArkTS:WARN File: /Volumes/Execute/Files/project/ame_new/archive_markdown_editor_hmos/app/ame/web_engine/src/main/ets/adapter/BluetoothLowEnergyAdapter.ets:111:9
 Function may throw exceptions. Special handling is required.
[39m[39m
[33mWARN: [33m[33mArkTS:WARN File: /Volumes/Execute/Files/project/ame_new/archive_markdown_editor_hmos/app/ame/web_engine/src/main/ets/adapter/BluetoothLowEnergyAdapter.ets:117:14
 To use this API, you need to apply for the permissions: ohos.permission.ACCESS_BLUETOOTH
[39m[39m
[33mWARN: [33m[33mArkTS:WARN File: /Volumes/Execute/Files/project/ame_new/archive_markdown_editor_hmos/app/ame/web_engine/src/main/ets/adapter/BluetoothLowEnergyAdapter.ets:126:14
 To use this API, you need to apply for the permissions: ohos.permission.ACCESS_BLUETOOTH
[39m[39m
[33mWARN: [33m[33mArkTS:WARN File: /Volumes/Execute/Files/project/ame_new/archive_markdown_editor_hmos/app/ame/web_engine/src/main/ets/adapter/BluetoothLowEnergyAdapter.ets:134:10
 Function may throw exceptions. Special handling is required.
[39m[39m
[33mWARN: [33m[33mArkTS:WARN File: /Volumes/Execute/Files/project/ame_new/archive_markdown_editor_hmos/app/ame/web_engine/src/main/ets/adapter/BluetoothLowEnergyAdapter.ets:138:40
 Function may throw exceptions. Special handling is required.
[39m[39m
[33mWARN: [33m[33mArkTS:WARN File: /Volumes/Execute/Files/project/ame_new/archive_markdown_editor_hmos/app/ame/web_engine/src/main/ets/adapter/BluetoothLowEnergyAdapter.ets:140:14
 To use this API, you need to apply for the permissions: ohos.permission.ACCESS_BLUETOOTH
[39m[39m
[33mWARN: [33m[33mArkTS:WARN File: /Volumes/Execute/Files/project/ame_new/archive_markdown_editor_hmos/app/ame/web_engine/src/main/ets/adapter/BluetoothLowEnergyAdapter.ets:141:14
 To use this API, you need to apply for the permissions: ohos.permission.ACCESS_BLUETOOTH
[39m[39m
[33mWARN: [33m[33mArkTS:WARN File: /Volumes/Execute/Files/project/ame_new/archive_markdown_editor_hmos/app/ame/web_engine/src/main/ets/adapter/BluetoothLowEnergyAdapter.ets:151:11
 To use this API, you need to apply for the permissions: ohos.permission.ACCESS_BLUETOOTH
[39m[39m
[33mWARN: [33m[33mArkTS:WARN File: /Volumes/Execute/Files/project/ame_new/archive_markdown_editor_hmos/app/ame/web_engine/src/main/ets/adapter/BluetoothLowEnergyAdapter.ets:160:11
 To use this API, you need to apply for the permissions: ohos.permission.ACCESS_BLUETOOTH
[39m[39m
[33mWARN: [33m[33mArkTS:WARN File: /Volumes/Execute/Files/project/ame_new/archive_markdown_editor_hmos/app/ame/web_engine/src/main/ets/adapter/BluetoothLowEnergyAdapter.ets:214:11
 To use this API, you need to apply for the permissions: ohos.permission.ACCESS_BLUETOOTH
[39m[39m
[33mWARN: [33m[33mArkTS:WARN File: /Volumes/Execute/Files/project/ame_new/archive_markdown_editor_hmos/app/ame/web_engine/src/main/ets/adapter/BluetoothLowEnergyAdapter.ets:226:11
 To use this API, you need to apply for the permissions: ohos.permission.ACCESS_BLUETOOTH
[39m[39m
[33mWARN: [33m[33mArkTS:WARN File: /Volumes/Execute/Files/project/ame_new/archive_markdown_editor_hmos/app/ame/web_engine/src/main/ets/adapter/BluetoothLowEnergyAdapter.ets:242:5
 Function may throw exceptions. Special handling is required.
[39m[39m
[33mWARN: [33m[33mArkTS:WARN File: /Volumes/Execute/Files/project/ame_new/archive_markdown_editor_hmos/app/ame/web_engine/src/main/ets/adapter/BluetoothLowEnergyAdapter.ets:247:5
 Function may throw exceptions. Special handling is required.
[39m[39m
[33mWARN: [33m[33mArkTS:WARN File: /Volumes/Execute/Files/project/ame_new/archive_markdown_editor_hmos/app/ame/web_engine/src/main/ets/adapter/BluetoothLowEnergyAdapter.ets:253:9
 Function may throw exceptions. Special handling is required.
[39m[39m
[33mWARN: [33m[33mArkTS:WARN File: /Volumes/Execute/Files/project/ame_new/archive_markdown_editor_hmos/app/ame/web_engine/src/main/ets/adapter/BluetoothLowEnergyAdapter.ets:254:20
 Function may throw exceptions. Special handling is required.
[39m[39m
[33mWARN: [33m[33mArkTS:WARN File: /Volumes/Execute/Files/project/ame_new/archive_markdown_editor_hmos/app/ame/web_engine/src/main/ets/adapter/BluetoothLowEnergyAdapter.ets:259:12
 Function may throw exceptions. Special handling is required.
[39m[39m
[33mWARN: [33m[33mArkTS:WARN File: /Volumes/Execute/Files/project/ame_new/archive_markdown_editor_hmos/app/ame/web_engine/src/main/ets/adapter/BluetoothLowEnergyAdapter.ets:264:5
 Function may throw exceptions. Special handling is required.
[39m[39m
[33mWARN: [33m[33mArkTS:WARN File: /Volumes/Execute/Files/project/ame_new/archive_markdown_editor_hmos/app/ame/web_engine/src/main/ets/adapter/BluetoothLowEnergyAdapter.ets:264:12
 To use this API, you need to apply for the permissions: ohos.permission.ACCESS_BLUETOOTH
[39m[39m
[33mWARN: [33m[33mArkTS:WARN File: /Volumes/Execute/Files/project/ame_new/archive_markdown_editor_hmos/app/ame/web_engine/src/main/ets/adapter/BluetoothLowEnergyAdapter.ets:283:26
 Function may throw exceptions. Special handling is required.
[39m[39m
[33mWARN: [33m[33mArkTS:WARN File: /Volumes/Execute/Files/project/ame_new/archive_markdown_editor_hmos/app/ame/web_engine/src/main/ets/adapter/BluetoothLowEnergyAdapter.ets:290:57
 To use this API, you need to apply for the permissions: ohos.permission.ACCESS_BLUETOOTH
[39m[39m
[33mWARN: [33m[33mArkTS:WARN File: /Volumes/Execute/Files/project/ame_new/archive_markdown_editor_hmos/app/ame/web_engine/src/main/ets/adapter/BluetoothLowEnergyAdapter.ets:301:26
 Function may throw exceptions. Special handling is required.
[39m[39m
[33mWARN: [33m[33mArkTS:WARN File: /Volumes/Execute/Files/project/ame_new/archive_markdown_editor_hmos/app/ame/web_engine/src/main/ets/adapter/BluetoothLowEnergyAdapter.ets:309:57
 To use this API, you need to apply for the permissions: ohos.permission.ACCESS_BLUETOOTH
[39m[39m
[33mWARN: [33m[33mArkTS:WARN File: /Volumes/Execute/Files/project/ame_new/archive_markdown_editor_hmos/app/ame/web_engine/src/main/ets/adapter/BluetoothLowEnergyAdapter.ets:320:26
 Function may throw exceptions. Special handling is required.
[39m[39m
[33mWARN: [33m[33mArkTS:WARN File: /Volumes/Execute/Files/project/ame_new/archive_markdown_editor_hmos/app/ame/web_engine/src/main/ets/adapter/BluetoothLowEnergyAdapter.ets:329:59
 To use this API, you need to apply for the permissions: ohos.permission.ACCESS_BLUETOOTH
[39m[39m
[33mWARN: [33m[33mArkTS:WARN File: /Volumes/Execute/Files/project/ame_new/archive_markdown_editor_hmos/app/ame/web_engine/src/main/ets/adapter/BluetoothLowEnergyAdapter.ets:331:59
 To use this API, you need to apply for the permissions: ohos.permission.ACCESS_BLUETOOTH
[39m[39m
[33mWARN: [33m[33mArkTS:WARN File: /Volumes/Execute/Files/project/ame_new/archive_markdown_editor_hmos/app/ame/web_engine/src/main/ets/adapter/BluetoothLowEnergyAdapter.ets:343:22
 Function may throw exceptions. Special handling is required.
[39m[39m
[33mWARN: [33m[33mArkTS:WARN File: /Volumes/Execute/Files/project/ame_new/archive_markdown_editor_hmos/app/ame/web_engine/src/main/ets/adapter/BluetoothLowEnergyAdapter.ets:350:57
 To use this API, you need to apply for the permissions: ohos.permission.ACCESS_BLUETOOTH
[39m[39m
[33mWARN: [33m[33mArkTS:WARN File: /Volumes/Execute/Files/project/ame_new/archive_markdown_editor_hmos/app/ame/web_engine/src/main/ets/adapter/BluetoothLowEnergyAdapter.ets:361:26
 Function may throw exceptions. Special handling is required.
[39m[39m
[33mWARN: [33m[33mArkTS:WARN File: /Volumes/Execute/Files/project/ame_new/archive_markdown_editor_hmos/app/ame/web_engine/src/main/ets/adapter/BluetoothLowEnergyAdapter.ets:367:18
 Function may throw exceptions. Special handling is required.
[39m[39m
[33mWARN: [33m[33mArkTS:WARN File: /Volumes/Execute/Files/project/ame_new/archive_markdown_editor_hmos/app/ame/web_engine/src/main/ets/adapter/BluetoothLowEnergyAdapter.ets:373:5
 Function may throw exceptions. Special handling is required.
[39m[39m
[33mWARN: [33m[33mArkTS:WARN File: /Volumes/Execute/Files/project/ame_new/archive_markdown_editor_hmos/app/ame/web_engine/src/main/ets/adapter/BluetoothLowEnergyAdapter.ets:373:12
 To use this API, you need to apply for the permissions: ohos.permission.ACCESS_BLUETOOTH
[39m[39m
[33mWARN: [33m[33mArkTS:WARN File: /Volumes/Execute/Files/project/ame_new/archive_markdown_editor_hmos/app/ame/web_engine/src/main/ets/adapter/BluetoothLowEnergyAdapter.ets:374:5
 Function may throw exceptions. Special handling is required.
[39m[39m
[33mWARN: [33m[33mArkTS:WARN File: /Volumes/Execute/Files/project/ame_new/archive_markdown_editor_hmos/app/ame/web_engine/src/main/ets/adapter/BluetoothLowEnergyAdapter.ets:375:5
 Function may throw exceptions. Special handling is required.
[39m[39m
[33mWARN: [33m[33mArkTS:WARN File: /Volumes/Execute/Files/project/ame_new/archive_markdown_editor_hmos/app/ame/web_engine/src/main/ets/adapter/BluetoothLowEnergyAdapter.ets:375:12
 To use this API, you need to apply for the permissions: ohos.permission.ACCESS_BLUETOOTH
[39m[39m
[33mWARN: [33m[33mArkTS:WARN File: /Volumes/Execute/Files/project/ame_new/archive_markdown_editor_hmos/app/ame/web_engine/src/main/ets/adapter/BluetoothLowEnergyAdapter.ets:388:18
 Function may throw exceptions. Special handling is required.
[39m[39m
[33mWARN: [33m[33mArkTS:WARN File: /Volumes/Execute/Files/project/ame_new/archive_markdown_editor_hmos/app/ame/web_engine/src/main/ets/adapter/BluetoothLowEnergyAdapter.ets:394:5
 Function may throw exceptions. Special handling is required.
[39m[39m
[33mWARN: [33m[33mArkTS:WARN File: /Volumes/Execute/Files/project/ame_new/archive_markdown_editor_hmos/app/ame/web_engine/src/main/ets/adapter/BluetoothLowEnergyAdapter.ets:397:16
 To use this API, you need to apply for the permissions: ohos.permission.ACCESS_BLUETOOTH
[39m[39m
[33mWARN: [33m[33mArkTS:WARN File: /Volumes/Execute/Files/project/ame_new/archive_markdown_editor_hmos/app/ame/web_engine/src/main/ets/adapter/BluetoothLowEnergyAdapter.ets:410:22
 Function may throw exceptions. Special handling is required.
[39m[39m
[33mWARN: [33m[33mArkTS:WARN File: /Volumes/Execute/Files/project/ame_new/archive_markdown_editor_hmos/app/ame/web_engine/src/main/ets/adapter/BluetoothLowEnergyAdapter.ets:417:57
 To use this API, you need to apply for the permissions: ohos.permission.ACCESS_BLUETOOTH
[39m[39m
[33mWARN: [33m[33mArkTS:WARN File: /Volumes/Execute/Files/project/ame_new/archive_markdown_editor_hmos/app/ame/web_engine/src/main/ets/adapter/BluetoothLowEnergyAdapter.ets:443:19
 Function may throw exceptions. Special handling is required.
[39m[39m
[33mWARN: [33m[33mArkTS:WARN File: /Volumes/Execute/Files/project/ame_new/archive_markdown_editor_hmos/app/ame/web_engine/src/main/ets/adapter/BluetoothLowEnergyAdapter.ets:483:26
 Function may throw exceptions. Special handling is required.
[39m[39m
[33mWARN: [33m[33mArkTS:WARN File: /Volumes/Execute/Files/project/ame_new/archive_markdown_editor_hmos/app/ame/web_engine/src/main/ets/adapter/BrowserPolicyAdapter.ets:22:40
 'decodeWithStream' has been deprecated.
[39m[39m
[33mWARN: [33m[33mArkTS:WARN File: /Volumes/Execute/Files/project/ame_new/archive_markdown_editor_hmos/app/ame/web_engine/src/main/ets/adapter/CertManagerAdapter.ets:45:15
 Function may throw exceptions. Special handling is required.
[39m[39m
[33mWARN: [33m[33mArkTS:WARN File: /Volumes/Execute/Files/project/ame_new/archive_markdown_editor_hmos/app/ame/web_engine/src/main/ets/adapter/CertManagerAdapter.ets:49:20
 Function may throw exceptions. Special handling is required.
[39m[39m
[33mWARN: [33m[33mArkTS:WARN File: /Volumes/Execute/Files/project/ame_new/archive_markdown_editor_hmos/app/ame/web_engine/src/main/ets/adapter/CertManagerAdapter.ets:50:16
 Function may throw exceptions. Special handling is required.
[39m[39m
[33mWARN: [33m[33mArkTS:WARN File: /Volumes/Execute/Files/project/ame_new/archive_markdown_editor_hmos/app/ame/web_engine/src/main/ets/adapter/CertManagerAdapter.ets:52:5
 Function may throw exceptions. Special handling is required.
[39m[39m
[33mWARN: [33m[33mArkTS:WARN File: /Volumes/Execute/Files/project/ame_new/archive_markdown_editor_hmos/app/ame/web_engine/src/main/ets/adapter/CertManagerAdapter.ets:53:5
 Function may throw exceptions. Special handling is required.
[39m[39m
[33mWARN: [33m[33mArkTS:WARN File: /Volumes/Execute/Files/project/ame_new/archive_markdown_editor_hmos/app/ame/web_engine/src/main/ets/adapter/CertManagerAdapter.ets:64:17
 To use this API, you need to apply for the permissions: ohos.permission.ACCESS_CERT_MANAGER
[39m[39m
[33mWARN: [33m[33mArkTS:WARN File: /Volumes/Execute/Files/project/ame_new/archive_markdown_editor_hmos/app/ame/web_engine/src/main/ets/adapter/CertManagerAdapter.ets:81:26
 To use this API, you need to apply for the permissions: ohos.permission.ACCESS_CERT_MANAGER
[39m[39m
[33mWARN: [33m[33mArkTS:WARN File: /Volumes/Execute/Files/project/ame_new/archive_markdown_editor_hmos/app/ame/web_engine/src/main/ets/adapter/CertManagerAdapter.ets:90:44
 To use this API, you need to apply for the permissions: ohos.permission.ACCESS_CERT_MANAGER
[39m[39m
[33mWARN: [33m[33mArkTS:WARN File: /Volumes/Execute/Files/project/ame_new/archive_markdown_editor_hmos/app/ame/web_engine/src/main/ets/adapter/CertManagerAdapter.ets:112:17
 To use this API, you need to apply for the permissions: ohos.permission.ACCESS_CERT_MANAGER
[39m[39m
[33mWARN: [33m[33mArkTS:WARN File: /Volumes/Execute/Files/project/ame_new/archive_markdown_editor_hmos/app/ame/web_engine/src/main/ets/adapter/CertManagerAdapter.ets:129:17
 To use this API, you need to apply for the permissions: ohos.permission.ACCESS_CERT_MANAGER
[39m[39m
[33mWARN: [33m[33mArkTS:WARN File: /Volumes/Execute/Files/project/ame_new/archive_markdown_editor_hmos/app/ame/web_engine/src/main/ets/adapter/CertManagerAdapter.ets:136:19
 To use this API, you need to apply for the permissions: ohos.permission.ACCESS_CERT_MANAGER
[39m[39m
[33mWARN: [33m[33mArkTS:WARN File: /Volumes/Execute/Files/project/ame_new/archive_markdown_editor_hmos/app/ame/web_engine/src/main/ets/adapter/CertManagerAdapter.ets:142:21
 To use this API, you need to apply for the permissions: ohos.permission.ACCESS_CERT_MANAGER
[39m[39m
[33mWARN: [33m[33mArkTS:WARN File: /Volumes/Execute/Files/project/ame_new/archive_markdown_editor_hmos/app/ame/web_engine/src/main/ets/adapter/CertManagerAdapter.ets:154:33
 Function may throw exceptions. Special handling is required.
[39m[39m
[33mWARN: [33m[33mArkTS:WARN File: /Volumes/Execute/Files/project/ame_new/archive_markdown_editor_hmos/app/ame/web_engine/src/main/ets/adapter/CertManagerAdapter.ets:176:15
 Function may throw exceptions. Special handling is required.
[39m[39m
[33mWARN: [33m[33mArkTS:WARN File: /Volumes/Execute/Files/project/ame_new/archive_markdown_editor_hmos/app/ame/web_engine/src/main/ets/adapter/CertManagerAdapter.ets:181:21
 Function may throw exceptions. Special handling is required.
[39m[39m
[33mWARN: [33m[33mArkTS:WARN File: /Volumes/Execute/Files/project/ame_new/archive_markdown_editor_hmos/app/ame/web_engine/src/main/ets/adapter/CertManagerAdapter.ets:201:32
 To use this API, you need to apply for the permissions: ohos.permission.ACCESS_CERT_MANAGER
[39m[39m
[33mWARN: [33m[33mArkTS:WARN File: /Volumes/Execute/Files/project/ame_new/archive_markdown_editor_hmos/app/ame/web_engine/src/main/ets/adapter/CursorAdapter.ets:44:22
 Function may throw exceptions. Special handling is required.
[39m[39m
[33mWARN: [33m[33mArkTS:WARN File: /Volumes/Execute/Files/project/ame_new/archive_markdown_editor_hmos/app/ame/web_engine/src/main/ets/adapter/DeviceAdapter.ets:115:12
 Function may throw exceptions. Special handling is required.
[39m[39m
[33mWARN: [33m[33mArkTS:WARN File: /Volumes/Execute/Files/project/ame_new/archive_markdown_editor_hmos/app/ame/web_engine/src/main/ets/adapter/DeviceUserAuthAdapter.ets:43:16
 To use this API, you need to apply for the permissions: ohos.permission.ACCESS_BIOMETRIC
[39m[39m
[33mWARN: [33m[33mArkTS:WARN File: /Volumes/Execute/Files/project/ame_new/archive_markdown_editor_hmos/app/ame/web_engine/src/main/ets/adapter/DeviceUserAuthAdapter.ets:56:16
 To use this API, you need to apply for the permissions: ohos.permission.ACCESS_BIOMETRIC
[39m[39m
[33mWARN: [33m[33mArkTS:WARN File: /Volumes/Execute/Files/project/ame_new/archive_markdown_editor_hmos/app/ame/web_engine/src/main/ets/adapter/DeviceUserAuthAdapter.ets:96:11
 Function may throw exceptions. Special handling is required.
[39m[39m
[33mWARN: [33m[33mArkTS:WARN File: /Volumes/Execute/Files/project/ame_new/archive_markdown_editor_hmos/app/ame/web_engine/src/main/ets/adapter/DeviceUserAuthAdapter.ets:107:24
 To use this API, you need to apply for the permissions: ohos.permission.ACCESS_BIOMETRIC or ohos.permission.USER_AUTH_FROM_BACKGROUND
[39m[39m
[33mWARN: [33m[33mArkTS:WARN File: /Volumes/Execute/Files/project/ame_new/archive_markdown_editor_hmos/app/ame/web_engine/src/main/ets/adapter/ElectronAppAdapter.ets:66:24
 'getSystemLocale' has been deprecated.
[39m[39m
[33mWARN: [33m[33mArkTS:WARN File: /Volumes/Execute/Files/project/ame_new/archive_markdown_editor_hmos/app/ame/web_engine/src/main/ets/adapter/ElectronAppAdapter.ets:113:5
 Function may throw exceptions. Special handling is required.
[39m[39m
[33mWARN: [33m[33mArkTS:WARN File: /Volumes/Execute/Files/project/ame_new/archive_markdown_editor_hmos/app/ame/web_engine/src/main/ets/adapter/ElectronAppAdapter.ets:126:5
 Function may throw exceptions. Special handling is required.
[39m[39m
[33mWARN: [33m[33mArkTS:WARN File: /Volumes/Execute/Files/project/ame_new/archive_markdown_editor_hmos/app/ame/web_engine/src/main/ets/adapter/FileManagerAdapter.ets:128:26
 To use this API, you need to apply for the permissions: ohos.permission.GET_FILE_ICON
[39m[39m
[33mWARN: [33m[33mArkTS:WARN File: /Volumes/Execute/Files/project/ame_new/archive_markdown_editor_hmos/app/ame/web_engine/src/main/ets/adapter/FilePickerAdapter.ets:50:30
 Function may throw exceptions. Special handling is required.
[39m[39m
[33mWARN: [33m[33mArkTS:WARN File: /Volumes/Execute/Files/project/ame_new/archive_markdown_editor_hmos/app/ame/web_engine/src/main/ets/adapter/FilePickerAdapter.ets:73:27
 The system capacity of this api 'selectMode' is not supported on all devices
[39m[39m
[33mWARN: [33m[33mArkTS:WARN File: /Volumes/Execute/Files/project/ame_new/archive_markdown_editor_hmos/app/ame/web_engine/src/main/ets/adapter/FilePickerAdapter.ets:73:47
 The system capacity of this api 'DocumentSelectMode' is not supported on all devices
[39m[39m
[33mWARN: [33m[33mArkTS:WARN File: /Volumes/Execute/Files/project/ame_new/archive_markdown_editor_hmos/app/ame/web_engine/src/main/ets/adapter/FilePickerAdapter.ets:73:66
 The system capacity of this api 'FOLDER' is not supported on all devices
[39m[39m
[33mWARN: [33m[33mArkTS:WARN File: /Volumes/Execute/Files/project/ame_new/archive_markdown_editor_hmos/app/ame/web_engine/src/main/ets/adapter/FilePickerAdapter.ets:99:30
 Function may throw exceptions. Special handling is required.
[39m[39m
[33mWARN: [33m[33mArkTS:WARN File: /Volumes/Execute/Files/project/ame_new/archive_markdown_editor_hmos/app/ame/web_engine/src/main/ets/adapter/FilePickerAdapter.ets:121:21
 Function may throw exceptions. Special handling is required.
[39m[39m
[33mWARN: [33m[33mArkTS:WARN File: /Volumes/Execute/Files/project/ame_new/archive_markdown_editor_hmos/app/ame/web_engine/src/main/ets/adapter/FilePickerAdapter.ets:178:30
 Function may throw exceptions. Special handling is required.
[39m[39m
[33mWARN: [33m[33mArkTS:WARN File: /Volumes/Execute/Files/project/ame_new/archive_markdown_editor_hmos/app/ame/web_engine/src/main/ets/adapter/FontAdapter.ets:18:42
 'getFontByName' has been deprecated.
[39m[39m
[33mWARN: [33m[33mArkTS:WARN File: /Volumes/Execute/Files/project/ame_new/archive_markdown_editor_hmos/app/ame/web_engine/src/main/ets/adapter/FontAdapter.ets:22:26
 'getSystemFontList' has been deprecated.
[39m[39m
[33mWARN: [33m[33mArkTS:WARN File: /Volumes/Execute/Files/project/ame_new/archive_markdown_editor_hmos/app/ame/web_engine/src/main/ets/adapter/FontAdapter.ets:45:26
 'getFontByName' has been deprecated.
[39m[39m
[33mWARN: [33m[33mArkTS:WARN File: /Volumes/Execute/Files/project/ame_new/archive_markdown_editor_hmos/app/ame/web_engine/src/main/ets/adapter/I18nAdapter.ets:25:22
 'Locale' has been deprecated.
[39m[39m
[33mWARN: [33m[33mArkTS:WARN File: /Volumes/Execute/Files/project/ame_new/archive_markdown_editor_hmos/app/ame/web_engine/src/main/ets/adapter/I18nAdapter.ets:25:32
 'language' has been deprecated.
[39m[39m
[33mWARN: [33m[33mArkTS:WARN File: /Volumes/Execute/Files/project/ame_new/archive_markdown_editor_hmos/app/ame/web_engine/src/main/ets/adapter/I18nAdapter.ets:30:22
 'Locale' has been deprecated.
[39m[39m
[33mWARN: [33m[33mArkTS:WARN File: /Volumes/Execute/Files/project/ame_new/archive_markdown_editor_hmos/app/ame/web_engine/src/main/ets/adapter/I18nAdapter.ets:30:32
 'region' has been deprecated.
[39m[39m
[33mWARN: [33m[33mArkTS:WARN File: /Volumes/Execute/Files/project/ame_new/archive_markdown_editor_hmos/app/ame/web_engine/src/main/ets/adapter/IMFAdapter.ets:143:5
 Function may throw exceptions. Special handling is required.
[39m[39m
[33mWARN: [33m[33mArkTS:WARN File: /Volumes/Execute/Files/project/ame_new/archive_markdown_editor_hmos/app/ame/web_engine/src/main/ets/adapter/IMFAdapter.ets:147:5
 Function may throw exceptions. Special handling is required.
[39m[39m
[33mWARN: [33m[33mArkTS:WARN File: /Volumes/Execute/Files/project/ame_new/archive_markdown_editor_hmos/app/ame/web_engine/src/main/ets/adapter/IMFAdapter.ets:150:5
 Function may throw exceptions. Special handling is required.
[39m[39m
[33mWARN: [33m[33mArkTS:WARN File: /Volumes/Execute/Files/project/ame_new/archive_markdown_editor_hmos/app/ame/web_engine/src/main/ets/adapter/IMFAdapter.ets:153:5
 Function may throw exceptions. Special handling is required.
[39m[39m
[33mWARN: [33m[33mArkTS:WARN File: /Volumes/Execute/Files/project/ame_new/archive_markdown_editor_hmos/app/ame/web_engine/src/main/ets/adapter/IMFAdapter.ets:156:5
 Function may throw exceptions. Special handling is required.
[39m[39m
[33mWARN: [33m[33mArkTS:WARN File: /Volumes/Execute/Files/project/ame_new/archive_markdown_editor_hmos/app/ame/web_engine/src/main/ets/adapter/MediaAdapter.ets:56:19
 'getContext' has been deprecated.
[39m[39m
[33mWARN: [33m[33mArkTS:WARN File: /Volumes/Execute/Files/project/ame_new/archive_markdown_editor_hmos/app/ame/web_engine/src/main/ets/adapter/MediaAdapter.ets:57:25
 Function may throw exceptions. Special handling is required.
[39m[39m
[33mWARN: [33m[33mArkTS:WARN File: /Volumes/Execute/Files/project/ame_new/archive_markdown_editor_hmos/app/ame/web_engine/src/main/ets/adapter/NativeMessagingAdapter.ets:68:74
 The 'extensionPid' API is supported since SDK version 21. However, the current compatible SDK version is 5.0.5(17).
[39m[39m
[33mWARN: [33m[33mArkTS:WARN File: /Volumes/Execute/Files/project/ame_new/archive_markdown_editor_hmos/app/ame/web_engine/src/main/ets/adapter/NativeMessagingAdapter.ets:104:57
 To use this API, you need to apply for the permissions: ohos.permission.WEB_NATIVE_MESSAGING
[39m[39m
[33mWARN: [33m[33mArkTS:WARN File: /Volumes/Execute/Files/project/ame_new/archive_markdown_editor_hmos/app/ame/web_engine/src/main/ets/adapter/NativeMessagingAdapter.ets:117:42
 To use this API, you need to apply for the permissions: ohos.permission.WEB_NATIVE_MESSAGING
[39m[39m
[33mWARN: [33m[33mArkTS:WARN File: /Volumes/Execute/Files/project/ame_new/archive_markdown_editor_hmos/app/ame/web_engine/src/main/ets/adapter/NativeMessagingAdapter.ets:126:5
 The 'dataShare' API is supported since SDK version 20. However, the current compatible SDK version is 5.0.5(17).
[39m[39m
[33mWARN: [33m[33mArkTS:WARN File: /Volumes/Execute/Files/project/ame_new/archive_markdown_editor_hmos/app/ame/web_engine/src/main/ets/adapter/NativeMessagingAdapter.ets:126:15
 The 'createDataProxyHandle' API is supported since SDK version 20. However, the current compatible SDK version is 5.0.5(17).
[39m[39m
[33mWARN: [33m[33mArkTS:WARN File: /Volumes/Execute/Files/project/ame_new/archive_markdown_editor_hmos/app/ame/web_engine/src/main/ets/adapter/NativeMessagingAdapter.ets:130:15
 The 'dataShare' API is supported since SDK version 20. However, the current compatible SDK version is 5.0.5(17).
[39m[39m
[33mWARN: [33m[33mArkTS:WARN File: /Volumes/Execute/Files/project/ame_new/archive_markdown_editor_hmos/app/ame/web_engine/src/main/ets/adapter/NativeMessagingAdapter.ets:130:25
 The 'DataProxyType' API is supported since SDK version 20. However, the current compatible SDK version is 5.0.5(17).
[39m[39m
[33mWARN: [33m[33mArkTS:WARN File: /Volumes/Execute/Files/project/ame_new/archive_markdown_editor_hmos/app/ame/web_engine/src/main/ets/adapter/NativeMessagingAdapter.ets:130:39
 The 'SHARED_CONFIG' API is supported since SDK version 20. However, the current compatible SDK version is 5.0.5(17).
[39m[39m
[33mWARN: [33m[33mArkTS:WARN File: /Volumes/Execute/Files/project/ame_new/archive_markdown_editor_hmos/app/ame/web_engine/src/main/ets/adapter/NativeMessagingAdapter.ets:132:21
 The 'get' API is supported since SDK version 20. However, the current compatible SDK version is 5.0.5(17).
[39m[39m
[33mWARN: [33m[33mArkTS:WARN File: /Volumes/Execute/Files/project/ame_new/archive_markdown_editor_hmos/app/ame/web_engine/src/main/ets/adapter/NativeMessagingAdapter.ets:134:33
 The 'value' API is supported since SDK version 20. However, the current compatible SDK version is 5.0.5(17).
[39m[39m
[33mWARN: [33m[33mArkTS:WARN File: /Volumes/Execute/Files/project/ame_new/archive_markdown_editor_hmos/app/ame/web_engine/src/main/ets/adapter/NativeMessagingAdapter.ets:137:28
 The 'value' API is supported since SDK version 20. However, the current compatible SDK version is 5.0.5(17).
[39m[39m
[33mWARN: [33m[33mArkTS:WARN File: /Volumes/Execute/Files/project/ame_new/archive_markdown_editor_hmos/app/ame/web_engine/src/main/ets/adapter/NotificationAdapter.ets:76:5
 Function may throw exceptions. Special handling is required.
[39m[39m
[33mWARN: [33m[33mArkTS:WARN File: /Volumes/Execute/Files/project/ame_new/archive_markdown_editor_hmos/app/ame/web_engine/src/main/ets/adapter/NotificationAdapter.ets:260:43
 Function may throw exceptions. Special handling is required.
[39m[39m
[33mWARN: [33m[33mArkTS:WARN File: /Volumes/Execute/Files/project/ame_new/archive_markdown_editor_hmos/app/ame/web_engine/src/main/ets/common/BaseWindowAdapter.ets:30:27
 Function may throw exceptions. Special handling is required.
[39m[39m
[33mWARN: [33m[33mArkTS:WARN File: /Volumes/Execute/Files/project/ame_new/archive_markdown_editor_hmos/app/ame/web_engine/src/main/ets/adapter/PopupWindowAdapter.ets:68:5
 Function may throw exceptions. Special handling is required.
[39m[39m
[33mWARN: [33m[33mArkTS:WARN File: /Volumes/Execute/Files/project/ame_new/archive_markdown_editor_hmos/app/ame/web_engine/src/main/ets/adapter/PopupWindowAdapter.ets:136:19
 Function may throw exceptions. Special handling is required.
[39m[39m
[33mWARN: [33m[33mArkTS:WARN File: /Volumes/Execute/Files/project/ame_new/archive_markdown_editor_hmos/app/ame/web_engine/src/main/ets/adapter/PopupWindowAdapter.ets:147:19
 Function may throw exceptions. Special handling is required.
[39m[39m
[33mWARN: [33m[33mArkTS:WARN File: /Volumes/Execute/Files/project/ame_new/archive_markdown_editor_hmos/app/ame/web_engine/src/main/ets/adapter/PopupWindowAdapter.ets:190:28
 Function may throw exceptions. Special handling is required.
[39m[39m
[33mWARN: [33m[33mArkTS:WARN File: /Volumes/Execute/Files/project/ame_new/archive_markdown_editor_hmos/app/ame/web_engine/src/main/ets/adapter/PrintAdapter.ets:53:13
 To use this API, you need to apply for the permissions: ohos.permission.PRINT
[39m[39m
[33mWARN: [33m[33mArkTS:WARN File: /Volumes/Execute/Files/project/ame_new/archive_markdown_editor_hmos/app/ame/web_engine/src/main/ets/adapter/PrintAdapter.ets:55:21
 To use this API, you need to apply for the permissions: ohos.permission.PRINT
[39m[39m
[33mWARN: [33m[33mArkTS:WARN File: /Volumes/Execute/Files/project/ame_new/archive_markdown_editor_hmos/app/ame/web_engine/src/main/ets/adapter/PrintAdapter.ets:58:21
 To use this API, you need to apply for the permissions: ohos.permission.PRINT
[39m[39m
[33mWARN: [33m[33mArkTS:WARN File: /Volumes/Execute/Files/project/ame_new/archive_markdown_editor_hmos/app/ame/web_engine/src/main/ets/adapter/PrintAdapter.ets:78:9
 Function may throw exceptions. Special handling is required.
[39m[39m
[33mWARN: [33m[33mArkTS:WARN File: /Volumes/Execute/Files/project/ame_new/archive_markdown_editor_hmos/app/ame/web_engine/src/main/ets/adapter/PrintAdapter.ets:90:11
 To use this API, you need to apply for the permissions: ohos.permission.PRINT
[39m[39m
[33mWARN: [33m[33mArkTS:WARN File: /Volumes/Execute/Files/project/ame_new/archive_markdown_editor_hmos/app/ame/web_engine/src/main/ets/adapter/PrintAdapter.ets:101:20
 'showDialog' has been deprecated.
[39m[39m
[33mWARN: [33m[33mArkTS:WARN File: /Volumes/Execute/Files/project/ame_new/archive_markdown_editor_hmos/app/ame/web_engine/src/main/ets/adapter/RunningLockAdapter.ets:67:19
 To use this API, you need to apply for the permissions: ohos.permission.RUNNING_LOCK
[39m[39m
[33mWARN: [33m[33mArkTS:WARN File: /Volumes/Execute/Files/project/ame_new/archive_markdown_editor_hmos/app/ame/web_engine/src/main/ets/adapter/RunningLockAdapter.ets:67:75
 'BACKGROUND' has been deprecated.
[39m[39m
[33mWARN: [33m[33mArkTS:WARN File: /Volumes/Execute/Files/project/ame_new/archive_markdown_editor_hmos/app/ame/web_engine/src/main/ets/adapter/RunningLockAdapter.ets:72:29
 To use this API, you need to apply for the permissions: ohos.permission.RUNNING_LOCK
[39m[39m
[33mWARN: [33m[33mArkTS:WARN File: /Volumes/Execute/Files/project/ame_new/archive_markdown_editor_hmos/app/ame/web_engine/src/main/ets/adapter/RunningLockAdapter.ets:90:27
 To use this API, you need to apply for the permissions: ohos.permission.RUNNING_LOCK
[39m[39m
[33mWARN: [33m[33mArkTS:WARN File: /Volumes/Execute/Files/project/ame_new/archive_markdown_editor_hmos/app/ame/web_engine/src/main/ets/adapter/ScreenshotAdapter.ets:21:16
 To use this API, you need to apply for the permissions: ohos.permission.CUSTOM_SCREEN_CAPTURE or ohos.permission.CUSTOM_SCREEN_RECORDING
[39m[39m
[33mWARN: [33m[33mArkTS:WARN File: /Volumes/Execute/Files/project/ame_new/archive_markdown_editor_hmos/app/ame/web_engine/src/main/ets/adapter/SpeechAdapter.ets:68:44
 'getVolumeSync' has been deprecated.
[39m[39m
[33mWARN: [33m[33mArkTS:WARN File: /Volumes/Execute/Files/project/ame_new/archive_markdown_editor_hmos/app/ame/web_engine/src/main/ets/adapter/SubWindowAdapter.ets:119:24
 Function may throw exceptions. Special handling is required.
[39m[39m
[33mWARN: [33m[33mArkTS:WARN File: /Volumes/Execute/Files/project/ame_new/archive_markdown_editor_hmos/app/ame/web_engine/src/main/ets/adapter/SubWindowAdapter.ets:151:20
 Function may throw exceptions. Special handling is required.
[39m[39m
[33mWARN: [33m[33mArkTS:WARN File: /Volumes/Execute/Files/project/ame_new/archive_markdown_editor_hmos/app/ame/web_engine/src/main/ets/adapter/SubWindowAdapter.ets:257:18
 Function may throw exceptions. Special handling is required.
[39m[39m
[33mWARN: [33m[33mArkTS:WARN File: /Volumes/Execute/Files/project/ame_new/archive_markdown_editor_hmos/app/ame/web_engine/src/main/ets/adapter/SubWindowAdapter.ets:265:22
 Function may throw exceptions. Special handling is required.
[39m[39m
[33mWARN: [33m[33mArkTS:WARN File: /Volumes/Execute/Files/project/ame_new/archive_markdown_editor_hmos/app/ame/web_engine/src/main/ets/adapter/SubWindowAdapter.ets:301:5
 Function may throw exceptions. Special handling is required.
[39m[39m
[33mWARN: [33m[33mArkTS:WARN File: /Volumes/Execute/Files/project/ame_new/archive_markdown_editor_hmos/app/ame/web_engine/src/main/ets/adapter/SystemFloatingWindowAdapter.ets:60:12
 To use this API, you need to apply for the permissions: ohos.permission.SYSTEM_FLOAT_WINDOW
[39m[39m
[33mWARN: [33m[33mArkTS:WARN File: /Volumes/Execute/Files/project/ame_new/archive_markdown_editor_hmos/app/ame/web_engine/src/main/ets/adapter/SystemFloatingWindowAdapter.ets:175:7
 Function may throw exceptions. Special handling is required.
[39m[39m
[33mWARN: [33m[33mArkTS:WARN File: /Volumes/Execute/Files/project/ame_new/archive_markdown_editor_hmos/app/ame/web_engine/src/main/ets/adapter/SystemFloatingWindowAdapter.ets:183:19
 Function may throw exceptions. Special handling is required.
[39m[39m
[33mWARN: [33m[33mArkTS:WARN File: /Volumes/Execute/Files/project/ame_new/archive_markdown_editor_hmos/app/ame/web_engine/src/main/ets/adapter/SystemFloatingWindowAdapter.ets:194:19
 Function may throw exceptions. Special handling is required.
[39m[39m
[33mWARN: [33m[33mArkTS:WARN File: /Volumes/Execute/Files/project/ame_new/archive_markdown_editor_hmos/app/ame/web_engine/src/main/ets/adapter/SystemFloatingWindowAdapter.ets:213:24
 Function may throw exceptions. Special handling is required.
[39m[39m
[33mWARN: [33m[33mArkTS:WARN File: /Volumes/Execute/Files/project/ame_new/archive_markdown_editor_hmos/app/ame/web_engine/src/main/ets/adapter/SystemFloatingWindowAdapter.ets:263:24
 Function may throw exceptions. Special handling is required.
[39m[39m
[33mWARN: [33m[33mArkTS:WARN File: /Volumes/Execute/Files/project/ame_new/archive_markdown_editor_hmos/app/ame/web_engine/src/main/ets/adapter/SystemFloatingWindowAdapter.ets:315:24
 Function may throw exceptions. Special handling is required.
[39m[39m
[33mWARN: [33m[33mArkTS:WARN File: /Volumes/Execute/Files/project/ame_new/archive_markdown_editor_hmos/app/ame/web_engine/src/main/ets/adapter/StatusBarManager.ets:79:7
 The system capacity of this api 'statusBarManager' is not supported on all devices
[39m[39m
[33mWARN: [33m[33mArkTS:WARN File: /Volumes/Execute/Files/project/ame_new/archive_markdown_editor_hmos/app/ame/web_engine/src/main/ets/adapter/StatusBarManager.ets:79:24
 The system capacity of this api 'addToStatusBar' is not supported on all devices
[39m[39m
[33mWARN: [33m[33mArkTS:WARN File: /Volumes/Execute/Files/project/ame_new/archive_markdown_editor_hmos/app/ame/web_engine/src/main/ets/adapter/StatusBarManager.ets:93:9
 The system capacity of this api 'statusBarManager' is not supported on all devices
[39m[39m
[33mWARN: [33m[33mArkTS:WARN File: /Volumes/Execute/Files/project/ame_new/archive_markdown_editor_hmos/app/ame/web_engine/src/main/ets/adapter/StatusBarManager.ets:93:26
 The system capacity of this api 'on' is not supported on all devices
[39m[39m
[33mWARN: [33m[33mArkTS:WARN File: /Volumes/Execute/Files/project/ame_new/archive_markdown_editor_hmos/app/ame/web_engine/src/main/ets/adapter/StatusBarManager.ets:100:9
 The system capacity of this api 'statusBarManager' is not supported on all devices
[39m[39m
[33mWARN: [33m[33mArkTS:WARN File: /Volumes/Execute/Files/project/ame_new/archive_markdown_editor_hmos/app/ame/web_engine/src/main/ets/adapter/StatusBarManager.ets:100:26
 The system capacity of this api 'on' is not supported on all devices
[39m[39m
[33mWARN: [33m[33mArkTS:WARN File: /Volumes/Execute/Files/project/ame_new/archive_markdown_editor_hmos/app/ame/web_engine/src/main/ets/adapter/StatusBarManager.ets:110:7
 The system capacity of this api 'statusBarManager' is not supported on all devices
[39m[39m
[33mWARN: [33m[33mArkTS:WARN File: /Volumes/Execute/Files/project/ame_new/archive_markdown_editor_hmos/app/ame/web_engine/src/main/ets/adapter/StatusBarManager.ets:110:24
 The system capacity of this api 'updateStatusBarIcon' is not supported on all devices
[39m[39m
[33mWARN: [33m[33mArkTS:WARN File: /Volumes/Execute/Files/project/ame_new/archive_markdown_editor_hmos/app/ame/web_engine/src/main/ets/adapter/StatusBarManager.ets:127:9
 The system capacity of this api 'statusBarManager' is not supported on all devices
[39m[39m
[33mWARN: [33m[33mArkTS:WARN File: /Volumes/Execute/Files/project/ame_new/archive_markdown_editor_hmos/app/ame/web_engine/src/main/ets/adapter/StatusBarManager.ets:127:26
 The system capacity of this api 'updateStatusBarHoverTips' is not supported on all devices
[39m[39m
[33mWARN: [33m[33mArkTS:WARN File: /Volumes/Execute/Files/project/ame_new/archive_markdown_editor_hmos/app/ame/web_engine/src/main/ets/adapter/StatusBarManager.ets:146:9
 The system capacity of this api 'statusBarManager' is not supported on all devices
[39m[39m
[33mWARN: [33m[33mArkTS:WARN File: /Volumes/Execute/Files/project/ame_new/archive_markdown_editor_hmos/app/ame/web_engine/src/main/ets/adapter/StatusBarManager.ets:146:26
 The system capacity of this api 'updateStatusBarMenu' is not supported on all devices
[39m[39m
[33mWARN: [33m[33mArkTS:WARN File: /Volumes/Execute/Files/project/ame_new/archive_markdown_editor_hmos/app/ame/web_engine/src/main/ets/adapter/StatusBarManager.ets:162:9
 The system capacity of this api 'statusBarManager' is not supported on all devices
[39m[39m
[33mWARN: [33m[33mArkTS:WARN File: /Volumes/Execute/Files/project/ame_new/archive_markdown_editor_hmos/app/ame/web_engine/src/main/ets/adapter/StatusBarManager.ets:162:26
 The system capacity of this api 'removeFromStatusBar' is not supported on all devices
[39m[39m
[33mWARN: [33m[33mArkTS:WARN File: /Volumes/Execute/Files/project/ame_new/archive_markdown_editor_hmos/app/ame/web_engine/src/main/ets/adapter/StatusBarManager.ets:174:7
 The system capacity of this api 'statusBarManager' is not supported on all devices
[39m[39m
[33mWARN: [33m[33mArkTS:WARN File: /Volumes/Execute/Files/project/ame_new/archive_markdown_editor_hmos/app/ame/web_engine/src/main/ets/adapter/StatusBarManager.ets:174:24
 The system capacity of this api 'off' is not supported on all devices
[39m[39m
[33mWARN: [33m[33mArkTS:WARN File: /Volumes/Execute/Files/project/ame_new/archive_markdown_editor_hmos/app/ame/web_engine/src/main/ets/adapter/StatusBarManager.ets:175:7
 The system capacity of this api 'statusBarManager' is not supported on all devices
[39m[39m
[33mWARN: [33m[33mArkTS:WARN File: /Volumes/Execute/Files/project/ame_new/archive_markdown_editor_hmos/app/ame/web_engine/src/main/ets/adapter/StatusBarManager.ets:175:24
 The system capacity of this api 'off' is not supported on all devices
[39m[39m
[33mWARN: [33m[33mArkTS:WARN File: /Volumes/Execute/Files/project/ame_new/archive_markdown_editor_hmos/app/ame/web_engine/src/main/ets/adapter/StatusBarManager.ets:190:30
 The system capacity of this api 'menuCode' is not supported on all devices
[39m[39m
[33mWARN: [33m[33mArkTS:WARN File: /Volumes/Execute/Files/project/ame_new/archive_markdown_editor_hmos/app/ame/web_engine/src/main/ets/adapter/StatusBarManager.ets:225:16
 The system capacity of this api 'subMenu' is not supported on all devices
[39m[39m
[33mWARN: [33m[33mArkTS:WARN File: /Volumes/Execute/Files/project/ame_new/archive_markdown_editor_hmos/app/ame/web_engine/src/main/ets/adapter/WebAppAdapter.ets:54:23
 'getContext' has been deprecated.
[39m[39m
[33mWARN: [33m[33mArkTS:WARN File: /Volumes/Execute/Files/project/ame_new/archive_markdown_editor_hmos/app/ame/web_engine/src/main/ets/adapter/WebAppAdapter.ets:94:26
 'showToast' has been deprecated.
[39m[39m
[33mWARN: [33m[33mArkTS:WARN File: /Volumes/Execute/Files/project/ame_new/archive_markdown_editor_hmos/app/ame/web_engine/src/main/ets/adapter/WebAppAdapter.ets:104:22
 'showToast' has been deprecated.
[39m[39m
[33mWARN: [33m[33mArkTS:WARN File: /Volumes/Execute/Files/project/ame_new/archive_markdown_editor_hmos/app/ame/web_engine/src/main/ets/adapter/WebAppAdapter.ets:114:7
 Function may throw exceptions. Special handling is required.
[39m[39m
[33mWARN: [33m[33mArkTS:WARN File: /Volumes/Execute/Files/project/ame_new/archive_markdown_editor_hmos/app/ame/web_engine/src/main/ets/adapter/WebAppAdapter.ets:114:20
 'showToast' has been deprecated.
[39m[39m
[33mWARN: [33m[33mArkTS:WARN File: /Volumes/Execute/Files/project/ame_new/archive_markdown_editor_hmos/app/ame/web_engine/src/main/ets/ability/WebBaseAbility.ets:110:27
 Function may throw exceptions. Special handling is required.
[39m[39m
[33mWARN: [33m[33mArkTS:WARN File: /Volumes/Execute/Files/project/ame_new/archive_markdown_editor_hmos/app/ame/web_engine/src/main/ets/ability/WebBaseAbility.ets:110:27
 Function may throw exceptions. Special handling is required.
[39m[39m
[33mWARN: [33m[33mArkTS:WARN File: /Volumes/Execute/Files/project/ame_new/archive_markdown_editor_hmos/app/ame/web_engine/src/main/ets/ability/WebBaseAbility.ets:119:12
 Function may throw exceptions. Special handling is required.
[39m[39m
[33mWARN: [33m[33mArkTS:WARN File: /Volumes/Execute/Files/project/ame_new/archive_markdown_editor_hmos/app/ame/web_engine/src/main/ets/ability/WebAbility.ets:79:28
 To use this API, you need to apply for the permissions: ohos.permission.SET_ABILITY_INSTANCE_INFO
[39m[39m
[33mWARN: [33m[33mArkTS:WARN File: /Volumes/Execute/Files/project/ame_new/archive_markdown_editor_hmos/app/ame/web_engine/src/main/ets/ability/WebAbility.ets:276:17
 Function may throw exceptions. Special handling is required.
[39m[39m
[33mWARN: [33m[33mArkTS:WARN File: /Volumes/Execute/Files/project/ame_new/archive_markdown_editor_hmos/app/ame/web_engine/src/main/ets/ability/WebAbility.ets:432:20
 Function may throw exceptions. Special handling is required.
[39m[39m
[33mWARN: [33m[33mArkTS:WARN File: /Volumes/Execute/Files/project/ame_new/archive_markdown_editor_hmos/app/ame/web_engine/src/main/ets/ability/WebAbility.ets:523:21
 Function may throw exceptions. Special handling is required.
[39m[39m
[33mWARN: [33m[33mArkTS:WARN File: /Volumes/Execute/Files/project/ame_new/archive_markdown_editor_hmos/app/ame/web_engine/src/main/ets/ability/WebAbility.ets:528:30
 'getContext' has been deprecated.
[39m[39m
[33mWARN: [33m[33mArkTS:WARN File: /Volumes/Execute/Files/project/ame_new/archive_markdown_editor_hmos/app/ame/web_engine/src/main/ets/ability/WebEmbeddedAbility.ets:44:23
 Function may throw exceptions. Special handling is required.
[39m[39m
[33mWARN: [33m[33mArkTS:WARN File: /Volumes/Execute/Files/project/ame_new/archive_markdown_editor_hmos/app/ame/web_engine/src/main/ets/ability/WebEmbeddedAbility.ets:75:5
 Function may throw exceptions. Special handling is required.
[39m[39m
[33mWARN: [33m[33mArkTS:WARN File: /Volumes/Execute/Files/project/ame_new/archive_markdown_editor_hmos/app/ame/web_engine/src/main/ets/components/WebWindow.ets:60:75
 'getContext' has been deprecated.
[39m[39m
[33mWARN: [33m[33mArkTS:WARN File: /Volumes/Execute/Files/project/ame_new/archive_markdown_editor_hmos/app/ame/web_engine/src/main/ets/components/WebWindow.ets:85:5
 Function may throw exceptions. Special handling is required.
[39m[39m
[33mWARN: [33m[33mArkTS:WARN File: /Volumes/Execute/Files/project/ame_new/archive_markdown_editor_hmos/app/ame/web_engine/src/main/ets/components/WebWindow.ets:92:16
 Function may throw exceptions. Special handling is required.
[39m[39m
[33mWARN: [33m[33mArkTS:WARN File: /Volumes/Execute/Files/project/ame_new/archive_markdown_editor_hmos/app/ame/web_engine/src/main/ets/components/WebWindow.ets:103:27
 Function may throw exceptions. Special handling is required.
[39m[39m
[33mWARN: [33m[33mArkTS:WARN File: /Volumes/Execute/Files/project/ame_new/archive_markdown_editor_hmos/app/ame/web_engine/src/main/ets/components/WebWindow.ets:116:17
 Function may throw exceptions. Special handling is required.
[39m[39m
[33mWARN: [33m[33mArkTS:WARN File: /Volumes/Execute/Files/project/ame_new/archive_markdown_editor_hmos/app/ame/web_engine/src/main/ets/components/WebWindow.ets:124:9
 Function may throw exceptions. Special handling is required.
[39m[39m
[33mWARN: [33m[33mArkTS:WARN File: /Volumes/Execute/Files/project/ame_new/archive_markdown_editor_hmos/app/ame/web_engine/src/main/ets/components/WebWindow.ets:253:19
 'vp2px' has been deprecated.
[39m[39m
[33mWARN: [33m[33mArkTS:WARN File: /Volumes/Execute/Files/project/ame_new/archive_markdown_editor_hmos/app/ame/web_engine/src/main/ets/components/WebWindow.ets:254:19
 'vp2px' has been deprecated.
[39m[39m
[33mWARN: [33m[33mArkTS:WARN File: /Volumes/Execute/Files/project/ame_new/archive_markdown_editor_hmos/app/ame/web_engine/src/main/ets/components/WebSubWindow.ets:71:19
 'vp2px' has been deprecated.
[39m[39m
[33mWARN: [33m[33mArkTS:WARN File: /Volumes/Execute/Files/project/ame_new/archive_markdown_editor_hmos/app/ame/web_engine/src/main/ets/components/WebSubWindow.ets:72:19
 'vp2px' has been deprecated.
[39m[39m
[33mWARN: [33m[33mArkTS:WARN File: /Volumes/Execute/Files/project/ame_new/archive_markdown_editor_hmos/app/ame/web_engine/src/main/ets/components/WebEmbeddedWindow.ets:85:19
 'vp2px' has been deprecated.
[39m[39m
[33mWARN: [33m[33mArkTS:WARN File: /Volumes/Execute/Files/project/ame_new/archive_markdown_editor_hmos/app/ame/web_engine/src/main/ets/components/WebEmbeddedWindow.ets:86:19
 'vp2px' has been deprecated.
[39m[39m
[33mWARN: [33m[33mArkTS:WARN File: /Volumes/Execute/Files/project/ame_new/archive_markdown_editor_hmos/app/ame/web_engine/src/main/ets/components/WebEmbeddedWindow.ets:124:23
 Function may throw exceptions. Special handling is required.
[39m[39m
[33mWARN: [33m[33mArkTS:WARN File: /Volumes/Execute/Files/project/ame_new/archive_markdown_editor_hmos/app/ame/web_engine/src/main/ets/components/WebEmbeddedWindow.ets:159:49
 'getContext' has been deprecated.
[39m[39m
[33mWARN: [33m[33mArkTS:WARN File: /Volumes/Execute/Files/project/ame_new/archive_markdown_editor_hmos/app/ame/web_engine/src/main/ets/components/WebWindowNode.ets:73:5
 Function may throw exceptions. Special handling is required.
[39m[39m
[33mWARN: [33m[33mArkTS:WARN File: /Volumes/Execute/Files/project/ame_new/archive_markdown_editor_hmos/app/ame/web_engine/src/main/ets/components/WebWindowNode.ets:82:16
 Function may throw exceptions. Special handling is required.
[39m[39m
[33mWARN: [33m[33mArkTS:WARN File: /Volumes/Execute/Files/project/ame_new/archive_markdown_editor_hmos/app/ame/web_engine/src/main/ets/components/WebWindowNode.ets:108:49
 'getContext' has been deprecated.
[39m[39m
[33mWARN: [33m[33mArkTS:WARN File: /Volumes/Execute/Files/project/ame_new/archive_markdown_editor_hmos/app/ame/web_engine/src/main/ets/components/WebWindowNode.ets:183:19
 'vp2px' has been deprecated.
[39m[39m
[33mWARN: [33m[33mArkTS:WARN File: /Volumes/Execute/Files/project/ame_new/archive_markdown_editor_hmos/app/ame/web_engine/src/main/ets/components/WebWindowNode.ets:184:19
 'vp2px' has been deprecated.
[39m[39m
[33mWARN: [33m[33mArkTS:WARN File: /Volumes/Execute/Files/project/ame_new/archive_markdown_editor_hmos/app/ame/web_engine/src/main/ets/components/WebNodeHandleWindow.ets:102:75
 'getContext' has been deprecated.
[39m[39m
[33mWARN: [33m[33mArkTS:WARN File: /Volumes/Execute/Files/project/ame_new/archive_markdown_editor_hmos/app/ame/web_engine/src/main/ets/components/WebNodeHandleWindow.ets:120:16
 Function may throw exceptions. Special handling is required.
[39m[39m
[33mWARN: [33m[33mArkTS:WARN File: /Volumes/Execute/Files/project/ame_new/archive_markdown_editor_hmos/app/ame/web_engine/src/main/ets/components/WebNodeHandleWindow.ets:147:17
 Function may throw exceptions. Special handling is required.
[39m[39m
[33mWARN: [33m[33mArkTS:WARN File: /Volumes/Execute/Files/project/ame_new/archive_markdown_editor_hmos/app/ame/electron/src/main/ets/entryability/StatelessAbility.ets:34:7
 Function may throw exceptions. Special handling is required.
[39m[39m
[33mWARN: [33m[33mArkTS:WARN File: /Volumes/Execute/Files/project/ame_new/archive_markdown_editor_hmos/app/ame/electron/src/main/ets/entryability/StatusBarEntryAbility.ets:10:52
 The system capacity of this api 'StatusBarViewExtensionAbility' is not supported on all devices
[39m[39m
[33mWARN: [33m[33mArkTS:WARN File: /Volumes/Execute/Files/project/ame_new/archive_markdown_editor_hmos/app/ame/electron/src/main/ets/entryability/StatusBarEntryAbility.ets:17:5
 Function may throw exceptions. Special handling is required.
[39m[39m
[33mWARN: [33m[33mArkTS:WARN File: /Volumes/Execute/Files/project/ame_new/archive_markdown_editor_hmos/app/ame/electron/src/main/ets/pages/Index.ets:24:28
 'getShared' has been deprecated.
[39m[39m
[33mWARN: [33m[33mArkTS:WARN File: /Volumes/Execute/Files/project/ame_new/archive_markdown_editor_hmos/app/ame/electron/src/main/ets/pages/SubWindow.ets:7:31
 'getShared' has been deprecated.
[39m[39m
[33mWARN: [33m[33mArkTS:WARN File: /Volumes/Execute/Files/project/ame_new/archive_markdown_editor_hmos/app/ame/electron/src/main/ets/pages/EmbeddedWindow.ets:8:28
 'getShared' has been deprecated.
[39m[39m
[33mWARN: [33m[33mArkTS:WARN File: /Volumes/Execute/Files/project/ame_new/archive_markdown_editor_hmos/app/ame/electron/src/main/ets/pages/WindowNode.ets:8:28
 'getShared' has been deprecated.
[39m[39m
[33mWARN: [33m[33mArkTS:WARN File: /Volumes/Execute/Files/project/ame_new/archive_markdown_editor_hmos/app/ame/electron/src/main/ets/pages/WebPage.ets:36:18
 'back' has been deprecated.
[39m[39m
[33mWARN: [33m[33mArkTS:WARN File: /Volumes/Execute/Files/project/ame_new/archive_markdown_editor_hmos/app/ame/electron/src/main/ets/pages/WebPage.ets:80:27
 'getParams' has been deprecated.
[39m[39m
[33mWARN: [33m[33mArkTS:WARN File: /Volumes/Execute/Files/project/ame_new/archive_markdown_editor_hmos/app/ame/electron/src/main/ets/pages/WebPage.ets:88:7
 Function may throw exceptions. Special handling is required.
[39m[39m
[33mWARN: [33m[33mArkTS:WARN File: /Volumes/Execute/Files/project/ame_new/archive_markdown_editor_hmos/app/ame/electron/src/main/ets/pages/QuickLoginButtonComponent.ets:153:20
 'showToast' has been deprecated.
[39m[39m
[33mWARN: [33m[33mArkTS:WARN File: /Volumes/Execute/Files/project/ame_new/archive_markdown_editor_hmos/app/ame/electron/src/main/ets/pages/QuickLoginButtonComponent.ets:168:39
 To use this API, you need to apply for the permissions: ohos.permission.GET_NETWORK_INFO
[39m[39m
[33mWARN: [33m[33mArkTS:WARN File: /Volumes/Execute/Files/project/ame_new/archive_markdown_editor_hmos/app/ame/electron/src/main/ets/pages/QuickLoginButtonComponent.ets:178:12
 'pushUrl' has been deprecated.
[39m[39m
[33mWARN: [33m[33mArkTS:WARN File: /Volumes/Execute/Files/project/ame_new/archive_markdown_editor_hmos/app/ame/electron/src/main/ets/pages/QuickLoginButtonComponent.ets:199:21
 'show' has been deprecated.
[39m[39m
[33mWARN: [33m[33mArkTS:WARN File: /Volumes/Execute/Files/project/ame_new/archive_markdown_editor_hmos/app/ame/electron/src/main/ets/pages/QuickLoginButtonComponent.ets:257:19
 'show' has been deprecated.
[39m[39m
[33mWARN: [33m[33mArkTS:WARN File: /Volumes/Execute/Files/project/ame_new/archive_markdown_editor_hmos/app/ame/electron/src/main/ets/pages/Login.ets:9:28
 'getShared' has been deprecated.
[39m[39m
[33mWARN: [33m[33mArkTS:WARN File: /Volumes/Execute/Files/project/ame_new/archive_markdown_editor_hmos/app/ame/electron/src/main/ets/pages/NodeHandleWindow.ets:49:28
 'getShared' has been deprecated.
[39m[39m
[33mWARN: [33m[33mArkTS:WARN File: /Volumes/Execute/Files/project/ame_new/archive_markdown_editor_hmos/app/ame/electron/src/main/ets/pages/NodeHandleSubWindow.ets:32:31
 'getShared' has been deprecated.
[39m[39m

[2026-04-28T16:15:24.705] [DEBUG] debug-file - Ark compile task finished.finished time is 859803202028375
[2026-04-28T16:21:21.329] [DEBUG] debug-file - session manager: set active socket. socketId=33pC8G3kXQpd1So7AAAh
[2026-04-28T16:21:21.337] [DEBUG] debug-file - watch worker: worker id should be larger than 0. Nothing will be sent to any worker thread.
[2026-04-28T16:21:21.343] [DEBUG] debug-file - Workers' log level updated to INFO
[2026-04-28T16:21:21.348] [DEBUG] debug-file - Hvigor init with startParameters:{
  hvigorfileTypeCheck: false,
  parallelExecution: true,
  incrementalExecution: true,
  printStackTrace: false,
  daemon: true,
  analyze: 0,
  logLevel: Level { level: 20000, levelStr: 'INFO', colour: 'green' },
  optimizationStrategy: 'memory',
  hotCompile: undefined,
  hotReloadBuild: undefined,
  customizedParam: undefined
}
[2026-04-28T16:21:21.362] [DEBUG] debug-file - Cache service initialization finished in 14 ms 
[2026-04-28T16:21:21.363] [DEBUG] debug-file - hvigorfile, resolving /Volumes/Execute/Files/project/ame_new/archive_markdown_editor_hmos/app/ame/hvigorfile.ts
[2026-04-28T16:21:21.381] [DEBUG] debug-file - hvigorfile, require result:  { default: { plugins: [] } }
[2026-04-28T16:21:21.381] [DEBUG] debug-file - hvigorfile, binding system plugins null
[2026-04-28T16:21:21.381] [DEBUG] debug-file - Starting plugin build process
[2026-04-28T16:21:21.381] [DEBUG] debug-file - App plugin prepare start...
[2026-04-28T16:21:21.383] [DEBUG] debug-file - App plugin prepare end...
[2026-04-28T16:21:21.383] [DEBUG] debug-file - App plugin creating...
[2026-04-28T16:21:21.391] [DEBUG] debug-file - App plugin register hook start...
[2026-04-28T16:21:21.391] [DEBUG] debug-file - App plugin register hook end...
[2026-04-28T16:21:21.392] [DEBUG] debug-file - Plugin build process completed
[2026-04-28T16:21:21.392] [DEBUG] debug-file - Start initialize project's product build option map with build mode release.
[2026-04-28T16:21:21.392] [DEBUG] debug-file - Picking option from product 'default' with build mode 'release'.
[2026-04-28T16:21:21.392] [DEBUG] debug-file - Product 'default' build option initialized
[2026-04-28T16:21:21.392] [DEBUG] debug-file - End initialize project's product build option map with build mode 'release'.
[2026-04-28T16:21:21.392] [DEBUG] debug-file - Obtain build option for product 'default'in this build.
[2026-04-28T16:21:21.394] [DEBUG] debug-file - /Volumes/Execute/Files/project/ame_new/archive_markdown_editor_hmos/app/ame/build/cache/default/remote_hsp/remoteHspCache.json not exists.
[2026-04-28T16:21:21.395] [DEBUG] debug-file - Start recording SDK configuration permission data.
[2026-04-28T16:21:21.407] [DEBUG] debug-file - Sdk init in 13 ms 
[2026-04-28T16:21:21.408] [DEBUG] debug-file - Project task initialization takes 1 ms 
[2026-04-28T16:21:21.408] [DEBUG] debug-file - hvigorfile, binding custom plugins []
[2026-04-28T16:21:21.408] [DEBUG] debug-file - hvigorfile, no custom plugins were found in /Volumes/Execute/Files/project/ame_new/archive_markdown_editor_hmos/app/ame/hvigorfile.ts
[2026-04-28T16:21:21.408] [DEBUG] debug-file - hvigorfile, resolve finished /Volumes/Execute/Files/project/ame_new/archive_markdown_editor_hmos/app/ame/hvigorfile.ts
[2026-04-28T16:21:21.408] [DEBUG] debug-file - hvigorfile, resolving /Volumes/Execute/Files/project/ame_new/archive_markdown_editor_hmos/app/ame/electron/hvigorfile.ts
[2026-04-28T16:21:21.410] [DEBUG] debug-file - hvigorfile, require result:  { default: { plugins: [] } }
[2026-04-28T16:21:21.410] [DEBUG] debug-file - hvigorfile, binding system plugins null
[2026-04-28T16:21:21.410] [DEBUG] debug-file - Starting plugin build process
[2026-04-28T16:21:21.410] [DEBUG] debug-file - Hap plugin creating...
[2026-04-28T16:21:21.413] [DEBUG] debug-file - failed to load cangjie to dynamically generate schemas: Error: Cannot find module '@ohos/cangjie-build-support/index'
Require stack:
- /Volumes/Execute/Apps/DevEco-Studio.app/Contents/tools/hvigor/hvigor-ohos-plugin/src/plugin/hooks/cangjie-register.js
- /Volumes/Execute/Apps/DevEco-Studio.app/Contents/tools/hvigor/hvigor-ohos-plugin/src/plugin/strategy/stage-init-strategy.js
- /Volumes/Execute/Apps/DevEco-Studio.app/Contents/tools/hvigor/hvigor-ohos-plugin/src/plugin/builder/abstract-plugin-builder.js
- /Volumes/Execute/Apps/DevEco-Studio.app/Contents/tools/hvigor/hvigor-ohos-plugin/src/plugin/builder/app-plugin-builder.js
- /Volumes/Execute/Apps/DevEco-Studio.app/Contents/tools/hvigor/hvigor-ohos-plugin/src/plugin/factory/plugin-factory.js
- /Volumes/Execute/Apps/DevEco-Studio.app/Contents/tools/hvigor/hvigor-ohos-plugin/index.js
- /Volumes/Execute/Files/project/ame_new/archive_markdown_editor_hmos/app/ame/hvigorfile.ts
- /Volumes/Execute/Apps/DevEco-Studio.app/Contents/tools/hvigor/hvigor/src/base/internal/lifecycle/configuration.js
- /Volumes/Execute/Apps/DevEco-Studio.app/Contents/tools/hvigor/hvigor/src/base/boot/index.js
- /Volumes/Execute/Apps/DevEco-Studio.app/Contents/tools/hvigor/hvigor/src/base/daemon/cluster/worker-process-lifecycle.js
- /Volumes/Execute/Apps/DevEco-Studio.app/Contents/tools/hvigor/hvigor/src/base/daemon/process/daemon-process-boot-script.js
[2026-04-28T16:21:21.416] [DEBUG] debug-file - Start initialize module-target build option map, moduleName=electron, buildMode=debug
[2026-04-28T16:21:21.416] [DEBUG] debug-file - Target 'default' config initialized
[2026-04-28T16:21:21.416] [DEBUG] debug-file - Target 'ohosTest' config initialized
[2026-04-28T16:21:21.416] [DEBUG] debug-file - Module 'electron' target 'default' build option initialized
[2026-04-28T16:21:21.416] [DEBUG] debug-file - Module 'electron' target 'ohosTest' build option initialized
[2026-04-28T16:21:21.416] [DEBUG] debug-file - End initialize module-target build option map, moduleName=electron
[2026-04-28T16:21:21.416] [DEBUG] debug-file - Start initialize module-target build option map, moduleName=electron, buildMode=release
[2026-04-28T16:21:21.416] [DEBUG] debug-file - Target 'default' config initialized
[2026-04-28T16:21:21.416] [DEBUG] debug-file - Target 'ohosTest' config initialized
[2026-04-28T16:21:21.416] [DEBUG] debug-file - Module 'electron' target 'default' build option initialized
[2026-04-28T16:21:21.416] [DEBUG] debug-file - Module 'electron' target 'ohosTest' build option initialized
[2026-04-28T16:21:21.416] [DEBUG] debug-file - End initialize module-target build option map, moduleName=electron
[2026-04-28T16:21:21.416] [DEBUG] debug-file - Start initialize module-target build option map, moduleName=electron, buildMode=release
[2026-04-28T16:21:21.416] [DEBUG] debug-file - Target 'default' config initialized
[2026-04-28T16:21:21.416] [DEBUG] debug-file - Target 'ohosTest' config initialized
[2026-04-28T16:21:21.416] [DEBUG] debug-file - Module 'electron' target 'default' build option initialized
[2026-04-28T16:21:21.416] [DEBUG] debug-file - Module 'electron' target 'ohosTest' build option initialized
[2026-04-28T16:21:21.416] [DEBUG] debug-file - End initialize module-target build option map, moduleName=electron
[2026-04-28T16:21:21.416] [DEBUG] debug-file - Obtain build option for module 'electron' target 'default'in this build.
[2026-04-28T16:21:21.418] [DEBUG] debug-file - Module electron task initialization takes 2 ms 
[2026-04-28T16:21:21.418] [DEBUG] debug-file - Hap plugin register hook start...
[2026-04-28T16:21:21.418] [DEBUG] debug-file - Hap plugin register hook end...
[2026-04-28T16:21:21.418] [DEBUG] debug-file - Plugin build process completed
[2026-04-28T16:21:21.418] [DEBUG] debug-file - hvigorfile, binding custom plugins []
[2026-04-28T16:21:21.418] [DEBUG] debug-file - hvigorfile, no custom plugins were found in /Volumes/Execute/Files/project/ame_new/archive_markdown_editor_hmos/app/ame/electron/hvigorfile.ts
[2026-04-28T16:21:21.418] [DEBUG] debug-file - hvigorfile, resolve finished /Volumes/Execute/Files/project/ame_new/archive_markdown_editor_hmos/app/ame/electron/hvigorfile.ts
[2026-04-28T16:21:21.418] [DEBUG] debug-file - hvigorfile, resolving /Volumes/Execute/Files/project/ame_new/archive_markdown_editor_hmos/app/ame/web_engine/hvigorfile.ts
[2026-04-28T16:21:21.420] [DEBUG] debug-file - hvigorfile, require result:  { default: { plugins: [] } }
[2026-04-28T16:21:21.420] [DEBUG] debug-file - hvigorfile, binding system plugins null
[2026-04-28T16:21:21.420] [DEBUG] debug-file - Starting plugin build process
[2026-04-28T16:21:21.420] [DEBUG] debug-file - Har plugin creating...
[2026-04-28T16:21:21.420] [DEBUG] debug-file - failed to load cangjie to dynamically generate schemas: Error: Cannot find module '@ohos/cangjie-build-support/index'
Require stack:
- /Volumes/Execute/Apps/DevEco-Studio.app/Contents/tools/hvigor/hvigor-ohos-plugin/src/plugin/hooks/cangjie-register.js
- /Volumes/Execute/Apps/DevEco-Studio.app/Contents/tools/hvigor/hvigor-ohos-plugin/src/plugin/strategy/stage-init-strategy.js
- /Volumes/Execute/Apps/DevEco-Studio.app/Contents/tools/hvigor/hvigor-ohos-plugin/src/plugin/builder/abstract-plugin-builder.js
- /Volumes/Execute/Apps/DevEco-Studio.app/Contents/tools/hvigor/hvigor-ohos-plugin/src/plugin/builder/app-plugin-builder.js
- /Volumes/Execute/Apps/DevEco-Studio.app/Contents/tools/hvigor/hvigor-ohos-plugin/src/plugin/factory/plugin-factory.js
- /Volumes/Execute/Apps/DevEco-Studio.app/Contents/tools/hvigor/hvigor-ohos-plugin/index.js
- /Volumes/Execute/Files/project/ame_new/archive_markdown_editor_hmos/app/ame/hvigorfile.ts
- /Volumes/Execute/Apps/DevEco-Studio.app/Contents/tools/hvigor/hvigor/src/base/internal/lifecycle/configuration.js
- /Volumes/Execute/Apps/DevEco-Studio.app/Contents/tools/hvigor/hvigor/src/base/boot/index.js
- /Volumes/Execute/Apps/DevEco-Studio.app/Contents/tools/hvigor/hvigor/src/base/daemon/cluster/worker-process-lifecycle.js
- /Volumes/Execute/Apps/DevEco-Studio.app/Contents/tools/hvigor/hvigor/src/base/daemon/process/daemon-process-boot-script.js
[2026-04-28T16:21:21.422] [DEBUG] debug-file - Start initialize module-target build option map, moduleName=web_engine, buildMode=debug
[2026-04-28T16:21:21.422] [DEBUG] debug-file - Target 'default' config initialized
[2026-04-28T16:21:21.422] [DEBUG] debug-file - Module 'web_engine' target 'default' build option initialized
[2026-04-28T16:21:21.422] [DEBUG] debug-file - End initialize module-target build option map, moduleName=web_engine
[2026-04-28T16:21:21.422] [DEBUG] debug-file - Start initialize module-target build option map, moduleName=web_engine, buildMode=release
[2026-04-28T16:21:21.422] [DEBUG] debug-file - Target 'default' config initialized
[2026-04-28T16:21:21.422] [DEBUG] debug-file - Module 'web_engine' target 'default' build option initialized
[2026-04-28T16:21:21.422] [DEBUG] debug-file - End initialize module-target build option map, moduleName=web_engine
[2026-04-28T16:21:21.422] [DEBUG] debug-file - Start initialize module-target build option map, moduleName=web_engine, buildMode=release
[2026-04-28T16:21:21.422] [DEBUG] debug-file - Target 'default' config initialized
[2026-04-28T16:21:21.422] [DEBUG] debug-file - Module 'web_engine' target 'default' build option initialized
[2026-04-28T16:21:21.422] [DEBUG] debug-file - End initialize module-target build option map, moduleName=web_engine
[2026-04-28T16:21:21.422] [DEBUG] debug-file - Obtain build option for module 'web_engine' target 'default'in this build.
[2026-04-28T16:21:21.422] [DEBUG] debug-file - Module web_engine task initialization takes 1 ms 
[2026-04-28T16:21:21.422] [DEBUG] debug-file - Har plugin register hook start...
[2026-04-28T16:21:21.422] [DEBUG] debug-file - Har plugin register hook end...
[2026-04-28T16:21:21.422] [DEBUG] debug-file - Plugin build process completed
[2026-04-28T16:21:21.423] [DEBUG] debug-file - hvigorfile, binding custom plugins []
[2026-04-28T16:21:21.423] [DEBUG] debug-file - hvigorfile, no custom plugins were found in /Volumes/Execute/Files/project/ame_new/archive_markdown_editor_hmos/app/ame/web_engine/hvigorfile.ts
[2026-04-28T16:21:21.423] [DEBUG] debug-file - hvigorfile, resolve finished /Volumes/Execute/Files/project/ame_new/archive_markdown_editor_hmos/app/ame/web_engine/hvigorfile.ts
[2026-04-28T16:21:21.458] [DEBUG] debug-file - hvigorfile, resolve hvigorfile dependencies in 36 ms 
[2026-04-28T16:21:21.458] [DEBUG] debug-file - project has submodules:electron,web_engine
[2026-04-28T16:21:21.458] [DEBUG] debug-file - module:web_engine no need to execute packageHap
[2026-04-28T16:21:21.459] [DEBUG] debug-file - start to load updatedOhPackageInfo to the disk
[2026-04-28T16:21:21.462] [DEBUG] debug-file - load to the disk finished
[2026-04-28T16:21:21.462] [DEBUG] debug-file - Start to initialize dependency information.
[2026-04-28T16:21:21.462] [DEBUG] debug-file - Module ame Collected Dependency: 
[2026-04-28T16:21:21.462] [DEBUG] debug-file - Module ame's total dependency: 0
[2026-04-28T16:21:21.463] [DEBUG] debug-file - Start to initialize dependency information.
[2026-04-28T16:21:21.478] [DEBUG] debug-file - Module electron Collected Dependency: /Volumes/Execute/Files/project/ame_new/archive_markdown_editor_hmos/app/ame/web_engine,/Volumes/Execute/Files/project/ame_new/archive_markdown_editor_hmos/app/ame/oh_modules/.ohpm/inversify@6.0.1/oh_modules/inversify,/Volumes/Execute/Files/project/ame_new/archive_markdown_editor_hmos/app/ame/oh_modules/.ohpm/reflect-metadata@0.2.1/oh_modules/reflect-metadata
[2026-04-28T16:21:21.479] [DEBUG] debug-file - Module electron's total dependency: 3
[2026-04-28T16:21:21.480] [DEBUG] debug-file - Start to initialize dependency information.
[2026-04-28T16:21:21.480] [DEBUG] debug-file - Module web_engine Collected Dependency: /Volumes/Execute/Files/project/ame_new/archive_markdown_editor_hmos/app/ame/oh_modules/.ohpm/inversify@6.0.1/oh_modules/inversify,/Volumes/Execute/Files/project/ame_new/archive_markdown_editor_hmos/app/ame/oh_modules/.ohpm/reflect-metadata@0.2.1/oh_modules/reflect-metadata
[2026-04-28T16:21:21.480] [DEBUG] debug-file - Module web_engine's total dependency: 2
[2026-04-28T16:21:21.480] [DEBUG] debug-file - Configuration phase cost:119 ms 
[2026-04-28T16:21:21.482] [DEBUG] debug-file - Configuration task cost before running: 139 ms 
[2026-04-28T16:21:21.484] [DEBUG] debug-file - Executing task :electron:default@PreBuild
[2026-04-28T16:21:21.484] [DEBUG] debug-file - Task 'electron:default@PreBuild' cost while wrapping incremental declarations: 1 ms 
[2026-04-28T16:21:21.487] [DEBUG] debug-file - Incremental task electron:default@PreBuild pre-execution cost: 2 ms .
[2026-04-28T16:21:21.487] [DEBUG] debug-file - electron : default@PreBuild cost memory -3.6993484497070312
[2026-04-28T16:21:21.487] [INFO] debug-file - UP-TO-DATE :electron:default@PreBuild...  
[2026-04-28T16:21:21.488] [DEBUG] debug-file - Executing task :web_engine:default@PreBuild
[2026-04-28T16:21:21.488] [DEBUG] debug-file - Task 'web_engine:default@PreBuild' cost while wrapping incremental declarations: 1 ms 
[2026-04-28T16:21:21.489] [DEBUG] debug-file - Incremental task web_engine:default@PreBuild pre-execution cost: 1 ms .
[2026-04-28T16:21:21.489] [DEBUG] debug-file - web_engine : default@PreBuild cost memory 0.28063201904296875
[2026-04-28T16:21:21.489] [INFO] debug-file - UP-TO-DATE :web_engine:default@PreBuild...  
[2026-04-28T16:21:21.489] [DEBUG] debug-file - Executing task :electron:default@CreateModuleInfo
[2026-04-28T16:21:21.489] [DEBUG] debug-file - Task 'electron:default@CreateModuleInfo' cost while wrapping incremental declarations: 1 ms 
[2026-04-28T16:21:21.489] [DEBUG] debug-file - electron : default@CreateModuleInfo cost memory 0.0437774658203125
[2026-04-28T16:21:21.489] [DEBUG] debug-file - runTaskFromQueue task cost before running: 146 ms 
[2026-04-28T16:21:21.489] [INFO] debug-file - Finished :electron:default@CreateModuleInfo... after 1 ms 
[2026-04-28T16:21:21.490] [DEBUG] debug-file - Executing task :electron:default@GenerateMetadata
[2026-04-28T16:21:21.490] [DEBUG] debug-file - Task 'electron:default@GenerateMetadata' cost while wrapping incremental declarations: 1 ms 
[2026-04-28T16:21:21.490] [DEBUG] debug-file - Incremental task electron:default@GenerateMetadata pre-execution cost: 1 ms .
[2026-04-28T16:21:21.490] [DEBUG] debug-file - electron : default@GenerateMetadata cost memory 0.08414459228515625
[2026-04-28T16:21:21.490] [INFO] debug-file - UP-TO-DATE :electron:default@GenerateMetadata...  
[2026-04-28T16:21:21.490] [DEBUG] debug-file - Executing task :electron:default@PreCheckSyscap
[2026-04-28T16:21:21.490] [DEBUG] debug-file - electron : default@PreCheckSyscap cost memory 0.01663970947265625
[2026-04-28T16:21:21.490] [DEBUG] debug-file - runTaskFromQueue task cost before running: 148 ms 
[2026-04-28T16:21:21.490] [INFO] debug-file - Finished :electron:default@PreCheckSyscap... after 1 ms 
[2026-04-28T16:21:21.491] [DEBUG] debug-file - Executing task :electron:default@GeneratePkgContextInfo
[2026-04-28T16:21:21.492] [DEBUG] debug-file - Task 'electron:default@GeneratePkgContextInfo' cost while wrapping incremental declarations: 1 ms 
[2026-04-28T16:21:21.492] [DEBUG] debug-file - electron : default@GeneratePkgContextInfo cost memory 0.34912109375
[2026-04-28T16:21:21.492] [DEBUG] debug-file - runTaskFromQueue task cost before running: 149 ms 
[2026-04-28T16:21:21.492] [INFO] debug-file - Finished :electron:default@GeneratePkgContextInfo... after 2 ms 
[2026-04-28T16:21:21.492] [DEBUG] debug-file - Executing task :electron:default@ProcessIntegratedHsp
[2026-04-28T16:21:21.492] [DEBUG] debug-file - electron:default@ProcessIntegratedHsp is not up-to-date, since the output file '/Volumes/Execute/Files/project/ame_new/archive_markdown_editor_hmos/app/ame/build/cache/default/integrated_hsp/integratedHspCache.json' does not exist.
[2026-04-28T16:21:21.492] [DEBUG] debug-file - Incremental task electron:default@ProcessIntegratedHsp pre-execution cost: 1 ms .
[2026-04-28T16:21:21.492] [DEBUG] debug-file - electron : default@ProcessIntegratedHsp cost memory 0.06403350830078125
[2026-04-28T16:21:21.493] [DEBUG] debug-file - runTaskFromQueue task cost before running: 150 ms 
[2026-04-28T16:21:21.493] [INFO] debug-file - Finished :electron:default@ProcessIntegratedHsp... after 1 ms 
[2026-04-28T16:21:21.493] [DEBUG] debug-file - Executing task :web_engine:default@CreateHarBuildProfile
[2026-04-28T16:21:21.493] [DEBUG] debug-file - Task 'web_engine:default@CreateHarBuildProfile' cost while wrapping incremental declarations: 1 ms 
[2026-04-28T16:21:21.493] [DEBUG] debug-file - Incremental task web_engine:default@CreateHarBuildProfile pre-execution cost: 1 ms .
[2026-04-28T16:21:21.493] [DEBUG] debug-file - web_engine : default@CreateHarBuildProfile cost memory 0.08156585693359375
[2026-04-28T16:21:21.493] [INFO] debug-file - UP-TO-DATE :web_engine:default@CreateHarBuildProfile...  
[2026-04-28T16:21:21.493] [DEBUG] debug-file - Executing task :web_engine:default@ConfigureCmake
[2026-04-28T16:21:21.493] [DEBUG] debug-file - web_engine : default@ConfigureCmake cost memory 0.01644134521484375
[2026-04-28T16:21:21.493] [DEBUG] debug-file - runTaskFromQueue task cost before running: 150 ms 
[2026-04-28T16:21:21.493] [INFO] debug-file - Finished :web_engine:default@ConfigureCmake... after 1 ms 
[2026-04-28T16:21:21.494] [DEBUG] debug-file - Executing task :web_engine:default@MergeProfile
[2026-04-28T16:21:21.494] [DEBUG] debug-file - Task 'web_engine:default@MergeProfile' cost while wrapping incremental declarations: 1 ms 
[2026-04-28T16:21:21.494] [DEBUG] debug-file - Incremental task web_engine:default@MergeProfile pre-execution cost: 1 ms .
[2026-04-28T16:21:21.494] [DEBUG] debug-file - web_engine : default@MergeProfile cost memory 0.1230926513671875
[2026-04-28T16:21:21.494] [INFO] debug-file - UP-TO-DATE :web_engine:default@MergeProfile...  
[2026-04-28T16:21:21.494] [DEBUG] debug-file - Executing task :electron:default@SyscapTransform
[2026-04-28T16:21:21.494] [DEBUG] debug-file - File: '/Volumes/Execute/Files/project/ame_new/archive_markdown_editor_hmos/app/ame/electron/src/main/syscap.json' from 'sysCapJsonPath' is not exists, just ignore.
[2026-04-28T16:21:21.494] [DEBUG] debug-file - Task 'electron:default@SyscapTransform' cost while wrapping incremental declarations: 1 ms 
[2026-04-28T16:21:21.495] [DEBUG] debug-file - electron:default@SyscapTransform is not up-to-date, since the output file '/Volumes/Execute/Files/project/ame_new/archive_markdown_editor_hmos/app/ame/electron/build/default/intermediates/syscap/default/rpcid.sc' does not exist.
[2026-04-28T16:21:21.495] [DEBUG] debug-file - Incremental task electron:default@SyscapTransform pre-execution cost: 1 ms .
[2026-04-28T16:21:21.495] [DEBUG] debug-file - electron : default@SyscapTransform cost memory 0.1170654296875
[2026-04-28T16:21:21.495] [DEBUG] debug-file - runTaskFromQueue task cost before running: 152 ms 
[2026-04-28T16:21:21.495] [INFO] debug-file - Finished :electron:default@SyscapTransform... after 1 ms 
[2026-04-28T16:21:21.495] [DEBUG] debug-file - Executing task :electron:default@ProcessRouterMap
[2026-04-28T16:21:21.496] [DEBUG] debug-file - Incremental task electron:default@ProcessRouterMap pre-execution cost: 1 ms .
[2026-04-28T16:21:21.496] [DEBUG] debug-file - electron : default@ProcessRouterMap cost memory 0.12311553955078125
[2026-04-28T16:21:21.496] [INFO] debug-file - UP-TO-DATE :electron:default@ProcessRouterMap...  
[2026-04-28T16:21:21.496] [DEBUG] debug-file - Executing task :electron:default@ProcessShareConfig
[2026-04-28T16:21:21.496] [DEBUG] debug-file - Incremental task electron:default@ProcessShareConfig pre-execution cost: 1 ms .
[2026-04-28T16:21:21.496] [DEBUG] debug-file - electron : default@ProcessShareConfig cost memory 0.10451507568359375
[2026-04-28T16:21:21.496] [INFO] debug-file - UP-TO-DATE :electron:default@ProcessShareConfig...  
[2026-04-28T16:21:21.496] [DEBUG] debug-file - Executing task :electron:default@ProcessStartupConfig
[2026-04-28T16:21:21.496] [DEBUG] debug-file - Task 'electron:default@ProcessStartupConfig' cost while wrapping incremental declarations: 1 ms 
[2026-04-28T16:21:21.497] [DEBUG] debug-file - electron:default@ProcessStartupConfig is not up-to-date, since the output file '/Volumes/Execute/Files/project/ame_new/archive_markdown_editor_hmos/app/ame/electron/build/default/intermediates/startup/default/startup_config.json' does not exist.
[2026-04-28T16:21:21.497] [DEBUG] debug-file - Incremental task electron:default@ProcessStartupConfig pre-execution cost: 1 ms .
[2026-04-28T16:21:21.497] [DEBUG] debug-file - electron : default@ProcessStartupConfig cost memory 0.1038970947265625
[2026-04-28T16:21:21.497] [DEBUG] debug-file - runTaskFromQueue task cost before running: 154 ms 
[2026-04-28T16:21:21.497] [INFO] debug-file - Finished :electron:default@ProcessStartupConfig... after 1 ms 
[2026-04-28T16:21:21.497] [DEBUG] debug-file - Executing task :electron:default@CreateBuildProfile
[2026-04-28T16:21:21.497] [DEBUG] debug-file - Task 'electron:default@CreateBuildProfile' cost while wrapping incremental declarations: 1 ms 
[2026-04-28T16:21:21.497] [DEBUG] debug-file - Incremental task electron:default@CreateBuildProfile pre-execution cost: 1 ms .
[2026-04-28T16:21:21.497] [DEBUG] debug-file - electron : default@CreateBuildProfile cost memory 0.08640289306640625
[2026-04-28T16:21:21.497] [INFO] debug-file - UP-TO-DATE :electron:default@CreateBuildProfile...  
[2026-04-28T16:21:21.497] [DEBUG] debug-file - Executing task :web_engine:default@BuildNativeWithCmake
[2026-04-28T16:21:21.497] [DEBUG] debug-file - web_engine : default@BuildNativeWithCmake cost memory 0.0164642333984375
[2026-04-28T16:21:21.498] [DEBUG] debug-file - runTaskFromQueue task cost before running: 155 ms 
[2026-04-28T16:21:21.498] [INFO] debug-file - Finished :web_engine:default@BuildNativeWithCmake... after 1 ms 
[2026-04-28T16:21:21.498] [DEBUG] debug-file - Executing task :electron:default@MergeProfile
[2026-04-28T16:21:21.498] [DEBUG] debug-file - Task 'electron:default@MergeProfile' cost while wrapping incremental declarations: 1 ms 
[2026-04-28T16:21:21.498] [DEBUG] debug-file - Incremental task electron:default@MergeProfile pre-execution cost: 1 ms .
[2026-04-28T16:21:21.498] [DEBUG] debug-file - electron : default@MergeProfile cost memory 0.152740478515625
[2026-04-28T16:21:21.498] [INFO] debug-file - UP-TO-DATE :electron:default@MergeProfile...  
[2026-04-28T16:21:21.498] [DEBUG] debug-file - Obtain build option for module 'web_engine' target 'default'in this build.
[2026-04-28T16:21:21.499] [DEBUG] debug-file - Executing task :electron:default@GenerateLoaderJson
[2026-04-28T16:21:21.499] [DEBUG] debug-file - Task 'electron:default@GenerateLoaderJson' cost while wrapping incremental declarations: 1 ms 
[2026-04-28T16:21:21.499] [DEBUG] debug-file - Obtain build option for module 'web_engine' target 'default'in this build.
[2026-04-28T16:21:21.499] [DEBUG] debug-file - Obtain build option for module 'web_engine' target 'default'in this build.
[2026-04-28T16:21:21.500] [DEBUG] debug-file - Obtain build option for module 'web_engine' target 'default'in this build.
[2026-04-28T16:21:21.500] [DEBUG] debug-file - Obtain build option for module 'web_engine' target 'default'in this build.
[2026-04-28T16:21:21.500] [DEBUG] debug-file - Obtain build option for module 'web_engine' target 'default'in this build.
[2026-04-28T16:21:21.500] [DEBUG] debug-file - Incremental task electron:default@GenerateLoaderJson pre-execution cost: 1 ms .
[2026-04-28T16:21:21.500] [DEBUG] debug-file - electron : default@GenerateLoaderJson cost memory 0.7060546875
[2026-04-28T16:21:21.501] [DEBUG] debug-file - Obtain build option for module 'web_engine' target 'default'in this build.
[2026-04-28T16:21:21.501] [DEBUG] debug-file - Obtain build option for module 'web_engine' target 'default'in this build.
[2026-04-28T16:21:21.501] [INFO] debug-file - UP-TO-DATE :electron:default@GenerateLoaderJson...  
[2026-04-28T16:21:21.501] [DEBUG] debug-file - Executing task :electron:default@ConfigureCmake
[2026-04-28T16:21:21.501] [DEBUG] debug-file - electron : default@ConfigureCmake cost memory 0.01641845703125
[2026-04-28T16:21:21.501] [DEBUG] debug-file - runTaskFromQueue task cost before running: 158 ms 
[2026-04-28T16:21:21.501] [INFO] debug-file - Finished :electron:default@ConfigureCmake... after 1 ms 
[2026-04-28T16:21:21.501] [DEBUG] debug-file - Executing task :web_engine:default@BuildNativeWithNinja
[2026-04-28T16:21:21.501] [DEBUG] debug-file - web_engine : default@BuildNativeWithNinja cost memory 0.023345947265625
[2026-04-28T16:21:21.501] [DEBUG] debug-file - runTaskFromQueue task cost before running: 158 ms 
[2026-04-28T16:21:21.501] [INFO] debug-file - Finished :web_engine:default@BuildNativeWithNinja... after 1 ms 
[2026-04-28T16:21:21.501] [DEBUG] debug-file - Executing task :electron:default@MakePackInfo
[2026-04-28T16:21:21.502] [DEBUG] debug-file - Incremental task electron:default@MakePackInfo pre-execution cost: 1 ms .
[2026-04-28T16:21:21.502] [DEBUG] debug-file - electron : default@MakePackInfo cost memory 0.112762451171875
[2026-04-28T16:21:21.502] [INFO] debug-file - UP-TO-DATE :electron:default@MakePackInfo...  
[2026-04-28T16:21:21.502] [DEBUG] debug-file - Executing task :electron:default@ProcessProfile
[2026-04-28T16:21:21.503] [DEBUG] debug-file - Task 'electron:default@ProcessProfile' cost while wrapping incremental declarations: 1 ms 
[2026-04-28T16:21:21.503] [DEBUG] debug-file - Incremental task electron:default@ProcessProfile pre-execution cost: 1 ms .
[2026-04-28T16:21:21.503] [DEBUG] debug-file - electron : default@ProcessProfile cost memory 0.20465850830078125
[2026-04-28T16:21:21.503] [INFO] debug-file - UP-TO-DATE :electron:default@ProcessProfile...  
[2026-04-28T16:21:21.503] [DEBUG] debug-file - Executing task :electron:default@BuildNativeWithCmake
[2026-04-28T16:21:21.503] [DEBUG] debug-file - electron : default@BuildNativeWithCmake cost memory 0.01647186279296875
[2026-04-28T16:21:21.503] [DEBUG] debug-file - runTaskFromQueue task cost before running: 160 ms 
[2026-04-28T16:21:21.503] [INFO] debug-file - Finished :electron:default@BuildNativeWithCmake... after 1 ms 
[2026-04-28T16:21:21.503] [DEBUG] debug-file - Executing task :web_engine:default@ProcessLibs
[2026-04-28T16:21:21.504] [DEBUG] debug-file - Incremental task web_engine:default@ProcessLibs pre-execution cost: 1 ms .
[2026-04-28T16:21:21.504] [DEBUG] debug-file - web_engine : default@ProcessLibs cost memory 0.1574859619140625
[2026-04-28T16:21:21.504] [INFO] debug-file - UP-TO-DATE :web_engine:default@ProcessLibs...  
[2026-04-28T16:21:21.504] [DEBUG] debug-file - restool module names: electron,web_engine; moduleName=electron, taskName=default@ProcessResource
[2026-04-28T16:21:21.505] [DEBUG] debug-file - Executing task :electron:default@ProcessResource
[2026-04-28T16:21:21.505] [DEBUG] debug-file - Task 'electron:default@ProcessResource' cost while wrapping incremental declarations: 1 ms 
[2026-04-28T16:21:21.505] [DEBUG] debug-file - Incremental task electron:default@ProcessResource pre-execution cost: 1 ms .
[2026-04-28T16:21:21.505] [DEBUG] debug-file - electron : default@ProcessResource cost memory 0.13016510009765625
[2026-04-28T16:21:21.505] [INFO] debug-file - UP-TO-DATE :electron:default@ProcessResource...  
[2026-04-28T16:21:21.506] [DEBUG] debug-file - Executing task :web_engine:default@DoNativeStrip
[2026-04-28T16:21:21.506] [DEBUG] debug-file - Task 'web_engine:default@DoNativeStrip' cost while wrapping incremental declarations: 1 ms 
[2026-04-28T16:21:21.506] [DEBUG] debug-file - Incremental task web_engine:default@DoNativeStrip pre-execution cost: 1 ms .
[2026-04-28T16:21:21.506] [DEBUG] debug-file - web_engine : default@DoNativeStrip cost memory 0.06848907470703125
[2026-04-28T16:21:21.506] [INFO] debug-file - UP-TO-DATE :web_engine:default@DoNativeStrip...  
[2026-04-28T16:21:21.506] [DEBUG] debug-file - restool module names: electron,web_engine; moduleName=electron, taskName=default@CompileResource
[2026-04-28T16:21:21.506] [DEBUG] debug-file - Executing task :electron:default@CompileResource
[2026-04-28T16:21:21.513] [DEBUG] debug-file - electron:default@CompileResource is not up-to-date, since the input file '/Volumes/Execute/Files/project/ame_new/archive_markdown_editor_hmos/app/ame/web_engine/src/main/resources' has been changed.
[2026-04-28T16:21:21.513] [DEBUG] debug-file - Incremental task electron:default@CompileResource pre-execution cost: 7 ms .
[2026-04-28T16:21:21.533] [DEBUG] debug-file - Use tool [/Volumes/Execute/Apps/DevEco-Studio.app/Contents/sdk/default/openharmony/toolchains/restool]
 [
  '/Volumes/Execute/Apps/DevEco-Studio.app/Contents/sdk/default/openharmony/toolchains/restool',
  '-l',
  '/Volumes/Execute/Files/project/ame_new/archive_markdown_editor_hmos/app/ame/electron/build/default/intermediates/res/default/resConfig.json'
]
[2026-04-28T16:21:21.534] [DEBUG] debug-file - current process  memoryUsage: {
  rss: 165412864,
  heapTotal: 177389568,
  heapUsed: 135532232,
  external: 3464773,
  arrayBuffers: 1494945
} os memoryUsage :15.905746459960938
[2026-04-28T16:21:21.558] [DEBUG] debug-file - Info: Pack: normal pack mode

[2026-04-28T16:21:21.619] [DEBUG] debug-file - Info: hardware concurrency count is : 10
Info: thread count is : 10

[2026-04-28T16:21:21.619] [DEBUG] debug-file - Info: thread pool is started
Info: file '.DS_Store' is ignored by default regular pattern '\..+'.
Info: file '.DS_Store' is ignored by default regular pattern '\..+'.

[2026-04-28T16:21:21.619] [DEBUG] debug-file - Info: file '.DS_Store' is ignored by default regular pattern '\..+'.

[2026-04-28T16:21:21.619] [DEBUG] debug-file - Info: file '.DS_Store' is ignored by default regular pattern '\..+'.
Info: file '.DS_Store' is ignored by default regular pattern '\..+'.
Info: GenericCompiler::CompileFiles

[2026-04-28T16:21:21.619] [DEBUG] debug-file - Info: file '.DS_Store' is ignored by default regular pattern '\..+'.

[2026-04-28T16:21:21.621] [DEBUG] debug-file - Info: GenericCompiler::CompileFiles

[2026-04-28T16:21:21.623] [DEBUG] debug-file - Info: file '.gitignore' is ignored by default regular pattern '\..+'.

[2026-04-28T16:21:21.629] [DEBUG] debug-file - Info: file '.DS_Store' is ignored by default regular pattern '\..+'.

[2026-04-28T16:21:21.629] [DEBUG] debug-file - Info: file '.DS_Store' is ignored by default regular pattern '\..+'.

[2026-04-28T16:21:21.630] [DEBUG] debug-file - Info: file '.DS_Store' is ignored by default regular pattern '\..+'.

[2026-04-28T16:21:21.631] [DEBUG] debug-file - Info: file '.DS_Store' is ignored by default regular pattern '\..+'.

[2026-04-28T16:21:21.631] [DEBUG] debug-file - Info: file '.DS_Store' is ignored by default regular pattern '\..+'.

[2026-04-28T16:21:21.632] [DEBUG] debug-file - Info: GenericCompiler::CompileFiles

[2026-04-28T16:21:21.720] [DEBUG] debug-file - Info: file '.DS_Store' is ignored by default regular pattern '\..+'.

[2026-04-28T16:21:21.725] [DEBUG] debug-file - Warning: 'button_cancel' conflict, first declared.
at /Volumes/Execute/Files/project/ame_new/archive_markdown_editor_hmos/app/ame/electron/src/main/resources/base/element/string.json
but declared again.
at /Volumes/Execute/Files/project/ame_new/archive_markdown_editor_hmos/app/ame/web_engine/src/main/resources/base/element/string.json
Warning: 'button_cancel' conflict, first declared.
at /Volumes/Execute/Files/project/ame_new/archive_markdown_editor_hmos/app/ame/electron/src/main/resources/en_US/element/string.json
but declared again.
at /Volumes/Execute/Files/project/ame_new/archive_markdown_editor_hmos/app/ame/web_engine/src/main/resources/en_US/element/string.json
Warning: 'button_cancel' conflict, first declared.
at /Volumes/Execute/Files/project/ame_new/archive_markdown_editor_hmos/app/ame/electron/src/main/resources/zh_CN/element/string.json
but declared again.
at /Volumes/Execute/Files/project/ame_new/archive_markdown_editor_hmos/app/ame/web_engine/src/main/resources/zh_CN/element/string.json
Warning: 'button_ok' conflict, first declared.
at /Volumes/Execute/Files/project/ame_new/archive_markdown_editor_hmos/app/ame/electron/src/main/resources/base/element/string.json
but declared again.
at /Volumes/Execute/Files/project/ame_new/archive_markdown_editor_hmos/app/ame/web_engine/src/main/resources/base/element/string.json
Warning: 'button_ok' conflict, first declared.
at /Volumes/Execute/Files/project/ame_new/archive_markdown_editor_hmos/app/ame/electron/src/main/resources/en_US/element/string.json
but declared again.
at /Volumes/Execute/Files/project/ame_new/archive_markdown_editor_hmos/app/ame/web_engine/src/main/resources/en_US/element/string.json
Warning: 'button_ok' conflict, first declared.
at /Volumes/Execute/Files/project/ame_new/archive_markdown_editor_hmos/app/ame/electron/src/main/resources/zh_CN/element/string.json
but declared again.
at /Volumes/Execute/Files/project/ame_new/archive_markdown_editor_hmos/app/ame/web_engine/src/main/resources/zh_CN/element/string.json
Warning: 'button_background' conflict, first declared.
at /Volumes/Execute/Files/project/ame_new/archive_markdown_editor_hmos/app/ame/electron/src/main/resources/base/element/color.json
but declared again.
at /Volumes/Execute/Files/project/ame_new/archive_markdown_editor_hmos/app/ame/web_engine/src/main/resources/base/element/color.json
Warning: 'button_font' conflict, first declared.
at /Volumes/Execute/Files/project/ame_new/archive_markdown_editor_hmos/app/ame/electron/src/main/resources/base/element/color.json
but declared again.
at /Volumes/Execute/Files/project/ame_new/archive_markdown_editor_hmos/app/ame/web_engine/src/main/resources/base/element/color.json
Warning: 'checkbox_selected' conflict, first declared.
at /Volumes/Execute/Files/project/ame_new/archive_markdown_editor_hmos/app/ame/electron/src/main/resources/base/element/color.json
but declared again.
at /Volumes/Execute/Files/project/ame_new/archive_markdown_editor_hmos/app/ame/web_engine/src/main/resources/base/element/color.json
Warning: 'start_window_background' conflict, first declared.
at /Volumes/Execute/Files/project/ame_new/archive_markdown_editor_hmos/app/ame/electron/src/main/resources/base/element/color.json
but declared again.
at /Volumes/Execute/Files/project/ame_new/archive_markdown_editor_hmos/app/ame/web_engine/src/main/resources/base/element/color.json

[2026-04-28T16:21:21.727] [DEBUG] debug-file - 04-28 16:21:21.726 44894 30826838 E C01400/ImageTranscoderUtils: DecodeToRGBA IN
04-28 16:21:21.727 44894 30826838 E C01400/ImageTranscoderUtils: ImageFilter IN /Volumes/Execute/Files/project/ame_new/archive_markdown_editor_hmos/app/ame/AppScope/resources/base/media/app_icon.png

[2026-04-28T16:21:21.735] [DEBUG] debug-file - 04-28 16:21:21.735 44894 30826838 E C01400/ImageTranscoder: TranscodeSLR ScalePixelsWithSLR failed
Warning: ScaleImage failed, file path = /Volumes/Execute/Files/project/ame_new/archive_markdown_editor_hmos/app/ame/AppScope/resources/base/media/app_icon.png

[2026-04-28T16:21:21.736] [DEBUG] debug-file - Warning: The width or height of the png file referenced by the icon exceeds the limit (41 pixels)
at /Volumes/Execute/Files/project/ame_new/archive_markdown_editor_hmos/app/ame/AppScope/resources/base/media/app_icon.png
Warning: The width or height of the png file referenced by the startWindowIcon exceeds the limit (144 pixels)
at /Volumes/Execute/Files/project/ame_new/archive_markdown_editor_hmos/app/ame/AppScope/resources/base/media/app_icon.png

[2026-04-28T16:21:21.736] [DEBUG] debug-file - Warning: The width or height of the png file referenced by the startWindowIcon exceeds the limit (144 pixels)
at /Volumes/Execute/Files/project/ame_new/archive_markdown_editor_hmos/app/ame/AppScope/resources/base/media/startIcon.png

[2026-04-28T16:21:21.966] [DEBUG] debug-file - Info: restool resources compile success.

[2026-04-28T16:21:21.967] [DEBUG] debug-file - Info: thread pool is stopped

[2026-04-28T16:21:21.969] [DEBUG] debug-file - electron : default@CompileResource cost memory -7.857856750488281
[2026-04-28T16:21:21.969] [DEBUG] debug-file - runTaskFromQueue task cost before running: 626 ms 
[2026-04-28T16:21:21.969] [INFO] debug-file - Finished :electron:default@CompileResource... after 463 ms 
[2026-04-28T16:21:21.970] [DEBUG] debug-file - Executing task :electron:default@BuildNativeWithNinja
[2026-04-28T16:21:21.970] [DEBUG] debug-file - electron : default@BuildNativeWithNinja cost memory 0.02324676513671875
[2026-04-28T16:21:21.970] [DEBUG] debug-file - runTaskFromQueue task cost before running: 627 ms 
[2026-04-28T16:21:21.970] [INFO] debug-file - Finished :electron:default@BuildNativeWithNinja... after 1 ms 
[2026-04-28T16:21:21.971] [DEBUG] debug-file - Executing task :electron:default@CompileArkTS
[2026-04-28T16:21:21.972] [DEBUG] debug-file - Obtain build option for module 'web_engine' target 'default'in this build.
[2026-04-28T16:21:21.972] [DEBUG] debug-file - Collect obfuscation config from library web_engine.
[2026-04-28T16:21:21.972] [DEBUG] debug-file - obfuscationOptions: {"selfConfig":{"ruleOptions":{"enable":false,"rules":[]},"consumerRules":[]},"sdkApis":[],"obfuscationCacheDir":"/Volumes/Execute/Files/project/ame_new/archive_markdown_editor_hmos/app/ame/electron/build/default/cache/default/default@CompileArkTS/esmodule/release/obfuscation","exportRulePath":"/Volumes/Execute/Files/project/ame_new/archive_markdown_editor_hmos/app/ame/electron/build/default/intermediates/obfuscation/default/obfuscation.txt","dependencies":{"libraries":[{"ruleOptions":{"enable":false,"rules":[]},"consumerRules":["/Volumes/Execute/Files/project/ame_new/archive_markdown_editor_hmos/app/ame/web_engine/consumer-rules.txt"],"libDir":"/Volumes/Execute/Files/project/ame_new/archive_markdown_editor_hmos/app/ame/web_engine"}],"hspLibraries":[],"hars":[],"hsps":[]}}
[2026-04-28T16:21:21.973] [DEBUG] debug-file - Task 'electron:default@CompileArkTS' cost while wrapping incremental declarations: 1 ms 
[2026-04-28T16:21:21.976] [DEBUG] debug-file - electron:default@CompileArkTS is not up-to-date, since the input file '/Volumes/Execute/Files/project/ame_new/archive_markdown_editor_hmos/app/ame/electron/build/default/intermediates/res/default/ResourceTable.txt' has been changed.
[2026-04-28T16:21:21.976] [DEBUG] debug-file - Incremental task electron:default@CompileArkTS pre-execution cost: 3 ms .
[2026-04-28T16:21:21.981] [DEBUG] debug-file - build config:
[2026-04-28T16:21:21.981] [DEBUG] debug-file - {
  moduleType: 'entry',
  perf: 0,
  targetName: '.default',
  packageManagerType: 'ohpm',
  localPropertiesPath: '/Volumes/Execute/Files/project/ame_new/archive_markdown_editor_hmos/app/ame/local.properties',
  isPreview: false,
  isOhosTest: false,
  isLocalTest: false,
  buildMode: 'Release',
  hotReloadBuild: undefined,
  watchMode: 'false',
  aceProfilePath: '/Volumes/Execute/Files/project/ame_new/archive_markdown_editor_hmos/app/ame/electron/build/default/intermediates/res/default/resources/base/profile',
  etsLoaderPath: '/Volumes/Execute/Apps/DevEco-Studio.app/Contents/sdk/default/openharmony/ets/build-tools/ets-loader',
  modulePath: '/Volumes/Execute/Files/project/ame_new/archive_markdown_editor_hmos/app/ame/electron',
  testFrameworkPar: {
    testMode: undefined,
    coveragePathFilter: undefined,
    coverageMode: undefined
  },
  needCoverageInsert: false,
  debugLine: false,
  projectTopDir: '/Volumes/Execute/Files/project/ame_new/archive_markdown_editor_hmos/app/ame',
  compileSdkVersion: 22,
  compatibleSdkVersion: 17,
  originCompatibleSdkVersion: '5.0.5(17)',
  compatibleSdkVersionStage: undefined,
  bundleName: 'c***e',
  etsLoaderVersion: '6.0.2.130',
  etsLoaderReleaseType: 'Release',
  aotCompileMode: 'type',
  apPath: '/Volumes/Execute/Files/project/ame_new/archive_markdown_editor_hmos/app/ame/electron/modules.ap',
  entryModuleName: 'electron',
  entryModuleVersion: '1.0.0',
  entryPackageName: 'electron',
  allModuleNameHash: '1dd699aafb50747b447af15ee0483b063518d7578375cdc0f77be032f15639dd',
  externalApiPaths: [
    '/Volumes/Execute/Apps/DevEco-Studio.app/Contents/sdk/default/hms/ets'
  ],
  compilerTypes: [],
  isCrossplatform: false,
  hvigorPluginFile: undefined,
  compilePluginPath: undefined,
  buildGeneratedProfilePath: '/Volumes/Execute/Files/project/ame_new/archive_markdown_editor_hmos/app/ame/electron/build/default/generated/profile/default',
  bundleType: 'app',
  arkTSVersion: undefined,
  apiVersion: 22,
  needCompleteSourcesMap: false,
  isFaMode: false,
  buildDir: '/Volumes/Execute/Files/project/ame_new/archive_markdown_editor_hmos/app/ame/electron/build',
  deviceTypes: [ '2in1', 'tablet' ],
  pkgContextInfo: undefined,
  ohPackagePathMap: {},
  dependencyAliasMap: {},
  permission: { requestPermissions: undefined, definePermissions: undefined },
  useGetCurrentBundleName: false,
  projectArkOption: { obfuscation: { ruleOptions: [Object], consumerRules: [] } },
  sourceMapDir: undefined,
  branchElimination: false,
  transformLib: undefined,
  tsImportSendable: false,
  resolveConflictMode: true,
  depName2RootPath: {},
  depName2DepInfo: {},
  rootPathSet: [
    '/Volumes/Execute/Files/project/ame_new/archive_markdown_editor_hmos/app/ame'
  ],
  useNativeResolver: true,
  shouldEmitJs: true,
  useTscResolve: false,
  singleFileEmit: false,
  userProjectConfig: {
    autoLazyImport: false,
    allowEmptyBundleName: false,
    reExportCheckMode: 'noCheck',
    executionMode: 'memory',
    usePathPlaceholder: false,
    writeRollupCache: true,
    isExpandImportEnabled: false,
    expandImportExclude: '',
    lazyImportExclude: '',
    lazyImportInclude: '',
    ignoreCrossplatformCheck: false,
    isHarDeduplicateEnabled: false,
    skipOhModulesLint: false,
    enableStrictCheckOHModule: false,
    disableSendableCheckRules: [],
    useDeclarationFileSignature: false,
    customizedOptions: undefined,
    integratedHsp: false,
    isPreloadSoEnabled: false
  },
  executionMode: 'memory',
  arkCompileCachePath: '/Volumes/Execute/Files/project/ame_new/archive_markdown_editor_hmos/app/ame/electron/build/default/cache/default/default@CompileArkTS/esmodule',
  autoLazyFilter: undefined,
  isHarDeduplicateEnabled: false,
  intermediateHarDuplicateDirPath: '/Volumes/Execute/Files/project/ame_new/archive_markdown_editor_hmos/app/ame/electron/build/default/intermediates/har_duplicate/default',
  autoLazyImport: false,
  allowEmptyBundleName: false,
  reExportCheckMode: 'noCheck',
  usePathPlaceholder: false,
  writeRollupCache: true,
  isExpandImportEnabled: false,
  expandImportExclude: '',
  lazyImportExclude: '',
  lazyImportInclude: '',
  ignoreCrossplatformCheck: false,
  skipOhModulesLint: false,
  enableStrictCheckOHModule: false,
  disableSendableCheckRules: [],
  useDeclarationFileSignature: false,
  customizedOptions: undefined,
  integratedHsp: false,
  isPreloadSoEnabled: false,
  strictMode: undefined,
  useNormalizedOHMUrl: false,
  caseSensitiveCheck: false,
  aceModuleJsonPath: '/Volumes/Execute/Files/project/ame_new/archive_markdown_editor_hmos/app/ame/electron/build/default/intermediates/res/default/ark_module.json',
  appResource: '/Volumes/Execute/Files/project/ame_new/archive_markdown_editor_hmos/app/ame/electron/build/default/intermediates/res/default/ResourceTable.txt',
  rawFileResource: '/Volumes/Execute/Files/project/ame_new/archive_markdown_editor_hmos/app/ame/electron/build/default/intermediates/res/default/resources/rawfile',
  resourceTableHash: 'dce11a0fda50dd87b812987e9902c0dacdc7bec2b3bdcc197605fe2e17a89112',
  runtimeOS: 'HarmonyOS',
  sdkInfo: 'false:22:6.0.2.130:Release',
  aceModuleRoot: '/Volumes/Execute/Files/project/ame_new/archive_markdown_editor_hmos/app/ame/electron/src/main/ets',
  compileMode: 'esmodule',
  aceSuperVisualPath: '/Volumes/Execute/Files/project/ame_new/archive_markdown_editor_hmos/app/ame/electron/src/main/supervisual',
  aceBuildJson: '/Volumes/Execute/Files/project/ame_new/archive_markdown_editor_hmos/app/ame/electron/build/default/intermediates/loader/default/loader.json',
  cachePath: '/Volumes/Execute/Files/project/ame_new/archive_markdown_editor_hmos/app/ame/electron/build/default/cache/default/default@CompileArkTS/esmodule/release',
  aceModuleBuild: '/Volumes/Execute/Files/project/ame_new/archive_markdown_editor_hmos/app/ame/electron/build/default/intermediates/loader_out/default/ets',
  supportChunks: true,
  declaredFilesPath: undefined,
  shouldCollectDirectImportees: false,
  isByteCodeHarOptimize: false,
  expandImportPath: undefined,
  pkgNameToPkgBriefInfo: {
    web_engine: {
      pkgRoot: '/Volumes/Execute/Files/project/ame_new/archive_markdown_editor_hmos/app/ame/web_engine',
      pkgName: 'web_engine',
      sourceRoots: [Array],
      originalSourceRoots: undefined
    },
    electron: {
      pkgRoot: '/Volumes/Execute/Files/project/ame_new/archive_markdown_editor_hmos/app/ame/electron',
      originalSourceRoots: undefined,
      sourceRoots: [Array],
      pkgName: 'electron'
    }
  },
  projectModel: {
    '/Volumes/Execute/Files/project/ame_new/archive_markdown_editor_hmos/app/ame/electron/src/main': {
      moduleName: 'electron',
      modulePkgPath: '/Volumes/Execute/Files/project/ame_new/archive_markdown_editor_hmos/app/ame/electron',
      belongProjectPath: '/Volumes/Execute/Files/project/ame_new/archive_markdown_editor_hmos/app/ame'
    },
    '/Volumes/Execute/Files/project/ame_new/archive_markdown_editor_hmos/app/ame/electron/src/ohosTest': {
      moduleName: 'pc_test',
      modulePkgPath: '/Volumes/Execute/Files/project/ame_new/archive_markdown_editor_hmos/app/ame/electron',
      belongProjectPath: '/Volumes/Execute/Files/project/ame_new/archive_markdown_editor_hmos/app/ame'
    },
    '/Volumes/Execute/Files/project/ame_new/archive_markdown_editor_hmos/app/ame/electron': {
      moduleName: 'electron',
      modulePkgPath: '/Volumes/Execute/Files/project/ame_new/archive_markdown_editor_hmos/app/ame/electron',
      belongProjectPath: '/Volumes/Execute/Files/project/ame_new/archive_markdown_editor_hmos/app/ame'
    },
    '/Volumes/Execute/Files/project/ame_new/archive_markdown_editor_hmos/app/ame/web_engine/src/main': {
      moduleName: 'web_engine',
      modulePkgPath: '/Volumes/Execute/Files/project/ame_new/archive_markdown_editor_hmos/app/ame/web_engine',
      belongProjectPath: '/Volumes/Execute/Files/project/ame_new/archive_markdown_editor_hmos/app/ame'
    },
    '/Volumes/Execute/Files/project/ame_new/archive_markdown_editor_hmos/app/ame/web_engine': {
      moduleName: 'web_engine',
      modulePkgPath: '/Volumes/Execute/Files/project/ame_new/archive_markdown_editor_hmos/app/ame/web_engine',
      belongProjectPath: '/Volumes/Execute/Files/project/ame_new/archive_markdown_editor_hmos/app/ame'
    },
    '/Volumes/Execute/Files/project/ame_new/archive_markdown_editor_hmos/app/ame': {
      moduleName: 'ame',
      modulePkgPath: '/Volumes/Execute/Files/project/ame_new/archive_markdown_editor_hmos/app/ame',
      belongProjectPath: '/Volumes/Execute/Files/project/ame_new/archive_markdown_editor_hmos/app/ame'
    }
  },
  pkgJsonFileHash: 'b3c89f4076fe48b1151271c1c5a2091e6d45f6a49ded4ff9689dcfc535452218',
  allModulePaths: [
    '/Volumes/Execute/Files/project/ame_new/archive_markdown_editor_hmos/app/ame/electron',
    '/Volumes/Execute/Files/project/ame_new/archive_markdown_editor_hmos/app/ame/web_engine'
  ],
  routerMap: {},
  obfuscationOptions: {
    selfConfig: { ruleOptions: [Object], consumerRules: [] },
    sdkApis: [],
    obfuscationCacheDir: '/Volumes/Execute/Files/project/ame_new/archive_markdown_editor_hmos/app/ame/electron/build/default/cache/default/default@CompileArkTS/esmodule/release/obfuscation',
    exportRulePath: '/Volumes/Execute/Files/project/ame_new/archive_markdown_editor_hmos/app/ame/electron/build/default/intermediates/obfuscation/default/obfuscation.txt',
    dependencies: { libraries: [Array], hspLibraries: [], hars: [], hsps: [] }
  },
  byteCodeHarToDependencyKeys: undefined,
  compileBlockPkg: [],
  mockParams: {
    decorator: '@MockSetup',
    packageName: '@ohos/hamock',
    etsSourceRootPath: 'src/main/ets',
    mockConfigPath: undefined,
    mockConfigKey2ModuleInfo: {},
    source2ModuleIdMap: {}
  },
  copyCodeResourceEnable: true,
  copyCodeResourceExcludes: [],
  copyCodeResourceIncludes: undefined,
  uiTransformOptimization: false,
  sdkPath: '/Volumes/Execute/Apps/DevEco-Studio.app/Contents/sdk',
  needPreloadSoFileSet: {},
  preloadSoFilePath: '/Volumes/Execute/Files/project/ame_new/archive_markdown_editor_hmos/app/ame/electron/build/default/intermediates/preload/default/preload.json',
  useSourceHash: false,
  localModuleParamMap: {},
  otherPaths: {
    'web_engine/*': [
      '../../../../web_engine/src/main/*',
      '../../../../web_engine/build/default/generated/profile/default/*'
    ],
    'electron/*': [ '../*', '../../../build/default/generated/profile/default/*' ]
  },
  collectImportersConfig: undefined
}
[2026-04-28T16:21:21.981] [DEBUG] debug-file - Compile arkts with external api path: /Volumes/Execute/Apps/DevEco-Studio.app/Contents/sdk/default/hms/ets
[2026-04-28T16:21:21.981] [DEBUG] debug-file - default@CompileArkTS work[28] is submitted.
[2026-04-28T16:21:21.981] [DEBUG] debug-file - default@CompileArkTS work[28] is pushed to ready queue.
[2026-04-28T16:21:21.981] [DEBUG] debug-file - A work dispatched to worker[9] failed because unable to get work from ready queue.
[2026-04-28T16:21:21.981] [DEBUG] debug-file - A work dispatched to worker[8] failed because unable to get work from ready queue.
[2026-04-28T16:21:21.981] [DEBUG] debug-file - A work dispatched to worker[7] failed because unable to get work from ready queue.
[2026-04-28T16:21:21.981] [DEBUG] debug-file - A work dispatched to worker[6] failed because unable to get work from ready queue.
[2026-04-28T16:21:21.981] [DEBUG] debug-file - A work dispatched to worker[5] failed because unable to get work from ready queue.
[2026-04-28T16:21:21.981] [DEBUG] debug-file - default@CompileArkTS work[28] has been dispatched to worker[4].
[2026-04-28T16:21:21.981] [DEBUG] debug-file - default@CompileArkTS work[28] is dispatched.
[2026-04-28T16:21:21.981] [DEBUG] debug-file - CopyResources startTime: 860160479671375
[2026-04-28T16:21:21.982] [DEBUG] debug-file - default@CompileArkTS work[29] is submitted.
[2026-04-28T16:21:21.982] [DEBUG] debug-file - default@CompileArkTS work[29] is pushed to ready queue.
[2026-04-28T16:21:21.982] [DEBUG] debug-file - A work dispatched to worker[9] failed because unable to get work from ready queue.
[2026-04-28T16:21:21.982] [DEBUG] debug-file - Create  resident worker with id: 8.
[2026-04-28T16:21:21.983] [DEBUG] debug-file - default@CompileArkTS work[29] has been dispatched to worker[8].
[2026-04-28T16:21:21.983] [DEBUG] debug-file - default@CompileArkTS work[29] is dispatched.
[2026-04-28T16:21:21.983] [DEBUG] debug-file - electron : default@CompileArkTS cost memory 2.6510467529296875
[2026-04-28T16:21:21.984] [DEBUG] debug-file - Executing task :electron:default@BuildJS
[2026-04-28T16:21:21.984] [DEBUG] debug-file - Task 'electron:default@BuildJS' cost while wrapping incremental declarations: 1 ms 
[2026-04-28T16:21:21.984] [DEBUG] debug-file - electron : default@BuildJS cost memory 0.13307952880859375
[2026-04-28T16:21:21.984] [DEBUG] debug-file - runTaskFromQueue task cost before running: 641 ms 
[2026-04-28T16:21:21.984] [INFO] debug-file - Finished :electron:default@BuildJS... after 1 ms 
[2026-04-28T16:21:21.984] [DEBUG] debug-file - Executing task :electron:default@ProcessLibs
[2026-04-28T16:21:21.986] [DEBUG] debug-file - Incremental task electron:default@ProcessLibs pre-execution cost: 1 ms .
[2026-04-28T16:21:21.986] [DEBUG] debug-file - electron : default@ProcessLibs cost memory 0.3043212890625
[2026-04-28T16:21:21.986] [INFO] debug-file - UP-TO-DATE :electron:default@ProcessLibs...  
[2026-04-28T16:21:21.986] [DEBUG] debug-file - Executing task :electron:default@DoNativeStrip
[2026-04-28T16:21:21.986] [DEBUG] debug-file - Task 'electron:default@DoNativeStrip' cost while wrapping incremental declarations: 1 ms 
[2026-04-28T16:21:21.986] [DEBUG] debug-file - Incremental task electron:default@DoNativeStrip pre-execution cost: 1 ms .
[2026-04-28T16:21:21.986] [DEBUG] debug-file - electron : default@DoNativeStrip cost memory 0.1545562744140625
[2026-04-28T16:21:21.986] [INFO] debug-file - UP-TO-DATE :electron:default@DoNativeStrip...  
[2026-04-28T16:21:21.987] [DEBUG] debug-file - Executing task :electron:default@CacheNativeLibs
[2026-04-28T16:21:21.987] [DEBUG] debug-file - Task 'electron:default@CacheNativeLibs' cost while wrapping incremental declarations: 1 ms 
[2026-04-28T16:21:21.987] [DEBUG] debug-file - Incremental task electron:default@CacheNativeLibs pre-execution cost: 1 ms .
[2026-04-28T16:21:21.987] [DEBUG] debug-file - electron : default@CacheNativeLibs cost memory 0.161346435546875
[2026-04-28T16:21:21.987] [INFO] debug-file - UP-TO-DATE :electron:default@CacheNativeLibs...  
[2026-04-28T16:21:22.394] [DEBUG] debug-file - worker[8] has one work done.
[2026-04-28T16:21:22.394] [DEBUG] debug-file - CopyResources is end, endTime: 860160892529666
[2026-04-28T16:21:22.394] [DEBUG] debug-file - default@CompileArkTS work[29] done.
[2026-04-28T16:21:22.394] [DEBUG] debug-file - A work dispatched to worker[8] failed because unable to get work from ready queue.
[2026-04-28T16:21:22.525] [WARN] debug-file - [33mWARN: [33m[33mArkTS:WARN File: /Volumes/Execute/Files/project/ame_new/archive_markdown_editor_hmos/app/ame/web_engine/src/main/ets/adapter/DeviceInfoAdapter.ets:47:55
 Classes cannot be used as objects (arkts-no-classes-as-obj)
[39m[39m
[33mWARN: [33m[33mArkTS:WARN File: /Volumes/Execute/Files/project/ame_new/archive_markdown_editor_hmos/app/ame/web_engine/src/main/ets/jsbindings/AccessibilityAdapterBind.ets:11:29
 Classes cannot be used as objects (arkts-no-classes-as-obj)
[39m[39m
[33mWARN: [33m[33mArkTS:WARN File: /Volumes/Execute/Files/project/ame_new/archive_markdown_editor_hmos/app/ame/web_engine/src/main/ets/jsbindings/AppLifecycleAdapterBind.ets:11:29
 Classes cannot be used as objects (arkts-no-classes-as-obj)
[39m[39m
[33mWARN: [33m[33mArkTS:WARN File: /Volumes/Execute/Files/project/ame_new/archive_markdown_editor_hmos/app/ame/web_engine/src/main/ets/jsbindings/AppWindowAdapterBind.ets:13:29
 Classes cannot be used as objects (arkts-no-classes-as-obj)
[39m[39m
[33mWARN: [33m[33mArkTS:WARN File: /Volumes/Execute/Files/project/ame_new/archive_markdown_editor_hmos/app/ame/web_engine/src/main/ets/jsbindings/BluetoothAdapterBind.ets:10:29
 Classes cannot be used as objects (arkts-no-classes-as-obj)
[39m[39m
[33mWARN: [33m[33mArkTS:WARN File: /Volumes/Execute/Files/project/ame_new/archive_markdown_editor_hmos/app/ame/web_engine/src/main/ets/jsbindings/BluetoothLowEnergyAdapterBind.ets:17:29
 Classes cannot be used as objects (arkts-no-classes-as-obj)
[39m[39m
[33mWARN: [33m[33mArkTS:WARN File: /Volumes/Execute/Files/project/ame_new/archive_markdown_editor_hmos/app/ame/web_engine/src/main/ets/jsbindings/BrowserPolicyAdapterBind.ets:10:29
 Classes cannot be used as objects (arkts-no-classes-as-obj)
[39m[39m
[33mWARN: [33m[33mArkTS:WARN File: /Volumes/Execute/Files/project/ame_new/archive_markdown_editor_hmos/app/ame/web_engine/src/main/ets/jsbindings/CertManagerAdapterBind.ets:10:29
 Classes cannot be used as objects (arkts-no-classes-as-obj)
[39m[39m
[33mWARN: [33m[33mArkTS:WARN File: /Volumes/Execute/Files/project/ame_new/archive_markdown_editor_hmos/app/ame/web_engine/src/main/ets/jsbindings/ContextAdapterBind.ets:11:21
 Classes cannot be used as objects (arkts-no-classes-as-obj)
[39m[39m
[33mWARN: [33m[33mArkTS:WARN File: /Volumes/Execute/Files/project/ame_new/archive_markdown_editor_hmos/app/ame/web_engine/src/main/ets/jsbindings/ContextPathAdapterBind.ets:10:29
 Classes cannot be used as objects (arkts-no-classes-as-obj)
[39m[39m
[33mWARN: [33m[33mArkTS:WARN File: /Volumes/Execute/Files/project/ame_new/archive_markdown_editor_hmos/app/ame/web_engine/src/main/ets/jsbindings/CursorAdapterBind.ets:10:29
 Classes cannot be used as objects (arkts-no-classes-as-obj)
[39m[39m
[33mWARN: [33m[33mArkTS:WARN File: /Volumes/Execute/Files/project/ame_new/archive_markdown_editor_hmos/app/ame/web_engine/src/main/ets/jsbindings/DeviceAdapterBind.ets:11:29
 Classes cannot be used as objects (arkts-no-classes-as-obj)
[39m[39m
[33mWARN: [33m[33mArkTS:WARN File: /Volumes/Execute/Files/project/ame_new/archive_markdown_editor_hmos/app/ame/web_engine/src/main/ets/jsbindings/DeviceUserAuthAdapterBind.ets:10:29
 Classes cannot be used as objects (arkts-no-classes-as-obj)
[39m[39m
[33mWARN: [33m[33mArkTS:WARN File: /Volumes/Execute/Files/project/ame_new/archive_markdown_editor_hmos/app/ame/web_engine/src/main/ets/jsbindings/DialogAdapterBind.ets:10:29
 Classes cannot be used as objects (arkts-no-classes-as-obj)
[39m[39m
[33mWARN: [33m[33mArkTS:WARN File: /Volumes/Execute/Files/project/ame_new/archive_markdown_editor_hmos/app/ame/web_engine/src/main/ets/jsbindings/DisplayAdapterBind.ets:10:29
 Classes cannot be used as objects (arkts-no-classes-as-obj)
[39m[39m
[33mWARN: [33m[33mArkTS:WARN File: /Volumes/Execute/Files/project/ame_new/archive_markdown_editor_hmos/app/ame/web_engine/src/main/ets/jsbindings/DragDropAdapterBind.ets:11:29
 Classes cannot be used as objects (arkts-no-classes-as-obj)
[39m[39m
[33mWARN: [33m[33mArkTS:WARN File: /Volumes/Execute/Files/project/ame_new/archive_markdown_editor_hmos/app/ame/web_engine/src/main/ets/jsbindings/ElectronAppAdapterBind.ets:10:29
 Classes cannot be used as objects (arkts-no-classes-as-obj)
[39m[39m
[33mWARN: [33m[33mArkTS:WARN File: /Volumes/Execute/Files/project/ame_new/archive_markdown_editor_hmos/app/ame/web_engine/src/main/ets/jsbindings/EtsBridgeAdapterBind.ets:27:31
 Classes cannot be used as objects (arkts-no-classes-as-obj)
[39m[39m
[33mWARN: [33m[33mArkTS:WARN File: /Volumes/Execute/Files/project/ame_new/archive_markdown_editor_hmos/app/ame/web_engine/src/main/ets/jsbindings/FileManagerAdapterBind.ets:10:29
 Classes cannot be used as objects (arkts-no-classes-as-obj)
[39m[39m
[33mWARN: [33m[33mArkTS:WARN File: /Volumes/Execute/Files/project/ame_new/archive_markdown_editor_hmos/app/ame/web_engine/src/main/ets/jsbindings/FilePickerAdapterBind.ets:11:29
 Classes cannot be used as objects (arkts-no-classes-as-obj)
[39m[39m
[33mWARN: [33m[33mArkTS:WARN File: /Volumes/Execute/Files/project/ame_new/archive_markdown_editor_hmos/app/ame/web_engine/src/main/ets/jsbindings/FontAdapterBind.ets:10:29
 Classes cannot be used as objects (arkts-no-classes-as-obj)
[39m[39m
[33mWARN: [33m[33mArkTS:WARN File: /Volumes/Execute/Files/project/ame_new/archive_markdown_editor_hmos/app/ame/web_engine/src/main/ets/jsbindings/I18nAdapterBind.ets:10:29
 Classes cannot be used as objects (arkts-no-classes-as-obj)
[39m[39m
[33mWARN: [33m[33mArkTS:WARN File: /Volumes/Execute/Files/project/ame_new/archive_markdown_editor_hmos/app/ame/web_engine/src/main/ets/jsbindings/IMFAdapterBind.ets:14:29
 Classes cannot be used as objects (arkts-no-classes-as-obj)
[39m[39m
[33mWARN: [33m[33mArkTS:WARN File: /Volumes/Execute/Files/project/ame_new/archive_markdown_editor_hmos/app/ame/web_engine/src/main/ets/jsbindings/MediaAdapterBind.ets:10:29
 Classes cannot be used as objects (arkts-no-classes-as-obj)
[39m[39m
[33mWARN: [33m[33mArkTS:WARN File: /Volumes/Execute/Files/project/ame_new/archive_markdown_editor_hmos/app/ame/web_engine/src/main/ets/jsbindings/MimeTypeAdapterBind.ets:10:29
 Classes cannot be used as objects (arkts-no-classes-as-obj)
[39m[39m
[33mWARN: [33m[33mArkTS:WARN File: /Volumes/Execute/Files/project/ame_new/archive_markdown_editor_hmos/app/ame/web_engine/src/main/ets/jsbindings/NativeMessagingAdapterBind.ets:35:29
 Classes cannot be used as objects (arkts-no-classes-as-obj)
[39m[39m
[33mWARN: [33m[33mArkTS:WARN File: /Volumes/Execute/Files/project/ame_new/archive_markdown_editor_hmos/app/ame/web_engine/src/main/ets/jsbindings/NativeThemeAdapterBind.ets:11:29
 Classes cannot be used as objects (arkts-no-classes-as-obj)
[39m[39m
[33mWARN: [33m[33mArkTS:WARN File: /Volumes/Execute/Files/project/ame_new/archive_markdown_editor_hmos/app/ame/web_engine/src/main/ets/jsbindings/NotificationAdapterBind.ets:11:29
 Classes cannot be used as objects (arkts-no-classes-as-obj)
[39m[39m
[33mWARN: [33m[33mArkTS:WARN File: /Volumes/Execute/Files/project/ame_new/archive_markdown_editor_hmos/app/ame/web_engine/src/main/ets/jsbindings/PermissionManagerAdapterBind.ets:10:29
 Classes cannot be used as objects (arkts-no-classes-as-obj)
[39m[39m
[33mWARN: [33m[33mArkTS:WARN File: /Volumes/Execute/Files/project/ame_new/archive_markdown_editor_hmos/app/ame/web_engine/src/main/ets/jsbindings/PopupWindowAdapterBind.ets:11:29
 Classes cannot be used as objects (arkts-no-classes-as-obj)
[39m[39m
[33mWARN: [33m[33mArkTS:WARN File: /Volumes/Execute/Files/project/ame_new/archive_markdown_editor_hmos/app/ame/web_engine/src/main/ets/jsbindings/PrintAdapterBind.ets:10:29
 Classes cannot be used as objects (arkts-no-classes-as-obj)
[39m[39m
[33mWARN: [33m[33mArkTS:WARN File: /Volumes/Execute/Files/project/ame_new/archive_markdown_editor_hmos/app/ame/web_engine/src/main/ets/jsbindings/ProcessAdapterBind.ets:10:29
 Classes cannot be used as objects (arkts-no-classes-as-obj)
[39m[39m
[33mWARN: [33m[33mArkTS:WARN File: /Volumes/Execute/Files/project/ame_new/archive_markdown_editor_hmos/app/ame/web_engine/src/main/ets/jsbindings/RunningLockAdapterBind.ets:10:29
 Classes cannot be used as objects (arkts-no-classes-as-obj)
[39m[39m
[33mWARN: [33m[33mArkTS:WARN File: /Volumes/Execute/Files/project/ame_new/archive_markdown_editor_hmos/app/ame/web_engine/src/main/ets/jsbindings/ScreenshotAdapterBind.ets:11:29
 Classes cannot be used as objects (arkts-no-classes-as-obj)
[39m[39m
[33mWARN: [33m[33mArkTS:WARN File: /Volumes/Execute/Files/project/ame_new/archive_markdown_editor_hmos/app/ame/web_engine/src/main/ets/jsbindings/ShapeDetectionAdapterBind.ets:10:29
 Classes cannot be used as objects (arkts-no-classes-as-obj)
[39m[39m
[33mWARN: [33m[33mArkTS:WARN File: /Volumes/Execute/Files/project/ame_new/archive_markdown_editor_hmos/app/ame/web_engine/src/main/ets/jsbindings/SpeechAdapterBind.ets:11:29
 Classes cannot be used as objects (arkts-no-classes-as-obj)
[39m[39m
[33mWARN: [33m[33mArkTS:WARN File: /Volumes/Execute/Files/project/ame_new/archive_markdown_editor_hmos/app/ame/web_engine/src/main/ets/jsbindings/SubWindowAdapterBind.ets:11:29
 Classes cannot be used as objects (arkts-no-classes-as-obj)
[39m[39m
[33mWARN: [33m[33mArkTS:WARN File: /Volumes/Execute/Files/project/ame_new/archive_markdown_editor_hmos/app/ame/web_engine/src/main/ets/jsbindings/SystemFloatingWindowAdapterBind.ets:11:29
 Classes cannot be used as objects (arkts-no-classes-as-obj)
[39m[39m
[33mWARN: [33m[33mArkTS:WARN File: /Volumes/Execute/Files/project/ame_new/archive_markdown_editor_hmos/app/ame/web_engine/src/main/ets/jsbindings/StatusBarManagerAdapterBind.ets:10:29
 Classes cannot be used as objects (arkts-no-classes-as-obj)
[39m[39m
[33mWARN: [33m[33mArkTS:WARN File: /Volumes/Execute/Files/project/ame_new/archive_markdown_editor_hmos/app/ame/web_engine/src/main/ets/jsbindings/WebAppAdapterBind.ets:13:29
 Classes cannot be used as objects (arkts-no-classes-as-obj)
[39m[39m
[33mWARN: [33m[33mArkTS:WARN File: /Volumes/Execute/Files/project/ame_new/archive_markdown_editor_hmos/app/ame/web_engine/src/main/ets/application/WebAbilityStage.ets:117:46
 Classes cannot be used as objects (arkts-no-classes-as-obj)
[39m[39m
[33mWARN: [33m[33mArkTS:WARN File: /Volumes/Execute/Files/project/ame_new/archive_markdown_editor_hmos/app/ame/web_engine/src/main/ets/ability/WebAbility.ets:92:38
 Classes cannot be used as objects (arkts-no-classes-as-obj)
[39m[39m
[33mWARN: [33m[33mArkTS:WARN File: /Volumes/Execute/Files/project/ame_new/archive_markdown_editor_hmos/app/ame/web_engine/src/main/ets/ability/WebAbility.ets:93:38
 Classes cannot be used as objects (arkts-no-classes-as-obj)
[39m[39m
[33mWARN: [33m[33mArkTS:WARN File: /Volumes/Execute/Files/project/ame_new/archive_markdown_editor_hmos/app/ame/web_engine/src/main/ets/ability/WebAbility.ets:94:42
 Classes cannot be used as objects (arkts-no-classes-as-obj)
[39m[39m
[33mWARN: [33m[33mArkTS:WARN File: /Volumes/Execute/Files/project/ame_new/archive_markdown_editor_hmos/app/ame/web_engine/src/main/ets/ability/WebAbility.ets:95:38
 Classes cannot be used as objects (arkts-no-classes-as-obj)
[39m[39m
[33mWARN: [33m[33mArkTS:WARN File: /Volumes/Execute/Files/project/ame_new/archive_markdown_editor_hmos/app/ame/web_engine/src/main/ets/ability/WebAbility.ets:97:16
 Classes cannot be used as objects (arkts-no-classes-as-obj)
[39m[39m
[33mWARN: [33m[33mArkTS:WARN File: /Volumes/Execute/Files/project/ame_new/archive_markdown_editor_hmos/app/ame/web_engine/src/main/ets/ability/WebAbility.ets:99:41
 Classes cannot be used as objects (arkts-no-classes-as-obj)
[39m[39m
[33mWARN: [33m[33mArkTS:WARN File: /Volumes/Execute/Files/project/ame_new/archive_markdown_editor_hmos/app/ame/web_engine/src/main/ets/ability/WebAbility.ets:100:43
 Classes cannot be used as objects (arkts-no-classes-as-obj)
[39m[39m
[33mWARN: [33m[33mArkTS:WARN File: /Volumes/Execute/Files/project/ame_new/archive_markdown_editor_hmos/app/ame/web_engine/src/main/ets/ability/WebEmbeddedAbility.ets:34:38
 Classes cannot be used as objects (arkts-no-classes-as-obj)
[39m[39m
[33mWARN: [33m[33mArkTS:WARN File: /Volumes/Execute/Files/project/ame_new/archive_markdown_editor_hmos/app/ame/web_engine/src/main/ets/ability/WebEmbeddedAbility.ets:35:42
 Classes cannot be used as objects (arkts-no-classes-as-obj)
[39m[39m
[33mWARN: [33m[33mArkTS:WARN File: /Volumes/Execute/Files/project/ame_new/archive_markdown_editor_hmos/app/ame/web_engine/src/main/ets/ability/WebEmbeddedAbility.ets:36:16
 Classes cannot be used as objects (arkts-no-classes-as-obj)
[39m[39m
[33mWARN: [33m[33mArkTS:WARN File: /Volumes/Execute/Files/project/ame_new/archive_markdown_editor_hmos/app/ame/web_engine/src/main/ets/components/WebWindow.ets:61:41
 Classes cannot be used as objects (arkts-no-classes-as-obj)
[39m[39m
[33mWARN: [33m[33mArkTS:WARN File: /Volumes/Execute/Files/project/ame_new/archive_markdown_editor_hmos/app/ame/web_engine/src/main/ets/components/WebWindow.ets:144:57
 Classes cannot be used as objects (arkts-no-classes-as-obj)
[39m[39m
[33mWARN: [33m[33mArkTS:WARN File: /Volumes/Execute/Files/project/ame_new/archive_markdown_editor_hmos/app/ame/web_engine/src/main/ets/components/WebWindow.ets:145:61
 Classes cannot be used as objects (arkts-no-classes-as-obj)
[39m[39m
[33mWARN: [33m[33mArkTS:WARN File: /Volumes/Execute/Files/project/ame_new/archive_markdown_editor_hmos/app/ame/web_engine/src/main/ets/components/WebWindow.ets:146:39
 Classes cannot be used as objects (arkts-no-classes-as-obj)
[39m[39m
[33mWARN: [33m[33mArkTS:WARN File: /Volumes/Execute/Files/project/ame_new/archive_markdown_editor_hmos/app/ame/web_engine/src/main/ets/components/WebWindow.ets:147:41
 Classes cannot be used as objects (arkts-no-classes-as-obj)
[39m[39m
[33mWARN: [33m[33mArkTS:WARN File: /Volumes/Execute/Files/project/ame_new/archive_markdown_editor_hmos/app/ame/web_engine/src/main/ets/components/WebSubWindow.ets:25:57
 Classes cannot be used as objects (arkts-no-classes-as-obj)
[39m[39m
[33mWARN: [33m[33mArkTS:WARN File: /Volumes/Execute/Files/project/ame_new/archive_markdown_editor_hmos/app/ame/web_engine/src/main/ets/components/WebSubWindow.ets:26:61
 Classes cannot be used as objects (arkts-no-classes-as-obj)
[39m[39m
[33mWARN: [33m[33mArkTS:WARN File: /Volumes/Execute/Files/project/ame_new/archive_markdown_editor_hmos/app/ame/web_engine/src/main/ets/components/WebSubWindow.ets:27:41
 Classes cannot be used as objects (arkts-no-classes-as-obj)
[39m[39m
[33mWARN: [33m[33mArkTS:WARN File: /Volumes/Execute/Files/project/ame_new/archive_markdown_editor_hmos/app/ame/web_engine/src/main/ets/components/WebEmbeddedWindow.ets:27:57
 Classes cannot be used as objects (arkts-no-classes-as-obj)
[39m[39m
[33mWARN: [33m[33mArkTS:WARN File: /Volumes/Execute/Files/project/ame_new/archive_markdown_editor_hmos/app/ame/web_engine/src/main/ets/components/WebEmbeddedWindow.ets:29:61
 Classes cannot be used as objects (arkts-no-classes-as-obj)
[39m[39m
[33mWARN: [33m[33mArkTS:WARN File: /Volumes/Execute/Files/project/ame_new/archive_markdown_editor_hmos/app/ame/web_engine/src/main/ets/components/WebEmbeddedWindow.ets:30:41
 Classes cannot be used as objects (arkts-no-classes-as-obj)
[39m[39m
[33mWARN: [33m[33mArkTS:WARN File: /Volumes/Execute/Files/project/ame_new/archive_markdown_editor_hmos/app/ame/web_engine/src/main/ets/components/WebWindowNode.ets:121:57
 Classes cannot be used as objects (arkts-no-classes-as-obj)
[39m[39m
[33mWARN: [33m[33mArkTS:WARN File: /Volumes/Execute/Files/project/ame_new/archive_markdown_editor_hmos/app/ame/web_engine/src/main/ets/components/WebWindowNode.ets:123:61
 Classes cannot be used as objects (arkts-no-classes-as-obj)
[39m[39m
[33mWARN: [33m[33mArkTS:WARN File: /Volumes/Execute/Files/project/ame_new/archive_markdown_editor_hmos/app/ame/web_engine/src/main/ets/components/WebWindowNode.ets:124:41
 Classes cannot be used as objects (arkts-no-classes-as-obj)
[39m[39m
[33mWARN: [33m[33mArkTS:WARN File: /Volumes/Execute/Files/project/ame_new/archive_markdown_editor_hmos/app/ame/web_engine/src/main/ets/components/WebNodeHandleWindow.ets:54:42
 Classes cannot be used as objects (arkts-no-classes-as-obj)
[39m[39m
[33mWARN: [33m[33mArkTS:WARN File: /Volumes/Execute/Files/project/ame_new/archive_markdown_editor_hmos/app/ame/web_engine/src/main/ets/components/WebNodeHandleWindow.ets:55:39
 Classes cannot be used as objects (arkts-no-classes-as-obj)
[39m[39m
[33mWARN: [33m[33mArkTS:WARN File: /Volumes/Execute/Files/project/ame_new/archive_markdown_editor_hmos/app/ame/web_engine/src/main/ets/components/WebNodeHandleWindow.ets:56:43
 Classes cannot be used as objects (arkts-no-classes-as-obj)
[39m[39m
[33mWARN: [33m[33mArkTS:WARN File: /Volumes/Execute/Files/project/ame_new/archive_markdown_editor_hmos/app/ame/web_engine/src/main/ets/components/WebNodeHandleWindow.ets:59:39
 Classes cannot be used as objects (arkts-no-classes-as-obj)
[39m[39m
[33mWARN: [33m[33mArkTS:WARN File: /Volumes/Execute/Files/project/ame_new/archive_markdown_editor_hmos/app/ame/web_engine/src/main/ets/components/WebNodeHandleSubWindow.ets:48:42
 Classes cannot be used as objects (arkts-no-classes-as-obj)
[39m[39m
[33mWARN: [33m[33mArkTS:WARN: For details about ArkTS syntax errors, see FAQs[39m[39m
[33mWARN: [33m[33mArkTS:WARN File: /Volumes/Execute/Files/project/ame_new/archive_markdown_editor_hmos/app/ame/web_engine/src/main/ets/adapter/DialogAdapter.ets:96:17
 'show' has been deprecated.
[39m[39m
[33mWARN: [33m[33mArkTS:WARN File: /Volumes/Execute/Files/project/ame_new/archive_markdown_editor_hmos/app/ame/web_engine/src/main/ets/adapter/DialogAdapter.ets:121:29
 The system capacity of this api 'selectMode' is not supported on all devices
[39m[39m
[33mWARN: [33m[33mArkTS:WARN File: /Volumes/Execute/Files/project/ame_new/archive_markdown_editor_hmos/app/ame/web_engine/src/main/ets/adapter/DialogAdapter.ets:121:49
 The system capacity of this api 'DocumentSelectMode' is not supported on all devices
[39m[39m
[33mWARN: [33m[33mArkTS:WARN File: /Volumes/Execute/Files/project/ame_new/archive_markdown_editor_hmos/app/ame/web_engine/src/main/ets/adapter/DialogAdapter.ets:121:68
 The system capacity of this api 'FOLDER' is not supported on all devices
[39m[39m
[33mWARN: [33m[33mArkTS:WARN File: /Volumes/Execute/Files/project/ame_new/archive_markdown_editor_hmos/app/ame/web_engine/src/main/ets/adapter/DialogAdapter.ets:123:31
 The system capacity of this api 'selectMode' is not supported on all devices
[39m[39m
[33mWARN: [33m[33mArkTS:WARN File: /Volumes/Execute/Files/project/ame_new/archive_markdown_editor_hmos/app/ame/web_engine/src/main/ets/adapter/DialogAdapter.ets:123:51
 The system capacity of this api 'DocumentSelectMode' is not supported on all devices
[39m[39m
[33mWARN: [33m[33mArkTS:WARN File: /Volumes/Execute/Files/project/ame_new/archive_markdown_editor_hmos/app/ame/web_engine/src/main/ets/adapter/DialogAdapter.ets:123:70
 The system capacity of this api 'MIXED' is not supported on all devices
[39m[39m
[33mWARN: [33m[33mArkTS:WARN File: /Volumes/Execute/Files/project/ame_new/archive_markdown_editor_hmos/app/ame/web_engine/src/main/ets/adapter/DialogAdapter.ets:129:30
 Function may throw exceptions. Special handling is required.
[39m[39m
[33mWARN: [33m[33mArkTS:WARN File: /Volumes/Execute/Files/project/ame_new/archive_markdown_editor_hmos/app/ame/web_engine/src/main/ets/adapter/DialogAdapter.ets:162:30
 Function may throw exceptions. Special handling is required.
[39m[39m
[33mWARN: [33m[33mArkTS:WARN File: /Volumes/Execute/Files/project/ame_new/archive_markdown_editor_hmos/app/ame/web_engine/src/main/ets/adapter/NativeThemeAdapter.ets:56:5
 Function may throw exceptions. Special handling is required.
[39m[39m
[33mWARN: [33m[33mArkTS:WARN File: /Volumes/Execute/Files/project/ame_new/archive_markdown_editor_hmos/app/ame/web_engine/src/main/ets/adapter/AppLifecycleAdapter.ets:48:7
 Function may throw exceptions. Special handling is required.
[39m[39m
[33mWARN: [33m[33mArkTS:WARN File: /Volumes/Execute/Files/project/ame_new/archive_markdown_editor_hmos/app/ame/web_engine/src/main/ets/adapter/PermissionManagerAdapter.ets:236:15
 To use this API, you need to apply for the permissions: ohos.permission.FILE_ACCESS_PERSIST
[39m[39m
[33mWARN: [33m[33mArkTS:WARN File: /Volumes/Execute/Files/project/ame_new/archive_markdown_editor_hmos/app/ame/web_engine/src/main/ets/adapter/PermissionManagerAdapter.ets:260:15
 To use this API, you need to apply for the permissions: ohos.permission.FILE_ACCESS_PERSIST
[39m[39m
[33mWARN: [33m[33mArkTS:WARN File: /Volumes/Execute/Files/project/ame_new/archive_markdown_editor_hmos/app/ame/web_engine/src/main/ets/adapter/PermissionManagerAdapter.ets:299:37
 Function may throw exceptions. Special handling is required.
[39m[39m
[33mWARN: [33m[33mArkTS:WARN File: /Volumes/Execute/Files/project/ame_new/archive_markdown_editor_hmos/app/ame/web_engine/src/main/ets/adapter/PermissionManagerAdapter.ets:300:39
 Function may throw exceptions. Special handling is required.
[39m[39m
[33mWARN: [33m[33mArkTS:WARN File: /Volumes/Execute/Files/project/ame_new/archive_markdown_editor_hmos/app/ame/web_engine/src/main/ets/adapter/PermissionManagerAdapter.ets:301:37
 Function may throw exceptions. Special handling is required.
[39m[39m
[33mWARN: [33m[33mArkTS:WARN File: /Volumes/Execute/Files/project/ame_new/archive_markdown_editor_hmos/app/ame/web_engine/src/main/ets/adapter/PermissionManagerAdapter.ets:303:39
 Function may throw exceptions. Special handling is required.
[39m[39m
[33mWARN: [33m[33mArkTS:WARN File: /Volumes/Execute/Files/project/ame_new/archive_markdown_editor_hmos/app/ame/web_engine/src/main/ets/adapter/PermissionManagerAdapter.ets:304:38
 Function may throw exceptions. Special handling is required.
[39m[39m
[33mWARN: [33m[33mArkTS:WARN File: /Volumes/Execute/Files/project/ame_new/archive_markdown_editor_hmos/app/ame/web_engine/src/main/ets/adapter/PermissionManagerAdapter.ets:308:37
 Function may throw exceptions. Special handling is required.
[39m[39m
[33mWARN: [33m[33mArkTS:WARN File: /Volumes/Execute/Files/project/ame_new/archive_markdown_editor_hmos/app/ame/web_engine/src/main/ets/adapter/PermissionManagerAdapter.ets:309:39
 Function may throw exceptions. Special handling is required.
[39m[39m
[33mWARN: [33m[33mArkTS:WARN File: /Volumes/Execute/Files/project/ame_new/archive_markdown_editor_hmos/app/ame/web_engine/src/main/ets/adapter/PermissionManagerAdapter.ets:310:37
 Function may throw exceptions. Special handling is required.
[39m[39m
[33mWARN: [33m[33mArkTS:WARN File: /Volumes/Execute/Files/project/ame_new/archive_markdown_editor_hmos/app/ame/web_engine/src/main/ets/adapter/PermissionManagerAdapter.ets:312:39
 Function may throw exceptions. Special handling is required.
[39m[39m
[33mWARN: [33m[33mArkTS:WARN File: /Volumes/Execute/Files/project/ame_new/archive_markdown_editor_hmos/app/ame/web_engine/src/main/ets/adapter/PermissionManagerAdapter.ets:313:38
 Function may throw exceptions. Special handling is required.
[39m[39m
[33mWARN: [33m[33mArkTS:WARN File: /Volumes/Execute/Files/project/ame_new/archive_markdown_editor_hmos/app/ame/web_engine/src/main/ets/adapter/PermissionManagerAdapter.ets:317:18
 'showDialog' has been deprecated.
[39m[39m
[33mWARN: [33m[33mArkTS:WARN File: /Volumes/Execute/Files/project/ame_new/archive_markdown_editor_hmos/app/ame/web_engine/src/main/ets/adapter/AppWindowAdapter.ets:106:24
 Function may throw exceptions. Special handling is required.
[39m[39m
[33mWARN: [33m[33mArkTS:WARN File: /Volumes/Execute/Files/project/ame_new/archive_markdown_editor_hmos/app/ame/web_engine/src/main/ets/adapter/AppWindowAdapter.ets:111:21
 Function may throw exceptions. Special handling is required.
[39m[39m
[33mWARN: [33m[33mArkTS:WARN File: /Volumes/Execute/Files/project/ame_new/archive_markdown_editor_hmos/app/ame/web_engine/src/main/ets/adapter/AppWindowAdapter.ets:176:9
 Function may throw exceptions. Special handling is required.
[39m[39m
[33mWARN: [33m[33mArkTS:WARN File: /Volumes/Execute/Files/project/ame_new/archive_markdown_editor_hmos/app/ame/web_engine/src/main/ets/adapter/AppWindowAdapter.ets:180:7
 Function may throw exceptions. Special handling is required.
[39m[39m
[33mWARN: [33m[33mArkTS:WARN File: /Volumes/Execute/Files/project/ame_new/archive_markdown_editor_hmos/app/ame/web_engine/src/main/ets/adapter/AppWindowAdapter.ets:182:7
 Function may throw exceptions. Special handling is required.
[39m[39m
[33mWARN: [33m[33mArkTS:WARN File: /Volumes/Execute/Files/project/ame_new/archive_markdown_editor_hmos/app/ame/web_engine/src/main/ets/adapter/AppWindowAdapter.ets:194:9
 Function may throw exceptions. Special handling is required.
[39m[39m
[33mWARN: [33m[33mArkTS:WARN File: /Volumes/Execute/Files/project/ame_new/archive_markdown_editor_hmos/app/ame/web_engine/src/main/ets/adapter/AppWindowAdapter.ets:206:9
 Function may throw exceptions. Special handling is required.
[39m[39m
[33mWARN: [33m[33mArkTS:WARN File: /Volumes/Execute/Files/project/ame_new/archive_markdown_editor_hmos/app/ame/web_engine/src/main/ets/adapter/AppWindowAdapter.ets:220:9
 Function may throw exceptions. Special handling is required.
[39m[39m
[33mWARN: [33m[33mArkTS:WARN File: /Volumes/Execute/Files/project/ame_new/archive_markdown_editor_hmos/app/ame/web_engine/src/main/ets/adapter/AppWindowAdapter.ets:237:19
 Function may throw exceptions. Special handling is required.
[39m[39m
[33mWARN: [33m[33mArkTS:WARN File: /Volumes/Execute/Files/project/ame_new/archive_markdown_editor_hmos/app/ame/web_engine/src/main/ets/adapter/AppWindowAdapter.ets:237:32
 To use this API, you need to apply for the permissions: ohos.permission.WINDOW_TOPMOST
[39m[39m
[33mWARN: [33m[33mArkTS:WARN File: /Volumes/Execute/Files/project/ame_new/archive_markdown_editor_hmos/app/ame/web_engine/src/main/ets/adapter/AppWindowAdapter.ets:340:24
 Function may throw exceptions. Special handling is required.
[39m[39m
[33mWARN: [33m[33mArkTS:WARN File: /Volumes/Execute/Files/project/ame_new/archive_markdown_editor_hmos/app/ame/web_engine/src/main/ets/adapter/AppWindowAdapter.ets:400:24
 Function may throw exceptions. Special handling is required.
[39m[39m
[33mWARN: [33m[33mArkTS:WARN File: /Volumes/Execute/Files/project/ame_new/archive_markdown_editor_hmos/app/ame/web_engine/src/main/ets/adapter/AppWindowAdapter.ets:429:9
 Function may throw exceptions. Special handling is required.
[39m[39m
[33mWARN: [33m[33mArkTS:WARN File: /Volumes/Execute/Files/project/ame_new/archive_markdown_editor_hmos/app/ame/web_engine/src/main/ets/adapter/AppWindowAdapter.ets:533:7
 Function may throw exceptions. Special handling is required.
[39m[39m
[33mWARN: [33m[33mArkTS:WARN File: /Volumes/Execute/Files/project/ame_new/archive_markdown_editor_hmos/app/ame/web_engine/src/main/ets/adapter/AppWindowAdapter.ets:546:7
 Function may throw exceptions. Special handling is required.
[39m[39m
[33mWARN: [33m[33mArkTS:WARN File: /Volumes/Execute/Files/project/ame_new/archive_markdown_editor_hmos/app/ame/web_engine/src/main/ets/adapter/AppWindowAdapter.ets:555:20
 To use this API, you need to apply for the permissions: ohos.permission.PRIVACY_WINDOW
[39m[39m
[33mWARN: [33m[33mArkTS:WARN File: /Volumes/Execute/Files/project/ame_new/archive_markdown_editor_hmos/app/ame/web_engine/src/main/ets/adapter/AppWindowAdapter.ets:646:5
 Function may throw exceptions. Special handling is required.
[39m[39m
[33mWARN: [33m[33mArkTS:WARN File: /Volumes/Execute/Files/project/ame_new/archive_markdown_editor_hmos/app/ame/web_engine/src/main/ets/adapter/AppWindowAdapter.ets:652:16
 Function may throw exceptions. Special handling is required.
[39m[39m
[33mWARN: [33m[33mArkTS:WARN File: /Volumes/Execute/Files/project/ame_new/archive_markdown_editor_hmos/app/ame/web_engine/src/main/ets/adapter/AppWindowAdapter.ets:743:12
 To use this API, you need to apply for the permissions: ohos.permission.SYSTEM_FLOAT_WINDOW
[39m[39m
[33mWARN: [33m[33mArkTS:WARN File: /Volumes/Execute/Files/project/ame_new/archive_markdown_editor_hmos/app/ame/web_engine/src/main/ets/adapter/AppWindowAdapter.ets:796:20
 Function may throw exceptions. Special handling is required.
[39m[39m
[33mWARN: [33m[33mArkTS:WARN File: /Volumes/Execute/Files/project/ame_new/archive_markdown_editor_hmos/app/ame/web_engine/src/main/ets/adapter/BluetoothAdapter.ets:38:32
 To use this API, you need to apply for the permissions: ohos.permission.ACCESS_BLUETOOTH
[39m[39m
[33mWARN: [33m[33mArkTS:WARN File: /Volumes/Execute/Files/project/ame_new/archive_markdown_editor_hmos/app/ame/web_engine/src/main/ets/adapter/BluetoothAdapter.ets:49:18
 'setLocalName' has been deprecated.
[39m[39m
[33mWARN: [33m[33mArkTS:WARN File: /Volumes/Execute/Files/project/ame_new/archive_markdown_editor_hmos/app/ame/web_engine/src/main/ets/adapter/BluetoothAdapter.ets:49:18
 To use this API, you need to apply for the permissions: ohos.permission.ACCESS_BLUETOOTH
[39m[39m
[33mWARN: [33m[33mArkTS:WARN File: /Volumes/Execute/Files/project/ame_new/archive_markdown_editor_hmos/app/ame/web_engine/src/main/ets/adapter/BluetoothAdapter.ets:73:16
 To use this API, you need to apply for the permissions: ohos.permission.ACCESS_BLUETOOTH
[39m[39m
[33mWARN: [33m[33mArkTS:WARN File: /Volumes/Execute/Files/project/ame_new/archive_markdown_editor_hmos/app/ame/web_engine/src/main/ets/adapter/BluetoothAdapter.ets:84:16
 To use this API, you need to apply for the permissions: ohos.permission.ACCESS_BLUETOOTH
[39m[39m
[33mWARN: [33m[33mArkTS:WARN File: /Volumes/Execute/Files/project/ame_new/archive_markdown_editor_hmos/app/ame/web_engine/src/main/ets/adapter/BluetoothAdapter.ets:117:54
 To use this API, you need to apply for the permissions: ohos.permission.ACCESS_BLUETOOTH
[39m[39m
[33mWARN: [33m[33mArkTS:WARN File: /Volumes/Execute/Files/project/ame_new/archive_markdown_editor_hmos/app/ame/web_engine/src/main/ets/adapter/BluetoothAdapter.ets:128:18
 To use this API, you need to apply for the permissions: ohos.permission.ACCESS_BLUETOOTH
[39m[39m
[33mWARN: [33m[33mArkTS:WARN File: /Volumes/Execute/Files/project/ame_new/archive_markdown_editor_hmos/app/ame/web_engine/src/main/ets/adapter/BluetoothAdapter.ets:137:18
 To use this API, you need to apply for the permissions: ohos.permission.ACCESS_BLUETOOTH
[39m[39m
[33mWARN: [33m[33mArkTS:WARN File: /Volumes/Execute/Files/project/ame_new/archive_markdown_editor_hmos/app/ame/web_engine/src/main/ets/adapter/BluetoothAdapter.ets:146:18
 To use this API, you need to apply for the permissions: ohos.permission.ACCESS_BLUETOOTH
[39m[39m
[33mWARN: [33m[33mArkTS:WARN File: /Volumes/Execute/Files/project/ame_new/archive_markdown_editor_hmos/app/ame/web_engine/src/main/ets/adapter/BluetoothAdapter.ets:158:18
 To use this API, you need to apply for the permissions: ohos.permission.ACCESS_BLUETOOTH
[39m[39m
[33mWARN: [33m[33mArkTS:WARN File: /Volumes/Execute/Files/project/ame_new/archive_markdown_editor_hmos/app/ame/web_engine/src/main/ets/adapter/BluetoothAdapter.ets:167:18
 To use this API, you need to apply for the permissions: ohos.permission.ACCESS_BLUETOOTH
[39m[39m
[33mWARN: [33m[33mArkTS:WARN File: /Volumes/Execute/Files/project/ame_new/archive_markdown_editor_hmos/app/ame/web_engine/src/main/ets/adapter/BluetoothAdapter.ets:177:37
 To use this API, you need to apply for the permissions: ohos.permission.ACCESS_BLUETOOTH
[39m[39m
[33mWARN: [33m[33mArkTS:WARN File: /Volumes/Execute/Files/project/ame_new/archive_markdown_editor_hmos/app/ame/web_engine/src/main/ets/adapter/BluetoothAdapter.ets:188:57
 To use this API, you need to apply for the permissions: ohos.permission.ACCESS_BLUETOOTH
[39m[39m
[33mWARN: [33m[33mArkTS:WARN File: /Volumes/Execute/Files/project/ame_new/archive_markdown_editor_hmos/app/ame/web_engine/src/main/ets/adapter/BluetoothAdapter.ets:213:18
 To use this API, you need to apply for the permissions: ohos.permission.ACCESS_BLUETOOTH
[39m[39m
[33mWARN: [33m[33mArkTS:WARN File: /Volumes/Execute/Files/project/ame_new/archive_markdown_editor_hmos/app/ame/web_engine/src/main/ets/adapter/BluetoothAdapter.ets:231:28
 To use this API, you need to apply for the permissions: ohos.permission.ACCESS_BLUETOOTH
[39m[39m
[33mWARN: [33m[33mArkTS:WARN File: /Volumes/Execute/Files/project/ame_new/archive_markdown_editor_hmos/app/ame/web_engine/src/main/ets/adapter/BluetoothAdapter.ets:241:18
 To use this API, you need to apply for the permissions: ohos.permission.ACCESS_BLUETOOTH
[39m[39m
[33mWARN: [33m[33mArkTS:WARN File: /Volumes/Execute/Files/project/ame_new/archive_markdown_editor_hmos/app/ame/web_engine/src/main/ets/adapter/BluetoothAdapter.ets:261:34
 To use this API, you need to apply for the permissions: ohos.permission.ACCESS_BLUETOOTH
[39m[39m
[33mWARN: [33m[33mArkTS:WARN File: /Volumes/Execute/Files/project/ame_new/archive_markdown_editor_hmos/app/ame/web_engine/src/main/ets/adapter/BluetoothAdapter.ets:273:56
 To use this API, you need to apply for the permissions: ohos.permission.ACCESS_BLUETOOTH
[39m[39m
[33mWARN: [33m[33mArkTS:WARN File: /Volumes/Execute/Files/project/ame_new/archive_markdown_editor_hmos/app/ame/web_engine/src/main/ets/adapter/BluetoothLowEnergyAdapter.ets:68:11
 To use this API, you need to apply for the permissions: ohos.permission.ACCESS_BLUETOOTH
[39m[39m
[33mWARN: [33m[33mArkTS:WARN File: /Volumes/Execute/Files/project/ame_new/archive_markdown_editor_hmos/app/ame/web_engine/src/main/ets/adapter/BluetoothLowEnergyAdapter.ets:77:11
 To use this API, you need to apply for the permissions: ohos.permission.ACCESS_BLUETOOTH
[39m[39m
[33mWARN: [33m[33mArkTS:WARN File: /Volumes/Execute/Files/project/ame_new/archive_markdown_editor_hmos/app/ame/web_engine/src/main/ets/adapter/BluetoothLowEnergyAdapter.ets:93:11
 To use this API, you need to apply for the permissions: ohos.permission.ACCESS_BLUETOOTH
[39m[39m
[33mWARN: [33m[33mArkTS:WARN File: /Volumes/Execute/Files/project/ame_new/archive_markdown_editor_hmos/app/ame/web_engine/src/main/ets/adapter/BluetoothLowEnergyAdapter.ets:103:11
 To use this API, you need to apply for the permissions: ohos.permission.ACCESS_BLUETOOTH
[39m[39m
[33mWARN: [33m[33mArkTS:WARN File: /Volumes/Execute/Files/project/ame_new/archive_markdown_editor_hmos/app/ame/web_engine/src/main/ets/adapter/BluetoothLowEnergyAdapter.ets:111:9
 Function may throw exceptions. Special handling is required.
[39m[39m
[33mWARN: [33m[33mArkTS:WARN File: /Volumes/Execute/Files/project/ame_new/archive_markdown_editor_hmos/app/ame/web_engine/src/main/ets/adapter/BluetoothLowEnergyAdapter.ets:117:14
 To use this API, you need to apply for the permissions: ohos.permission.ACCESS_BLUETOOTH
[39m[39m
[33mWARN: [33m[33mArkTS:WARN File: /Volumes/Execute/Files/project/ame_new/archive_markdown_editor_hmos/app/ame/web_engine/src/main/ets/adapter/BluetoothLowEnergyAdapter.ets:126:14
 To use this API, you need to apply for the permissions: ohos.permission.ACCESS_BLUETOOTH
[39m[39m
[33mWARN: [33m[33mArkTS:WARN File: /Volumes/Execute/Files/project/ame_new/archive_markdown_editor_hmos/app/ame/web_engine/src/main/ets/adapter/BluetoothLowEnergyAdapter.ets:134:10
 Function may throw exceptions. Special handling is required.
[39m[39m
[33mWARN: [33m[33mArkTS:WARN File: /Volumes/Execute/Files/project/ame_new/archive_markdown_editor_hmos/app/ame/web_engine/src/main/ets/adapter/BluetoothLowEnergyAdapter.ets:138:40
 Function may throw exceptions. Special handling is required.
[39m[39m
[33mWARN: [33m[33mArkTS:WARN File: /Volumes/Execute/Files/project/ame_new/archive_markdown_editor_hmos/app/ame/web_engine/src/main/ets/adapter/BluetoothLowEnergyAdapter.ets:140:14
 To use this API, you need to apply for the permissions: ohos.permission.ACCESS_BLUETOOTH
[39m[39m
[33mWARN: [33m[33mArkTS:WARN File: /Volumes/Execute/Files/project/ame_new/archive_markdown_editor_hmos/app/ame/web_engine/src/main/ets/adapter/BluetoothLowEnergyAdapter.ets:141:14
 To use this API, you need to apply for the permissions: ohos.permission.ACCESS_BLUETOOTH
[39m[39m
[33mWARN: [33m[33mArkTS:WARN File: /Volumes/Execute/Files/project/ame_new/archive_markdown_editor_hmos/app/ame/web_engine/src/main/ets/adapter/BluetoothLowEnergyAdapter.ets:151:11
 To use this API, you need to apply for the permissions: ohos.permission.ACCESS_BLUETOOTH
[39m[39m
[33mWARN: [33m[33mArkTS:WARN File: /Volumes/Execute/Files/project/ame_new/archive_markdown_editor_hmos/app/ame/web_engine/src/main/ets/adapter/BluetoothLowEnergyAdapter.ets:160:11
 To use this API, you need to apply for the permissions: ohos.permission.ACCESS_BLUETOOTH
[39m[39m
[33mWARN: [33m[33mArkTS:WARN File: /Volumes/Execute/Files/project/ame_new/archive_markdown_editor_hmos/app/ame/web_engine/src/main/ets/adapter/BluetoothLowEnergyAdapter.ets:214:11
 To use this API, you need to apply for the permissions: ohos.permission.ACCESS_BLUETOOTH
[39m[39m
[33mWARN: [33m[33mArkTS:WARN File: /Volumes/Execute/Files/project/ame_new/archive_markdown_editor_hmos/app/ame/web_engine/src/main/ets/adapter/BluetoothLowEnergyAdapter.ets:226:11
 To use this API, you need to apply for the permissions: ohos.permission.ACCESS_BLUETOOTH
[39m[39m
[33mWARN: [33m[33mArkTS:WARN File: /Volumes/Execute/Files/project/ame_new/archive_markdown_editor_hmos/app/ame/web_engine/src/main/ets/adapter/BluetoothLowEnergyAdapter.ets:242:5
 Function may throw exceptions. Special handling is required.
[39m[39m
[33mWARN: [33m[33mArkTS:WARN File: /Volumes/Execute/Files/project/ame_new/archive_markdown_editor_hmos/app/ame/web_engine/src/main/ets/adapter/BluetoothLowEnergyAdapter.ets:247:5
 Function may throw exceptions. Special handling is required.
[39m[39m
[33mWARN: [33m[33mArkTS:WARN File: /Volumes/Execute/Files/project/ame_new/archive_markdown_editor_hmos/app/ame/web_engine/src/main/ets/adapter/BluetoothLowEnergyAdapter.ets:253:9
 Function may throw exceptions. Special handling is required.
[39m[39m
[33mWARN: [33m[33mArkTS:WARN File: /Volumes/Execute/Files/project/ame_new/archive_markdown_editor_hmos/app/ame/web_engine/src/main/ets/adapter/BluetoothLowEnergyAdapter.ets:254:20
 Function may throw exceptions. Special handling is required.
[39m[39m
[33mWARN: [33m[33mArkTS:WARN File: /Volumes/Execute/Files/project/ame_new/archive_markdown_editor_hmos/app/ame/web_engine/src/main/ets/adapter/BluetoothLowEnergyAdapter.ets:259:12
 Function may throw exceptions. Special handling is required.
[39m[39m
[33mWARN: [33m[33mArkTS:WARN File: /Volumes/Execute/Files/project/ame_new/archive_markdown_editor_hmos/app/ame/web_engine/src/main/ets/adapter/BluetoothLowEnergyAdapter.ets:264:5
 Function may throw exceptions. Special handling is required.
[39m[39m
[33mWARN: [33m[33mArkTS:WARN File: /Volumes/Execute/Files/project/ame_new/archive_markdown_editor_hmos/app/ame/web_engine/src/main/ets/adapter/BluetoothLowEnergyAdapter.ets:264:12
 To use this API, you need to apply for the permissions: ohos.permission.ACCESS_BLUETOOTH
[39m[39m
[33mWARN: [33m[33mArkTS:WARN File: /Volumes/Execute/Files/project/ame_new/archive_markdown_editor_hmos/app/ame/web_engine/src/main/ets/adapter/BluetoothLowEnergyAdapter.ets:283:26
 Function may throw exceptions. Special handling is required.
[39m[39m
[33mWARN: [33m[33mArkTS:WARN File: /Volumes/Execute/Files/project/ame_new/archive_markdown_editor_hmos/app/ame/web_engine/src/main/ets/adapter/BluetoothLowEnergyAdapter.ets:290:57
 To use this API, you need to apply for the permissions: ohos.permission.ACCESS_BLUETOOTH
[39m[39m
[33mWARN: [33m[33mArkTS:WARN File: /Volumes/Execute/Files/project/ame_new/archive_markdown_editor_hmos/app/ame/web_engine/src/main/ets/adapter/BluetoothLowEnergyAdapter.ets:301:26
 Function may throw exceptions. Special handling is required.
[39m[39m
[33mWARN: [33m[33mArkTS:WARN File: /Volumes/Execute/Files/project/ame_new/archive_markdown_editor_hmos/app/ame/web_engine/src/main/ets/adapter/BluetoothLowEnergyAdapter.ets:309:57
 To use this API, you need to apply for the permissions: ohos.permission.ACCESS_BLUETOOTH
[39m[39m
[33mWARN: [33m[33mArkTS:WARN File: /Volumes/Execute/Files/project/ame_new/archive_markdown_editor_hmos/app/ame/web_engine/src/main/ets/adapter/BluetoothLowEnergyAdapter.ets:320:26
 Function may throw exceptions. Special handling is required.
[39m[39m
[33mWARN: [33m[33mArkTS:WARN File: /Volumes/Execute/Files/project/ame_new/archive_markdown_editor_hmos/app/ame/web_engine/src/main/ets/adapter/BluetoothLowEnergyAdapter.ets:329:59
 To use this API, you need to apply for the permissions: ohos.permission.ACCESS_BLUETOOTH
[39m[39m
[33mWARN: [33m[33mArkTS:WARN File: /Volumes/Execute/Files/project/ame_new/archive_markdown_editor_hmos/app/ame/web_engine/src/main/ets/adapter/BluetoothLowEnergyAdapter.ets:331:59
 To use this API, you need to apply for the permissions: ohos.permission.ACCESS_BLUETOOTH
[39m[39m
[33mWARN: [33m[33mArkTS:WARN File: /Volumes/Execute/Files/project/ame_new/archive_markdown_editor_hmos/app/ame/web_engine/src/main/ets/adapter/BluetoothLowEnergyAdapter.ets:343:22
 Function may throw exceptions. Special handling is required.
[39m[39m
[33mWARN: [33m[33mArkTS:WARN File: /Volumes/Execute/Files/project/ame_new/archive_markdown_editor_hmos/app/ame/web_engine/src/main/ets/adapter/BluetoothLowEnergyAdapter.ets:350:57
 To use this API, you need to apply for the permissions: ohos.permission.ACCESS_BLUETOOTH
[39m[39m
[33mWARN: [33m[33mArkTS:WARN File: /Volumes/Execute/Files/project/ame_new/archive_markdown_editor_hmos/app/ame/web_engine/src/main/ets/adapter/BluetoothLowEnergyAdapter.ets:361:26
 Function may throw exceptions. Special handling is required.
[39m[39m
[33mWARN: [33m[33mArkTS:WARN File: /Volumes/Execute/Files/project/ame_new/archive_markdown_editor_hmos/app/ame/web_engine/src/main/ets/adapter/BluetoothLowEnergyAdapter.ets:367:18
 Function may throw exceptions. Special handling is required.
[39m[39m
[33mWARN: [33m[33mArkTS:WARN File: /Volumes/Execute/Files/project/ame_new/archive_markdown_editor_hmos/app/ame/web_engine/src/main/ets/adapter/BluetoothLowEnergyAdapter.ets:373:5
 Function may throw exceptions. Special handling is required.
[39m[39m
[33mWARN: [33m[33mArkTS:WARN File: /Volumes/Execute/Files/project/ame_new/archive_markdown_editor_hmos/app/ame/web_engine/src/main/ets/adapter/BluetoothLowEnergyAdapter.ets:373:12
 To use this API, you need to apply for the permissions: ohos.permission.ACCESS_BLUETOOTH
[39m[39m
[33mWARN: [33m[33mArkTS:WARN File: /Volumes/Execute/Files/project/ame_new/archive_markdown_editor_hmos/app/ame/web_engine/src/main/ets/adapter/BluetoothLowEnergyAdapter.ets:374:5
 Function may throw exceptions. Special handling is required.
[39m[39m
[33mWARN: [33m[33mArkTS:WARN File: /Volumes/Execute/Files/project/ame_new/archive_markdown_editor_hmos/app/ame/web_engine/src/main/ets/adapter/BluetoothLowEnergyAdapter.ets:375:5
 Function may throw exceptions. Special handling is required.
[39m[39m
[33mWARN: [33m[33mArkTS:WARN File: /Volumes/Execute/Files/project/ame_new/archive_markdown_editor_hmos/app/ame/web_engine/src/main/ets/adapter/BluetoothLowEnergyAdapter.ets:375:12
 To use this API, you need to apply for the permissions: ohos.permission.ACCESS_BLUETOOTH
[39m[39m
[33mWARN: [33m[33mArkTS:WARN File: /Volumes/Execute/Files/project/ame_new/archive_markdown_editor_hmos/app/ame/web_engine/src/main/ets/adapter/BluetoothLowEnergyAdapter.ets:388:18
 Function may throw exceptions. Special handling is required.
[39m[39m
[33mWARN: [33m[33mArkTS:WARN File: /Volumes/Execute/Files/project/ame_new/archive_markdown_editor_hmos/app/ame/web_engine/src/main/ets/adapter/BluetoothLowEnergyAdapter.ets:394:5
 Function may throw exceptions. Special handling is required.
[39m[39m
[33mWARN: [33m[33mArkTS:WARN File: /Volumes/Execute/Files/project/ame_new/archive_markdown_editor_hmos/app/ame/web_engine/src/main/ets/adapter/BluetoothLowEnergyAdapter.ets:397:16
 To use this API, you need to apply for the permissions: ohos.permission.ACCESS_BLUETOOTH
[39m[39m
[33mWARN: [33m[33mArkTS:WARN File: /Volumes/Execute/Files/project/ame_new/archive_markdown_editor_hmos/app/ame/web_engine/src/main/ets/adapter/BluetoothLowEnergyAdapter.ets:410:22
 Function may throw exceptions. Special handling is required.
[39m[39m
[33mWARN: [33m[33mArkTS:WARN File: /Volumes/Execute/Files/project/ame_new/archive_markdown_editor_hmos/app/ame/web_engine/src/main/ets/adapter/BluetoothLowEnergyAdapter.ets:417:57
 To use this API, you need to apply for the permissions: ohos.permission.ACCESS_BLUETOOTH
[39m[39m
[33mWARN: [33m[33mArkTS:WARN File: /Volumes/Execute/Files/project/ame_new/archive_markdown_editor_hmos/app/ame/web_engine/src/main/ets/adapter/BluetoothLowEnergyAdapter.ets:443:19
 Function may throw exceptions. Special handling is required.
[39m[39m
[33mWARN: [33m[33mArkTS:WARN File: /Volumes/Execute/Files/project/ame_new/archive_markdown_editor_hmos/app/ame/web_engine/src/main/ets/adapter/BluetoothLowEnergyAdapter.ets:483:26
 Function may throw exceptions. Special handling is required.
[39m[39m
[33mWARN: [33m[33mArkTS:WARN File: /Volumes/Execute/Files/project/ame_new/archive_markdown_editor_hmos/app/ame/web_engine/src/main/ets/adapter/BrowserPolicyAdapter.ets:22:40
 'decodeWithStream' has been deprecated.
[39m[39m
[33mWARN: [33m[33mArkTS:WARN File: /Volumes/Execute/Files/project/ame_new/archive_markdown_editor_hmos/app/ame/web_engine/src/main/ets/adapter/CertManagerAdapter.ets:45:15
 Function may throw exceptions. Special handling is required.
[39m[39m
[33mWARN: [33m[33mArkTS:WARN File: /Volumes/Execute/Files/project/ame_new/archive_markdown_editor_hmos/app/ame/web_engine/src/main/ets/adapter/CertManagerAdapter.ets:49:20
 Function may throw exceptions. Special handling is required.
[39m[39m
[33mWARN: [33m[33mArkTS:WARN File: /Volumes/Execute/Files/project/ame_new/archive_markdown_editor_hmos/app/ame/web_engine/src/main/ets/adapter/CertManagerAdapter.ets:50:16
 Function may throw exceptions. Special handling is required.
[39m[39m
[33mWARN: [33m[33mArkTS:WARN File: /Volumes/Execute/Files/project/ame_new/archive_markdown_editor_hmos/app/ame/web_engine/src/main/ets/adapter/CertManagerAdapter.ets:52:5
 Function may throw exceptions. Special handling is required.
[39m[39m
[33mWARN: [33m[33mArkTS:WARN File: /Volumes/Execute/Files/project/ame_new/archive_markdown_editor_hmos/app/ame/web_engine/src/main/ets/adapter/CertManagerAdapter.ets:53:5
 Function may throw exceptions. Special handling is required.
[39m[39m
[33mWARN: [33m[33mArkTS:WARN File: /Volumes/Execute/Files/project/ame_new/archive_markdown_editor_hmos/app/ame/web_engine/src/main/ets/adapter/CertManagerAdapter.ets:64:17
 To use this API, you need to apply for the permissions: ohos.permission.ACCESS_CERT_MANAGER
[39m[39m
[33mWARN: [33m[33mArkTS:WARN File: /Volumes/Execute/Files/project/ame_new/archive_markdown_editor_hmos/app/ame/web_engine/src/main/ets/adapter/CertManagerAdapter.ets:81:26
 To use this API, you need to apply for the permissions: ohos.permission.ACCESS_CERT_MANAGER
[39m[39m
[33mWARN: [33m[33mArkTS:WARN File: /Volumes/Execute/Files/project/ame_new/archive_markdown_editor_hmos/app/ame/web_engine/src/main/ets/adapter/CertManagerAdapter.ets:90:44
 To use this API, you need to apply for the permissions: ohos.permission.ACCESS_CERT_MANAGER
[39m[39m
[33mWARN: [33m[33mArkTS:WARN File: /Volumes/Execute/Files/project/ame_new/archive_markdown_editor_hmos/app/ame/web_engine/src/main/ets/adapter/CertManagerAdapter.ets:112:17
 To use this API, you need to apply for the permissions: ohos.permission.ACCESS_CERT_MANAGER
[39m[39m
[33mWARN: [33m[33mArkTS:WARN File: /Volumes/Execute/Files/project/ame_new/archive_markdown_editor_hmos/app/ame/web_engine/src/main/ets/adapter/CertManagerAdapter.ets:129:17
 To use this API, you need to apply for the permissions: ohos.permission.ACCESS_CERT_MANAGER
[39m[39m
[33mWARN: [33m[33mArkTS:WARN File: /Volumes/Execute/Files/project/ame_new/archive_markdown_editor_hmos/app/ame/web_engine/src/main/ets/adapter/CertManagerAdapter.ets:136:19
 To use this API, you need to apply for the permissions: ohos.permission.ACCESS_CERT_MANAGER
[39m[39m
[33mWARN: [33m[33mArkTS:WARN File: /Volumes/Execute/Files/project/ame_new/archive_markdown_editor_hmos/app/ame/web_engine/src/main/ets/adapter/CertManagerAdapter.ets:142:21
 To use this API, you need to apply for the permissions: ohos.permission.ACCESS_CERT_MANAGER
[39m[39m
[33mWARN: [33m[33mArkTS:WARN File: /Volumes/Execute/Files/project/ame_new/archive_markdown_editor_hmos/app/ame/web_engine/src/main/ets/adapter/CertManagerAdapter.ets:154:33
 Function may throw exceptions. Special handling is required.
[39m[39m
[33mWARN: [33m[33mArkTS:WARN File: /Volumes/Execute/Files/project/ame_new/archive_markdown_editor_hmos/app/ame/web_engine/src/main/ets/adapter/CertManagerAdapter.ets:176:15
 Function may throw exceptions. Special handling is required.
[39m[39m
[33mWARN: [33m[33mArkTS:WARN File: /Volumes/Execute/Files/project/ame_new/archive_markdown_editor_hmos/app/ame/web_engine/src/main/ets/adapter/CertManagerAdapter.ets:181:21
 Function may throw exceptions. Special handling is required.
[39m[39m
[33mWARN: [33m[33mArkTS:WARN File: /Volumes/Execute/Files/project/ame_new/archive_markdown_editor_hmos/app/ame/web_engine/src/main/ets/adapter/CertManagerAdapter.ets:201:32
 To use this API, you need to apply for the permissions: ohos.permission.ACCESS_CERT_MANAGER
[39m[39m
[33mWARN: [33m[33mArkTS:WARN File: /Volumes/Execute/Files/project/ame_new/archive_markdown_editor_hmos/app/ame/web_engine/src/main/ets/adapter/CursorAdapter.ets:44:22
 Function may throw exceptions. Special handling is required.
[39m[39m
[33mWARN: [33m[33mArkTS:WARN File: /Volumes/Execute/Files/project/ame_new/archive_markdown_editor_hmos/app/ame/web_engine/src/main/ets/adapter/DeviceAdapter.ets:115:12
 Function may throw exceptions. Special handling is required.
[39m[39m
[33mWARN: [33m[33mArkTS:WARN File: /Volumes/Execute/Files/project/ame_new/archive_markdown_editor_hmos/app/ame/web_engine/src/main/ets/adapter/DeviceUserAuthAdapter.ets:43:16
 To use this API, you need to apply for the permissions: ohos.permission.ACCESS_BIOMETRIC
[39m[39m
[33mWARN: [33m[33mArkTS:WARN File: /Volumes/Execute/Files/project/ame_new/archive_markdown_editor_hmos/app/ame/web_engine/src/main/ets/adapter/DeviceUserAuthAdapter.ets:56:16
 To use this API, you need to apply for the permissions: ohos.permission.ACCESS_BIOMETRIC
[39m[39m
[33mWARN: [33m[33mArkTS:WARN File: /Volumes/Execute/Files/project/ame_new/archive_markdown_editor_hmos/app/ame/web_engine/src/main/ets/adapter/DeviceUserAuthAdapter.ets:96:11
 Function may throw exceptions. Special handling is required.
[39m[39m
[33mWARN: [33m[33mArkTS:WARN File: /Volumes/Execute/Files/project/ame_new/archive_markdown_editor_hmos/app/ame/web_engine/src/main/ets/adapter/DeviceUserAuthAdapter.ets:107:24
 To use this API, you need to apply for the permissions: ohos.permission.ACCESS_BIOMETRIC or ohos.permission.USER_AUTH_FROM_BACKGROUND
[39m[39m
[33mWARN: [33m[33mArkTS:WARN File: /Volumes/Execute/Files/project/ame_new/archive_markdown_editor_hmos/app/ame/web_engine/src/main/ets/adapter/ElectronAppAdapter.ets:66:24
 'getSystemLocale' has been deprecated.
[39m[39m
[33mWARN: [33m[33mArkTS:WARN File: /Volumes/Execute/Files/project/ame_new/archive_markdown_editor_hmos/app/ame/web_engine/src/main/ets/adapter/ElectronAppAdapter.ets:113:5
 Function may throw exceptions. Special handling is required.
[39m[39m
[33mWARN: [33m[33mArkTS:WARN File: /Volumes/Execute/Files/project/ame_new/archive_markdown_editor_hmos/app/ame/web_engine/src/main/ets/adapter/ElectronAppAdapter.ets:126:5
 Function may throw exceptions. Special handling is required.
[39m[39m
[33mWARN: [33m[33mArkTS:WARN File: /Volumes/Execute/Files/project/ame_new/archive_markdown_editor_hmos/app/ame/web_engine/src/main/ets/adapter/FileManagerAdapter.ets:128:26
 To use this API, you need to apply for the permissions: ohos.permission.GET_FILE_ICON
[39m[39m
[33mWARN: [33m[33mArkTS:WARN File: /Volumes/Execute/Files/project/ame_new/archive_markdown_editor_hmos/app/ame/web_engine/src/main/ets/adapter/FilePickerAdapter.ets:50:30
 Function may throw exceptions. Special handling is required.
[39m[39m
[33mWARN: [33m[33mArkTS:WARN File: /Volumes/Execute/Files/project/ame_new/archive_markdown_editor_hmos/app/ame/web_engine/src/main/ets/adapter/FilePickerAdapter.ets:73:27
 The system capacity of this api 'selectMode' is not supported on all devices
[39m[39m
[33mWARN: [33m[33mArkTS:WARN File: /Volumes/Execute/Files/project/ame_new/archive_markdown_editor_hmos/app/ame/web_engine/src/main/ets/adapter/FilePickerAdapter.ets:73:47
 The system capacity of this api 'DocumentSelectMode' is not supported on all devices
[39m[39m
[33mWARN: [33m[33mArkTS:WARN File: /Volumes/Execute/Files/project/ame_new/archive_markdown_editor_hmos/app/ame/web_engine/src/main/ets/adapter/FilePickerAdapter.ets:73:66
 The system capacity of this api 'FOLDER' is not supported on all devices
[39m[39m
[33mWARN: [33m[33mArkTS:WARN File: /Volumes/Execute/Files/project/ame_new/archive_markdown_editor_hmos/app/ame/web_engine/src/main/ets/adapter/FilePickerAdapter.ets:99:30
 Function may throw exceptions. Special handling is required.
[39m[39m
[33mWARN: [33m[33mArkTS:WARN File: /Volumes/Execute/Files/project/ame_new/archive_markdown_editor_hmos/app/ame/web_engine/src/main/ets/adapter/FilePickerAdapter.ets:121:21
 Function may throw exceptions. Special handling is required.
[39m[39m
[33mWARN: [33m[33mArkTS:WARN File: /Volumes/Execute/Files/project/ame_new/archive_markdown_editor_hmos/app/ame/web_engine/src/main/ets/adapter/FilePickerAdapter.ets:178:30
 Function may throw exceptions. Special handling is required.
[39m[39m
[33mWARN: [33m[33mArkTS:WARN File: /Volumes/Execute/Files/project/ame_new/archive_markdown_editor_hmos/app/ame/web_engine/src/main/ets/adapter/FontAdapter.ets:18:42
 'getFontByName' has been deprecated.
[39m[39m
[33mWARN: [33m[33mArkTS:WARN File: /Volumes/Execute/Files/project/ame_new/archive_markdown_editor_hmos/app/ame/web_engine/src/main/ets/adapter/FontAdapter.ets:22:26
 'getSystemFontList' has been deprecated.
[39m[39m
[33mWARN: [33m[33mArkTS:WARN File: /Volumes/Execute/Files/project/ame_new/archive_markdown_editor_hmos/app/ame/web_engine/src/main/ets/adapter/FontAdapter.ets:45:26
 'getFontByName' has been deprecated.
[39m[39m
[33mWARN: [33m[33mArkTS:WARN File: /Volumes/Execute/Files/project/ame_new/archive_markdown_editor_hmos/app/ame/web_engine/src/main/ets/adapter/I18nAdapter.ets:25:22
 'Locale' has been deprecated.
[39m[39m
[33mWARN: [33m[33mArkTS:WARN File: /Volumes/Execute/Files/project/ame_new/archive_markdown_editor_hmos/app/ame/web_engine/src/main/ets/adapter/I18nAdapter.ets:25:32
 'language' has been deprecated.
[39m[39m
[33mWARN: [33m[33mArkTS:WARN File: /Volumes/Execute/Files/project/ame_new/archive_markdown_editor_hmos/app/ame/web_engine/src/main/ets/adapter/I18nAdapter.ets:30:22
 'Locale' has been deprecated.
[39m[39m
[33mWARN: [33m[33mArkTS:WARN File: /Volumes/Execute/Files/project/ame_new/archive_markdown_editor_hmos/app/ame/web_engine/src/main/ets/adapter/I18nAdapter.ets:30:32
 'region' has been deprecated.
[39m[39m
[33mWARN: [33m[33mArkTS:WARN File: /Volumes/Execute/Files/project/ame_new/archive_markdown_editor_hmos/app/ame/web_engine/src/main/ets/adapter/IMFAdapter.ets:143:5
 Function may throw exceptions. Special handling is required.
[39m[39m
[33mWARN: [33m[33mArkTS:WARN File: /Volumes/Execute/Files/project/ame_new/archive_markdown_editor_hmos/app/ame/web_engine/src/main/ets/adapter/IMFAdapter.ets:147:5
 Function may throw exceptions. Special handling is required.
[39m[39m
[33mWARN: [33m[33mArkTS:WARN File: /Volumes/Execute/Files/project/ame_new/archive_markdown_editor_hmos/app/ame/web_engine/src/main/ets/adapter/IMFAdapter.ets:150:5
 Function may throw exceptions. Special handling is required.
[39m[39m
[33mWARN: [33m[33mArkTS:WARN File: /Volumes/Execute/Files/project/ame_new/archive_markdown_editor_hmos/app/ame/web_engine/src/main/ets/adapter/IMFAdapter.ets:153:5
 Function may throw exceptions. Special handling is required.
[39m[39m
[33mWARN: [33m[33mArkTS:WARN File: /Volumes/Execute/Files/project/ame_new/archive_markdown_editor_hmos/app/ame/web_engine/src/main/ets/adapter/IMFAdapter.ets:156:5
 Function may throw exceptions. Special handling is required.
[39m[39m
[33mWARN: [33m[33mArkTS:WARN File: /Volumes/Execute/Files/project/ame_new/archive_markdown_editor_hmos/app/ame/web_engine/src/main/ets/adapter/MediaAdapter.ets:56:19
 'getContext' has been deprecated.
[39m[39m
[33mWARN: [33m[33mArkTS:WARN File: /Volumes/Execute/Files/project/ame_new/archive_markdown_editor_hmos/app/ame/web_engine/src/main/ets/adapter/MediaAdapter.ets:57:25
 Function may throw exceptions. Special handling is required.
[39m[39m
[33mWARN: [33m[33mArkTS:WARN File: /Volumes/Execute/Files/project/ame_new/archive_markdown_editor_hmos/app/ame/web_engine/src/main/ets/adapter/NativeMessagingAdapter.ets:68:74
 The 'extensionPid' API is supported since SDK version 21. However, the current compatible SDK version is 5.0.5(17).
[39m[39m
[33mWARN: [33m[33mArkTS:WARN File: /Volumes/Execute/Files/project/ame_new/archive_markdown_editor_hmos/app/ame/web_engine/src/main/ets/adapter/NativeMessagingAdapter.ets:104:57
 To use this API, you need to apply for the permissions: ohos.permission.WEB_NATIVE_MESSAGING
[39m[39m
[33mWARN: [33m[33mArkTS:WARN File: /Volumes/Execute/Files/project/ame_new/archive_markdown_editor_hmos/app/ame/web_engine/src/main/ets/adapter/NativeMessagingAdapter.ets:117:42
 To use this API, you need to apply for the permissions: ohos.permission.WEB_NATIVE_MESSAGING
[39m[39m
[33mWARN: [33m[33mArkTS:WARN File: /Volumes/Execute/Files/project/ame_new/archive_markdown_editor_hmos/app/ame/web_engine/src/main/ets/adapter/NativeMessagingAdapter.ets:126:5
 The 'dataShare' API is supported since SDK version 20. However, the current compatible SDK version is 5.0.5(17).
[39m[39m
[33mWARN: [33m[33mArkTS:WARN File: /Volumes/Execute/Files/project/ame_new/archive_markdown_editor_hmos/app/ame/web_engine/src/main/ets/adapter/NativeMessagingAdapter.ets:126:15
 The 'createDataProxyHandle' API is supported since SDK version 20. However, the current compatible SDK version is 5.0.5(17).
[39m[39m
[33mWARN: [33m[33mArkTS:WARN File: /Volumes/Execute/Files/project/ame_new/archive_markdown_editor_hmos/app/ame/web_engine/src/main/ets/adapter/NativeMessagingAdapter.ets:130:15
 The 'dataShare' API is supported since SDK version 20. However, the current compatible SDK version is 5.0.5(17).
[39m[39m
[33mWARN: [33m[33mArkTS:WARN File: /Volumes/Execute/Files/project/ame_new/archive_markdown_editor_hmos/app/ame/web_engine/src/main/ets/adapter/NativeMessagingAdapter.ets:130:25
 The 'DataProxyType' API is supported since SDK version 20. However, the current compatible SDK version is 5.0.5(17).
[39m[39m
[33mWARN: [33m[33mArkTS:WARN File: /Volumes/Execute/Files/project/ame_new/archive_markdown_editor_hmos/app/ame/web_engine/src/main/ets/adapter/NativeMessagingAdapter.ets:130:39
 The 'SHARED_CONFIG' API is supported since SDK version 20. However, the current compatible SDK version is 5.0.5(17).
[39m[39m
[33mWARN: [33m[33mArkTS:WARN File: /Volumes/Execute/Files/project/ame_new/archive_markdown_editor_hmos/app/ame/web_engine/src/main/ets/adapter/NativeMessagingAdapter.ets:132:21
 The 'get' API is supported since SDK version 20. However, the current compatible SDK version is 5.0.5(17).
[39m[39m
[33mWARN: [33m[33mArkTS:WARN File: /Volumes/Execute/Files/project/ame_new/archive_markdown_editor_hmos/app/ame/web_engine/src/main/ets/adapter/NativeMessagingAdapter.ets:134:33
 The 'value' API is supported since SDK version 20. However, the current compatible SDK version is 5.0.5(17).
[39m[39m
[33mWARN: [33m[33mArkTS:WARN File: /Volumes/Execute/Files/project/ame_new/archive_markdown_editor_hmos/app/ame/web_engine/src/main/ets/adapter/NativeMessagingAdapter.ets:137:28
 The 'value' API is supported since SDK version 20. However, the current compatible SDK version is 5.0.5(17).
[39m[39m
[33mWARN: [33m[33mArkTS:WARN File: /Volumes/Execute/Files/project/ame_new/archive_markdown_editor_hmos/app/ame/web_engine/src/main/ets/adapter/NotificationAdapter.ets:76:5
 Function may throw exceptions. Special handling is required.
[39m[39m
[33mWARN: [33m[33mArkTS:WARN File: /Volumes/Execute/Files/project/ame_new/archive_markdown_editor_hmos/app/ame/web_engine/src/main/ets/adapter/NotificationAdapter.ets:260:43
 Function may throw exceptions. Special handling is required.
[39m[39m
[33mWARN: [33m[33mArkTS:WARN File: /Volumes/Execute/Files/project/ame_new/archive_markdown_editor_hmos/app/ame/web_engine/src/main/ets/common/BaseWindowAdapter.ets:30:27
 Function may throw exceptions. Special handling is required.
[39m[39m
[33mWARN: [33m[33mArkTS:WARN File: /Volumes/Execute/Files/project/ame_new/archive_markdown_editor_hmos/app/ame/web_engine/src/main/ets/adapter/PopupWindowAdapter.ets:68:5
 Function may throw exceptions. Special handling is required.
[39m[39m
[33mWARN: [33m[33mArkTS:WARN File: /Volumes/Execute/Files/project/ame_new/archive_markdown_editor_hmos/app/ame/web_engine/src/main/ets/adapter/PopupWindowAdapter.ets:136:19
 Function may throw exceptions. Special handling is required.
[39m[39m
[33mWARN: [33m[33mArkTS:WARN File: /Volumes/Execute/Files/project/ame_new/archive_markdown_editor_hmos/app/ame/web_engine/src/main/ets/adapter/PopupWindowAdapter.ets:147:19
 Function may throw exceptions. Special handling is required.
[39m[39m
[33mWARN: [33m[33mArkTS:WARN File: /Volumes/Execute/Files/project/ame_new/archive_markdown_editor_hmos/app/ame/web_engine/src/main/ets/adapter/PopupWindowAdapter.ets:190:28
 Function may throw exceptions. Special handling is required.
[39m[39m
[33mWARN: [33m[33mArkTS:WARN File: /Volumes/Execute/Files/project/ame_new/archive_markdown_editor_hmos/app/ame/web_engine/src/main/ets/adapter/PrintAdapter.ets:53:13
 To use this API, you need to apply for the permissions: ohos.permission.PRINT
[39m[39m
[33mWARN: [33m[33mArkTS:WARN File: /Volumes/Execute/Files/project/ame_new/archive_markdown_editor_hmos/app/ame/web_engine/src/main/ets/adapter/PrintAdapter.ets:55:21
 To use this API, you need to apply for the permissions: ohos.permission.PRINT
[39m[39m
[33mWARN: [33m[33mArkTS:WARN File: /Volumes/Execute/Files/project/ame_new/archive_markdown_editor_hmos/app/ame/web_engine/src/main/ets/adapter/PrintAdapter.ets:58:21
 To use this API, you need to apply for the permissions: ohos.permission.PRINT
[39m[39m
[33mWARN: [33m[33mArkTS:WARN File: /Volumes/Execute/Files/project/ame_new/archive_markdown_editor_hmos/app/ame/web_engine/src/main/ets/adapter/PrintAdapter.ets:78:9
 Function may throw exceptions. Special handling is required.
[39m[39m
[33mWARN: [33m[33mArkTS:WARN File: /Volumes/Execute/Files/project/ame_new/archive_markdown_editor_hmos/app/ame/web_engine/src/main/ets/adapter/PrintAdapter.ets:90:11
 To use this API, you need to apply for the permissions: ohos.permission.PRINT
[39m[39m
[33mWARN: [33m[33mArkTS:WARN File: /Volumes/Execute/Files/project/ame_new/archive_markdown_editor_hmos/app/ame/web_engine/src/main/ets/adapter/PrintAdapter.ets:101:20
 'showDialog' has been deprecated.
[39m[39m
[33mWARN: [33m[33mArkTS:WARN File: /Volumes/Execute/Files/project/ame_new/archive_markdown_editor_hmos/app/ame/web_engine/src/main/ets/adapter/RunningLockAdapter.ets:67:19
 To use this API, you need to apply for the permissions: ohos.permission.RUNNING_LOCK
[39m[39m
[33mWARN: [33m[33mArkTS:WARN File: /Volumes/Execute/Files/project/ame_new/archive_markdown_editor_hmos/app/ame/web_engine/src/main/ets/adapter/RunningLockAdapter.ets:67:75
 'BACKGROUND' has been deprecated.
[39m[39m
[33mWARN: [33m[33mArkTS:WARN File: /Volumes/Execute/Files/project/ame_new/archive_markdown_editor_hmos/app/ame/web_engine/src/main/ets/adapter/RunningLockAdapter.ets:72:29
 To use this API, you need to apply for the permissions: ohos.permission.RUNNING_LOCK
[39m[39m
[33mWARN: [33m[33mArkTS:WARN File: /Volumes/Execute/Files/project/ame_new/archive_markdown_editor_hmos/app/ame/web_engine/src/main/ets/adapter/RunningLockAdapter.ets:90:27
 To use this API, you need to apply for the permissions: ohos.permission.RUNNING_LOCK
[39m[39m
[33mWARN: [33m[33mArkTS:WARN File: /Volumes/Execute/Files/project/ame_new/archive_markdown_editor_hmos/app/ame/web_engine/src/main/ets/adapter/ScreenshotAdapter.ets:21:16
 To use this API, you need to apply for the permissions: ohos.permission.CUSTOM_SCREEN_CAPTURE or ohos.permission.CUSTOM_SCREEN_RECORDING
[39m[39m
[33mWARN: [33m[33mArkTS:WARN File: /Volumes/Execute/Files/project/ame_new/archive_markdown_editor_hmos/app/ame/web_engine/src/main/ets/adapter/SpeechAdapter.ets:68:44
 'getVolumeSync' has been deprecated.
[39m[39m
[33mWARN: [33m[33mArkTS:WARN File: /Volumes/Execute/Files/project/ame_new/archive_markdown_editor_hmos/app/ame/web_engine/src/main/ets/adapter/SubWindowAdapter.ets:119:24
 Function may throw exceptions. Special handling is required.
[39m[39m
[33mWARN: [33m[33mArkTS:WARN File: /Volumes/Execute/Files/project/ame_new/archive_markdown_editor_hmos/app/ame/web_engine/src/main/ets/adapter/SubWindowAdapter.ets:151:20
 Function may throw exceptions. Special handling is required.
[39m[39m
[33mWARN: [33m[33mArkTS:WARN File: /Volumes/Execute/Files/project/ame_new/archive_markdown_editor_hmos/app/ame/web_engine/src/main/ets/adapter/SubWindowAdapter.ets:257:18
 Function may throw exceptions. Special handling is required.
[39m[39m
[33mWARN: [33m[33mArkTS:WARN File: /Volumes/Execute/Files/project/ame_new/archive_markdown_editor_hmos/app/ame/web_engine/src/main/ets/adapter/SubWindowAdapter.ets:265:22
 Function may throw exceptions. Special handling is required.
[39m[39m
[33mWARN: [33m[33mArkTS:WARN File: /Volumes/Execute/Files/project/ame_new/archive_markdown_editor_hmos/app/ame/web_engine/src/main/ets/adapter/SubWindowAdapter.ets:301:5
 Function may throw exceptions. Special handling is required.
[39m[39m
[33mWARN: [33m[33mArkTS:WARN File: /Volumes/Execute/Files/project/ame_new/archive_markdown_editor_hmos/app/ame/web_engine/src/main/ets/adapter/SystemFloatingWindowAdapter.ets:60:12
 To use this API, you need to apply for the permissions: ohos.permission.SYSTEM_FLOAT_WINDOW
[39m[39m
[33mWARN: [33m[33mArkTS:WARN File: /Volumes/Execute/Files/project/ame_new/archive_markdown_editor_hmos/app/ame/web_engine/src/main/ets/adapter/SystemFloatingWindowAdapter.ets:175:7
 Function may throw exceptions. Special handling is required.
[39m[39m
[33mWARN: [33m[33mArkTS:WARN File: /Volumes/Execute/Files/project/ame_new/archive_markdown_editor_hmos/app/ame/web_engine/src/main/ets/adapter/SystemFloatingWindowAdapter.ets:183:19
 Function may throw exceptions. Special handling is required.
[39m[39m
[33mWARN: [33m[33mArkTS:WARN File: /Volumes/Execute/Files/project/ame_new/archive_markdown_editor_hmos/app/ame/web_engine/src/main/ets/adapter/SystemFloatingWindowAdapter.ets:194:19
 Function may throw exceptions. Special handling is required.
[39m[39m
[33mWARN: [33m[33mArkTS:WARN File: /Volumes/Execute/Files/project/ame_new/archive_markdown_editor_hmos/app/ame/web_engine/src/main/ets/adapter/SystemFloatingWindowAdapter.ets:213:24
 Function may throw exceptions. Special handling is required.
[39m[39m
[33mWARN: [33m[33mArkTS:WARN File: /Volumes/Execute/Files/project/ame_new/archive_markdown_editor_hmos/app/ame/web_engine/src/main/ets/adapter/SystemFloatingWindowAdapter.ets:263:24
 Function may throw exceptions. Special handling is required.
[39m[39m
[33mWARN: [33m[33mArkTS:WARN File: /Volumes/Execute/Files/project/ame_new/archive_markdown_editor_hmos/app/ame/web_engine/src/main/ets/adapter/SystemFloatingWindowAdapter.ets:315:24
 Function may throw exceptions. Special handling is required.
[39m[39m
[33mWARN: [33m[33mArkTS:WARN File: /Volumes/Execute/Files/project/ame_new/archive_markdown_editor_hmos/app/ame/web_engine/src/main/ets/adapter/StatusBarManager.ets:79:7
 The system capacity of this api 'statusBarManager' is not supported on all devices
[39m[39m
[33mWARN: [33m[33mArkTS:WARN File: /Volumes/Execute/Files/project/ame_new/archive_markdown_editor_hmos/app/ame/web_engine/src/main/ets/adapter/StatusBarManager.ets:79:24
 The system capacity of this api 'addToStatusBar' is not supported on all devices
[39m[39m
[33mWARN: [33m[33mArkTS:WARN File: /Volumes/Execute/Files/project/ame_new/archive_markdown_editor_hmos/app/ame/web_engine/src/main/ets/adapter/StatusBarManager.ets:93:9
 The system capacity of this api 'statusBarManager' is not supported on all devices
[39m[39m
[33mWARN: [33m[33mArkTS:WARN File: /Volumes/Execute/Files/project/ame_new/archive_markdown_editor_hmos/app/ame/web_engine/src/main/ets/adapter/StatusBarManager.ets:93:26
 The system capacity of this api 'on' is not supported on all devices
[39m[39m
[33mWARN: [33m[33mArkTS:WARN File: /Volumes/Execute/Files/project/ame_new/archive_markdown_editor_hmos/app/ame/web_engine/src/main/ets/adapter/StatusBarManager.ets:100:9
 The system capacity of this api 'statusBarManager' is not supported on all devices
[39m[39m
[33mWARN: [33m[33mArkTS:WARN File: /Volumes/Execute/Files/project/ame_new/archive_markdown_editor_hmos/app/ame/web_engine/src/main/ets/adapter/StatusBarManager.ets:100:26
 The system capacity of this api 'on' is not supported on all devices
[39m[39m
[33mWARN: [33m[33mArkTS:WARN File: /Volumes/Execute/Files/project/ame_new/archive_markdown_editor_hmos/app/ame/web_engine/src/main/ets/adapter/StatusBarManager.ets:110:7
 The system capacity of this api 'statusBarManager' is not supported on all devices
[39m[39m
[33mWARN: [33m[33mArkTS:WARN File: /Volumes/Execute/Files/project/ame_new/archive_markdown_editor_hmos/app/ame/web_engine/src/main/ets/adapter/StatusBarManager.ets:110:24
 The system capacity of this api 'updateStatusBarIcon' is not supported on all devices
[39m[39m
[33mWARN: [33m[33mArkTS:WARN File: /Volumes/Execute/Files/project/ame_new/archive_markdown_editor_hmos/app/ame/web_engine/src/main/ets/adapter/StatusBarManager.ets:127:9
 The system capacity of this api 'statusBarManager' is not supported on all devices
[39m[39m
[33mWARN: [33m[33mArkTS:WARN File: /Volumes/Execute/Files/project/ame_new/archive_markdown_editor_hmos/app/ame/web_engine/src/main/ets/adapter/StatusBarManager.ets:127:26
 The system capacity of this api 'updateStatusBarHoverTips' is not supported on all devices
[39m[39m
[33mWARN: [33m[33mArkTS:WARN File: /Volumes/Execute/Files/project/ame_new/archive_markdown_editor_hmos/app/ame/web_engine/src/main/ets/adapter/StatusBarManager.ets:146:9
 The system capacity of this api 'statusBarManager' is not supported on all devices
[39m[39m
[33mWARN: [33m[33mArkTS:WARN File: /Volumes/Execute/Files/project/ame_new/archive_markdown_editor_hmos/app/ame/web_engine/src/main/ets/adapter/StatusBarManager.ets:146:26
 The system capacity of this api 'updateStatusBarMenu' is not supported on all devices
[39m[39m
[33mWARN: [33m[33mArkTS:WARN File: /Volumes/Execute/Files/project/ame_new/archive_markdown_editor_hmos/app/ame/web_engine/src/main/ets/adapter/StatusBarManager.ets:162:9
 The system capacity of this api 'statusBarManager' is not supported on all devices
[39m[39m
[33mWARN: [33m[33mArkTS:WARN File: /Volumes/Execute/Files/project/ame_new/archive_markdown_editor_hmos/app/ame/web_engine/src/main/ets/adapter/StatusBarManager.ets:162:26
 The system capacity of this api 'removeFromStatusBar' is not supported on all devices
[39m[39m
[33mWARN: [33m[33mArkTS:WARN File: /Volumes/Execute/Files/project/ame_new/archive_markdown_editor_hmos/app/ame/web_engine/src/main/ets/adapter/StatusBarManager.ets:174:7
 The system capacity of this api 'statusBarManager' is not supported on all devices
[39m[39m
[33mWARN: [33m[33mArkTS:WARN File: /Volumes/Execute/Files/project/ame_new/archive_markdown_editor_hmos/app/ame/web_engine/src/main/ets/adapter/StatusBarManager.ets:174:24
 The system capacity of this api 'off' is not supported on all devices
[39m[39m
[33mWARN: [33m[33mArkTS:WARN File: /Volumes/Execute/Files/project/ame_new/archive_markdown_editor_hmos/app/ame/web_engine/src/main/ets/adapter/StatusBarManager.ets:175:7
 The system capacity of this api 'statusBarManager' is not supported on all devices
[39m[39m
[33mWARN: [33m[33mArkTS:WARN File: /Volumes/Execute/Files/project/ame_new/archive_markdown_editor_hmos/app/ame/web_engine/src/main/ets/adapter/StatusBarManager.ets:175:24
 The system capacity of this api 'off' is not supported on all devices
[39m[39m
[33mWARN: [33m[33mArkTS:WARN File: /Volumes/Execute/Files/project/ame_new/archive_markdown_editor_hmos/app/ame/web_engine/src/main/ets/adapter/StatusBarManager.ets:190:30
 The system capacity of this api 'menuCode' is not supported on all devices
[39m[39m
[33mWARN: [33m[33mArkTS:WARN File: /Volumes/Execute/Files/project/ame_new/archive_markdown_editor_hmos/app/ame/web_engine/src/main/ets/adapter/StatusBarManager.ets:225:16
 The system capacity of this api 'subMenu' is not supported on all devices
[39m[39m
[33mWARN: [33m[33mArkTS:WARN File: /Volumes/Execute/Files/project/ame_new/archive_markdown_editor_hmos/app/ame/web_engine/src/main/ets/adapter/WebAppAdapter.ets:54:23
 'getContext' has been deprecated.
[39m[39m
[33mWARN: [33m[33mArkTS:WARN File: /Volumes/Execute/Files/project/ame_new/archive_markdown_editor_hmos/app/ame/web_engine/src/main/ets/adapter/WebAppAdapter.ets:94:26
 'showToast' has been deprecated.
[39m[39m
[33mWARN: [33m[33mArkTS:WARN File: /Volumes/Execute/Files/project/ame_new/archive_markdown_editor_hmos/app/ame/web_engine/src/main/ets/adapter/WebAppAdapter.ets:104:22
 'showToast' has been deprecated.
[39m[39m
[33mWARN: [33m[33mArkTS:WARN File: /Volumes/Execute/Files/project/ame_new/archive_markdown_editor_hmos/app/ame/web_engine/src/main/ets/adapter/WebAppAdapter.ets:114:7
 Function may throw exceptions. Special handling is required.
[39m[39m
[33mWARN: [33m[33mArkTS:WARN File: /Volumes/Execute/Files/project/ame_new/archive_markdown_editor_hmos/app/ame/web_engine/src/main/ets/adapter/WebAppAdapter.ets:114:20
 'showToast' has been deprecated.
[39m[39m
[33mWARN: [33m[33mArkTS:WARN File: /Volumes/Execute/Files/project/ame_new/archive_markdown_editor_hmos/app/ame/web_engine/src/main/ets/ability/WebBaseAbility.ets:110:27
 Function may throw exceptions. Special handling is required.
[39m[39m
[33mWARN: [33m[33mArkTS:WARN File: /Volumes/Execute/Files/project/ame_new/archive_markdown_editor_hmos/app/ame/web_engine/src/main/ets/ability/WebBaseAbility.ets:110:27
 Function may throw exceptions. Special handling is required.
[39m[39m
[33mWARN: [33m[33mArkTS:WARN File: /Volumes/Execute/Files/project/ame_new/archive_markdown_editor_hmos/app/ame/web_engine/src/main/ets/ability/WebBaseAbility.ets:119:12
 Function may throw exceptions. Special handling is required.
[39m[39m
[33mWARN: [33m[33mArkTS:WARN File: /Volumes/Execute/Files/project/ame_new/archive_markdown_editor_hmos/app/ame/web_engine/src/main/ets/ability/WebAbility.ets:79:28
 To use this API, you need to apply for the permissions: ohos.permission.SET_ABILITY_INSTANCE_INFO
[39m[39m
[33mWARN: [33m[33mArkTS:WARN File: /Volumes/Execute/Files/project/ame_new/archive_markdown_editor_hmos/app/ame/web_engine/src/main/ets/ability/WebAbility.ets:276:17
 Function may throw exceptions. Special handling is required.
[39m[39m
[33mWARN: [33m[33mArkTS:WARN File: /Volumes/Execute/Files/project/ame_new/archive_markdown_editor_hmos/app/ame/web_engine/src/main/ets/ability/WebAbility.ets:432:20
 Function may throw exceptions. Special handling is required.
[39m[39m
[33mWARN: [33m[33mArkTS:WARN File: /Volumes/Execute/Files/project/ame_new/archive_markdown_editor_hmos/app/ame/web_engine/src/main/ets/ability/WebAbility.ets:523:21
 Function may throw exceptions. Special handling is required.
[39m[39m
[33mWARN: [33m[33mArkTS:WARN File: /Volumes/Execute/Files/project/ame_new/archive_markdown_editor_hmos/app/ame/web_engine/src/main/ets/ability/WebAbility.ets:528:30
 'getContext' has been deprecated.
[39m[39m
[33mWARN: [33m[33mArkTS:WARN File: /Volumes/Execute/Files/project/ame_new/archive_markdown_editor_hmos/app/ame/web_engine/src/main/ets/ability/WebEmbeddedAbility.ets:44:23
 Function may throw exceptions. Special handling is required.
[39m[39m
[33mWARN: [33m[33mArkTS:WARN File: /Volumes/Execute/Files/project/ame_new/archive_markdown_editor_hmos/app/ame/web_engine/src/main/ets/ability/WebEmbeddedAbility.ets:75:5
 Function may throw exceptions. Special handling is required.
[39m[39m
[33mWARN: [33m[33mArkTS:WARN File: /Volumes/Execute/Files/project/ame_new/archive_markdown_editor_hmos/app/ame/web_engine/src/main/ets/components/WebWindow.ets:60:75
 'getContext' has been deprecated.
[39m[39m
[33mWARN: [33m[33mArkTS:WARN File: /Volumes/Execute/Files/project/ame_new/archive_markdown_editor_hmos/app/ame/web_engine/src/main/ets/components/WebWindow.ets:85:5
 Function may throw exceptions. Special handling is required.
[39m[39m
[33mWARN: [33m[33mArkTS:WARN File: /Volumes/Execute/Files/project/ame_new/archive_markdown_editor_hmos/app/ame/web_engine/src/main/ets/components/WebWindow.ets:92:16
 Function may throw exceptions. Special handling is required.
[39m[39m
[33mWARN: [33m[33mArkTS:WARN File: /Volumes/Execute/Files/project/ame_new/archive_markdown_editor_hmos/app/ame/web_engine/src/main/ets/components/WebWindow.ets:103:27
 Function may throw exceptions. Special handling is required.
[39m[39m
[33mWARN: [33m[33mArkTS:WARN File: /Volumes/Execute/Files/project/ame_new/archive_markdown_editor_hmos/app/ame/web_engine/src/main/ets/components/WebWindow.ets:116:17
 Function may throw exceptions. Special handling is required.
[39m[39m
[33mWARN: [33m[33mArkTS:WARN File: /Volumes/Execute/Files/project/ame_new/archive_markdown_editor_hmos/app/ame/web_engine/src/main/ets/components/WebWindow.ets:124:9
 Function may throw exceptions. Special handling is required.
[39m[39m
[33mWARN: [33m[33mArkTS:WARN File: /Volumes/Execute/Files/project/ame_new/archive_markdown_editor_hmos/app/ame/web_engine/src/main/ets/components/WebWindow.ets:253:19
 'vp2px' has been deprecated.
[39m[39m
[33mWARN: [33m[33mArkTS:WARN File: /Volumes/Execute/Files/project/ame_new/archive_markdown_editor_hmos/app/ame/web_engine/src/main/ets/components/WebWindow.ets:254:19
 'vp2px' has been deprecated.
[39m[39m
[33mWARN: [33m[33mArkTS:WARN File: /Volumes/Execute/Files/project/ame_new/archive_markdown_editor_hmos/app/ame/web_engine/src/main/ets/components/WebSubWindow.ets:71:19
 'vp2px' has been deprecated.
[39m[39m
[33mWARN: [33m[33mArkTS:WARN File: /Volumes/Execute/Files/project/ame_new/archive_markdown_editor_hmos/app/ame/web_engine/src/main/ets/components/WebSubWindow.ets:72:19
 'vp2px' has been deprecated.
[39m[39m
[33mWARN: [33m[33mArkTS:WARN File: /Volumes/Execute/Files/project/ame_new/archive_markdown_editor_hmos/app/ame/web_engine/src/main/ets/components/WebEmbeddedWindow.ets:85:19
 'vp2px' has been deprecated.
[39m[39m
[33mWARN: [33m[33mArkTS:WARN File: /Volumes/Execute/Files/project/ame_new/archive_markdown_editor_hmos/app/ame/web_engine/src/main/ets/components/WebEmbeddedWindow.ets:86:19
 'vp2px' has been deprecated.
[39m[39m
[33mWARN: [33m[33mArkTS:WARN File: /Volumes/Execute/Files/project/ame_new/archive_markdown_editor_hmos/app/ame/web_engine/src/main/ets/components/WebEmbeddedWindow.ets:124:23
 Function may throw exceptions. Special handling is required.
[39m[39m
[33mWARN: [33m[33mArkTS:WARN File: /Volumes/Execute/Files/project/ame_new/archive_markdown_editor_hmos/app/ame/web_engine/src/main/ets/components/WebEmbeddedWindow.ets:159:49
 'getContext' has been deprecated.
[39m[39m
[33mWARN: [33m[33mArkTS:WARN File: /Volumes/Execute/Files/project/ame_new/archive_markdown_editor_hmos/app/ame/web_engine/src/main/ets/components/WebWindowNode.ets:73:5
 Function may throw exceptions. Special handling is required.
[39m[39m
[33mWARN: [33m[33mArkTS:WARN File: /Volumes/Execute/Files/project/ame_new/archive_markdown_editor_hmos/app/ame/web_engine/src/main/ets/components/WebWindowNode.ets:82:16
 Function may throw exceptions. Special handling is required.
[39m[39m
[33mWARN: [33m[33mArkTS:WARN File: /Volumes/Execute/Files/project/ame_new/archive_markdown_editor_hmos/app/ame/web_engine/src/main/ets/components/WebWindowNode.ets:108:49
 'getContext' has been deprecated.
[39m[39m
[33mWARN: [33m[33mArkTS:WARN File: /Volumes/Execute/Files/project/ame_new/archive_markdown_editor_hmos/app/ame/web_engine/src/main/ets/components/WebWindowNode.ets:183:19
 'vp2px' has been deprecated.
[39m[39m
[33mWARN: [33m[33mArkTS:WARN File: /Volumes/Execute/Files/project/ame_new/archive_markdown_editor_hmos/app/ame/web_engine/src/main/ets/components/WebWindowNode.ets:184:19
 'vp2px' has been deprecated.
[39m[39m
[33mWARN: [33m[33mArkTS:WARN File: /Volumes/Execute/Files/project/ame_new/archive_markdown_editor_hmos/app/ame/web_engine/src/main/ets/components/WebNodeHandleWindow.ets:102:75
 'getContext' has been deprecated.
[39m[39m
[33mWARN: [33m[33mArkTS:WARN File: /Volumes/Execute/Files/project/ame_new/archive_markdown_editor_hmos/app/ame/web_engine/src/main/ets/components/WebNodeHandleWindow.ets:120:16
 Function may throw exceptions. Special handling is required.
[39m[39m
[33mWARN: [33m[33mArkTS:WARN File: /Volumes/Execute/Files/project/ame_new/archive_markdown_editor_hmos/app/ame/web_engine/src/main/ets/components/WebNodeHandleWindow.ets:147:17
 Function may throw exceptions. Special handling is required.
[39m[39m
[33mWARN: [33m[33mArkTS:WARN File: /Volumes/Execute/Files/project/ame_new/archive_markdown_editor_hmos/app/ame/electron/src/main/ets/entryability/StatelessAbility.ets:34:7
 Function may throw exceptions. Special handling is required.
[39m[39m
[33mWARN: [33m[33mArkTS:WARN File: /Volumes/Execute/Files/project/ame_new/archive_markdown_editor_hmos/app/ame/electron/src/main/ets/entryability/StatusBarEntryAbility.ets:10:52
 The system capacity of this api 'StatusBarViewExtensionAbility' is not supported on all devices
[39m[39m
[33mWARN: [33m[33mArkTS:WARN File: /Volumes/Execute/Files/project/ame_new/archive_markdown_editor_hmos/app/ame/electron/src/main/ets/entryability/StatusBarEntryAbility.ets:17:5
 Function may throw exceptions. Special handling is required.
[39m[39m
[33mWARN: [33m[33mArkTS:WARN File: /Volumes/Execute/Files/project/ame_new/archive_markdown_editor_hmos/app/ame/electron/src/main/ets/pages/Index.ets:24:28
 'getShared' has been deprecated.
[39m[39m
[33mWARN: [33m[33mArkTS:WARN File: /Volumes/Execute/Files/project/ame_new/archive_markdown_editor_hmos/app/ame/electron/src/main/ets/pages/SubWindow.ets:7:31
 'getShared' has been deprecated.
[39m[39m
[33mWARN: [33m[33mArkTS:WARN File: /Volumes/Execute/Files/project/ame_new/archive_markdown_editor_hmos/app/ame/electron/src/main/ets/pages/EmbeddedWindow.ets:8:28
 'getShared' has been deprecated.
[39m[39m
[33mWARN: [33m[33mArkTS:WARN File: /Volumes/Execute/Files/project/ame_new/archive_markdown_editor_hmos/app/ame/electron/src/main/ets/pages/WindowNode.ets:8:28
 'getShared' has been deprecated.
[39m[39m
[33mWARN: [33m[33mArkTS:WARN File: /Volumes/Execute/Files/project/ame_new/archive_markdown_editor_hmos/app/ame/electron/src/main/ets/pages/WebPage.ets:36:18
 'back' has been deprecated.
[39m[39m
[33mWARN: [33m[33mArkTS:WARN File: /Volumes/Execute/Files/project/ame_new/archive_markdown_editor_hmos/app/ame/electron/src/main/ets/pages/WebPage.ets:80:27
 'getParams' has been deprecated.
[39m[39m
[33mWARN: [33m[33mArkTS:WARN File: /Volumes/Execute/Files/project/ame_new/archive_markdown_editor_hmos/app/ame/electron/src/main/ets/pages/WebPage.ets:88:7
 Function may throw exceptions. Special handling is required.
[39m[39m
[33mWARN: [33m[33mArkTS:WARN File: /Volumes/Execute/Files/project/ame_new/archive_markdown_editor_hmos/app/ame/electron/src/main/ets/pages/QuickLoginButtonComponent.ets:153:20
 'showToast' has been deprecated.
[39m[39m
[33mWARN: [33m[33mArkTS:WARN File: /Volumes/Execute/Files/project/ame_new/archive_markdown_editor_hmos/app/ame/electron/src/main/ets/pages/QuickLoginButtonComponent.ets:168:39
 To use this API, you need to apply for the permissions: ohos.permission.GET_NETWORK_INFO
[39m[39m
[33mWARN: [33m[33mArkTS:WARN File: /Volumes/Execute/Files/project/ame_new/archive_markdown_editor_hmos/app/ame/electron/src/main/ets/pages/QuickLoginButtonComponent.ets:178:12
 'pushUrl' has been deprecated.
[39m[39m
[33mWARN: [33m[33mArkTS:WARN File: /Volumes/Execute/Files/project/ame_new/archive_markdown_editor_hmos/app/ame/electron/src/main/ets/pages/QuickLoginButtonComponent.ets:199:21
 'show' has been deprecated.
[39m[39m
[33mWARN: [33m[33mArkTS:WARN File: /Volumes/Execute/Files/project/ame_new/archive_markdown_editor_hmos/app/ame/electron/src/main/ets/pages/QuickLoginButtonComponent.ets:257:19
 'show' has been deprecated.
[39m[39m
[33mWARN: [33m[33mArkTS:WARN File: /Volumes/Execute/Files/project/ame_new/archive_markdown_editor_hmos/app/ame/electron/src/main/ets/pages/Login.ets:9:28
 'getShared' has been deprecated.
[39m[39m
[33mWARN: [33m[33mArkTS:WARN File: /Volumes/Execute/Files/project/ame_new/archive_markdown_editor_hmos/app/ame/electron/src/main/ets/pages/NodeHandleWindow.ets:49:28
 'getShared' has been deprecated.
[39m[39m
[33mWARN: [33m[33mArkTS:WARN File: /Volumes/Execute/Files/project/ame_new/archive_markdown_editor_hmos/app/ame/electron/src/main/ets/pages/NodeHandleSubWindow.ets:32:31
 'getShared' has been deprecated.
[39m[39m

[2026-04-28T16:21:22.525] [DEBUG] debug-file - Ark compile task finished.finished time is 860161023076791
[2026-04-28T16:21:22.525] [DEBUG] debug-file - worker[4] has one work done.
[2026-04-28T16:21:22.525] [DEBUG] debug-file - default@CompileArkTS work[28] done.
[2026-04-28T16:21:22.526] [DEBUG] debug-file - A work dispatched to worker[4] failed because unable to get work from ready queue.
[2026-04-28T16:21:22.526] [INFO] debug-file - Finished :electron:default@CompileArkTS... after 555 ms 
[2026-04-28T16:21:22.526] [DEBUG] debug-file - Executing task :electron:default@GeneratePkgModuleJson
[2026-04-28T16:21:22.526] [DEBUG] debug-file - File: '/Volumes/Execute/Files/project/ame_new/archive_markdown_editor_hmos/app/ame/electron/build/default/intermediates/preload/default/preload.json' from 'preloadSoJsonPath' is not exists, just ignore.
[2026-04-28T16:21:22.526] [DEBUG] debug-file - Error occurs while handling @Input 'shouldDeduplicateHar': The "data" argument must be of type string or an instance of Buffer, TypedArray, or DataView. Received undefined
[2026-04-28T16:21:22.526] [DEBUG] debug-file - Task 'electron:default@GeneratePkgModuleJson' cost while wrapping incremental declarations: 1 ms 
[2026-04-28T16:21:22.526] [DEBUG] debug-file - electron:default@GeneratePkgModuleJson is not up-to-date, since the input file '/Volumes/Execute/Files/project/ame_new/archive_markdown_editor_hmos/app/ame/electron/build/default/intermediates/res/default/module.json' has been changed.
[2026-04-28T16:21:22.526] [DEBUG] debug-file - Incremental task electron:default@GeneratePkgModuleJson pre-execution cost: 1 ms .
[2026-04-28T16:21:22.527] [DEBUG] debug-file - electron : default@GeneratePkgModuleJson cost memory 0.29633331298828125
[2026-04-28T16:21:22.527] [DEBUG] debug-file - runTaskFromQueue task cost before running: 1 s 184 ms 
[2026-04-28T16:21:22.527] [INFO] debug-file - Finished :electron:default@GeneratePkgModuleJson... after 1 ms 
[2026-04-28T16:21:22.527] [DEBUG] debug-file - Executing task :electron:default@ProcessCompiledResources
[2026-04-28T16:21:22.527] [DEBUG] debug-file - File: '/Volumes/Execute/Files/project/ame_new/archive_markdown_editor_hmos/app/ame/electron/build/default/intermediates/preload/default/preload.json' from 'preloadSoJsonPath' is not exists, just ignore.
[2026-04-28T16:21:22.527] [DEBUG] debug-file - Task 'electron:default@ProcessCompiledResources' cost while wrapping incremental declarations: 1 ms 
[2026-04-28T16:21:22.527] [DEBUG] debug-file - electron : default@ProcessCompiledResources cost memory 0.06403350830078125
[2026-04-28T16:21:22.527] [DEBUG] debug-file - runTaskFromQueue task cost before running: 1 s 185 ms 
[2026-04-28T16:21:22.527] [INFO] debug-file - Finished :electron:default@ProcessCompiledResources... after 1 ms 
[2026-04-28T16:21:22.528] [DEBUG] debug-file - Executing task :electron:default@PackageHap
[2026-04-28T16:21:22.528] [WARN] debug-file - If obfuscation is needed, enable obfuscation settings in this build process; failing to do so may prevent future obfuscation. 
               Properly configure obfuscation rules to avoid runtime issues.
[2026-04-28T16:21:22.529] [DEBUG] debug-file - electron:default@PackageHap is not up-to-date, since the input file '/Volumes/Execute/Files/project/ame_new/archive_markdown_editor_hmos/app/ame/electron/build/default/intermediates/res/default/module.json' has been changed.
[2026-04-28T16:21:22.529] [DEBUG] debug-file - Incremental task electron:default@PackageHap pre-execution cost: 1 ms .
[2026-04-28T16:21:22.529] [DEBUG] debug-file - Use tool [/Volumes/Execute/Apps/DevEco-Studio.app/Contents/sdk/default/openharmony/toolchains/lib/app_packing_tool.jar]
 [
  'java',
  '-Dfile.encoding=utf-8',
  '-jar',
  '/Volumes/Execute/Apps/DevEco-Studio.app/Contents/sdk/default/openharmony/toolchains/lib/app_packing_tool.jar',
  '--mode',
  'hap',
  '--force',
  'true',
  '--lib-path',
  '/Volumes/Execute/Files/project/ame_new/archive_markdown_editor_hmos/app/ame/electron/build/default/intermediates/stripped_native_libs/default',
  '--json-path',
  '/Volumes/Execute/Files/project/ame_new/archive_markdown_editor_hmos/app/ame/electron/build/default/intermediates/package/default/module.json',
  '--resources-path',
  '/Volumes/Execute/Files/project/ame_new/archive_markdown_editor_hmos/app/ame/electron/build/default/intermediates/res/default/resources',
  '--index-path',
  '/Volumes/Execute/Files/project/ame_new/archive_markdown_editor_hmos/app/ame/electron/build/default/intermediates/res/default/resources.index',
  '--pack-info-path',
  '/Volumes/Execute/Files/project/ame_new/archive_markdown_editor_hmos/app/ame/electron/build/default/outputs/default/pack.info',
  '--out-path',
  '/Volumes/Execute/Files/project/ame_new/archive_markdown_editor_hmos/app/ame/electron/build/default/outputs/default/electron-default-unsigned.hap',
  '--ets-path',
  '/Volumes/Execute/Files/project/ame_new/archive_markdown_editor_hmos/app/ame/electron/build/default/intermediates/loader_out/default/ets'
]
[2026-04-28T16:21:22.894] [DEBUG] debug-file - java daemon socket received message:{"code":0,"message":"pack success"}
[2026-04-28T16:21:22.895] [DEBUG] debug-file - electron : default@PackageHap cost memory 0.5264434814453125
[2026-04-28T16:21:22.895] [DEBUG] debug-file - runTaskFromQueue task cost before running: 1 s 552 ms 
[2026-04-28T16:21:22.895] [INFO] debug-file - Finished :electron:default@PackageHap... after 368 ms 
[2026-04-28T16:21:22.896] [DEBUG] debug-file - Executing task :electron:default@PackingCheck
[2026-04-28T16:21:22.899] [DEBUG] debug-file - electron : default@PackingCheck cost memory 1.2296829223632812
[2026-04-28T16:21:22.899] [DEBUG] debug-file - runTaskFromQueue task cost before running: 1 s 556 ms 
[2026-04-28T16:21:22.899] [INFO] debug-file - Finished :electron:default@PackingCheck... after 3 ms 
[2026-04-28T16:21:22.899] [DEBUG] debug-file - Executing task :electron:default@SignHap
[2026-04-28T16:21:22.899] [DEBUG] debug-file - electron:default@SignHap is not up-to-date, since the input file '/Volumes/Execute/Files/project/ame_new/archive_markdown_editor_hmos/app/ame/electron/build/default/outputs/default/electron-default-unsigned.hap' has been changed.
[2026-04-28T16:21:22.899] [DEBUG] debug-file - Incremental task electron:default@SignHap pre-execution cost: 1 ms .
[2026-04-28T16:21:22.907] [DEBUG] debug-file - java daemon socket close code:1000 reason:close by user
[2026-04-28T16:21:22.913] [DEBUG] debug-file - java daemon socket received message:{"code":0,"message":"verify profile success"}
[2026-04-28T16:21:22.914] [DEBUG] debug-file - java daemon socket close code:1000 reason:close by user
[2026-04-28T16:21:23.390] [DEBUG] debug-file - java daemon socket received message:{"code":0,"message":"sign app success"}
[2026-04-28T16:21:23.390] [DEBUG] debug-file - electron : default@SignHap cost memory 0.7635269165039062
[2026-04-28T16:21:23.390] [DEBUG] debug-file - runTaskFromQueue task cost before running: 2 s 47 ms 
[2026-04-28T16:21:23.390] [INFO] debug-file - Finished :electron:default@SignHap... after 491 ms 
[2026-04-28T16:21:23.391] [DEBUG] debug-file - Executing task :electron:default@CollectDebugSymbol
[2026-04-28T16:21:23.391] [DEBUG] debug-file - electron:default@CollectDebugSymbol is not up-to-date, since the input file '/Volumes/Execute/Files/project/ame_new/archive_markdown_editor_hmos/app/ame/electron/build/default/cache/default/default@CompileArkTS/esmodule/release/sourceMaps.map' has been changed.
[2026-04-28T16:21:23.391] [DEBUG] debug-file - Incremental task electron:default@CollectDebugSymbol pre-execution cost: 1 ms .
[2026-04-28T16:21:23.392] [DEBUG] debug-file - nameCache.json for module electron does not exists
[2026-04-28T16:21:23.392] [DEBUG] debug-file - electron : default@CollectDebugSymbol cost memory 0.22650146484375
[2026-04-28T16:21:23.392] [DEBUG] debug-file - runTaskFromQueue task cost before running: 2 s 49 ms 
[2026-04-28T16:21:23.392] [INFO] debug-file - Finished :electron:default@CollectDebugSymbol... after 2 ms 
[2026-04-28T16:21:23.392] [DEBUG] debug-file - Executing task :electron:assembleHap
[2026-04-28T16:21:23.392] [DEBUG] debug-file - electron : assembleHap cost memory 0.0135650634765625
[2026-04-28T16:21:23.392] [DEBUG] debug-file - runTaskFromQueue task cost before running: 2 s 49 ms 
[2026-04-28T16:21:23.392] [INFO] debug-file - Finished :electron:assembleHap... after 1 ms 
[2026-04-28T16:21:23.393] [INFO] debug-file - BUILD SUCCESSFUL in 2 s 50 ms 
[2026-04-28T16:21:23.393] [DEBUG] debug-file - There is no need to refresh cache, since the incremental task electron:default@PreBuild is up-to-date.
[2026-04-28T16:21:23.393] [DEBUG] debug-file - There is no need to refresh cache, since the incremental task web_engine:default@PreBuild is up-to-date.
[2026-04-28T16:21:23.393] [DEBUG] debug-file - Update task electron:default@CreateModuleInfo output file:/Volumes/Execute/Files/project/ame_new/archive_markdown_editor_hmos/app/ame/electron/build/default/generated/profile/default/ModuleInfo.ts cache.
[2026-04-28T16:21:23.393] [DEBUG] debug-file - Incremental task electron:default@CreateModuleInfo post-execution cost:1 ms .
[2026-04-28T16:21:23.393] [DEBUG] debug-file - There is no need to refresh cache, since the incremental task electron:default@GenerateMetadata is up-to-date.
[2026-04-28T16:21:23.394] [DEBUG] debug-file - Update task electron:default@GeneratePkgContextInfo output file:/Volumes/Execute/Files/project/ame_new/archive_markdown_editor_hmos/app/ame/electron/build/default/intermediates/loader/default/pkgContextInfo.json cache.
[2026-04-28T16:21:23.394] [DEBUG] debug-file - Incremental task electron:default@GeneratePkgContextInfo post-execution cost:1 ms .
[2026-04-28T16:21:23.394] [DEBUG] debug-file - Update task electron:default@ProcessIntegratedHsp output file:/Volumes/Execute/Files/project/ame_new/archive_markdown_editor_hmos/app/ame/build/cache/default/integrated_hsp/integratedHspCache.json cache.
[2026-04-28T16:21:23.394] [DEBUG] debug-file - Incremental task electron:default@ProcessIntegratedHsp post-execution cost:1 ms .
[2026-04-28T16:21:23.394] [DEBUG] debug-file - There is no need to refresh cache, since the incremental task web_engine:default@CreateHarBuildProfile is up-to-date.
[2026-04-28T16:21:23.394] [DEBUG] debug-file - There is no need to refresh cache, since the incremental task web_engine:default@MergeProfile is up-to-date.
[2026-04-28T16:21:23.394] [DEBUG] debug-file - Update task electron:default@SyscapTransform input file:/Volumes/Execute/Apps/DevEco-Studio.app/Contents/sdk/default/openharmony/toolchains/syscap_tool cache by regenerate.
[2026-04-28T16:21:23.394] [DEBUG] debug-file - Update task electron:default@SyscapTransform input file:/Volumes/Execute/Apps/DevEco-Studio.app/Contents/sdk/default/openharmony/ets/api/device-define cache by regenerate.
[2026-04-28T16:21:23.394] [DEBUG] debug-file - Update task electron:default@SyscapTransform output file:/Volumes/Execute/Files/project/ame_new/archive_markdown_editor_hmos/app/ame/electron/build/default/intermediates/syscap/default/rpcid.sc cache.
[2026-04-28T16:21:23.394] [DEBUG] debug-file - Incremental task electron:default@SyscapTransform post-execution cost:1 ms .
[2026-04-28T16:21:23.394] [DEBUG] debug-file - There is no need to refresh cache, since the incremental task electron:default@ProcessRouterMap is up-to-date.
[2026-04-28T16:21:23.394] [DEBUG] debug-file - There is no need to refresh cache, since the incremental task electron:default@ProcessShareConfig is up-to-date.
[2026-04-28T16:21:23.394] [DEBUG] debug-file - Update task electron:default@ProcessStartupConfig output file:/Volumes/Execute/Files/project/ame_new/archive_markdown_editor_hmos/app/ame/electron/build/default/intermediates/startup/default/startup_config.json cache.
[2026-04-28T16:21:23.394] [DEBUG] debug-file - Incremental task electron:default@ProcessStartupConfig post-execution cost:1 ms .
[2026-04-28T16:21:23.394] [DEBUG] debug-file - There is no need to refresh cache, since the incremental task electron:default@CreateBuildProfile is up-to-date.
[2026-04-28T16:21:23.394] [DEBUG] debug-file - There is no need to refresh cache, since the incremental task electron:default@MergeProfile is up-to-date.
[2026-04-28T16:21:23.394] [DEBUG] debug-file - There is no need to refresh cache, since the incremental task electron:default@GenerateLoaderJson is up-to-date.
[2026-04-28T16:21:23.394] [DEBUG] debug-file - There is no need to refresh cache, since the incremental task electron:default@MakePackInfo is up-to-date.
[2026-04-28T16:21:23.394] [DEBUG] debug-file - There is no need to refresh cache, since the incremental task electron:default@ProcessProfile is up-to-date.
[2026-04-28T16:21:23.394] [DEBUG] debug-file - There is no need to refresh cache, since the incremental task web_engine:default@ProcessLibs is up-to-date.
[2026-04-28T16:21:23.394] [DEBUG] debug-file - There is no need to refresh cache, since the incremental task electron:default@ProcessResource is up-to-date.
[2026-04-28T16:21:23.394] [DEBUG] debug-file - There is no need to refresh cache, since the incremental task web_engine:default@DoNativeStrip is up-to-date.
[2026-04-28T16:21:23.394] [DEBUG] debug-file - Update task electron:default@CompileResource input file:/Volumes/Execute/Files/project/ame_new/archive_markdown_editor_hmos/app/ame/electron/src/main/resources cache by regenerate.
[2026-04-28T16:21:23.395] [DEBUG] debug-file - Update task electron:default@CompileResource input file:/Volumes/Execute/Files/project/ame_new/archive_markdown_editor_hmos/app/ame/web_engine/src/main/resources cache from map.
[2026-04-28T16:21:23.395] [DEBUG] debug-file - Update task electron:default@CompileResource input file:/Volumes/Execute/Files/project/ame_new/archive_markdown_editor_hmos/app/ame/AppScope/resources cache by regenerate.
[2026-04-28T16:21:23.395] [DEBUG] debug-file - Update task electron:default@CompileResource input file:/Volumes/Execute/Files/project/ame_new/archive_markdown_editor_hmos/app/ame/electron/build/default/intermediates/process_profile/default/module.json cache by regenerate.
[2026-04-28T16:21:23.395] [DEBUG] debug-file - Update task electron:default@CompileResource input file:/Volumes/Execute/Files/project/ame_new/archive_markdown_editor_hmos/app/ame/electron/build/default/intermediates/res/default/resConfig.json cache by regenerate.
[2026-04-28T16:21:23.395] [DEBUG] debug-file - Update task electron:default@CompileResource output file:/Volumes/Execute/Files/project/ame_new/archive_markdown_editor_hmos/app/ame/electron/build/default/intermediates/res/default cache.
[2026-04-28T16:21:23.400] [DEBUG] debug-file - Update task electron:default@CompileResource output file:/Volumes/Execute/Files/project/ame_new/archive_markdown_editor_hmos/app/ame/electron/build/default/generated/r/default/ResourceTable.h cache.
[2026-04-28T16:21:23.400] [DEBUG] debug-file - Update task electron:default@CompileResource output file:/Volumes/Execute/Files/project/ame_new/archive_markdown_editor_hmos/app/ame/electron/build/default/generated/r/default cache.
[2026-04-28T16:21:23.400] [DEBUG] debug-file - Incremental task electron:default@CompileResource post-execution cost:6 ms .
[2026-04-28T16:21:23.400] [DEBUG] debug-file - Update task electron:default@CompileArkTS input file:/Volumes/Execute/Files/project/ame_new/archive_markdown_editor_hmos/app/ame/electron/build/default/intermediates/loader/default cache by regenerate.
[2026-04-28T16:21:23.400] [DEBUG] debug-file - Update task electron:default@CompileArkTS input file:/Volumes/Execute/Files/project/ame_new/archive_markdown_editor_hmos/app/ame/web_engine/Index.ets cache by regenerate.
[2026-04-28T16:21:23.400] [DEBUG] debug-file - Update task electron:default@CompileArkTS input file:/Volumes/Execute/Files/project/ame_new/archive_markdown_editor_hmos/app/ame/web_engine/src/main/ets cache by regenerate.
[2026-04-28T16:21:23.401] [DEBUG] debug-file - Update task electron:default@CompileArkTS input file:/Volumes/Execute/Files/project/ame_new/archive_markdown_editor_hmos/app/ame/electron/build/default/intermediates/res/default/resources/rawfile cache by regenerate.
[2026-04-28T16:21:23.402] [DEBUG] debug-file - Update task electron:default@CompileArkTS input file:/Volumes/Execute/Files/project/ame_new/archive_markdown_editor_hmos/app/ame/electron/build/default/intermediates/res/default/ResourceTable.txt cache from map.
[2026-04-28T16:21:23.402] [DEBUG] debug-file - Update task electron:default@CompileArkTS input file:/Volumes/Execute/Files/project/ame_new/archive_markdown_editor_hmos/app/ame/electron/build/default/intermediates/res/default/ark_module.json cache by regenerate.
[2026-04-28T16:21:23.402] [DEBUG] debug-file - Update task electron:default@CompileArkTS input file:/Volumes/Execute/Files/project/ame_new/archive_markdown_editor_hmos/app/ame/electron/build/default/intermediates/res/default/resources/base/profile cache by regenerate.
[2026-04-28T16:21:23.402] [DEBUG] debug-file - Update task electron:default@CompileArkTS input file:/Volumes/Execute/Files/project/ame_new/archive_markdown_editor_hmos/app/ame/electron/src/main/ets cache by regenerate.
[2026-04-28T16:21:23.402] [DEBUG] debug-file - Update task electron:default@CompileArkTS input file:/Volumes/Execute/Files/project/ame_new/archive_markdown_editor_hmos/app/ame/electron/build/default/generated/profile/default/BuildProfile.ets cache by regenerate.
[2026-04-28T16:21:23.402] [DEBUG] debug-file - Update task electron:default@CompileArkTS input file:/Volumes/Execute/Files/project/ame_new/archive_markdown_editor_hmos/app/ame/web_engine/src/main/cpp/types cache by regenerate.
[2026-04-28T16:21:23.402] [DEBUG] debug-file - Update task electron:default@CompileArkTS input file:/Volumes/Execute/Files/project/ame_new/archive_markdown_editor_hmos/app/ame/web_engine/BuildProfile.ets cache by regenerate.
[2026-04-28T16:21:23.402] [DEBUG] debug-file - Update task electron:default@CompileArkTS output file:/Volumes/Execute/Files/project/ame_new/archive_markdown_editor_hmos/app/ame/electron/build/default/intermediates/loader_out/default/ets cache.
[2026-04-28T16:21:23.402] [DEBUG] debug-file - Incremental task electron:default@CompileArkTS post-execution cost:3 ms .
[2026-04-28T16:21:23.402] [DEBUG] debug-file - Update task electron:default@BuildJS input file:/Volumes/Execute/Files/project/ame_new/archive_markdown_editor_hmos/app/ame/electron/build/default/intermediates/loader/default cache by regenerate.
[2026-04-28T16:21:23.402] [DEBUG] debug-file - Update task electron:default@BuildJS input file:/Volumes/Execute/Files/project/ame_new/archive_markdown_editor_hmos/app/ame/web_engine/Index.ets cache by regenerate.
[2026-04-28T16:21:23.402] [DEBUG] debug-file - Update task electron:default@BuildJS input file:/Volumes/Execute/Files/project/ame_new/archive_markdown_editor_hmos/app/ame/electron/build/default/intermediates/res/default/resources/rawfile cache by regenerate.
[2026-04-28T16:21:23.402] [DEBUG] debug-file - Update task electron:default@BuildJS input file:/Volumes/Execute/Files/project/ame_new/archive_markdown_editor_hmos/app/ame/electron/build/default/intermediates/res/default/ResourceTable.txt cache by regenerate.
[2026-04-28T16:21:23.402] [DEBUG] debug-file - Update task electron:default@BuildJS input file:/Volumes/Execute/Files/project/ame_new/archive_markdown_editor_hmos/app/ame/electron/build/default/intermediates/res/default/ark_module.json cache by regenerate.
[2026-04-28T16:21:23.402] [DEBUG] debug-file - Update task electron:default@BuildJS input file:/Volumes/Execute/Files/project/ame_new/archive_markdown_editor_hmos/app/ame/electron/build/default/intermediates/res/default/resources/base/profile cache by regenerate.
[2026-04-28T16:21:23.403] [DEBUG] debug-file - Update task electron:default@BuildJS output file:/Volumes/Execute/Files/project/ame_new/archive_markdown_editor_hmos/app/ame/electron/build/default/intermediates/loader_out/default/js cache.
[2026-04-28T16:21:23.403] [DEBUG] debug-file - Incremental task electron:default@BuildJS post-execution cost:1 ms .
[2026-04-28T16:21:23.403] [DEBUG] debug-file - There is no need to refresh cache, since the incremental task electron:default@ProcessLibs is up-to-date.
[2026-04-28T16:21:23.403] [DEBUG] debug-file - There is no need to refresh cache, since the incremental task electron:default@DoNativeStrip is up-to-date.
[2026-04-28T16:21:23.403] [DEBUG] debug-file - There is no need to refresh cache, since the incremental task electron:default@CacheNativeLibs is up-to-date.
[2026-04-28T16:21:23.403] [DEBUG] debug-file - Update task electron:default@GeneratePkgModuleJson input file:/Volumes/Execute/Files/project/ame_new/archive_markdown_editor_hmos/app/ame/electron/build/default/intermediates/res/default/module.json cache from map.
[2026-04-28T16:21:23.403] [DEBUG] debug-file - Update task electron:default@GeneratePkgModuleJson output file:/Volumes/Execute/Files/project/ame_new/archive_markdown_editor_hmos/app/ame/electron/build/default/intermediates/package/default/module.json cache.
[2026-04-28T16:21:23.403] [DEBUG] debug-file - Incremental task electron:default@GeneratePkgModuleJson post-execution cost:1 ms .
[2026-04-28T16:21:23.403] [DEBUG] debug-file - Incremental task electron:default@ProcessCompiledResources post-execution cost:1 ms .
[2026-04-28T16:21:23.403] [DEBUG] debug-file - Update task electron:default@PackageHap input file:/Volumes/Execute/Files/project/ame_new/archive_markdown_editor_hmos/app/ame/electron/build/default/intermediates/stripped_native_libs/default cache by regenerate.
[2026-04-28T16:21:23.403] [DEBUG] debug-file - Update task electron:default@PackageHap input file:/Volumes/Execute/Files/project/ame_new/archive_markdown_editor_hmos/app/ame/electron/build/default/intermediates/res/default/module.json cache from map.
[2026-04-28T16:21:23.403] [DEBUG] debug-file - Update task electron:default@PackageHap input file:/Volumes/Execute/Files/project/ame_new/archive_markdown_editor_hmos/app/ame/electron/build/default/intermediates/res/default/resources cache by regenerate.
[2026-04-28T16:21:23.407] [DEBUG] debug-file - Update task electron:default@PackageHap input file:/Volumes/Execute/Files/project/ame_new/archive_markdown_editor_hmos/app/ame/electron/build/default/intermediates/res/default/resources.index cache by regenerate.
[2026-04-28T16:21:23.407] [DEBUG] debug-file - Update task electron:default@PackageHap input file:/Volumes/Execute/Files/project/ame_new/archive_markdown_editor_hmos/app/ame/electron/build/default/outputs/default/pack.info cache by regenerate.
[2026-04-28T16:21:23.407] [DEBUG] debug-file - Update task electron:default@PackageHap input file:/Volumes/Execute/Files/project/ame_new/archive_markdown_editor_hmos/app/ame/electron/build/default/intermediates/loader_out/default/ets cache by regenerate.
[2026-04-28T16:21:23.407] [DEBUG] debug-file - Update task electron:default@PackageHap input file:/Volumes/Execute/Files/project/ame_new/archive_markdown_editor_hmos/app/ame/electron/build/default/cache/default/default@CompileArkTS/esmodule/release/sourceMaps.map cache by regenerate.
[2026-04-28T16:21:23.407] [DEBUG] debug-file - Update task electron:default@PackageHap input file:/Volumes/Execute/Files/project/ame_new/archive_markdown_editor_hmos/app/ame/electron/build/default/generated/profile/default/BuildProfile.ets cache by regenerate.
[2026-04-28T16:21:23.407] [DEBUG] debug-file - Update task electron:default@PackageHap output file:/Volumes/Execute/Files/project/ame_new/archive_markdown_editor_hmos/app/ame/electron/build/default/outputs/default/electron-default-unsigned.hap cache.
[2026-04-28T16:21:23.407] [DEBUG] debug-file - Update task electron:default@PackageHap output file:/Volumes/Execute/Files/project/ame_new/archive_markdown_editor_hmos/app/ame/electron/build/default/intermediates/source_map/default/sourceMaps.map cache.
[2026-04-28T16:21:23.407] [DEBUG] debug-file - Update task electron:default@PackageHap output file:/Volumes/Execute/Files/project/ame_new/archive_markdown_editor_hmos/app/ame/electron/build/default/outputs/default/mapping/sourceMaps.map cache.
[2026-04-28T16:21:23.407] [DEBUG] debug-file - Incremental task electron:default@PackageHap post-execution cost:5 ms .
[2026-04-28T16:21:23.407] [DEBUG] debug-file - Update task electron:default@SignHap input file:/Volumes/Execute/Files/project/ame_new/HarmonyOS-AME-Cert/debug-cert/AME-debug.cer cache by regenerate.
[2026-04-28T16:21:23.407] [DEBUG] debug-file - Update task electron:default@SignHap input file:/Volumes/Execute/Files/project/ame_new/HarmonyOS-AME-Cert/debug-cert/ame-ss-debugDebug.p7b cache by regenerate.
[2026-04-28T16:21:23.407] [DEBUG] debug-file - Update task electron:default@SignHap input file:/Volumes/Execute/Files/project/ame_new/HarmonyOS-AME-Cert/debug-cert/ame-debug.p12 cache by regenerate.
[2026-04-28T16:21:23.407] [DEBUG] debug-file - Update task electron:default@SignHap input file:/Volumes/Execute/Files/project/ame_new/archive_markdown_editor_hmos/app/ame/electron/build/default/outputs/default/electron-default-unsigned.hap cache from map.
[2026-04-28T16:21:23.407] [DEBUG] debug-file - Update task electron:default@SignHap output file:/Volumes/Execute/Files/project/ame_new/archive_markdown_editor_hmos/app/ame/electron/build/default/outputs/default/electron-default-signed.hap cache.
[2026-04-28T16:21:23.407] [DEBUG] debug-file - Incremental task electron:default@SignHap post-execution cost:1 ms .
[2026-04-28T16:21:23.407] [DEBUG] debug-file - Update task electron:default@CollectDebugSymbol input file:/Volumes/Execute/Files/project/ame_new/archive_markdown_editor_hmos/app/ame/electron/build/default/cache/default/default@CompileArkTS/esmodule/release/sourceMaps.map cache from map.
[2026-04-28T16:21:23.407] [DEBUG] debug-file - Update task electron:default@CollectDebugSymbol input file:/Volumes/Execute/Files/project/ame_new/archive_markdown_editor_hmos/app/ame/electron/build/default/intermediates/libs/default cache by regenerate.
[2026-04-28T16:21:23.407] [DEBUG] debug-file - Update task electron:default@CollectDebugSymbol output file:/Volumes/Execute/Files/project/ame_new/archive_markdown_editor_hmos/app/ame/electron/build/default/outputs/default/symbol cache.
[2026-04-28T16:21:23.408] [DEBUG] debug-file - Incremental task electron:default@CollectDebugSymbol post-execution cost:1 ms .
[2026-04-28T16:21:23.418] [DEBUG] debug-file - Cleanup worker 8.
[2026-04-28T16:21:23.418] [DEBUG] debug-file - Worker 8 has been cleaned up.
[2026-04-28T16:21:23.418] [DEBUG] debug-file - Current idle worker size: 1.
[2026-04-28T16:21:23.418] [DEBUG] debug-file - Current resident worker size: 2.
[2026-04-28T16:21:23.419] [DEBUG] debug-file - hvigor build process will be closed.
[2026-04-28T16:21:23.419] [DEBUG] debug-file - java daemon socket close code:1000 reason:close by user
[2026-04-28T16:21:23.422] [DEBUG] debug-file - session manager: send message to worker process.
[2026-04-28T16:21:23.422] [DEBUG] debug-file - session manager: send message to worker process.
[2026-04-28T16:21:23.422] [DEBUG] debug-file - watch worker: worker id should be larger than 0. Nothing will be sent to any worker thread.
[2026-04-28T16:21:23.422] [DEBUG] debug-file - watch worker: worker id should be larger than 0. Nothing will be sent to any worker thread.
[2026-04-28T16:21:23.425] [DEBUG] debug-file - worker[8] exits with exit code 1.
[2026-04-28T16:29:00.547] [DEBUG] debug-file - session manager: set active socket. socketId=qcq8kEmvQzfW2-h7AAAj
[2026-04-28T16:29:00.550] [DEBUG] debug-file - watch worker: worker id should be larger than 0. Nothing will be sent to any worker thread.
[2026-04-28T16:29:00.553] [DEBUG] debug-file - Workers' log level updated to INFO
[2026-04-28T16:29:00.556] [DEBUG] debug-file - Hvigor init with startParameters:{
  hvigorfileTypeCheck: false,
  parallelExecution: true,
  incrementalExecution: true,
  printStackTrace: false,
  daemon: true,
  analyze: 0,
  logLevel: Level { level: 20000, levelStr: 'INFO', colour: 'green' },
  optimizationStrategy: 'memory',
  hotCompile: undefined,
  hotReloadBuild: undefined,
  customizedParam: undefined
}
[2026-04-28T16:29:00.574] [DEBUG] debug-file - Cache service initialization finished in 18 ms 
[2026-04-28T16:29:00.577] [DEBUG] debug-file - hvigorfile, resolving /Volumes/Execute/Files/project/ame_new/archive_markdown_editor_hmos/app/ame/hvigorfile.ts
[2026-04-28T16:29:00.597] [DEBUG] debug-file - hvigorfile, require result:  { default: { plugins: [] } }
[2026-04-28T16:29:00.597] [DEBUG] debug-file - hvigorfile, binding system plugins null
[2026-04-28T16:29:00.597] [DEBUG] debug-file - Starting plugin build process
[2026-04-28T16:29:00.597] [DEBUG] debug-file - App plugin prepare start...
[2026-04-28T16:29:00.597] [DEBUG] debug-file - App plugin prepare end...
[2026-04-28T16:29:00.597] [DEBUG] debug-file - App plugin creating...
[2026-04-28T16:29:00.607] [DEBUG] debug-file - App plugin register hook start...
[2026-04-28T16:29:00.607] [DEBUG] debug-file - App plugin register hook end...
[2026-04-28T16:29:00.607] [DEBUG] debug-file - Plugin build process completed
[2026-04-28T16:29:00.608] [DEBUG] debug-file - Start initialize project's product build option map with build mode release.
[2026-04-28T16:29:00.608] [DEBUG] debug-file - Picking option from product 'default' with build mode 'release'.
[2026-04-28T16:29:00.608] [DEBUG] debug-file - Product 'default' build option initialized
[2026-04-28T16:29:00.608] [DEBUG] debug-file - End initialize project's product build option map with build mode 'release'.
[2026-04-28T16:29:00.608] [DEBUG] debug-file - Obtain build option for product 'default'in this build.
[2026-04-28T16:29:00.610] [DEBUG] debug-file - /Volumes/Execute/Files/project/ame_new/archive_markdown_editor_hmos/app/ame/build/cache/default/remote_hsp/remoteHspCache.json not exists.
[2026-04-28T16:29:00.610] [DEBUG] debug-file - Start recording SDK configuration permission data.
[2026-04-28T16:29:00.622] [DEBUG] debug-file - Sdk init in 13 ms 
[2026-04-28T16:29:00.624] [DEBUG] debug-file - Project task initialization takes 2 ms 
[2026-04-28T16:29:00.624] [DEBUG] debug-file - hvigorfile, binding custom plugins []
[2026-04-28T16:29:00.624] [DEBUG] debug-file - hvigorfile, no custom plugins were found in /Volumes/Execute/Files/project/ame_new/archive_markdown_editor_hmos/app/ame/hvigorfile.ts
[2026-04-28T16:29:00.624] [DEBUG] debug-file - hvigorfile, resolve finished /Volumes/Execute/Files/project/ame_new/archive_markdown_editor_hmos/app/ame/hvigorfile.ts
[2026-04-28T16:29:00.624] [DEBUG] debug-file - hvigorfile, resolving /Volumes/Execute/Files/project/ame_new/archive_markdown_editor_hmos/app/ame/electron/hvigorfile.ts
[2026-04-28T16:29:00.625] [DEBUG] debug-file - hvigorfile, require result:  { default: { plugins: [] } }
[2026-04-28T16:29:00.625] [DEBUG] debug-file - hvigorfile, binding system plugins null
[2026-04-28T16:29:00.626] [DEBUG] debug-file - Starting plugin build process
[2026-04-28T16:29:00.626] [DEBUG] debug-file - Hap plugin creating...
[2026-04-28T16:29:00.626] [DEBUG] debug-file - failed to load cangjie to dynamically generate schemas: Error: Cannot find module '@ohos/cangjie-build-support/index'
Require stack:
- /Volumes/Execute/Apps/DevEco-Studio.app/Contents/tools/hvigor/hvigor-ohos-plugin/src/plugin/hooks/cangjie-register.js
- /Volumes/Execute/Apps/DevEco-Studio.app/Contents/tools/hvigor/hvigor-ohos-plugin/src/plugin/strategy/stage-init-strategy.js
- /Volumes/Execute/Apps/DevEco-Studio.app/Contents/tools/hvigor/hvigor-ohos-plugin/src/plugin/builder/abstract-plugin-builder.js
- /Volumes/Execute/Apps/DevEco-Studio.app/Contents/tools/hvigor/hvigor-ohos-plugin/src/plugin/builder/app-plugin-builder.js
- /Volumes/Execute/Apps/DevEco-Studio.app/Contents/tools/hvigor/hvigor-ohos-plugin/src/plugin/factory/plugin-factory.js
- /Volumes/Execute/Apps/DevEco-Studio.app/Contents/tools/hvigor/hvigor-ohos-plugin/index.js
- /Volumes/Execute/Files/project/ame_new/archive_markdown_editor_hmos/app/ame/hvigorfile.ts
- /Volumes/Execute/Apps/DevEco-Studio.app/Contents/tools/hvigor/hvigor/src/base/internal/lifecycle/configuration.js
- /Volumes/Execute/Apps/DevEco-Studio.app/Contents/tools/hvigor/hvigor/src/base/boot/index.js
- /Volumes/Execute/Apps/DevEco-Studio.app/Contents/tools/hvigor/hvigor/src/base/daemon/cluster/worker-process-lifecycle.js
- /Volumes/Execute/Apps/DevEco-Studio.app/Contents/tools/hvigor/hvigor/src/base/daemon/process/daemon-process-boot-script.js
[2026-04-28T16:29:00.629] [DEBUG] debug-file - Start initialize module-target build option map, moduleName=electron, buildMode=debug
[2026-04-28T16:29:00.629] [DEBUG] debug-file - Target 'default' config initialized
[2026-04-28T16:29:00.629] [DEBUG] debug-file - Target 'ohosTest' config initialized
[2026-04-28T16:29:00.629] [DEBUG] debug-file - Module 'electron' target 'default' build option initialized
[2026-04-28T16:29:00.629] [DEBUG] debug-file - Module 'electron' target 'ohosTest' build option initialized
[2026-04-28T16:29:00.629] [DEBUG] debug-file - End initialize module-target build option map, moduleName=electron
[2026-04-28T16:29:00.629] [DEBUG] debug-file - Start initialize module-target build option map, moduleName=electron, buildMode=release
[2026-04-28T16:29:00.629] [DEBUG] debug-file - Target 'default' config initialized
[2026-04-28T16:29:00.629] [DEBUG] debug-file - Target 'ohosTest' config initialized
[2026-04-28T16:29:00.629] [DEBUG] debug-file - Module 'electron' target 'default' build option initialized
[2026-04-28T16:29:00.629] [DEBUG] debug-file - Module 'electron' target 'ohosTest' build option initialized
[2026-04-28T16:29:00.629] [DEBUG] debug-file - End initialize module-target build option map, moduleName=electron
[2026-04-28T16:29:00.629] [DEBUG] debug-file - Start initialize module-target build option map, moduleName=electron, buildMode=release
[2026-04-28T16:29:00.629] [DEBUG] debug-file - Target 'default' config initialized
[2026-04-28T16:29:00.629] [DEBUG] debug-file - Target 'ohosTest' config initialized
[2026-04-28T16:29:00.629] [DEBUG] debug-file - Module 'electron' target 'default' build option initialized
[2026-04-28T16:29:00.629] [DEBUG] debug-file - Module 'electron' target 'ohosTest' build option initialized
[2026-04-28T16:29:00.629] [DEBUG] debug-file - End initialize module-target build option map, moduleName=electron
[2026-04-28T16:29:00.629] [DEBUG] debug-file - Obtain build option for module 'electron' target 'default'in this build.
[2026-04-28T16:29:00.631] [DEBUG] debug-file - Module electron task initialization takes 2 ms 
[2026-04-28T16:29:00.631] [DEBUG] debug-file - Hap plugin register hook start...
[2026-04-28T16:29:00.631] [DEBUG] debug-file - Hap plugin register hook end...
[2026-04-28T16:29:00.631] [DEBUG] debug-file - Plugin build process completed
[2026-04-28T16:29:00.631] [DEBUG] debug-file - hvigorfile, binding custom plugins []
[2026-04-28T16:29:00.631] [DEBUG] debug-file - hvigorfile, no custom plugins were found in /Volumes/Execute/Files/project/ame_new/archive_markdown_editor_hmos/app/ame/electron/hvigorfile.ts
[2026-04-28T16:29:00.631] [DEBUG] debug-file - hvigorfile, resolve finished /Volumes/Execute/Files/project/ame_new/archive_markdown_editor_hmos/app/ame/electron/hvigorfile.ts
[2026-04-28T16:29:00.631] [DEBUG] debug-file - hvigorfile, resolving /Volumes/Execute/Files/project/ame_new/archive_markdown_editor_hmos/app/ame/web_engine/hvigorfile.ts
[2026-04-28T16:29:00.633] [DEBUG] debug-file - hvigorfile, require result:  { default: { plugins: [] } }
[2026-04-28T16:29:00.633] [DEBUG] debug-file - hvigorfile, binding system plugins null
[2026-04-28T16:29:00.633] [DEBUG] debug-file - Starting plugin build process
[2026-04-28T16:29:00.633] [DEBUG] debug-file - Har plugin creating...
[2026-04-28T16:29:00.633] [DEBUG] debug-file - failed to load cangjie to dynamically generate schemas: Error: Cannot find module '@ohos/cangjie-build-support/index'
Require stack:
- /Volumes/Execute/Apps/DevEco-Studio.app/Contents/tools/hvigor/hvigor-ohos-plugin/src/plugin/hooks/cangjie-register.js
- /Volumes/Execute/Apps/DevEco-Studio.app/Contents/tools/hvigor/hvigor-ohos-plugin/src/plugin/strategy/stage-init-strategy.js
- /Volumes/Execute/Apps/DevEco-Studio.app/Contents/tools/hvigor/hvigor-ohos-plugin/src/plugin/builder/abstract-plugin-builder.js
- /Volumes/Execute/Apps/DevEco-Studio.app/Contents/tools/hvigor/hvigor-ohos-plugin/src/plugin/builder/app-plugin-builder.js
- /Volumes/Execute/Apps/DevEco-Studio.app/Contents/tools/hvigor/hvigor-ohos-plugin/src/plugin/factory/plugin-factory.js
- /Volumes/Execute/Apps/DevEco-Studio.app/Contents/tools/hvigor/hvigor-ohos-plugin/index.js
- /Volumes/Execute/Files/project/ame_new/archive_markdown_editor_hmos/app/ame/hvigorfile.ts
- /Volumes/Execute/Apps/DevEco-Studio.app/Contents/tools/hvigor/hvigor/src/base/internal/lifecycle/configuration.js
- /Volumes/Execute/Apps/DevEco-Studio.app/Contents/tools/hvigor/hvigor/src/base/boot/index.js
- /Volumes/Execute/Apps/DevEco-Studio.app/Contents/tools/hvigor/hvigor/src/base/daemon/cluster/worker-process-lifecycle.js
- /Volumes/Execute/Apps/DevEco-Studio.app/Contents/tools/hvigor/hvigor/src/base/daemon/process/daemon-process-boot-script.js
[2026-04-28T16:29:00.635] [DEBUG] debug-file - Start initialize module-target build option map, moduleName=web_engine, buildMode=debug
[2026-04-28T16:29:00.635] [DEBUG] debug-file - Target 'default' config initialized
[2026-04-28T16:29:00.635] [DEBUG] debug-file - Module 'web_engine' target 'default' build option initialized
[2026-04-28T16:29:00.635] [DEBUG] debug-file - End initialize module-target build option map, moduleName=web_engine
[2026-04-28T16:29:00.635] [DEBUG] debug-file - Start initialize module-target build option map, moduleName=web_engine, buildMode=release
[2026-04-28T16:29:00.635] [DEBUG] debug-file - Target 'default' config initialized
[2026-04-28T16:29:00.635] [DEBUG] debug-file - Module 'web_engine' target 'default' build option initialized
[2026-04-28T16:29:00.635] [DEBUG] debug-file - End initialize module-target build option map, moduleName=web_engine
[2026-04-28T16:29:00.635] [DEBUG] debug-file - Start initialize module-target build option map, moduleName=web_engine, buildMode=release
[2026-04-28T16:29:00.635] [DEBUG] debug-file - Target 'default' config initialized
[2026-04-28T16:29:00.635] [DEBUG] debug-file - Module 'web_engine' target 'default' build option initialized
[2026-04-28T16:29:00.635] [DEBUG] debug-file - End initialize module-target build option map, moduleName=web_engine
[2026-04-28T16:29:00.635] [DEBUG] debug-file - Obtain build option for module 'web_engine' target 'default'in this build.
[2026-04-28T16:29:00.635] [DEBUG] debug-file - Module web_engine task initialization takes 1 ms 
[2026-04-28T16:29:00.635] [DEBUG] debug-file - Har plugin register hook start...
[2026-04-28T16:29:00.635] [DEBUG] debug-file - Har plugin register hook end...
[2026-04-28T16:29:00.635] [DEBUG] debug-file - Plugin build process completed
[2026-04-28T16:29:00.635] [DEBUG] debug-file - hvigorfile, binding custom plugins []
[2026-04-28T16:29:00.636] [DEBUG] debug-file - hvigorfile, no custom plugins were found in /Volumes/Execute/Files/project/ame_new/archive_markdown_editor_hmos/app/ame/web_engine/hvigorfile.ts
[2026-04-28T16:29:00.636] [DEBUG] debug-file - hvigorfile, resolve finished /Volumes/Execute/Files/project/ame_new/archive_markdown_editor_hmos/app/ame/web_engine/hvigorfile.ts
[2026-04-28T16:29:00.672] [DEBUG] debug-file - hvigorfile, resolve hvigorfile dependencies in 36 ms 
[2026-04-28T16:29:00.672] [DEBUG] debug-file - project has submodules:electron,web_engine
[2026-04-28T16:29:00.672] [DEBUG] debug-file - module:web_engine no need to execute packageHap
[2026-04-28T16:29:00.673] [DEBUG] debug-file - start to load updatedOhPackageInfo to the disk
[2026-04-28T16:29:00.674] [DEBUG] debug-file - load to the disk finished
[2026-04-28T16:29:00.675] [DEBUG] debug-file - Start to initialize dependency information.
[2026-04-28T16:29:00.675] [DEBUG] debug-file - Module ame Collected Dependency: 
[2026-04-28T16:29:00.675] [DEBUG] debug-file - Module ame's total dependency: 0
[2026-04-28T16:29:00.675] [DEBUG] debug-file - Start to initialize dependency information.
[2026-04-28T16:29:00.696] [DEBUG] debug-file - Module electron Collected Dependency: /Volumes/Execute/Files/project/ame_new/archive_markdown_editor_hmos/app/ame/web_engine,/Volumes/Execute/Files/project/ame_new/archive_markdown_editor_hmos/app/ame/oh_modules/.ohpm/inversify@6.0.1/oh_modules/inversify,/Volumes/Execute/Files/project/ame_new/archive_markdown_editor_hmos/app/ame/oh_modules/.ohpm/reflect-metadata@0.2.1/oh_modules/reflect-metadata
[2026-04-28T16:29:00.696] [DEBUG] debug-file - Module electron's total dependency: 3
[2026-04-28T16:29:00.698] [DEBUG] debug-file - Start to initialize dependency information.
[2026-04-28T16:29:00.699] [DEBUG] debug-file - Module web_engine Collected Dependency: /Volumes/Execute/Files/project/ame_new/archive_markdown_editor_hmos/app/ame/oh_modules/.ohpm/inversify@6.0.1/oh_modules/inversify,/Volumes/Execute/Files/project/ame_new/archive_markdown_editor_hmos/app/ame/oh_modules/.ohpm/reflect-metadata@0.2.1/oh_modules/reflect-metadata
[2026-04-28T16:29:00.699] [DEBUG] debug-file - Module web_engine's total dependency: 2
[2026-04-28T16:29:00.699] [DEBUG] debug-file - Configuration phase cost:126 ms 
[2026-04-28T16:29:00.700] [DEBUG] debug-file - Configuration task cost before running: 147 ms 
[2026-04-28T16:29:00.704] [DEBUG] debug-file - Executing task :electron:default@PreBuild
[2026-04-28T16:29:00.704] [DEBUG] debug-file - Task 'electron:default@PreBuild' cost while wrapping incremental declarations: 1 ms 
[2026-04-28T16:29:00.706] [DEBUG] debug-file - Incremental task electron:default@PreBuild pre-execution cost: 1 ms .
[2026-04-28T16:29:00.706] [DEBUG] debug-file - electron : default@PreBuild cost memory 0.44130706787109375
[2026-04-28T16:29:00.708] [INFO] debug-file - UP-TO-DATE :electron:default@PreBuild...  
[2026-04-28T16:29:00.709] [DEBUG] debug-file - Executing task :web_engine:default@PreBuild
[2026-04-28T16:29:00.709] [DEBUG] debug-file - Task 'web_engine:default@PreBuild' cost while wrapping incremental declarations: 1 ms 
[2026-04-28T16:29:00.710] [DEBUG] debug-file - Incremental task web_engine:default@PreBuild pre-execution cost: 1 ms .
[2026-04-28T16:29:00.710] [DEBUG] debug-file - web_engine : default@PreBuild cost memory 0.2806243896484375
[2026-04-28T16:29:00.710] [INFO] debug-file - UP-TO-DATE :web_engine:default@PreBuild...  
[2026-04-28T16:29:00.710] [DEBUG] debug-file - Executing task :electron:default@CreateModuleInfo
[2026-04-28T16:29:00.710] [DEBUG] debug-file - Task 'electron:default@CreateModuleInfo' cost while wrapping incremental declarations: 1 ms 
[2026-04-28T16:29:00.710] [DEBUG] debug-file - electron : default@CreateModuleInfo cost memory 0.043853759765625
[2026-04-28T16:29:00.710] [DEBUG] debug-file - runTaskFromQueue task cost before running: 157 ms 
[2026-04-28T16:29:00.710] [INFO] debug-file - Finished :electron:default@CreateModuleInfo... after 1 ms 
[2026-04-28T16:29:00.711] [DEBUG] debug-file - Executing task :electron:default@GenerateMetadata
[2026-04-28T16:29:00.711] [DEBUG] debug-file - Task 'electron:default@GenerateMetadata' cost while wrapping incremental declarations: 1 ms 
[2026-04-28T16:29:00.711] [DEBUG] debug-file - Incremental task electron:default@GenerateMetadata pre-execution cost: 1 ms .
[2026-04-28T16:29:00.711] [DEBUG] debug-file - electron : default@GenerateMetadata cost memory 0.08417510986328125
[2026-04-28T16:29:00.711] [INFO] debug-file - UP-TO-DATE :electron:default@GenerateMetadata...  
[2026-04-28T16:29:00.711] [DEBUG] debug-file - Executing task :electron:default@PreCheckSyscap
[2026-04-28T16:29:00.711] [DEBUG] debug-file - electron : default@PreCheckSyscap cost memory 0.01663970947265625
[2026-04-28T16:29:00.711] [DEBUG] debug-file - runTaskFromQueue task cost before running: 158 ms 
[2026-04-28T16:29:00.711] [INFO] debug-file - Finished :electron:default@PreCheckSyscap... after 1 ms 
[2026-04-28T16:29:00.712] [DEBUG] debug-file - Executing task :electron:default@GeneratePkgContextInfo
[2026-04-28T16:29:00.713] [DEBUG] debug-file - Task 'electron:default@GeneratePkgContextInfo' cost while wrapping incremental declarations: 1 ms 
[2026-04-28T16:29:00.713] [DEBUG] debug-file - electron : default@GeneratePkgContextInfo cost memory 0.37133026123046875
[2026-04-28T16:29:00.713] [DEBUG] debug-file - runTaskFromQueue task cost before running: 160 ms 
[2026-04-28T16:29:00.713] [INFO] debug-file - Finished :electron:default@GeneratePkgContextInfo... after 2 ms 
[2026-04-28T16:29:00.713] [DEBUG] debug-file - Executing task :electron:default@ProcessIntegratedHsp
[2026-04-28T16:29:00.713] [DEBUG] debug-file - electron:default@ProcessIntegratedHsp is not up-to-date, since the output file '/Volumes/Execute/Files/project/ame_new/archive_markdown_editor_hmos/app/ame/build/cache/default/integrated_hsp/integratedHspCache.json' does not exist.
[2026-04-28T16:29:00.713] [DEBUG] debug-file - Incremental task electron:default@ProcessIntegratedHsp pre-execution cost: 1 ms .
[2026-04-28T16:29:00.713] [DEBUG] debug-file - electron : default@ProcessIntegratedHsp cost memory 0.0640106201171875
[2026-04-28T16:29:00.713] [DEBUG] debug-file - runTaskFromQueue task cost before running: 160 ms 
[2026-04-28T16:29:00.713] [INFO] debug-file - Finished :electron:default@ProcessIntegratedHsp... after 1 ms 
[2026-04-28T16:29:00.713] [DEBUG] debug-file - Executing task :web_engine:default@CreateHarBuildProfile
[2026-04-28T16:29:00.713] [DEBUG] debug-file - Task 'web_engine:default@CreateHarBuildProfile' cost while wrapping incremental declarations: 1 ms 
[2026-04-28T16:29:00.714] [DEBUG] debug-file - Incremental task web_engine:default@CreateHarBuildProfile pre-execution cost: 1 ms .
[2026-04-28T16:29:00.714] [DEBUG] debug-file - web_engine : default@CreateHarBuildProfile cost memory 0.08126068115234375
[2026-04-28T16:29:00.714] [INFO] debug-file - UP-TO-DATE :web_engine:default@CreateHarBuildProfile...  
[2026-04-28T16:29:00.714] [DEBUG] debug-file - Executing task :web_engine:default@ConfigureCmake
[2026-04-28T16:29:00.714] [DEBUG] debug-file - web_engine : default@ConfigureCmake cost memory 0.01647186279296875
[2026-04-28T16:29:00.714] [DEBUG] debug-file - runTaskFromQueue task cost before running: 161 ms 
[2026-04-28T16:29:00.714] [INFO] debug-file - Finished :web_engine:default@ConfigureCmake... after 1 ms 
[2026-04-28T16:29:00.714] [DEBUG] debug-file - Executing task :web_engine:default@MergeProfile
[2026-04-28T16:29:00.714] [DEBUG] debug-file - Task 'web_engine:default@MergeProfile' cost while wrapping incremental declarations: 1 ms 
[2026-04-28T16:29:00.714] [DEBUG] debug-file - Incremental task web_engine:default@MergeProfile pre-execution cost: 1 ms .
[2026-04-28T16:29:00.714] [DEBUG] debug-file - web_engine : default@MergeProfile cost memory 0.1231231689453125
[2026-04-28T16:29:00.714] [INFO] debug-file - UP-TO-DATE :web_engine:default@MergeProfile...  
[2026-04-28T16:29:00.715] [DEBUG] debug-file - Executing task :electron:default@SyscapTransform
[2026-04-28T16:29:00.715] [DEBUG] debug-file - File: '/Volumes/Execute/Files/project/ame_new/archive_markdown_editor_hmos/app/ame/electron/src/main/syscap.json' from 'sysCapJsonPath' is not exists, just ignore.
[2026-04-28T16:29:00.715] [DEBUG] debug-file - Task 'electron:default@SyscapTransform' cost while wrapping incremental declarations: 1 ms 
[2026-04-28T16:29:00.715] [DEBUG] debug-file - electron:default@SyscapTransform is not up-to-date, since the output file '/Volumes/Execute/Files/project/ame_new/archive_markdown_editor_hmos/app/ame/electron/build/default/intermediates/syscap/default/rpcid.sc' does not exist.
[2026-04-28T16:29:00.715] [DEBUG] debug-file - Incremental task electron:default@SyscapTransform pre-execution cost: 1 ms .
[2026-04-28T16:29:00.715] [DEBUG] debug-file - electron : default@SyscapTransform cost memory 0.11651611328125
[2026-04-28T16:29:00.715] [DEBUG] debug-file - runTaskFromQueue task cost before running: 163 ms 
[2026-04-28T16:29:00.716] [INFO] debug-file - Finished :electron:default@SyscapTransform... after 1 ms 
[2026-04-28T16:29:00.716] [DEBUG] debug-file - Executing task :electron:default@ProcessRouterMap
[2026-04-28T16:29:00.716] [DEBUG] debug-file - Incremental task electron:default@ProcessRouterMap pre-execution cost: 1 ms .
[2026-04-28T16:29:00.716] [DEBUG] debug-file - electron : default@ProcessRouterMap cost memory 0.12339019775390625
[2026-04-28T16:29:00.716] [INFO] debug-file - UP-TO-DATE :electron:default@ProcessRouterMap...  
[2026-04-28T16:29:00.716] [DEBUG] debug-file - Executing task :electron:default@ProcessShareConfig
[2026-04-28T16:29:00.717] [DEBUG] debug-file - Incremental task electron:default@ProcessShareConfig pre-execution cost: 1 ms .
[2026-04-28T16:29:00.717] [DEBUG] debug-file - electron : default@ProcessShareConfig cost memory 0.1045074462890625
[2026-04-28T16:29:00.717] [INFO] debug-file - UP-TO-DATE :electron:default@ProcessShareConfig...  
[2026-04-28T16:29:00.717] [DEBUG] debug-file - Executing task :electron:default@ProcessStartupConfig
[2026-04-28T16:29:00.717] [DEBUG] debug-file - Task 'electron:default@ProcessStartupConfig' cost while wrapping incremental declarations: 1 ms 
[2026-04-28T16:29:00.717] [DEBUG] debug-file - electron:default@ProcessStartupConfig is not up-to-date, since the output file '/Volumes/Execute/Files/project/ame_new/archive_markdown_editor_hmos/app/ame/electron/build/default/intermediates/startup/default/startup_config.json' does not exist.
[2026-04-28T16:29:00.717] [DEBUG] debug-file - Incremental task electron:default@ProcessStartupConfig pre-execution cost: 1 ms .
[2026-04-28T16:29:00.717] [DEBUG] debug-file - electron : default@ProcessStartupConfig cost memory 0.1038818359375
[2026-04-28T16:29:00.717] [DEBUG] debug-file - runTaskFromQueue task cost before running: 164 ms 
[2026-04-28T16:29:00.717] [INFO] debug-file - Finished :electron:default@ProcessStartupConfig... after 1 ms 
[2026-04-28T16:29:00.717] [DEBUG] debug-file - Executing task :electron:default@CreateBuildProfile
[2026-04-28T16:29:00.717] [DEBUG] debug-file - Task 'electron:default@CreateBuildProfile' cost while wrapping incremental declarations: 1 ms 
[2026-04-28T16:29:00.718] [DEBUG] debug-file - Incremental task electron:default@CreateBuildProfile pre-execution cost: 1 ms .
[2026-04-28T16:29:00.718] [DEBUG] debug-file - electron : default@CreateBuildProfile cost memory 0.086395263671875
[2026-04-28T16:29:00.718] [INFO] debug-file - UP-TO-DATE :electron:default@CreateBuildProfile...  
[2026-04-28T16:29:00.718] [DEBUG] debug-file - Executing task :web_engine:default@BuildNativeWithCmake
[2026-04-28T16:29:00.718] [DEBUG] debug-file - web_engine : default@BuildNativeWithCmake cost memory 0.0164642333984375
[2026-04-28T16:29:00.718] [DEBUG] debug-file - runTaskFromQueue task cost before running: 165 ms 
[2026-04-28T16:29:00.718] [INFO] debug-file - Finished :web_engine:default@BuildNativeWithCmake... after 1 ms 
[2026-04-28T16:29:00.718] [DEBUG] debug-file - Executing task :electron:default@MergeProfile
[2026-04-28T16:29:00.718] [DEBUG] debug-file - Task 'electron:default@MergeProfile' cost while wrapping incremental declarations: 1 ms 
[2026-04-28T16:29:00.718] [DEBUG] debug-file - Incremental task electron:default@MergeProfile pre-execution cost: 1 ms .
[2026-04-28T16:29:00.718] [DEBUG] debug-file - electron : default@MergeProfile cost memory 0.155517578125
[2026-04-28T16:29:00.719] [INFO] debug-file - UP-TO-DATE :electron:default@MergeProfile...  
[2026-04-28T16:29:00.719] [DEBUG] debug-file - Obtain build option for module 'web_engine' target 'default'in this build.
[2026-04-28T16:29:00.719] [DEBUG] debug-file - Executing task :electron:default@GenerateLoaderJson
[2026-04-28T16:29:00.719] [DEBUG] debug-file - Task 'electron:default@GenerateLoaderJson' cost while wrapping incremental declarations: 1 ms 
[2026-04-28T16:29:00.719] [DEBUG] debug-file - Obtain build option for module 'web_engine' target 'default'in this build.
[2026-04-28T16:29:00.720] [DEBUG] debug-file - Obtain build option for module 'web_engine' target 'default'in this build.
[2026-04-28T16:29:00.720] [DEBUG] debug-file - Obtain build option for module 'web_engine' target 'default'in this build.
[2026-04-28T16:29:00.720] [DEBUG] debug-file - Obtain build option for module 'web_engine' target 'default'in this build.
[2026-04-28T16:29:00.720] [DEBUG] debug-file - Obtain build option for module 'web_engine' target 'default'in this build.
[2026-04-28T16:29:00.720] [DEBUG] debug-file - Incremental task electron:default@GenerateLoaderJson pre-execution cost: 1 ms .
[2026-04-28T16:29:00.720] [DEBUG] debug-file - electron : default@GenerateLoaderJson cost memory 0.5216140747070312
[2026-04-28T16:29:00.721] [DEBUG] debug-file - Obtain build option for module 'web_engine' target 'default'in this build.
[2026-04-28T16:29:00.721] [DEBUG] debug-file - Obtain build option for module 'web_engine' target 'default'in this build.
[2026-04-28T16:29:00.721] [INFO] debug-file - UP-TO-DATE :electron:default@GenerateLoaderJson...  
[2026-04-28T16:29:00.721] [DEBUG] debug-file - Executing task :electron:default@ConfigureCmake
[2026-04-28T16:29:00.721] [DEBUG] debug-file - electron : default@ConfigureCmake cost memory 0.01641845703125
[2026-04-28T16:29:00.721] [DEBUG] debug-file - runTaskFromQueue task cost before running: 168 ms 
[2026-04-28T16:29:00.721] [INFO] debug-file - Finished :electron:default@ConfigureCmake... after 1 ms 
[2026-04-28T16:29:00.721] [DEBUG] debug-file - Executing task :web_engine:default@BuildNativeWithNinja
[2026-04-28T16:29:00.721] [DEBUG] debug-file - web_engine : default@BuildNativeWithNinja cost memory 0.023345947265625
[2026-04-28T16:29:00.721] [DEBUG] debug-file - runTaskFromQueue task cost before running: 168 ms 
[2026-04-28T16:29:00.721] [INFO] debug-file - Finished :web_engine:default@BuildNativeWithNinja... after 1 ms 
[2026-04-28T16:29:00.722] [DEBUG] debug-file - Executing task :electron:default@MakePackInfo
[2026-04-28T16:29:00.722] [DEBUG] debug-file - Incremental task electron:default@MakePackInfo pre-execution cost: 1 ms .
[2026-04-28T16:29:00.722] [DEBUG] debug-file - electron : default@MakePackInfo cost memory 0.19490814208984375
[2026-04-28T16:29:00.722] [INFO] debug-file - UP-TO-DATE :electron:default@MakePackInfo...  
[2026-04-28T16:29:00.722] [DEBUG] debug-file - Executing task :electron:default@ProcessProfile
[2026-04-28T16:29:00.723] [DEBUG] debug-file - Task 'electron:default@ProcessProfile' cost while wrapping incremental declarations: 1 ms 
[2026-04-28T16:29:00.723] [DEBUG] debug-file - Incremental task electron:default@ProcessProfile pre-execution cost: 1 ms .
[2026-04-28T16:29:00.723] [DEBUG] debug-file - electron : default@ProcessProfile cost memory 0.2019195556640625
[2026-04-28T16:29:00.723] [INFO] debug-file - UP-TO-DATE :electron:default@ProcessProfile...  
[2026-04-28T16:29:00.723] [DEBUG] debug-file - Executing task :electron:default@BuildNativeWithCmake
[2026-04-28T16:29:00.723] [DEBUG] debug-file - electron : default@BuildNativeWithCmake cost memory 0.01647186279296875
[2026-04-28T16:29:00.723] [DEBUG] debug-file - runTaskFromQueue task cost before running: 170 ms 
[2026-04-28T16:29:00.723] [INFO] debug-file - Finished :electron:default@BuildNativeWithCmake... after 1 ms 
[2026-04-28T16:29:00.723] [DEBUG] debug-file - Executing task :web_engine:default@ProcessLibs
[2026-04-28T16:29:00.724] [DEBUG] debug-file - Incremental task web_engine:default@ProcessLibs pre-execution cost: 1 ms .
[2026-04-28T16:29:00.724] [DEBUG] debug-file - web_engine : default@ProcessLibs cost memory 0.09075927734375
[2026-04-28T16:29:00.724] [INFO] debug-file - UP-TO-DATE :web_engine:default@ProcessLibs...  
[2026-04-28T16:29:00.724] [DEBUG] debug-file - restool module names: electron,web_engine; moduleName=electron, taskName=default@ProcessResource
[2026-04-28T16:29:00.724] [DEBUG] debug-file - Executing task :electron:default@ProcessResource
[2026-04-28T16:29:00.724] [DEBUG] debug-file - Task 'electron:default@ProcessResource' cost while wrapping incremental declarations: 1 ms 
[2026-04-28T16:29:00.725] [DEBUG] debug-file - Incremental task electron:default@ProcessResource pre-execution cost: 1 ms .
[2026-04-28T16:29:00.725] [DEBUG] debug-file - electron : default@ProcessResource cost memory 0.130218505859375
[2026-04-28T16:29:00.725] [INFO] debug-file - UP-TO-DATE :electron:default@ProcessResource...  
[2026-04-28T16:29:00.725] [DEBUG] debug-file - Executing task :web_engine:default@DoNativeStrip
[2026-04-28T16:29:00.725] [DEBUG] debug-file - Task 'web_engine:default@DoNativeStrip' cost while wrapping incremental declarations: 1 ms 
[2026-04-28T16:29:00.725] [DEBUG] debug-file - Incremental task web_engine:default@DoNativeStrip pre-execution cost: 1 ms .
[2026-04-28T16:29:00.725] [DEBUG] debug-file - web_engine : default@DoNativeStrip cost memory 0.06851959228515625
[2026-04-28T16:29:00.725] [INFO] debug-file - UP-TO-DATE :web_engine:default@DoNativeStrip...  
[2026-04-28T16:29:00.725] [DEBUG] debug-file - restool module names: electron,web_engine; moduleName=electron, taskName=default@CompileResource
[2026-04-28T16:29:00.725] [DEBUG] debug-file - Executing task :electron:default@CompileResource
[2026-04-28T16:29:00.732] [DEBUG] debug-file - electron:default@CompileResource is not up-to-date, since the input file '/Volumes/Execute/Files/project/ame_new/archive_markdown_editor_hmos/app/ame/web_engine/src/main/resources' has been changed.
[2026-04-28T16:29:00.732] [DEBUG] debug-file - Incremental task electron:default@CompileResource pre-execution cost: 6 ms .
[2026-04-28T16:29:00.747] [DEBUG] debug-file - Use tool [/Volumes/Execute/Apps/DevEco-Studio.app/Contents/sdk/default/openharmony/toolchains/restool]
 [
  '/Volumes/Execute/Apps/DevEco-Studio.app/Contents/sdk/default/openharmony/toolchains/restool',
  '-l',
  '/Volumes/Execute/Files/project/ame_new/archive_markdown_editor_hmos/app/ame/electron/build/default/intermediates/res/default/resConfig.json'
]
[2026-04-28T16:29:00.747] [DEBUG] debug-file - current process  memoryUsage: {
  rss: 175063040,
  heapTotal: 178176000,
  heapUsed: 135541808,
  external: 3472965,
  arrayBuffers: 1494943
} os memoryUsage :15.855270385742188
[2026-04-28T16:29:00.765] [DEBUG] debug-file - Info: Pack: normal pack mode

[2026-04-28T16:29:00.823] [DEBUG] debug-file - Info: hardware concurrency count is : 10
Info: thread count is : 10

[2026-04-28T16:29:00.823] [DEBUG] debug-file - Info: thread pool is started
Info: file '.DS_Store' is ignored by default regular pattern '\..+'.

[2026-04-28T16:29:00.823] [DEBUG] debug-file - Info: file '.DS_Store' is ignored by default regular pattern '\..+'.

[2026-04-28T16:29:00.823] [DEBUG] debug-file - Info: file '.DS_Store' is ignored by default regular pattern '\..+'.

[2026-04-28T16:29:00.823] [DEBUG] debug-file - Info: file '.DS_Store' is ignored by default regular pattern '\..+'.

[2026-04-28T16:29:00.823] [DEBUG] debug-file - Info: file '.DS_Store' is ignored by default regular pattern '\..+'.

[2026-04-28T16:29:00.824] [DEBUG] debug-file - Info: GenericCompiler::CompileFiles

[2026-04-28T16:29:00.824] [DEBUG] debug-file - Info: file '.DS_Store' is ignored by default regular pattern '\..+'.

[2026-04-28T16:29:00.825] [DEBUG] debug-file - Info: GenericCompiler::CompileFiles

[2026-04-28T16:29:00.827] [DEBUG] debug-file - Info: file '.gitignore' is ignored by default regular pattern '\..+'.

[2026-04-28T16:29:00.832] [DEBUG] debug-file - Info: file '.DS_Store' is ignored by default regular pattern '\..+'.

[2026-04-28T16:29:00.833] [DEBUG] debug-file - Info: file '.DS_Store' is ignored by default regular pattern '\..+'.

[2026-04-28T16:29:00.834] [DEBUG] debug-file - Info: file '.DS_Store' is ignored by default regular pattern '\..+'.

[2026-04-28T16:29:00.834] [DEBUG] debug-file - Info: file '.DS_Store' is ignored by default regular pattern '\..+'.

[2026-04-28T16:29:00.835] [DEBUG] debug-file - Info: file '.DS_Store' is ignored by default regular pattern '\..+'.

[2026-04-28T16:29:00.838] [DEBUG] debug-file - Info: GenericCompiler::CompileFiles

[2026-04-28T16:29:00.945] [DEBUG] debug-file - Info: file '.DS_Store' is ignored by default regular pattern '\..+'.

[2026-04-28T16:29:00.947] [DEBUG] debug-file - Warning: 'button_cancel' conflict, first declared.
at /Volumes/Execute/Files/project/ame_new/archive_markdown_editor_hmos/app/ame/electron/src/main/resources/base/element/string.json
but declared again.
at /Volumes/Execute/Files/project/ame_new/archive_markdown_editor_hmos/app/ame/web_engine/src/main/resources/base/element/string.json
Warning: 'button_cancel' conflict, first declared.
at /Volumes/Execute/Files/project/ame_new/archive_markdown_editor_hmos/app/ame/electron/src/main/resources/en_US/element/string.json
but declared again.
at /Volumes/Execute/Files/project/ame_new/archive_markdown_editor_hmos/app/ame/web_engine/src/main/resources/en_US/element/string.json
Warning: 'button_cancel' conflict, first declared.
at /Volumes/Execute/Files/project/ame_new/archive_markdown_editor_hmos/app/ame/electron/src/main/resources/zh_CN/element/string.json
but declared again.
at /Volumes/Execute/Files/project/ame_new/archive_markdown_editor_hmos/app/ame/web_engine/src/main/resources/zh_CN/element/string.json
Warning: 'button_ok' conflict, first declared.
at /Volumes/Execute/Files/project/ame_new/archive_markdown_editor_hmos/app/ame/electron/src/main/resources/base/element/string.json
but declared again.
at /Volumes/Execute/Files/project/ame_new/archive_markdown_editor_hmos/app/ame/web_engine/src/main/resources/base/element/string.json
Warning: 'button_ok' conflict, first declared.
at /Volumes/Execute/Files/project/ame_new/archive_markdown_editor_hmos/app/ame/electron/src/main/resources/en_US/element/string.json
but declared again.
at /Volumes/Execute/Files/project/ame_new/archive_markdown_editor_hmos/app/ame/web_engine/src/main/resources/en_US/element/string.json
Warning: 'button_ok' conflict, first declared.
at /Volumes/Execute/Files/project/ame_new/archive_markdown_editor_hmos/app/ame/electron/src/main/resources/zh_CN/element/string.json
but declared again.
at /Volumes/Execute/Files/project/ame_new/archive_markdown_editor_hmos/app/ame/web_engine/src/main/resources/zh_CN/element/string.json
Warning: 'button_background' conflict, first declared.
at /Volumes/Execute/Files/project/ame_new/archive_markdown_editor_hmos/app/ame/electron/src/main/resources/base/element/color.json
but declared again.
at /Volumes/Execute/Files/project/ame_new/archive_markdown_editor_hmos/app/ame/web_engine/src/main/resources/base/element/color.json
Warning: 'button_font' conflict, first declared.
at /Volumes/Execute/Files/project/ame_new/archive_markdown_editor_hmos/app/ame/electron/src/main/resources/base/element/color.json
but declared again.
at /Volumes/Execute/Files/project/ame_new/archive_markdown_editor_hmos/app/ame/web_engine/src/main/resources/base/element/color.json
Warning: 'checkbox_selected' conflict, first declared.
at /Volumes/Execute/Files/project/ame_new/archive_markdown_editor_hmos/app/ame/electron/src/main/resources/base/element/color.json
but declared again.
at /Volumes/Execute/Files/project/ame_new/archive_markdown_editor_hmos/app/ame/web_engine/src/main/resources/base/element/color.json
Warning: 'start_window_background' conflict, first declared.
at /Volumes/Execute/Files/project/ame_new/archive_markdown_editor_hmos/app/ame/electron/src/main/resources/base/element/color.json
but declared again.
at /Volumes/Execute/Files/project/ame_new/archive_markdown_editor_hmos/app/ame/web_engine/src/main/resources/base/element/color.json

[2026-04-28T16:29:00.952] [DEBUG] debug-file - 04-28 16:29:00.952 45249 30835092 E C01400/ImageTranscoderUtils: DecodeToRGBA IN
04-28 16:29:00.952 45249 30835092 E C01400/ImageTranscoderUtils: ImageFilter IN /Volumes/Execute/Files/project/ame_new/archive_markdown_editor_hmos/app/ame/AppScope/resources/base/media/app_icon.png

[2026-04-28T16:29:00.961] [DEBUG] debug-file - 04-28 16:29:00.961 45249 30835092 E C01400/ImageTranscoder: TranscodeSLR ScalePixelsWithSLR failed
Warning: ScaleImage failed, file path = /Volumes/Execute/Files/project/ame_new/archive_markdown_editor_hmos/app/ame/AppScope/resources/base/media/app_icon.png

[2026-04-28T16:29:00.962] [DEBUG] debug-file - Warning: The width or height of the png file referenced by the icon exceeds the limit (41 pixels)
at /Volumes/Execute/Files/project/ame_new/archive_markdown_editor_hmos/app/ame/AppScope/resources/base/media/app_icon.png
Warning: The width or height of the png file referenced by the startWindowIcon exceeds the limit (144 pixels)
at /Volumes/Execute/Files/project/ame_new/archive_markdown_editor_hmos/app/ame/AppScope/resources/base/media/app_icon.png
Warning: The width or height of the png file referenced by the startWindowIcon exceeds the limit (144 pixels)
at /Volumes/Execute/Files/project/ame_new/archive_markdown_editor_hmos/app/ame/AppScope/resources/base/media/startIcon.png

[2026-04-28T16:29:01.238] [DEBUG] debug-file - Info: restool resources compile success.

[2026-04-28T16:29:01.238] [DEBUG] debug-file - Info: thread pool is stopped

[2026-04-28T16:29:01.240] [DEBUG] debug-file - electron : default@CompileResource cost memory -8.012977600097656
[2026-04-28T16:29:01.240] [DEBUG] debug-file - runTaskFromQueue task cost before running: 687 ms 
[2026-04-28T16:29:01.241] [INFO] debug-file - Finished :electron:default@CompileResource... after 515 ms 
[2026-04-28T16:29:01.241] [DEBUG] debug-file - Executing task :electron:default@BuildNativeWithNinja
[2026-04-28T16:29:01.241] [DEBUG] debug-file - electron : default@BuildNativeWithNinja cost memory 0.02324676513671875
[2026-04-28T16:29:01.241] [DEBUG] debug-file - runTaskFromQueue task cost before running: 688 ms 
[2026-04-28T16:29:01.241] [INFO] debug-file - Finished :electron:default@BuildNativeWithNinja... after 1 ms 
[2026-04-28T16:29:01.242] [DEBUG] debug-file - Executing task :electron:default@CompileArkTS
[2026-04-28T16:29:01.242] [DEBUG] debug-file - Obtain build option for module 'web_engine' target 'default'in this build.
[2026-04-28T16:29:01.242] [DEBUG] debug-file - Collect obfuscation config from library web_engine.
[2026-04-28T16:29:01.243] [DEBUG] debug-file - obfuscationOptions: {"selfConfig":{"ruleOptions":{"enable":false,"rules":[]},"consumerRules":[]},"sdkApis":[],"obfuscationCacheDir":"/Volumes/Execute/Files/project/ame_new/archive_markdown_editor_hmos/app/ame/electron/build/default/cache/default/default@CompileArkTS/esmodule/release/obfuscation","exportRulePath":"/Volumes/Execute/Files/project/ame_new/archive_markdown_editor_hmos/app/ame/electron/build/default/intermediates/obfuscation/default/obfuscation.txt","dependencies":{"libraries":[{"ruleOptions":{"enable":false,"rules":[]},"consumerRules":["/Volumes/Execute/Files/project/ame_new/archive_markdown_editor_hmos/app/ame/web_engine/consumer-rules.txt"],"libDir":"/Volumes/Execute/Files/project/ame_new/archive_markdown_editor_hmos/app/ame/web_engine"}],"hspLibraries":[],"hars":[],"hsps":[]}}
[2026-04-28T16:29:01.244] [DEBUG] debug-file - Task 'electron:default@CompileArkTS' cost while wrapping incremental declarations: 1 ms 
[2026-04-28T16:29:01.248] [DEBUG] debug-file - electron:default@CompileArkTS is not up-to-date, since the input file '/Volumes/Execute/Files/project/ame_new/archive_markdown_editor_hmos/app/ame/electron/build/default/intermediates/res/default/ResourceTable.txt' has been changed.
[2026-04-28T16:29:01.248] [DEBUG] debug-file - Incremental task electron:default@CompileArkTS pre-execution cost: 5 ms .
[2026-04-28T16:29:01.252] [DEBUG] debug-file - build config:
[2026-04-28T16:29:01.252] [DEBUG] debug-file - {
  moduleType: 'entry',
  perf: 0,
  targetName: '.default',
  packageManagerType: 'ohpm',
  localPropertiesPath: '/Volumes/Execute/Files/project/ame_new/archive_markdown_editor_hmos/app/ame/local.properties',
  isPreview: false,
  isOhosTest: false,
  isLocalTest: false,
  buildMode: 'Release',
  hotReloadBuild: undefined,
  watchMode: 'false',
  aceProfilePath: '/Volumes/Execute/Files/project/ame_new/archive_markdown_editor_hmos/app/ame/electron/build/default/intermediates/res/default/resources/base/profile',
  etsLoaderPath: '/Volumes/Execute/Apps/DevEco-Studio.app/Contents/sdk/default/openharmony/ets/build-tools/ets-loader',
  modulePath: '/Volumes/Execute/Files/project/ame_new/archive_markdown_editor_hmos/app/ame/electron',
  testFrameworkPar: {
    testMode: undefined,
    coveragePathFilter: undefined,
    coverageMode: undefined
  },
  needCoverageInsert: false,
  debugLine: false,
  projectTopDir: '/Volumes/Execute/Files/project/ame_new/archive_markdown_editor_hmos/app/ame',
  compileSdkVersion: 22,
  compatibleSdkVersion: 17,
  originCompatibleSdkVersion: '5.0.5(17)',
  compatibleSdkVersionStage: undefined,
  bundleName: 'c***e',
  etsLoaderVersion: '6.0.2.130',
  etsLoaderReleaseType: 'Release',
  aotCompileMode: 'type',
  apPath: '/Volumes/Execute/Files/project/ame_new/archive_markdown_editor_hmos/app/ame/electron/modules.ap',
  entryModuleName: 'electron',
  entryModuleVersion: '1.0.0',
  entryPackageName: 'electron',
  allModuleNameHash: '1dd699aafb50747b447af15ee0483b063518d7578375cdc0f77be032f15639dd',
  externalApiPaths: [
    '/Volumes/Execute/Apps/DevEco-Studio.app/Contents/sdk/default/hms/ets'
  ],
  compilerTypes: [],
  isCrossplatform: false,
  hvigorPluginFile: undefined,
  compilePluginPath: undefined,
  buildGeneratedProfilePath: '/Volumes/Execute/Files/project/ame_new/archive_markdown_editor_hmos/app/ame/electron/build/default/generated/profile/default',
  bundleType: 'app',
  arkTSVersion: undefined,
  apiVersion: 22,
  needCompleteSourcesMap: false,
  isFaMode: false,
  buildDir: '/Volumes/Execute/Files/project/ame_new/archive_markdown_editor_hmos/app/ame/electron/build',
  deviceTypes: [ '2in1', 'tablet' ],
  pkgContextInfo: undefined,
  ohPackagePathMap: {},
  dependencyAliasMap: {},
  permission: { requestPermissions: undefined, definePermissions: undefined },
  useGetCurrentBundleName: false,
  projectArkOption: { obfuscation: { ruleOptions: [Object], consumerRules: [] } },
  sourceMapDir: undefined,
  branchElimination: false,
  transformLib: undefined,
  tsImportSendable: false,
  resolveConflictMode: true,
  depName2RootPath: {},
  depName2DepInfo: {},
  rootPathSet: [
    '/Volumes/Execute/Files/project/ame_new/archive_markdown_editor_hmos/app/ame'
  ],
  useNativeResolver: true,
  shouldEmitJs: true,
  useTscResolve: false,
  singleFileEmit: false,
  userProjectConfig: {
    autoLazyImport: false,
    allowEmptyBundleName: false,
    reExportCheckMode: 'noCheck',
    executionMode: 'memory',
    usePathPlaceholder: false,
    writeRollupCache: true,
    isExpandImportEnabled: false,
    expandImportExclude: '',
    lazyImportExclude: '',
    lazyImportInclude: '',
    ignoreCrossplatformCheck: false,
    isHarDeduplicateEnabled: false,
    skipOhModulesLint: false,
    enableStrictCheckOHModule: false,
    disableSendableCheckRules: [],
    useDeclarationFileSignature: false,
    customizedOptions: undefined,
    integratedHsp: false,
    isPreloadSoEnabled: false
  },
  executionMode: 'memory',
  arkCompileCachePath: '/Volumes/Execute/Files/project/ame_new/archive_markdown_editor_hmos/app/ame/electron/build/default/cache/default/default@CompileArkTS/esmodule',
  autoLazyFilter: undefined,
  isHarDeduplicateEnabled: false,
  intermediateHarDuplicateDirPath: '/Volumes/Execute/Files/project/ame_new/archive_markdown_editor_hmos/app/ame/electron/build/default/intermediates/har_duplicate/default',
  autoLazyImport: false,
  allowEmptyBundleName: false,
  reExportCheckMode: 'noCheck',
  usePathPlaceholder: false,
  writeRollupCache: true,
  isExpandImportEnabled: false,
  expandImportExclude: '',
  lazyImportExclude: '',
  lazyImportInclude: '',
  ignoreCrossplatformCheck: false,
  skipOhModulesLint: false,
  enableStrictCheckOHModule: false,
  disableSendableCheckRules: [],
  useDeclarationFileSignature: false,
  customizedOptions: undefined,
  integratedHsp: false,
  isPreloadSoEnabled: false,
  strictMode: undefined,
  useNormalizedOHMUrl: false,
  caseSensitiveCheck: false,
  aceModuleJsonPath: '/Volumes/Execute/Files/project/ame_new/archive_markdown_editor_hmos/app/ame/electron/build/default/intermediates/res/default/ark_module.json',
  appResource: '/Volumes/Execute/Files/project/ame_new/archive_markdown_editor_hmos/app/ame/electron/build/default/intermediates/res/default/ResourceTable.txt',
  rawFileResource: '/Volumes/Execute/Files/project/ame_new/archive_markdown_editor_hmos/app/ame/electron/build/default/intermediates/res/default/resources/rawfile',
  resourceTableHash: 'dce11a0fda50dd87b812987e9902c0dacdc7bec2b3bdcc197605fe2e17a89112',
  runtimeOS: 'HarmonyOS',
  sdkInfo: 'false:22:6.0.2.130:Release',
  aceModuleRoot: '/Volumes/Execute/Files/project/ame_new/archive_markdown_editor_hmos/app/ame/electron/src/main/ets',
  compileMode: 'esmodule',
  aceSuperVisualPath: '/Volumes/Execute/Files/project/ame_new/archive_markdown_editor_hmos/app/ame/electron/src/main/supervisual',
  aceBuildJson: '/Volumes/Execute/Files/project/ame_new/archive_markdown_editor_hmos/app/ame/electron/build/default/intermediates/loader/default/loader.json',
  cachePath: '/Volumes/Execute/Files/project/ame_new/archive_markdown_editor_hmos/app/ame/electron/build/default/cache/default/default@CompileArkTS/esmodule/release',
  aceModuleBuild: '/Volumes/Execute/Files/project/ame_new/archive_markdown_editor_hmos/app/ame/electron/build/default/intermediates/loader_out/default/ets',
  supportChunks: true,
  declaredFilesPath: undefined,
  shouldCollectDirectImportees: false,
  isByteCodeHarOptimize: false,
  expandImportPath: undefined,
  pkgNameToPkgBriefInfo: {
    web_engine: {
      pkgRoot: '/Volumes/Execute/Files/project/ame_new/archive_markdown_editor_hmos/app/ame/web_engine',
      pkgName: 'web_engine',
      sourceRoots: [Array],
      originalSourceRoots: undefined
    },
    electron: {
      pkgRoot: '/Volumes/Execute/Files/project/ame_new/archive_markdown_editor_hmos/app/ame/electron',
      originalSourceRoots: undefined,
      sourceRoots: [Array],
      pkgName: 'electron'
    }
  },
  projectModel: {
    '/Volumes/Execute/Files/project/ame_new/archive_markdown_editor_hmos/app/ame/electron/src/main': {
      moduleName: 'electron',
      modulePkgPath: '/Volumes/Execute/Files/project/ame_new/archive_markdown_editor_hmos/app/ame/electron',
      belongProjectPath: '/Volumes/Execute/Files/project/ame_new/archive_markdown_editor_hmos/app/ame'
    },
    '/Volumes/Execute/Files/project/ame_new/archive_markdown_editor_hmos/app/ame/electron/src/ohosTest': {
      moduleName: 'pc_test',
      modulePkgPath: '/Volumes/Execute/Files/project/ame_new/archive_markdown_editor_hmos/app/ame/electron',
      belongProjectPath: '/Volumes/Execute/Files/project/ame_new/archive_markdown_editor_hmos/app/ame'
    },
    '/Volumes/Execute/Files/project/ame_new/archive_markdown_editor_hmos/app/ame/electron': {
      moduleName: 'electron',
      modulePkgPath: '/Volumes/Execute/Files/project/ame_new/archive_markdown_editor_hmos/app/ame/electron',
      belongProjectPath: '/Volumes/Execute/Files/project/ame_new/archive_markdown_editor_hmos/app/ame'
    },
    '/Volumes/Execute/Files/project/ame_new/archive_markdown_editor_hmos/app/ame/web_engine/src/main': {
      moduleName: 'web_engine',
      modulePkgPath: '/Volumes/Execute/Files/project/ame_new/archive_markdown_editor_hmos/app/ame/web_engine',
      belongProjectPath: '/Volumes/Execute/Files/project/ame_new/archive_markdown_editor_hmos/app/ame'
    },
    '/Volumes/Execute/Files/project/ame_new/archive_markdown_editor_hmos/app/ame/web_engine': {
      moduleName: 'web_engine',
      modulePkgPath: '/Volumes/Execute/Files/project/ame_new/archive_markdown_editor_hmos/app/ame/web_engine',
      belongProjectPath: '/Volumes/Execute/Files/project/ame_new/archive_markdown_editor_hmos/app/ame'
    },
    '/Volumes/Execute/Files/project/ame_new/archive_markdown_editor_hmos/app/ame': {
      moduleName: 'ame',
      modulePkgPath: '/Volumes/Execute/Files/project/ame_new/archive_markdown_editor_hmos/app/ame',
      belongProjectPath: '/Volumes/Execute/Files/project/ame_new/archive_markdown_editor_hmos/app/ame'
    }
  },
  pkgJsonFileHash: 'b3c89f4076fe48b1151271c1c5a2091e6d45f6a49ded4ff9689dcfc535452218',
  allModulePaths: [
    '/Volumes/Execute/Files/project/ame_new/archive_markdown_editor_hmos/app/ame/electron',
    '/Volumes/Execute/Files/project/ame_new/archive_markdown_editor_hmos/app/ame/web_engine'
  ],
  routerMap: {},
  obfuscationOptions: {
    selfConfig: { ruleOptions: [Object], consumerRules: [] },
    sdkApis: [],
    obfuscationCacheDir: '/Volumes/Execute/Files/project/ame_new/archive_markdown_editor_hmos/app/ame/electron/build/default/cache/default/default@CompileArkTS/esmodule/release/obfuscation',
    exportRulePath: '/Volumes/Execute/Files/project/ame_new/archive_markdown_editor_hmos/app/ame/electron/build/default/intermediates/obfuscation/default/obfuscation.txt',
    dependencies: { libraries: [Array], hspLibraries: [], hars: [], hsps: [] }
  },
  byteCodeHarToDependencyKeys: undefined,
  compileBlockPkg: [],
  mockParams: {
    decorator: '@MockSetup',
    packageName: '@ohos/hamock',
    etsSourceRootPath: 'src/main/ets',
    mockConfigPath: undefined,
    mockConfigKey2ModuleInfo: {},
    source2ModuleIdMap: {}
  },
  copyCodeResourceEnable: true,
  copyCodeResourceExcludes: [],
  copyCodeResourceIncludes: undefined,
  uiTransformOptimization: false,
  sdkPath: '/Volumes/Execute/Apps/DevEco-Studio.app/Contents/sdk',
  needPreloadSoFileSet: {},
  preloadSoFilePath: '/Volumes/Execute/Files/project/ame_new/archive_markdown_editor_hmos/app/ame/electron/build/default/intermediates/preload/default/preload.json',
  useSourceHash: false,
  localModuleParamMap: {},
  otherPaths: {
    'web_engine/*': [
      '../../../../web_engine/src/main/*',
      '../../../../web_engine/build/default/generated/profile/default/*'
    ],
    'electron/*': [ '../*', '../../../build/default/generated/profile/default/*' ]
  },
  collectImportersConfig: undefined
}
[2026-04-28T16:29:01.253] [DEBUG] debug-file - Compile arkts with external api path: /Volumes/Execute/Apps/DevEco-Studio.app/Contents/sdk/default/hms/ets
[2026-04-28T16:29:01.253] [DEBUG] debug-file - default@CompileArkTS work[30] is submitted.
[2026-04-28T16:29:01.253] [DEBUG] debug-file - default@CompileArkTS work[30] is pushed to ready queue.
[2026-04-28T16:29:01.253] [DEBUG] debug-file - A work dispatched to worker[9] failed because unable to get work from ready queue.
[2026-04-28T16:29:01.253] [DEBUG] debug-file - A work dispatched to worker[8] failed because unable to get work from ready queue.
[2026-04-28T16:29:01.253] [DEBUG] debug-file - A work dispatched to worker[7] failed because unable to get work from ready queue.
[2026-04-28T16:29:01.253] [DEBUG] debug-file - A work dispatched to worker[6] failed because unable to get work from ready queue.
[2026-04-28T16:29:01.253] [DEBUG] debug-file - A work dispatched to worker[5] failed because unable to get work from ready queue.
[2026-04-28T16:29:01.253] [DEBUG] debug-file - default@CompileArkTS work[30] has been dispatched to worker[4].
[2026-04-28T16:29:01.253] [DEBUG] debug-file - default@CompileArkTS work[30] is dispatched.
[2026-04-28T16:29:01.253] [DEBUG] debug-file - CopyResources startTime: 860619752475083
[2026-04-28T16:29:01.253] [DEBUG] debug-file - default@CompileArkTS work[31] is submitted.
[2026-04-28T16:29:01.253] [DEBUG] debug-file - default@CompileArkTS work[31] is pushed to ready queue.
[2026-04-28T16:29:01.253] [DEBUG] debug-file - A work dispatched to worker[9] failed because unable to get work from ready queue.
[2026-04-28T16:29:01.253] [DEBUG] debug-file - Create  resident worker with id: 8.
[2026-04-28T16:29:01.254] [DEBUG] debug-file - default@CompileArkTS work[31] has been dispatched to worker[8].
[2026-04-28T16:29:01.254] [DEBUG] debug-file - default@CompileArkTS work[31] is dispatched.
[2026-04-28T16:29:01.254] [DEBUG] debug-file - electron : default@CompileArkTS cost memory 2.4785079956054688
[2026-04-28T16:29:01.255] [DEBUG] debug-file - Executing task :electron:default@BuildJS
[2026-04-28T16:29:01.255] [DEBUG] debug-file - Task 'electron:default@BuildJS' cost while wrapping incremental declarations: 1 ms 
[2026-04-28T16:29:01.255] [DEBUG] debug-file - electron : default@BuildJS cost memory 0.1331024169921875
[2026-04-28T16:29:01.255] [DEBUG] debug-file - runTaskFromQueue task cost before running: 702 ms 
[2026-04-28T16:29:01.255] [INFO] debug-file - Finished :electron:default@BuildJS... after 1 ms 
[2026-04-28T16:29:01.256] [DEBUG] debug-file - Executing task :electron:default@ProcessLibs
[2026-04-28T16:29:01.258] [DEBUG] debug-file - Incremental task electron:default@ProcessLibs pre-execution cost: 1 ms .
[2026-04-28T16:29:01.258] [DEBUG] debug-file - electron : default@ProcessLibs cost memory 0.3345489501953125
[2026-04-28T16:29:01.258] [INFO] debug-file - UP-TO-DATE :electron:default@ProcessLibs...  
[2026-04-28T16:29:01.259] [DEBUG] debug-file - Executing task :electron:default@DoNativeStrip
[2026-04-28T16:29:01.259] [DEBUG] debug-file - Task 'electron:default@DoNativeStrip' cost while wrapping incremental declarations: 1 ms 
[2026-04-28T16:29:01.259] [DEBUG] debug-file - Incremental task electron:default@DoNativeStrip pre-execution cost: 1 ms .
[2026-04-28T16:29:01.259] [DEBUG] debug-file - electron : default@DoNativeStrip cost memory 0.15319061279296875
[2026-04-28T16:29:01.259] [INFO] debug-file - UP-TO-DATE :electron:default@DoNativeStrip...  
[2026-04-28T16:29:01.259] [DEBUG] debug-file - Executing task :electron:default@CacheNativeLibs
[2026-04-28T16:29:01.259] [DEBUG] debug-file - Task 'electron:default@CacheNativeLibs' cost while wrapping incremental declarations: 1 ms 
[2026-04-28T16:29:01.260] [DEBUG] debug-file - Incremental task electron:default@CacheNativeLibs pre-execution cost: 1 ms .
[2026-04-28T16:29:01.260] [DEBUG] debug-file - electron : default@CacheNativeLibs cost memory 0.159942626953125
[2026-04-28T16:29:01.260] [INFO] debug-file - UP-TO-DATE :electron:default@CacheNativeLibs...  
[2026-04-28T16:29:01.730] [DEBUG] debug-file - worker[8] has one work done.
[2026-04-28T16:29:01.730] [DEBUG] debug-file - CopyResources is end, endTime: 860620228830416
[2026-04-28T16:29:01.730] [DEBUG] debug-file - default@CompileArkTS work[31] done.
[2026-04-28T16:29:01.730] [DEBUG] debug-file - A work dispatched to worker[8] failed because unable to get work from ready queue.
[2026-04-28T16:29:01.837] [WARN] debug-file - [33mWARN: [33m[33mArkTS:WARN File: /Volumes/Execute/Files/project/ame_new/archive_markdown_editor_hmos/app/ame/web_engine/src/main/ets/adapter/DeviceInfoAdapter.ets:47:55
 Classes cannot be used as objects (arkts-no-classes-as-obj)
[39m[39m
[33mWARN: [33m[33mArkTS:WARN File: /Volumes/Execute/Files/project/ame_new/archive_markdown_editor_hmos/app/ame/web_engine/src/main/ets/jsbindings/AccessibilityAdapterBind.ets:11:29
 Classes cannot be used as objects (arkts-no-classes-as-obj)
[39m[39m
[33mWARN: [33m[33mArkTS:WARN File: /Volumes/Execute/Files/project/ame_new/archive_markdown_editor_hmos/app/ame/web_engine/src/main/ets/jsbindings/AppLifecycleAdapterBind.ets:11:29
 Classes cannot be used as objects (arkts-no-classes-as-obj)
[39m[39m
[33mWARN: [33m[33mArkTS:WARN File: /Volumes/Execute/Files/project/ame_new/archive_markdown_editor_hmos/app/ame/web_engine/src/main/ets/jsbindings/AppWindowAdapterBind.ets:13:29
 Classes cannot be used as objects (arkts-no-classes-as-obj)
[39m[39m
[33mWARN: [33m[33mArkTS:WARN File: /Volumes/Execute/Files/project/ame_new/archive_markdown_editor_hmos/app/ame/web_engine/src/main/ets/jsbindings/BluetoothAdapterBind.ets:10:29
 Classes cannot be used as objects (arkts-no-classes-as-obj)
[39m[39m
[33mWARN: [33m[33mArkTS:WARN File: /Volumes/Execute/Files/project/ame_new/archive_markdown_editor_hmos/app/ame/web_engine/src/main/ets/jsbindings/BluetoothLowEnergyAdapterBind.ets:17:29
 Classes cannot be used as objects (arkts-no-classes-as-obj)
[39m[39m
[33mWARN: [33m[33mArkTS:WARN File: /Volumes/Execute/Files/project/ame_new/archive_markdown_editor_hmos/app/ame/web_engine/src/main/ets/jsbindings/BrowserPolicyAdapterBind.ets:10:29
 Classes cannot be used as objects (arkts-no-classes-as-obj)
[39m[39m
[33mWARN: [33m[33mArkTS:WARN File: /Volumes/Execute/Files/project/ame_new/archive_markdown_editor_hmos/app/ame/web_engine/src/main/ets/jsbindings/CertManagerAdapterBind.ets:10:29
 Classes cannot be used as objects (arkts-no-classes-as-obj)
[39m[39m
[33mWARN: [33m[33mArkTS:WARN File: /Volumes/Execute/Files/project/ame_new/archive_markdown_editor_hmos/app/ame/web_engine/src/main/ets/jsbindings/ContextAdapterBind.ets:11:21
 Classes cannot be used as objects (arkts-no-classes-as-obj)
[39m[39m
[33mWARN: [33m[33mArkTS:WARN File: /Volumes/Execute/Files/project/ame_new/archive_markdown_editor_hmos/app/ame/web_engine/src/main/ets/jsbindings/ContextPathAdapterBind.ets:10:29
 Classes cannot be used as objects (arkts-no-classes-as-obj)
[39m[39m
[33mWARN: [33m[33mArkTS:WARN File: /Volumes/Execute/Files/project/ame_new/archive_markdown_editor_hmos/app/ame/web_engine/src/main/ets/jsbindings/CursorAdapterBind.ets:10:29
 Classes cannot be used as objects (arkts-no-classes-as-obj)
[39m[39m
[33mWARN: [33m[33mArkTS:WARN File: /Volumes/Execute/Files/project/ame_new/archive_markdown_editor_hmos/app/ame/web_engine/src/main/ets/jsbindings/DeviceAdapterBind.ets:11:29
 Classes cannot be used as objects (arkts-no-classes-as-obj)
[39m[39m
[33mWARN: [33m[33mArkTS:WARN File: /Volumes/Execute/Files/project/ame_new/archive_markdown_editor_hmos/app/ame/web_engine/src/main/ets/jsbindings/DeviceUserAuthAdapterBind.ets:10:29
 Classes cannot be used as objects (arkts-no-classes-as-obj)
[39m[39m
[33mWARN: [33m[33mArkTS:WARN File: /Volumes/Execute/Files/project/ame_new/archive_markdown_editor_hmos/app/ame/web_engine/src/main/ets/jsbindings/DialogAdapterBind.ets:10:29
 Classes cannot be used as objects (arkts-no-classes-as-obj)
[39m[39m
[33mWARN: [33m[33mArkTS:WARN File: /Volumes/Execute/Files/project/ame_new/archive_markdown_editor_hmos/app/ame/web_engine/src/main/ets/jsbindings/DisplayAdapterBind.ets:10:29
 Classes cannot be used as objects (arkts-no-classes-as-obj)
[39m[39m
[33mWARN: [33m[33mArkTS:WARN File: /Volumes/Execute/Files/project/ame_new/archive_markdown_editor_hmos/app/ame/web_engine/src/main/ets/jsbindings/DragDropAdapterBind.ets:11:29
 Classes cannot be used as objects (arkts-no-classes-as-obj)
[39m[39m
[33mWARN: [33m[33mArkTS:WARN File: /Volumes/Execute/Files/project/ame_new/archive_markdown_editor_hmos/app/ame/web_engine/src/main/ets/jsbindings/ElectronAppAdapterBind.ets:10:29
 Classes cannot be used as objects (arkts-no-classes-as-obj)
[39m[39m
[33mWARN: [33m[33mArkTS:WARN File: /Volumes/Execute/Files/project/ame_new/archive_markdown_editor_hmos/app/ame/web_engine/src/main/ets/jsbindings/EtsBridgeAdapterBind.ets:27:31
 Classes cannot be used as objects (arkts-no-classes-as-obj)
[39m[39m
[33mWARN: [33m[33mArkTS:WARN File: /Volumes/Execute/Files/project/ame_new/archive_markdown_editor_hmos/app/ame/web_engine/src/main/ets/jsbindings/FileManagerAdapterBind.ets:10:29
 Classes cannot be used as objects (arkts-no-classes-as-obj)
[39m[39m
[33mWARN: [33m[33mArkTS:WARN File: /Volumes/Execute/Files/project/ame_new/archive_markdown_editor_hmos/app/ame/web_engine/src/main/ets/jsbindings/FilePickerAdapterBind.ets:11:29
 Classes cannot be used as objects (arkts-no-classes-as-obj)
[39m[39m
[33mWARN: [33m[33mArkTS:WARN File: /Volumes/Execute/Files/project/ame_new/archive_markdown_editor_hmos/app/ame/web_engine/src/main/ets/jsbindings/FontAdapterBind.ets:10:29
 Classes cannot be used as objects (arkts-no-classes-as-obj)
[39m[39m
[33mWARN: [33m[33mArkTS:WARN File: /Volumes/Execute/Files/project/ame_new/archive_markdown_editor_hmos/app/ame/web_engine/src/main/ets/jsbindings/I18nAdapterBind.ets:10:29
 Classes cannot be used as objects (arkts-no-classes-as-obj)
[39m[39m
[33mWARN: [33m[33mArkTS:WARN File: /Volumes/Execute/Files/project/ame_new/archive_markdown_editor_hmos/app/ame/web_engine/src/main/ets/jsbindings/IMFAdapterBind.ets:14:29
 Classes cannot be used as objects (arkts-no-classes-as-obj)
[39m[39m
[33mWARN: [33m[33mArkTS:WARN File: /Volumes/Execute/Files/project/ame_new/archive_markdown_editor_hmos/app/ame/web_engine/src/main/ets/jsbindings/MediaAdapterBind.ets:10:29
 Classes cannot be used as objects (arkts-no-classes-as-obj)
[39m[39m
[33mWARN: [33m[33mArkTS:WARN File: /Volumes/Execute/Files/project/ame_new/archive_markdown_editor_hmos/app/ame/web_engine/src/main/ets/jsbindings/MimeTypeAdapterBind.ets:10:29
 Classes cannot be used as objects (arkts-no-classes-as-obj)
[39m[39m
[33mWARN: [33m[33mArkTS:WARN File: /Volumes/Execute/Files/project/ame_new/archive_markdown_editor_hmos/app/ame/web_engine/src/main/ets/jsbindings/NativeMessagingAdapterBind.ets:35:29
 Classes cannot be used as objects (arkts-no-classes-as-obj)
[39m[39m
[33mWARN: [33m[33mArkTS:WARN File: /Volumes/Execute/Files/project/ame_new/archive_markdown_editor_hmos/app/ame/web_engine/src/main/ets/jsbindings/NativeThemeAdapterBind.ets:11:29
 Classes cannot be used as objects (arkts-no-classes-as-obj)
[39m[39m
[33mWARN: [33m[33mArkTS:WARN File: /Volumes/Execute/Files/project/ame_new/archive_markdown_editor_hmos/app/ame/web_engine/src/main/ets/jsbindings/NotificationAdapterBind.ets:11:29
 Classes cannot be used as objects (arkts-no-classes-as-obj)
[39m[39m
[33mWARN: [33m[33mArkTS:WARN File: /Volumes/Execute/Files/project/ame_new/archive_markdown_editor_hmos/app/ame/web_engine/src/main/ets/jsbindings/PermissionManagerAdapterBind.ets:10:29
 Classes cannot be used as objects (arkts-no-classes-as-obj)
[39m[39m
[33mWARN: [33m[33mArkTS:WARN File: /Volumes/Execute/Files/project/ame_new/archive_markdown_editor_hmos/app/ame/web_engine/src/main/ets/jsbindings/PopupWindowAdapterBind.ets:11:29
 Classes cannot be used as objects (arkts-no-classes-as-obj)
[39m[39m
[33mWARN: [33m[33mArkTS:WARN File: /Volumes/Execute/Files/project/ame_new/archive_markdown_editor_hmos/app/ame/web_engine/src/main/ets/jsbindings/PrintAdapterBind.ets:10:29
 Classes cannot be used as objects (arkts-no-classes-as-obj)
[39m[39m
[33mWARN: [33m[33mArkTS:WARN File: /Volumes/Execute/Files/project/ame_new/archive_markdown_editor_hmos/app/ame/web_engine/src/main/ets/jsbindings/ProcessAdapterBind.ets:10:29
 Classes cannot be used as objects (arkts-no-classes-as-obj)
[39m[39m
[33mWARN: [33m[33mArkTS:WARN File: /Volumes/Execute/Files/project/ame_new/archive_markdown_editor_hmos/app/ame/web_engine/src/main/ets/jsbindings/RunningLockAdapterBind.ets:10:29
 Classes cannot be used as objects (arkts-no-classes-as-obj)
[39m[39m
[33mWARN: [33m[33mArkTS:WARN File: /Volumes/Execute/Files/project/ame_new/archive_markdown_editor_hmos/app/ame/web_engine/src/main/ets/jsbindings/ScreenshotAdapterBind.ets:11:29
 Classes cannot be used as objects (arkts-no-classes-as-obj)
[39m[39m
[33mWARN: [33m[33mArkTS:WARN File: /Volumes/Execute/Files/project/ame_new/archive_markdown_editor_hmos/app/ame/web_engine/src/main/ets/jsbindings/ShapeDetectionAdapterBind.ets:10:29
 Classes cannot be used as objects (arkts-no-classes-as-obj)
[39m[39m
[33mWARN: [33m[33mArkTS:WARN File: /Volumes/Execute/Files/project/ame_new/archive_markdown_editor_hmos/app/ame/web_engine/src/main/ets/jsbindings/SpeechAdapterBind.ets:11:29
 Classes cannot be used as objects (arkts-no-classes-as-obj)
[39m[39m
[33mWARN: [33m[33mArkTS:WARN File: /Volumes/Execute/Files/project/ame_new/archive_markdown_editor_hmos/app/ame/web_engine/src/main/ets/jsbindings/SubWindowAdapterBind.ets:11:29
 Classes cannot be used as objects (arkts-no-classes-as-obj)
[39m[39m
[33mWARN: [33m[33mArkTS:WARN File: /Volumes/Execute/Files/project/ame_new/archive_markdown_editor_hmos/app/ame/web_engine/src/main/ets/jsbindings/SystemFloatingWindowAdapterBind.ets:11:29
 Classes cannot be used as objects (arkts-no-classes-as-obj)
[39m[39m
[33mWARN: [33m[33mArkTS:WARN File: /Volumes/Execute/Files/project/ame_new/archive_markdown_editor_hmos/app/ame/web_engine/src/main/ets/jsbindings/StatusBarManagerAdapterBind.ets:10:29
 Classes cannot be used as objects (arkts-no-classes-as-obj)
[39m[39m
[33mWARN: [33m[33mArkTS:WARN File: /Volumes/Execute/Files/project/ame_new/archive_markdown_editor_hmos/app/ame/web_engine/src/main/ets/jsbindings/WebAppAdapterBind.ets:13:29
 Classes cannot be used as objects (arkts-no-classes-as-obj)
[39m[39m
[33mWARN: [33m[33mArkTS:WARN File: /Volumes/Execute/Files/project/ame_new/archive_markdown_editor_hmos/app/ame/web_engine/src/main/ets/application/WebAbilityStage.ets:117:46
 Classes cannot be used as objects (arkts-no-classes-as-obj)
[39m[39m
[33mWARN: [33m[33mArkTS:WARN File: /Volumes/Execute/Files/project/ame_new/archive_markdown_editor_hmos/app/ame/web_engine/src/main/ets/ability/WebAbility.ets:92:38
 Classes cannot be used as objects (arkts-no-classes-as-obj)
[39m[39m
[33mWARN: [33m[33mArkTS:WARN File: /Volumes/Execute/Files/project/ame_new/archive_markdown_editor_hmos/app/ame/web_engine/src/main/ets/ability/WebAbility.ets:93:38
 Classes cannot be used as objects (arkts-no-classes-as-obj)
[39m[39m
[33mWARN: [33m[33mArkTS:WARN File: /Volumes/Execute/Files/project/ame_new/archive_markdown_editor_hmos/app/ame/web_engine/src/main/ets/ability/WebAbility.ets:94:42
 Classes cannot be used as objects (arkts-no-classes-as-obj)
[39m[39m
[33mWARN: [33m[33mArkTS:WARN File: /Volumes/Execute/Files/project/ame_new/archive_markdown_editor_hmos/app/ame/web_engine/src/main/ets/ability/WebAbility.ets:95:38
 Classes cannot be used as objects (arkts-no-classes-as-obj)
[39m[39m
[33mWARN: [33m[33mArkTS:WARN File: /Volumes/Execute/Files/project/ame_new/archive_markdown_editor_hmos/app/ame/web_engine/src/main/ets/ability/WebAbility.ets:97:16
 Classes cannot be used as objects (arkts-no-classes-as-obj)
[39m[39m
[33mWARN: [33m[33mArkTS:WARN File: /Volumes/Execute/Files/project/ame_new/archive_markdown_editor_hmos/app/ame/web_engine/src/main/ets/ability/WebAbility.ets:99:41
 Classes cannot be used as objects (arkts-no-classes-as-obj)
[39m[39m
[33mWARN: [33m[33mArkTS:WARN File: /Volumes/Execute/Files/project/ame_new/archive_markdown_editor_hmos/app/ame/web_engine/src/main/ets/ability/WebAbility.ets:100:43
 Classes cannot be used as objects (arkts-no-classes-as-obj)
[39m[39m
[33mWARN: [33m[33mArkTS:WARN File: /Volumes/Execute/Files/project/ame_new/archive_markdown_editor_hmos/app/ame/web_engine/src/main/ets/ability/WebEmbeddedAbility.ets:34:38
 Classes cannot be used as objects (arkts-no-classes-as-obj)
[39m[39m
[33mWARN: [33m[33mArkTS:WARN File: /Volumes/Execute/Files/project/ame_new/archive_markdown_editor_hmos/app/ame/web_engine/src/main/ets/ability/WebEmbeddedAbility.ets:35:42
 Classes cannot be used as objects (arkts-no-classes-as-obj)
[39m[39m
[33mWARN: [33m[33mArkTS:WARN File: /Volumes/Execute/Files/project/ame_new/archive_markdown_editor_hmos/app/ame/web_engine/src/main/ets/ability/WebEmbeddedAbility.ets:36:16
 Classes cannot be used as objects (arkts-no-classes-as-obj)
[39m[39m
[33mWARN: [33m[33mArkTS:WARN File: /Volumes/Execute/Files/project/ame_new/archive_markdown_editor_hmos/app/ame/web_engine/src/main/ets/components/WebWindow.ets:61:41
 Classes cannot be used as objects (arkts-no-classes-as-obj)
[39m[39m
[33mWARN: [33m[33mArkTS:WARN File: /Volumes/Execute/Files/project/ame_new/archive_markdown_editor_hmos/app/ame/web_engine/src/main/ets/components/WebWindow.ets:144:57
 Classes cannot be used as objects (arkts-no-classes-as-obj)
[39m[39m
[33mWARN: [33m[33mArkTS:WARN File: /Volumes/Execute/Files/project/ame_new/archive_markdown_editor_hmos/app/ame/web_engine/src/main/ets/components/WebWindow.ets:145:61
 Classes cannot be used as objects (arkts-no-classes-as-obj)
[39m[39m
[33mWARN: [33m[33mArkTS:WARN File: /Volumes/Execute/Files/project/ame_new/archive_markdown_editor_hmos/app/ame/web_engine/src/main/ets/components/WebWindow.ets:146:39
 Classes cannot be used as objects (arkts-no-classes-as-obj)
[39m[39m
[33mWARN: [33m[33mArkTS:WARN File: /Volumes/Execute/Files/project/ame_new/archive_markdown_editor_hmos/app/ame/web_engine/src/main/ets/components/WebWindow.ets:147:41
 Classes cannot be used as objects (arkts-no-classes-as-obj)
[39m[39m
[33mWARN: [33m[33mArkTS:WARN File: /Volumes/Execute/Files/project/ame_new/archive_markdown_editor_hmos/app/ame/web_engine/src/main/ets/components/WebSubWindow.ets:25:57
 Classes cannot be used as objects (arkts-no-classes-as-obj)
[39m[39m
[33mWARN: [33m[33mArkTS:WARN File: /Volumes/Execute/Files/project/ame_new/archive_markdown_editor_hmos/app/ame/web_engine/src/main/ets/components/WebSubWindow.ets:26:61
 Classes cannot be used as objects (arkts-no-classes-as-obj)
[39m[39m
[33mWARN: [33m[33mArkTS:WARN File: /Volumes/Execute/Files/project/ame_new/archive_markdown_editor_hmos/app/ame/web_engine/src/main/ets/components/WebSubWindow.ets:27:41
 Classes cannot be used as objects (arkts-no-classes-as-obj)
[39m[39m
[33mWARN: [33m[33mArkTS:WARN File: /Volumes/Execute/Files/project/ame_new/archive_markdown_editor_hmos/app/ame/web_engine/src/main/ets/components/WebEmbeddedWindow.ets:27:57
 Classes cannot be used as objects (arkts-no-classes-as-obj)
[39m[39m
[33mWARN: [33m[33mArkTS:WARN File: /Volumes/Execute/Files/project/ame_new/archive_markdown_editor_hmos/app/ame/web_engine/src/main/ets/components/WebEmbeddedWindow.ets:29:61
 Classes cannot be used as objects (arkts-no-classes-as-obj)
[39m[39m
[33mWARN: [33m[33mArkTS:WARN File: /Volumes/Execute/Files/project/ame_new/archive_markdown_editor_hmos/app/ame/web_engine/src/main/ets/components/WebEmbeddedWindow.ets:30:41
 Classes cannot be used as objects (arkts-no-classes-as-obj)
[39m[39m
[33mWARN: [33m[33mArkTS:WARN File: /Volumes/Execute/Files/project/ame_new/archive_markdown_editor_hmos/app/ame/web_engine/src/main/ets/components/WebWindowNode.ets:121:57
 Classes cannot be used as objects (arkts-no-classes-as-obj)
[39m[39m
[33mWARN: [33m[33mArkTS:WARN File: /Volumes/Execute/Files/project/ame_new/archive_markdown_editor_hmos/app/ame/web_engine/src/main/ets/components/WebWindowNode.ets:123:61
 Classes cannot be used as objects (arkts-no-classes-as-obj)
[39m[39m
[33mWARN: [33m[33mArkTS:WARN File: /Volumes/Execute/Files/project/ame_new/archive_markdown_editor_hmos/app/ame/web_engine/src/main/ets/components/WebWindowNode.ets:124:41
 Classes cannot be used as objects (arkts-no-classes-as-obj)
[39m[39m
[33mWARN: [33m[33mArkTS:WARN File: /Volumes/Execute/Files/project/ame_new/archive_markdown_editor_hmos/app/ame/web_engine/src/main/ets/components/WebNodeHandleWindow.ets:54:42
 Classes cannot be used as objects (arkts-no-classes-as-obj)
[39m[39m
[33mWARN: [33m[33mArkTS:WARN File: /Volumes/Execute/Files/project/ame_new/archive_markdown_editor_hmos/app/ame/web_engine/src/main/ets/components/WebNodeHandleWindow.ets:55:39
 Classes cannot be used as objects (arkts-no-classes-as-obj)
[39m[39m
[33mWARN: [33m[33mArkTS:WARN File: /Volumes/Execute/Files/project/ame_new/archive_markdown_editor_hmos/app/ame/web_engine/src/main/ets/components/WebNodeHandleWindow.ets:56:43
 Classes cannot be used as objects (arkts-no-classes-as-obj)
[39m[39m
[33mWARN: [33m[33mArkTS:WARN File: /Volumes/Execute/Files/project/ame_new/archive_markdown_editor_hmos/app/ame/web_engine/src/main/ets/components/WebNodeHandleWindow.ets:59:39
 Classes cannot be used as objects (arkts-no-classes-as-obj)
[39m[39m
[33mWARN: [33m[33mArkTS:WARN File: /Volumes/Execute/Files/project/ame_new/archive_markdown_editor_hmos/app/ame/web_engine/src/main/ets/components/WebNodeHandleSubWindow.ets:48:42
 Classes cannot be used as objects (arkts-no-classes-as-obj)
[39m[39m
[33mWARN: [33m[33mArkTS:WARN: For details about ArkTS syntax errors, see FAQs[39m[39m
[33mWARN: [33m[33mArkTS:WARN File: /Volumes/Execute/Files/project/ame_new/archive_markdown_editor_hmos/app/ame/web_engine/src/main/ets/adapter/DialogAdapter.ets:96:17
 'show' has been deprecated.
[39m[39m
[33mWARN: [33m[33mArkTS:WARN File: /Volumes/Execute/Files/project/ame_new/archive_markdown_editor_hmos/app/ame/web_engine/src/main/ets/adapter/DialogAdapter.ets:121:29
 The system capacity of this api 'selectMode' is not supported on all devices
[39m[39m
[33mWARN: [33m[33mArkTS:WARN File: /Volumes/Execute/Files/project/ame_new/archive_markdown_editor_hmos/app/ame/web_engine/src/main/ets/adapter/DialogAdapter.ets:121:49
 The system capacity of this api 'DocumentSelectMode' is not supported on all devices
[39m[39m
[33mWARN: [33m[33mArkTS:WARN File: /Volumes/Execute/Files/project/ame_new/archive_markdown_editor_hmos/app/ame/web_engine/src/main/ets/adapter/DialogAdapter.ets:121:68
 The system capacity of this api 'FOLDER' is not supported on all devices
[39m[39m
[33mWARN: [33m[33mArkTS:WARN File: /Volumes/Execute/Files/project/ame_new/archive_markdown_editor_hmos/app/ame/web_engine/src/main/ets/adapter/DialogAdapter.ets:123:31
 The system capacity of this api 'selectMode' is not supported on all devices
[39m[39m
[33mWARN: [33m[33mArkTS:WARN File: /Volumes/Execute/Files/project/ame_new/archive_markdown_editor_hmos/app/ame/web_engine/src/main/ets/adapter/DialogAdapter.ets:123:51
 The system capacity of this api 'DocumentSelectMode' is not supported on all devices
[39m[39m
[33mWARN: [33m[33mArkTS:WARN File: /Volumes/Execute/Files/project/ame_new/archive_markdown_editor_hmos/app/ame/web_engine/src/main/ets/adapter/DialogAdapter.ets:123:70
 The system capacity of this api 'MIXED' is not supported on all devices
[39m[39m
[33mWARN: [33m[33mArkTS:WARN File: /Volumes/Execute/Files/project/ame_new/archive_markdown_editor_hmos/app/ame/web_engine/src/main/ets/adapter/DialogAdapter.ets:129:30
 Function may throw exceptions. Special handling is required.
[39m[39m
[33mWARN: [33m[33mArkTS:WARN File: /Volumes/Execute/Files/project/ame_new/archive_markdown_editor_hmos/app/ame/web_engine/src/main/ets/adapter/DialogAdapter.ets:162:30
 Function may throw exceptions. Special handling is required.
[39m[39m
[33mWARN: [33m[33mArkTS:WARN File: /Volumes/Execute/Files/project/ame_new/archive_markdown_editor_hmos/app/ame/web_engine/src/main/ets/adapter/NativeThemeAdapter.ets:56:5
 Function may throw exceptions. Special handling is required.
[39m[39m
[33mWARN: [33m[33mArkTS:WARN File: /Volumes/Execute/Files/project/ame_new/archive_markdown_editor_hmos/app/ame/web_engine/src/main/ets/adapter/AppLifecycleAdapter.ets:48:7
 Function may throw exceptions. Special handling is required.
[39m[39m
[33mWARN: [33m[33mArkTS:WARN File: /Volumes/Execute/Files/project/ame_new/archive_markdown_editor_hmos/app/ame/web_engine/src/main/ets/adapter/PermissionManagerAdapter.ets:236:15
 To use this API, you need to apply for the permissions: ohos.permission.FILE_ACCESS_PERSIST
[39m[39m
[33mWARN: [33m[33mArkTS:WARN File: /Volumes/Execute/Files/project/ame_new/archive_markdown_editor_hmos/app/ame/web_engine/src/main/ets/adapter/PermissionManagerAdapter.ets:260:15
 To use this API, you need to apply for the permissions: ohos.permission.FILE_ACCESS_PERSIST
[39m[39m
[33mWARN: [33m[33mArkTS:WARN File: /Volumes/Execute/Files/project/ame_new/archive_markdown_editor_hmos/app/ame/web_engine/src/main/ets/adapter/PermissionManagerAdapter.ets:299:37
 Function may throw exceptions. Special handling is required.
[39m[39m
[33mWARN: [33m[33mArkTS:WARN File: /Volumes/Execute/Files/project/ame_new/archive_markdown_editor_hmos/app/ame/web_engine/src/main/ets/adapter/PermissionManagerAdapter.ets:300:39
 Function may throw exceptions. Special handling is required.
[39m[39m
[33mWARN: [33m[33mArkTS:WARN File: /Volumes/Execute/Files/project/ame_new/archive_markdown_editor_hmos/app/ame/web_engine/src/main/ets/adapter/PermissionManagerAdapter.ets:301:37
 Function may throw exceptions. Special handling is required.
[39m[39m
[33mWARN: [33m[33mArkTS:WARN File: /Volumes/Execute/Files/project/ame_new/archive_markdown_editor_hmos/app/ame/web_engine/src/main/ets/adapter/PermissionManagerAdapter.ets:303:39
 Function may throw exceptions. Special handling is required.
[39m[39m
[33mWARN: [33m[33mArkTS:WARN File: /Volumes/Execute/Files/project/ame_new/archive_markdown_editor_hmos/app/ame/web_engine/src/main/ets/adapter/PermissionManagerAdapter.ets:304:38
 Function may throw exceptions. Special handling is required.
[39m[39m
[33mWARN: [33m[33mArkTS:WARN File: /Volumes/Execute/Files/project/ame_new/archive_markdown_editor_hmos/app/ame/web_engine/src/main/ets/adapter/PermissionManagerAdapter.ets:308:37
 Function may throw exceptions. Special handling is required.
[39m[39m
[33mWARN: [33m[33mArkTS:WARN File: /Volumes/Execute/Files/project/ame_new/archive_markdown_editor_hmos/app/ame/web_engine/src/main/ets/adapter/PermissionManagerAdapter.ets:309:39
 Function may throw exceptions. Special handling is required.
[39m[39m
[33mWARN: [33m[33mArkTS:WARN File: /Volumes/Execute/Files/project/ame_new/archive_markdown_editor_hmos/app/ame/web_engine/src/main/ets/adapter/PermissionManagerAdapter.ets:310:37
 Function may throw exceptions. Special handling is required.
[39m[39m
[33mWARN: [33m[33mArkTS:WARN File: /Volumes/Execute/Files/project/ame_new/archive_markdown_editor_hmos/app/ame/web_engine/src/main/ets/adapter/PermissionManagerAdapter.ets:312:39
 Function may throw exceptions. Special handling is required.
[39m[39m
[33mWARN: [33m[33mArkTS:WARN File: /Volumes/Execute/Files/project/ame_new/archive_markdown_editor_hmos/app/ame/web_engine/src/main/ets/adapter/PermissionManagerAdapter.ets:313:38
 Function may throw exceptions. Special handling is required.
[39m[39m
[33mWARN: [33m[33mArkTS:WARN File: /Volumes/Execute/Files/project/ame_new/archive_markdown_editor_hmos/app/ame/web_engine/src/main/ets/adapter/PermissionManagerAdapter.ets:317:18
 'showDialog' has been deprecated.
[39m[39m
[33mWARN: [33m[33mArkTS:WARN File: /Volumes/Execute/Files/project/ame_new/archive_markdown_editor_hmos/app/ame/web_engine/src/main/ets/adapter/AppWindowAdapter.ets:106:24
 Function may throw exceptions. Special handling is required.
[39m[39m
[33mWARN: [33m[33mArkTS:WARN File: /Volumes/Execute/Files/project/ame_new/archive_markdown_editor_hmos/app/ame/web_engine/src/main/ets/adapter/AppWindowAdapter.ets:111:21
 Function may throw exceptions. Special handling is required.
[39m[39m
[33mWARN: [33m[33mArkTS:WARN File: /Volumes/Execute/Files/project/ame_new/archive_markdown_editor_hmos/app/ame/web_engine/src/main/ets/adapter/AppWindowAdapter.ets:176:9
 Function may throw exceptions. Special handling is required.
[39m[39m
[33mWARN: [33m[33mArkTS:WARN File: /Volumes/Execute/Files/project/ame_new/archive_markdown_editor_hmos/app/ame/web_engine/src/main/ets/adapter/AppWindowAdapter.ets:180:7
 Function may throw exceptions. Special handling is required.
[39m[39m
[33mWARN: [33m[33mArkTS:WARN File: /Volumes/Execute/Files/project/ame_new/archive_markdown_editor_hmos/app/ame/web_engine/src/main/ets/adapter/AppWindowAdapter.ets:182:7
 Function may throw exceptions. Special handling is required.
[39m[39m
[33mWARN: [33m[33mArkTS:WARN File: /Volumes/Execute/Files/project/ame_new/archive_markdown_editor_hmos/app/ame/web_engine/src/main/ets/adapter/AppWindowAdapter.ets:194:9
 Function may throw exceptions. Special handling is required.
[39m[39m
[33mWARN: [33m[33mArkTS:WARN File: /Volumes/Execute/Files/project/ame_new/archive_markdown_editor_hmos/app/ame/web_engine/src/main/ets/adapter/AppWindowAdapter.ets:206:9
 Function may throw exceptions. Special handling is required.
[39m[39m
[33mWARN: [33m[33mArkTS:WARN File: /Volumes/Execute/Files/project/ame_new/archive_markdown_editor_hmos/app/ame/web_engine/src/main/ets/adapter/AppWindowAdapter.ets:220:9
 Function may throw exceptions. Special handling is required.
[39m[39m
[33mWARN: [33m[33mArkTS:WARN File: /Volumes/Execute/Files/project/ame_new/archive_markdown_editor_hmos/app/ame/web_engine/src/main/ets/adapter/AppWindowAdapter.ets:237:19
 Function may throw exceptions. Special handling is required.
[39m[39m
[33mWARN: [33m[33mArkTS:WARN File: /Volumes/Execute/Files/project/ame_new/archive_markdown_editor_hmos/app/ame/web_engine/src/main/ets/adapter/AppWindowAdapter.ets:237:32
 To use this API, you need to apply for the permissions: ohos.permission.WINDOW_TOPMOST
[39m[39m
[33mWARN: [33m[33mArkTS:WARN File: /Volumes/Execute/Files/project/ame_new/archive_markdown_editor_hmos/app/ame/web_engine/src/main/ets/adapter/AppWindowAdapter.ets:340:24
 Function may throw exceptions. Special handling is required.
[39m[39m
[33mWARN: [33m[33mArkTS:WARN File: /Volumes/Execute/Files/project/ame_new/archive_markdown_editor_hmos/app/ame/web_engine/src/main/ets/adapter/AppWindowAdapter.ets:400:24
 Function may throw exceptions. Special handling is required.
[39m[39m
[33mWARN: [33m[33mArkTS:WARN File: /Volumes/Execute/Files/project/ame_new/archive_markdown_editor_hmos/app/ame/web_engine/src/main/ets/adapter/AppWindowAdapter.ets:429:9
 Function may throw exceptions. Special handling is required.
[39m[39m
[33mWARN: [33m[33mArkTS:WARN File: /Volumes/Execute/Files/project/ame_new/archive_markdown_editor_hmos/app/ame/web_engine/src/main/ets/adapter/AppWindowAdapter.ets:533:7
 Function may throw exceptions. Special handling is required.
[39m[39m
[33mWARN: [33m[33mArkTS:WARN File: /Volumes/Execute/Files/project/ame_new/archive_markdown_editor_hmos/app/ame/web_engine/src/main/ets/adapter/AppWindowAdapter.ets:546:7
 Function may throw exceptions. Special handling is required.
[39m[39m
[33mWARN: [33m[33mArkTS:WARN File: /Volumes/Execute/Files/project/ame_new/archive_markdown_editor_hmos/app/ame/web_engine/src/main/ets/adapter/AppWindowAdapter.ets:555:20
 To use this API, you need to apply for the permissions: ohos.permission.PRIVACY_WINDOW
[39m[39m
[33mWARN: [33m[33mArkTS:WARN File: /Volumes/Execute/Files/project/ame_new/archive_markdown_editor_hmos/app/ame/web_engine/src/main/ets/adapter/AppWindowAdapter.ets:646:5
 Function may throw exceptions. Special handling is required.
[39m[39m
[33mWARN: [33m[33mArkTS:WARN File: /Volumes/Execute/Files/project/ame_new/archive_markdown_editor_hmos/app/ame/web_engine/src/main/ets/adapter/AppWindowAdapter.ets:652:16
 Function may throw exceptions. Special handling is required.
[39m[39m
[33mWARN: [33m[33mArkTS:WARN File: /Volumes/Execute/Files/project/ame_new/archive_markdown_editor_hmos/app/ame/web_engine/src/main/ets/adapter/AppWindowAdapter.ets:743:12
 To use this API, you need to apply for the permissions: ohos.permission.SYSTEM_FLOAT_WINDOW
[39m[39m
[33mWARN: [33m[33mArkTS:WARN File: /Volumes/Execute/Files/project/ame_new/archive_markdown_editor_hmos/app/ame/web_engine/src/main/ets/adapter/AppWindowAdapter.ets:796:20
 Function may throw exceptions. Special handling is required.
[39m[39m
[33mWARN: [33m[33mArkTS:WARN File: /Volumes/Execute/Files/project/ame_new/archive_markdown_editor_hmos/app/ame/web_engine/src/main/ets/adapter/BluetoothAdapter.ets:38:32
 To use this API, you need to apply for the permissions: ohos.permission.ACCESS_BLUETOOTH
[39m[39m
[33mWARN: [33m[33mArkTS:WARN File: /Volumes/Execute/Files/project/ame_new/archive_markdown_editor_hmos/app/ame/web_engine/src/main/ets/adapter/BluetoothAdapter.ets:49:18
 'setLocalName' has been deprecated.
[39m[39m
[33mWARN: [33m[33mArkTS:WARN File: /Volumes/Execute/Files/project/ame_new/archive_markdown_editor_hmos/app/ame/web_engine/src/main/ets/adapter/BluetoothAdapter.ets:49:18
 To use this API, you need to apply for the permissions: ohos.permission.ACCESS_BLUETOOTH
[39m[39m
[33mWARN: [33m[33mArkTS:WARN File: /Volumes/Execute/Files/project/ame_new/archive_markdown_editor_hmos/app/ame/web_engine/src/main/ets/adapter/BluetoothAdapter.ets:73:16
 To use this API, you need to apply for the permissions: ohos.permission.ACCESS_BLUETOOTH
[39m[39m
[33mWARN: [33m[33mArkTS:WARN File: /Volumes/Execute/Files/project/ame_new/archive_markdown_editor_hmos/app/ame/web_engine/src/main/ets/adapter/BluetoothAdapter.ets:84:16
 To use this API, you need to apply for the permissions: ohos.permission.ACCESS_BLUETOOTH
[39m[39m
[33mWARN: [33m[33mArkTS:WARN File: /Volumes/Execute/Files/project/ame_new/archive_markdown_editor_hmos/app/ame/web_engine/src/main/ets/adapter/BluetoothAdapter.ets:117:54
 To use this API, you need to apply for the permissions: ohos.permission.ACCESS_BLUETOOTH
[39m[39m
[33mWARN: [33m[33mArkTS:WARN File: /Volumes/Execute/Files/project/ame_new/archive_markdown_editor_hmos/app/ame/web_engine/src/main/ets/adapter/BluetoothAdapter.ets:128:18
 To use this API, you need to apply for the permissions: ohos.permission.ACCESS_BLUETOOTH
[39m[39m
[33mWARN: [33m[33mArkTS:WARN File: /Volumes/Execute/Files/project/ame_new/archive_markdown_editor_hmos/app/ame/web_engine/src/main/ets/adapter/BluetoothAdapter.ets:137:18
 To use this API, you need to apply for the permissions: ohos.permission.ACCESS_BLUETOOTH
[39m[39m
[33mWARN: [33m[33mArkTS:WARN File: /Volumes/Execute/Files/project/ame_new/archive_markdown_editor_hmos/app/ame/web_engine/src/main/ets/adapter/BluetoothAdapter.ets:146:18
 To use this API, you need to apply for the permissions: ohos.permission.ACCESS_BLUETOOTH
[39m[39m
[33mWARN: [33m[33mArkTS:WARN File: /Volumes/Execute/Files/project/ame_new/archive_markdown_editor_hmos/app/ame/web_engine/src/main/ets/adapter/BluetoothAdapter.ets:158:18
 To use this API, you need to apply for the permissions: ohos.permission.ACCESS_BLUETOOTH
[39m[39m
[33mWARN: [33m[33mArkTS:WARN File: /Volumes/Execute/Files/project/ame_new/archive_markdown_editor_hmos/app/ame/web_engine/src/main/ets/adapter/BluetoothAdapter.ets:167:18
 To use this API, you need to apply for the permissions: ohos.permission.ACCESS_BLUETOOTH
[39m[39m
[33mWARN: [33m[33mArkTS:WARN File: /Volumes/Execute/Files/project/ame_new/archive_markdown_editor_hmos/app/ame/web_engine/src/main/ets/adapter/BluetoothAdapter.ets:177:37
 To use this API, you need to apply for the permissions: ohos.permission.ACCESS_BLUETOOTH
[39m[39m
[33mWARN: [33m[33mArkTS:WARN File: /Volumes/Execute/Files/project/ame_new/archive_markdown_editor_hmos/app/ame/web_engine/src/main/ets/adapter/BluetoothAdapter.ets:188:57
 To use this API, you need to apply for the permissions: ohos.permission.ACCESS_BLUETOOTH
[39m[39m
[33mWARN: [33m[33mArkTS:WARN File: /Volumes/Execute/Files/project/ame_new/archive_markdown_editor_hmos/app/ame/web_engine/src/main/ets/adapter/BluetoothAdapter.ets:213:18
 To use this API, you need to apply for the permissions: ohos.permission.ACCESS_BLUETOOTH
[39m[39m
[33mWARN: [33m[33mArkTS:WARN File: /Volumes/Execute/Files/project/ame_new/archive_markdown_editor_hmos/app/ame/web_engine/src/main/ets/adapter/BluetoothAdapter.ets:231:28
 To use this API, you need to apply for the permissions: ohos.permission.ACCESS_BLUETOOTH
[39m[39m
[33mWARN: [33m[33mArkTS:WARN File: /Volumes/Execute/Files/project/ame_new/archive_markdown_editor_hmos/app/ame/web_engine/src/main/ets/adapter/BluetoothAdapter.ets:241:18
 To use this API, you need to apply for the permissions: ohos.permission.ACCESS_BLUETOOTH
[39m[39m
[33mWARN: [33m[33mArkTS:WARN File: /Volumes/Execute/Files/project/ame_new/archive_markdown_editor_hmos/app/ame/web_engine/src/main/ets/adapter/BluetoothAdapter.ets:261:34
 To use this API, you need to apply for the permissions: ohos.permission.ACCESS_BLUETOOTH
[39m[39m
[33mWARN: [33m[33mArkTS:WARN File: /Volumes/Execute/Files/project/ame_new/archive_markdown_editor_hmos/app/ame/web_engine/src/main/ets/adapter/BluetoothAdapter.ets:273:56
 To use this API, you need to apply for the permissions: ohos.permission.ACCESS_BLUETOOTH
[39m[39m
[33mWARN: [33m[33mArkTS:WARN File: /Volumes/Execute/Files/project/ame_new/archive_markdown_editor_hmos/app/ame/web_engine/src/main/ets/adapter/BluetoothLowEnergyAdapter.ets:68:11
 To use this API, you need to apply for the permissions: ohos.permission.ACCESS_BLUETOOTH
[39m[39m
[33mWARN: [33m[33mArkTS:WARN File: /Volumes/Execute/Files/project/ame_new/archive_markdown_editor_hmos/app/ame/web_engine/src/main/ets/adapter/BluetoothLowEnergyAdapter.ets:77:11
 To use this API, you need to apply for the permissions: ohos.permission.ACCESS_BLUETOOTH
[39m[39m
[33mWARN: [33m[33mArkTS:WARN File: /Volumes/Execute/Files/project/ame_new/archive_markdown_editor_hmos/app/ame/web_engine/src/main/ets/adapter/BluetoothLowEnergyAdapter.ets:93:11
 To use this API, you need to apply for the permissions: ohos.permission.ACCESS_BLUETOOTH
[39m[39m
[33mWARN: [33m[33mArkTS:WARN File: /Volumes/Execute/Files/project/ame_new/archive_markdown_editor_hmos/app/ame/web_engine/src/main/ets/adapter/BluetoothLowEnergyAdapter.ets:103:11
 To use this API, you need to apply for the permissions: ohos.permission.ACCESS_BLUETOOTH
[39m[39m
[33mWARN: [33m[33mArkTS:WARN File: /Volumes/Execute/Files/project/ame_new/archive_markdown_editor_hmos/app/ame/web_engine/src/main/ets/adapter/BluetoothLowEnergyAdapter.ets:111:9
 Function may throw exceptions. Special handling is required.
[39m[39m
[33mWARN: [33m[33mArkTS:WARN File: /Volumes/Execute/Files/project/ame_new/archive_markdown_editor_hmos/app/ame/web_engine/src/main/ets/adapter/BluetoothLowEnergyAdapter.ets:117:14
 To use this API, you need to apply for the permissions: ohos.permission.ACCESS_BLUETOOTH
[39m[39m
[33mWARN: [33m[33mArkTS:WARN File: /Volumes/Execute/Files/project/ame_new/archive_markdown_editor_hmos/app/ame/web_engine/src/main/ets/adapter/BluetoothLowEnergyAdapter.ets:126:14
 To use this API, you need to apply for the permissions: ohos.permission.ACCESS_BLUETOOTH
[39m[39m
[33mWARN: [33m[33mArkTS:WARN File: /Volumes/Execute/Files/project/ame_new/archive_markdown_editor_hmos/app/ame/web_engine/src/main/ets/adapter/BluetoothLowEnergyAdapter.ets:134:10
 Function may throw exceptions. Special handling is required.
[39m[39m
[33mWARN: [33m[33mArkTS:WARN File: /Volumes/Execute/Files/project/ame_new/archive_markdown_editor_hmos/app/ame/web_engine/src/main/ets/adapter/BluetoothLowEnergyAdapter.ets:138:40
 Function may throw exceptions. Special handling is required.
[39m[39m
[33mWARN: [33m[33mArkTS:WARN File: /Volumes/Execute/Files/project/ame_new/archive_markdown_editor_hmos/app/ame/web_engine/src/main/ets/adapter/BluetoothLowEnergyAdapter.ets:140:14
 To use this API, you need to apply for the permissions: ohos.permission.ACCESS_BLUETOOTH
[39m[39m
[33mWARN: [33m[33mArkTS:WARN File: /Volumes/Execute/Files/project/ame_new/archive_markdown_editor_hmos/app/ame/web_engine/src/main/ets/adapter/BluetoothLowEnergyAdapter.ets:141:14
 To use this API, you need to apply for the permissions: ohos.permission.ACCESS_BLUETOOTH
[39m[39m
[33mWARN: [33m[33mArkTS:WARN File: /Volumes/Execute/Files/project/ame_new/archive_markdown_editor_hmos/app/ame/web_engine/src/main/ets/adapter/BluetoothLowEnergyAdapter.ets:151:11
 To use this API, you need to apply for the permissions: ohos.permission.ACCESS_BLUETOOTH
[39m[39m
[33mWARN: [33m[33mArkTS:WARN File: /Volumes/Execute/Files/project/ame_new/archive_markdown_editor_hmos/app/ame/web_engine/src/main/ets/adapter/BluetoothLowEnergyAdapter.ets:160:11
 To use this API, you need to apply for the permissions: ohos.permission.ACCESS_BLUETOOTH
[39m[39m
[33mWARN: [33m[33mArkTS:WARN File: /Volumes/Execute/Files/project/ame_new/archive_markdown_editor_hmos/app/ame/web_engine/src/main/ets/adapter/BluetoothLowEnergyAdapter.ets:214:11
 To use this API, you need to apply for the permissions: ohos.permission.ACCESS_BLUETOOTH
[39m[39m
[33mWARN: [33m[33mArkTS:WARN File: /Volumes/Execute/Files/project/ame_new/archive_markdown_editor_hmos/app/ame/web_engine/src/main/ets/adapter/BluetoothLowEnergyAdapter.ets:226:11
 To use this API, you need to apply for the permissions: ohos.permission.ACCESS_BLUETOOTH
[39m[39m
[33mWARN: [33m[33mArkTS:WARN File: /Volumes/Execute/Files/project/ame_new/archive_markdown_editor_hmos/app/ame/web_engine/src/main/ets/adapter/BluetoothLowEnergyAdapter.ets:242:5
 Function may throw exceptions. Special handling is required.
[39m[39m
[33mWARN: [33m[33mArkTS:WARN File: /Volumes/Execute/Files/project/ame_new/archive_markdown_editor_hmos/app/ame/web_engine/src/main/ets/adapter/BluetoothLowEnergyAdapter.ets:247:5
 Function may throw exceptions. Special handling is required.
[39m[39m
[33mWARN: [33m[33mArkTS:WARN File: /Volumes/Execute/Files/project/ame_new/archive_markdown_editor_hmos/app/ame/web_engine/src/main/ets/adapter/BluetoothLowEnergyAdapter.ets:253:9
 Function may throw exceptions. Special handling is required.
[39m[39m
[33mWARN: [33m[33mArkTS:WARN File: /Volumes/Execute/Files/project/ame_new/archive_markdown_editor_hmos/app/ame/web_engine/src/main/ets/adapter/BluetoothLowEnergyAdapter.ets:254:20
 Function may throw exceptions. Special handling is required.
[39m[39m
[33mWARN: [33m[33mArkTS:WARN File: /Volumes/Execute/Files/project/ame_new/archive_markdown_editor_hmos/app/ame/web_engine/src/main/ets/adapter/BluetoothLowEnergyAdapter.ets:259:12
 Function may throw exceptions. Special handling is required.
[39m[39m
[33mWARN: [33m[33mArkTS:WARN File: /Volumes/Execute/Files/project/ame_new/archive_markdown_editor_hmos/app/ame/web_engine/src/main/ets/adapter/BluetoothLowEnergyAdapter.ets:264:5
 Function may throw exceptions. Special handling is required.
[39m[39m
[33mWARN: [33m[33mArkTS:WARN File: /Volumes/Execute/Files/project/ame_new/archive_markdown_editor_hmos/app/ame/web_engine/src/main/ets/adapter/BluetoothLowEnergyAdapter.ets:264:12
 To use this API, you need to apply for the permissions: ohos.permission.ACCESS_BLUETOOTH
[39m[39m
[33mWARN: [33m[33mArkTS:WARN File: /Volumes/Execute/Files/project/ame_new/archive_markdown_editor_hmos/app/ame/web_engine/src/main/ets/adapter/BluetoothLowEnergyAdapter.ets:283:26
 Function may throw exceptions. Special handling is required.
[39m[39m
[33mWARN: [33m[33mArkTS:WARN File: /Volumes/Execute/Files/project/ame_new/archive_markdown_editor_hmos/app/ame/web_engine/src/main/ets/adapter/BluetoothLowEnergyAdapter.ets:290:57
 To use this API, you need to apply for the permissions: ohos.permission.ACCESS_BLUETOOTH
[39m[39m
[33mWARN: [33m[33mArkTS:WARN File: /Volumes/Execute/Files/project/ame_new/archive_markdown_editor_hmos/app/ame/web_engine/src/main/ets/adapter/BluetoothLowEnergyAdapter.ets:301:26
 Function may throw exceptions. Special handling is required.
[39m[39m
[33mWARN: [33m[33mArkTS:WARN File: /Volumes/Execute/Files/project/ame_new/archive_markdown_editor_hmos/app/ame/web_engine/src/main/ets/adapter/BluetoothLowEnergyAdapter.ets:309:57
 To use this API, you need to apply for the permissions: ohos.permission.ACCESS_BLUETOOTH
[39m[39m
[33mWARN: [33m[33mArkTS:WARN File: /Volumes/Execute/Files/project/ame_new/archive_markdown_editor_hmos/app/ame/web_engine/src/main/ets/adapter/BluetoothLowEnergyAdapter.ets:320:26
 Function may throw exceptions. Special handling is required.
[39m[39m
[33mWARN: [33m[33mArkTS:WARN File: /Volumes/Execute/Files/project/ame_new/archive_markdown_editor_hmos/app/ame/web_engine/src/main/ets/adapter/BluetoothLowEnergyAdapter.ets:329:59
 To use this API, you need to apply for the permissions: ohos.permission.ACCESS_BLUETOOTH
[39m[39m
[33mWARN: [33m[33mArkTS:WARN File: /Volumes/Execute/Files/project/ame_new/archive_markdown_editor_hmos/app/ame/web_engine/src/main/ets/adapter/BluetoothLowEnergyAdapter.ets:331:59
 To use this API, you need to apply for the permissions: ohos.permission.ACCESS_BLUETOOTH
[39m[39m
[33mWARN: [33m[33mArkTS:WARN File: /Volumes/Execute/Files/project/ame_new/archive_markdown_editor_hmos/app/ame/web_engine/src/main/ets/adapter/BluetoothLowEnergyAdapter.ets:343:22
 Function may throw exceptions. Special handling is required.
[39m[39m
[33mWARN: [33m[33mArkTS:WARN File: /Volumes/Execute/Files/project/ame_new/archive_markdown_editor_hmos/app/ame/web_engine/src/main/ets/adapter/BluetoothLowEnergyAdapter.ets:350:57
 To use this API, you need to apply for the permissions: ohos.permission.ACCESS_BLUETOOTH
[39m[39m
[33mWARN: [33m[33mArkTS:WARN File: /Volumes/Execute/Files/project/ame_new/archive_markdown_editor_hmos/app/ame/web_engine/src/main/ets/adapter/BluetoothLowEnergyAdapter.ets:361:26
 Function may throw exceptions. Special handling is required.
[39m[39m
[33mWARN: [33m[33mArkTS:WARN File: /Volumes/Execute/Files/project/ame_new/archive_markdown_editor_hmos/app/ame/web_engine/src/main/ets/adapter/BluetoothLowEnergyAdapter.ets:367:18
 Function may throw exceptions. Special handling is required.
[39m[39m
[33mWARN: [33m[33mArkTS:WARN File: /Volumes/Execute/Files/project/ame_new/archive_markdown_editor_hmos/app/ame/web_engine/src/main/ets/adapter/BluetoothLowEnergyAdapter.ets:373:5
 Function may throw exceptions. Special handling is required.
[39m[39m
[33mWARN: [33m[33mArkTS:WARN File: /Volumes/Execute/Files/project/ame_new/archive_markdown_editor_hmos/app/ame/web_engine/src/main/ets/adapter/BluetoothLowEnergyAdapter.ets:373:12
 To use this API, you need to apply for the permissions: ohos.permission.ACCESS_BLUETOOTH
[39m[39m
[33mWARN: [33m[33mArkTS:WARN File: /Volumes/Execute/Files/project/ame_new/archive_markdown_editor_hmos/app/ame/web_engine/src/main/ets/adapter/BluetoothLowEnergyAdapter.ets:374:5
 Function may throw exceptions. Special handling is required.
[39m[39m
[33mWARN: [33m[33mArkTS:WARN File: /Volumes/Execute/Files/project/ame_new/archive_markdown_editor_hmos/app/ame/web_engine/src/main/ets/adapter/BluetoothLowEnergyAdapter.ets:375:5
 Function may throw exceptions. Special handling is required.
[39m[39m
[33mWARN: [33m[33mArkTS:WARN File: /Volumes/Execute/Files/project/ame_new/archive_markdown_editor_hmos/app/ame/web_engine/src/main/ets/adapter/BluetoothLowEnergyAdapter.ets:375:12
 To use this API, you need to apply for the permissions: ohos.permission.ACCESS_BLUETOOTH
[39m[39m
[33mWARN: [33m[33mArkTS:WARN File: /Volumes/Execute/Files/project/ame_new/archive_markdown_editor_hmos/app/ame/web_engine/src/main/ets/adapter/BluetoothLowEnergyAdapter.ets:388:18
 Function may throw exceptions. Special handling is required.
[39m[39m
[33mWARN: [33m[33mArkTS:WARN File: /Volumes/Execute/Files/project/ame_new/archive_markdown_editor_hmos/app/ame/web_engine/src/main/ets/adapter/BluetoothLowEnergyAdapter.ets:394:5
 Function may throw exceptions. Special handling is required.
[39m[39m
[33mWARN: [33m[33mArkTS:WARN File: /Volumes/Execute/Files/project/ame_new/archive_markdown_editor_hmos/app/ame/web_engine/src/main/ets/adapter/BluetoothLowEnergyAdapter.ets:397:16
 To use this API, you need to apply for the permissions: ohos.permission.ACCESS_BLUETOOTH
[39m[39m
[33mWARN: [33m[33mArkTS:WARN File: /Volumes/Execute/Files/project/ame_new/archive_markdown_editor_hmos/app/ame/web_engine/src/main/ets/adapter/BluetoothLowEnergyAdapter.ets:410:22
 Function may throw exceptions. Special handling is required.
[39m[39m
[33mWARN: [33m[33mArkTS:WARN File: /Volumes/Execute/Files/project/ame_new/archive_markdown_editor_hmos/app/ame/web_engine/src/main/ets/adapter/BluetoothLowEnergyAdapter.ets:417:57
 To use this API, you need to apply for the permissions: ohos.permission.ACCESS_BLUETOOTH
[39m[39m
[33mWARN: [33m[33mArkTS:WARN File: /Volumes/Execute/Files/project/ame_new/archive_markdown_editor_hmos/app/ame/web_engine/src/main/ets/adapter/BluetoothLowEnergyAdapter.ets:443:19
 Function may throw exceptions. Special handling is required.
[39m[39m
[33mWARN: [33m[33mArkTS:WARN File: /Volumes/Execute/Files/project/ame_new/archive_markdown_editor_hmos/app/ame/web_engine/src/main/ets/adapter/BluetoothLowEnergyAdapter.ets:483:26
 Function may throw exceptions. Special handling is required.
[39m[39m
[33mWARN: [33m[33mArkTS:WARN File: /Volumes/Execute/Files/project/ame_new/archive_markdown_editor_hmos/app/ame/web_engine/src/main/ets/adapter/BrowserPolicyAdapter.ets:22:40
 'decodeWithStream' has been deprecated.
[39m[39m
[33mWARN: [33m[33mArkTS:WARN File: /Volumes/Execute/Files/project/ame_new/archive_markdown_editor_hmos/app/ame/web_engine/src/main/ets/adapter/CertManagerAdapter.ets:45:15
 Function may throw exceptions. Special handling is required.
[39m[39m
[33mWARN: [33m[33mArkTS:WARN File: /Volumes/Execute/Files/project/ame_new/archive_markdown_editor_hmos/app/ame/web_engine/src/main/ets/adapter/CertManagerAdapter.ets:49:20
 Function may throw exceptions. Special handling is required.
[39m[39m
[33mWARN: [33m[33mArkTS:WARN File: /Volumes/Execute/Files/project/ame_new/archive_markdown_editor_hmos/app/ame/web_engine/src/main/ets/adapter/CertManagerAdapter.ets:50:16
 Function may throw exceptions. Special handling is required.
[39m[39m
[33mWARN: [33m[33mArkTS:WARN File: /Volumes/Execute/Files/project/ame_new/archive_markdown_editor_hmos/app/ame/web_engine/src/main/ets/adapter/CertManagerAdapter.ets:52:5
 Function may throw exceptions. Special handling is required.
[39m[39m
[33mWARN: [33m[33mArkTS:WARN File: /Volumes/Execute/Files/project/ame_new/archive_markdown_editor_hmos/app/ame/web_engine/src/main/ets/adapter/CertManagerAdapter.ets:53:5
 Function may throw exceptions. Special handling is required.
[39m[39m
[33mWARN: [33m[33mArkTS:WARN File: /Volumes/Execute/Files/project/ame_new/archive_markdown_editor_hmos/app/ame/web_engine/src/main/ets/adapter/CertManagerAdapter.ets:64:17
 To use this API, you need to apply for the permissions: ohos.permission.ACCESS_CERT_MANAGER
[39m[39m
[33mWARN: [33m[33mArkTS:WARN File: /Volumes/Execute/Files/project/ame_new/archive_markdown_editor_hmos/app/ame/web_engine/src/main/ets/adapter/CertManagerAdapter.ets:81:26
 To use this API, you need to apply for the permissions: ohos.permission.ACCESS_CERT_MANAGER
[39m[39m
[33mWARN: [33m[33mArkTS:WARN File: /Volumes/Execute/Files/project/ame_new/archive_markdown_editor_hmos/app/ame/web_engine/src/main/ets/adapter/CertManagerAdapter.ets:90:44
 To use this API, you need to apply for the permissions: ohos.permission.ACCESS_CERT_MANAGER
[39m[39m
[33mWARN: [33m[33mArkTS:WARN File: /Volumes/Execute/Files/project/ame_new/archive_markdown_editor_hmos/app/ame/web_engine/src/main/ets/adapter/CertManagerAdapter.ets:112:17
 To use this API, you need to apply for the permissions: ohos.permission.ACCESS_CERT_MANAGER
[39m[39m
[33mWARN: [33m[33mArkTS:WARN File: /Volumes/Execute/Files/project/ame_new/archive_markdown_editor_hmos/app/ame/web_engine/src/main/ets/adapter/CertManagerAdapter.ets:129:17
 To use this API, you need to apply for the permissions: ohos.permission.ACCESS_CERT_MANAGER
[39m[39m
[33mWARN: [33m[33mArkTS:WARN File: /Volumes/Execute/Files/project/ame_new/archive_markdown_editor_hmos/app/ame/web_engine/src/main/ets/adapter/CertManagerAdapter.ets:136:19
 To use this API, you need to apply for the permissions: ohos.permission.ACCESS_CERT_MANAGER
[39m[39m
[33mWARN: [33m[33mArkTS:WARN File: /Volumes/Execute/Files/project/ame_new/archive_markdown_editor_hmos/app/ame/web_engine/src/main/ets/adapter/CertManagerAdapter.ets:142:21
 To use this API, you need to apply for the permissions: ohos.permission.ACCESS_CERT_MANAGER
[39m[39m
[33mWARN: [33m[33mArkTS:WARN File: /Volumes/Execute/Files/project/ame_new/archive_markdown_editor_hmos/app/ame/web_engine/src/main/ets/adapter/CertManagerAdapter.ets:154:33
 Function may throw exceptions. Special handling is required.
[39m[39m
[33mWARN: [33m[33mArkTS:WARN File: /Volumes/Execute/Files/project/ame_new/archive_markdown_editor_hmos/app/ame/web_engine/src/main/ets/adapter/CertManagerAdapter.ets:176:15
 Function may throw exceptions. Special handling is required.
[39m[39m
[33mWARN: [33m[33mArkTS:WARN File: /Volumes/Execute/Files/project/ame_new/archive_markdown_editor_hmos/app/ame/web_engine/src/main/ets/adapter/CertManagerAdapter.ets:181:21
 Function may throw exceptions. Special handling is required.
[39m[39m
[33mWARN: [33m[33mArkTS:WARN File: /Volumes/Execute/Files/project/ame_new/archive_markdown_editor_hmos/app/ame/web_engine/src/main/ets/adapter/CertManagerAdapter.ets:201:32
 To use this API, you need to apply for the permissions: ohos.permission.ACCESS_CERT_MANAGER
[39m[39m
[33mWARN: [33m[33mArkTS:WARN File: /Volumes/Execute/Files/project/ame_new/archive_markdown_editor_hmos/app/ame/web_engine/src/main/ets/adapter/CursorAdapter.ets:44:22
 Function may throw exceptions. Special handling is required.
[39m[39m
[33mWARN: [33m[33mArkTS:WARN File: /Volumes/Execute/Files/project/ame_new/archive_markdown_editor_hmos/app/ame/web_engine/src/main/ets/adapter/DeviceAdapter.ets:115:12
 Function may throw exceptions. Special handling is required.
[39m[39m
[33mWARN: [33m[33mArkTS:WARN File: /Volumes/Execute/Files/project/ame_new/archive_markdown_editor_hmos/app/ame/web_engine/src/main/ets/adapter/DeviceUserAuthAdapter.ets:43:16
 To use this API, you need to apply for the permissions: ohos.permission.ACCESS_BIOMETRIC
[39m[39m
[33mWARN: [33m[33mArkTS:WARN File: /Volumes/Execute/Files/project/ame_new/archive_markdown_editor_hmos/app/ame/web_engine/src/main/ets/adapter/DeviceUserAuthAdapter.ets:56:16
 To use this API, you need to apply for the permissions: ohos.permission.ACCESS_BIOMETRIC
[39m[39m
[33mWARN: [33m[33mArkTS:WARN File: /Volumes/Execute/Files/project/ame_new/archive_markdown_editor_hmos/app/ame/web_engine/src/main/ets/adapter/DeviceUserAuthAdapter.ets:96:11
 Function may throw exceptions. Special handling is required.
[39m[39m
[33mWARN: [33m[33mArkTS:WARN File: /Volumes/Execute/Files/project/ame_new/archive_markdown_editor_hmos/app/ame/web_engine/src/main/ets/adapter/DeviceUserAuthAdapter.ets:107:24
 To use this API, you need to apply for the permissions: ohos.permission.ACCESS_BIOMETRIC or ohos.permission.USER_AUTH_FROM_BACKGROUND
[39m[39m
[33mWARN: [33m[33mArkTS:WARN File: /Volumes/Execute/Files/project/ame_new/archive_markdown_editor_hmos/app/ame/web_engine/src/main/ets/adapter/ElectronAppAdapter.ets:66:24
 'getSystemLocale' has been deprecated.
[39m[39m
[33mWARN: [33m[33mArkTS:WARN File: /Volumes/Execute/Files/project/ame_new/archive_markdown_editor_hmos/app/ame/web_engine/src/main/ets/adapter/ElectronAppAdapter.ets:113:5
 Function may throw exceptions. Special handling is required.
[39m[39m
[33mWARN: [33m[33mArkTS:WARN File: /Volumes/Execute/Files/project/ame_new/archive_markdown_editor_hmos/app/ame/web_engine/src/main/ets/adapter/ElectronAppAdapter.ets:126:5
 Function may throw exceptions. Special handling is required.
[39m[39m
[33mWARN: [33m[33mArkTS:WARN File: /Volumes/Execute/Files/project/ame_new/archive_markdown_editor_hmos/app/ame/web_engine/src/main/ets/adapter/FileManagerAdapter.ets:128:26
 To use this API, you need to apply for the permissions: ohos.permission.GET_FILE_ICON
[39m[39m
[33mWARN: [33m[33mArkTS:WARN File: /Volumes/Execute/Files/project/ame_new/archive_markdown_editor_hmos/app/ame/web_engine/src/main/ets/adapter/FilePickerAdapter.ets:50:30
 Function may throw exceptions. Special handling is required.
[39m[39m
[33mWARN: [33m[33mArkTS:WARN File: /Volumes/Execute/Files/project/ame_new/archive_markdown_editor_hmos/app/ame/web_engine/src/main/ets/adapter/FilePickerAdapter.ets:73:27
 The system capacity of this api 'selectMode' is not supported on all devices
[39m[39m
[33mWARN: [33m[33mArkTS:WARN File: /Volumes/Execute/Files/project/ame_new/archive_markdown_editor_hmos/app/ame/web_engine/src/main/ets/adapter/FilePickerAdapter.ets:73:47
 The system capacity of this api 'DocumentSelectMode' is not supported on all devices
[39m[39m
[33mWARN: [33m[33mArkTS:WARN File: /Volumes/Execute/Files/project/ame_new/archive_markdown_editor_hmos/app/ame/web_engine/src/main/ets/adapter/FilePickerAdapter.ets:73:66
 The system capacity of this api 'FOLDER' is not supported on all devices
[39m[39m
[33mWARN: [33m[33mArkTS:WARN File: /Volumes/Execute/Files/project/ame_new/archive_markdown_editor_hmos/app/ame/web_engine/src/main/ets/adapter/FilePickerAdapter.ets:99:30
 Function may throw exceptions. Special handling is required.
[39m[39m
[33mWARN: [33m[33mArkTS:WARN File: /Volumes/Execute/Files/project/ame_new/archive_markdown_editor_hmos/app/ame/web_engine/src/main/ets/adapter/FilePickerAdapter.ets:121:21
 Function may throw exceptions. Special handling is required.
[39m[39m
[33mWARN: [33m[33mArkTS:WARN File: /Volumes/Execute/Files/project/ame_new/archive_markdown_editor_hmos/app/ame/web_engine/src/main/ets/adapter/FilePickerAdapter.ets:178:30
 Function may throw exceptions. Special handling is required.
[39m[39m
[33mWARN: [33m[33mArkTS:WARN File: /Volumes/Execute/Files/project/ame_new/archive_markdown_editor_hmos/app/ame/web_engine/src/main/ets/adapter/FontAdapter.ets:18:42
 'getFontByName' has been deprecated.
[39m[39m
[33mWARN: [33m[33mArkTS:WARN File: /Volumes/Execute/Files/project/ame_new/archive_markdown_editor_hmos/app/ame/web_engine/src/main/ets/adapter/FontAdapter.ets:22:26
 'getSystemFontList' has been deprecated.
[39m[39m
[33mWARN: [33m[33mArkTS:WARN File: /Volumes/Execute/Files/project/ame_new/archive_markdown_editor_hmos/app/ame/web_engine/src/main/ets/adapter/FontAdapter.ets:45:26
 'getFontByName' has been deprecated.
[39m[39m
[33mWARN: [33m[33mArkTS:WARN File: /Volumes/Execute/Files/project/ame_new/archive_markdown_editor_hmos/app/ame/web_engine/src/main/ets/adapter/I18nAdapter.ets:25:22
 'Locale' has been deprecated.
[39m[39m
[33mWARN: [33m[33mArkTS:WARN File: /Volumes/Execute/Files/project/ame_new/archive_markdown_editor_hmos/app/ame/web_engine/src/main/ets/adapter/I18nAdapter.ets:25:32
 'language' has been deprecated.
[39m[39m
[33mWARN: [33m[33mArkTS:WARN File: /Volumes/Execute/Files/project/ame_new/archive_markdown_editor_hmos/app/ame/web_engine/src/main/ets/adapter/I18nAdapter.ets:30:22
 'Locale' has been deprecated.
[39m[39m
[33mWARN: [33m[33mArkTS:WARN File: /Volumes/Execute/Files/project/ame_new/archive_markdown_editor_hmos/app/ame/web_engine/src/main/ets/adapter/I18nAdapter.ets:30:32
 'region' has been deprecated.
[39m[39m
[33mWARN: [33m[33mArkTS:WARN File: /Volumes/Execute/Files/project/ame_new/archive_markdown_editor_hmos/app/ame/web_engine/src/main/ets/adapter/IMFAdapter.ets:143:5
 Function may throw exceptions. Special handling is required.
[39m[39m
[33mWARN: [33m[33mArkTS:WARN File: /Volumes/Execute/Files/project/ame_new/archive_markdown_editor_hmos/app/ame/web_engine/src/main/ets/adapter/IMFAdapter.ets:147:5
 Function may throw exceptions. Special handling is required.
[39m[39m
[33mWARN: [33m[33mArkTS:WARN File: /Volumes/Execute/Files/project/ame_new/archive_markdown_editor_hmos/app/ame/web_engine/src/main/ets/adapter/IMFAdapter.ets:150:5
 Function may throw exceptions. Special handling is required.
[39m[39m
[33mWARN: [33m[33mArkTS:WARN File: /Volumes/Execute/Files/project/ame_new/archive_markdown_editor_hmos/app/ame/web_engine/src/main/ets/adapter/IMFAdapter.ets:153:5
 Function may throw exceptions. Special handling is required.
[39m[39m
[33mWARN: [33m[33mArkTS:WARN File: /Volumes/Execute/Files/project/ame_new/archive_markdown_editor_hmos/app/ame/web_engine/src/main/ets/adapter/IMFAdapter.ets:156:5
 Function may throw exceptions. Special handling is required.
[39m[39m
[33mWARN: [33m[33mArkTS:WARN File: /Volumes/Execute/Files/project/ame_new/archive_markdown_editor_hmos/app/ame/web_engine/src/main/ets/adapter/MediaAdapter.ets:56:19
 'getContext' has been deprecated.
[39m[39m
[33mWARN: [33m[33mArkTS:WARN File: /Volumes/Execute/Files/project/ame_new/archive_markdown_editor_hmos/app/ame/web_engine/src/main/ets/adapter/MediaAdapter.ets:57:25
 Function may throw exceptions. Special handling is required.
[39m[39m
[33mWARN: [33m[33mArkTS:WARN File: /Volumes/Execute/Files/project/ame_new/archive_markdown_editor_hmos/app/ame/web_engine/src/main/ets/adapter/NativeMessagingAdapter.ets:68:74
 The 'extensionPid' API is supported since SDK version 21. However, the current compatible SDK version is 5.0.5(17).
[39m[39m
[33mWARN: [33m[33mArkTS:WARN File: /Volumes/Execute/Files/project/ame_new/archive_markdown_editor_hmos/app/ame/web_engine/src/main/ets/adapter/NativeMessagingAdapter.ets:104:57
 To use this API, you need to apply for the permissions: ohos.permission.WEB_NATIVE_MESSAGING
[39m[39m
[33mWARN: [33m[33mArkTS:WARN File: /Volumes/Execute/Files/project/ame_new/archive_markdown_editor_hmos/app/ame/web_engine/src/main/ets/adapter/NativeMessagingAdapter.ets:117:42
 To use this API, you need to apply for the permissions: ohos.permission.WEB_NATIVE_MESSAGING
[39m[39m
[33mWARN: [33m[33mArkTS:WARN File: /Volumes/Execute/Files/project/ame_new/archive_markdown_editor_hmos/app/ame/web_engine/src/main/ets/adapter/NativeMessagingAdapter.ets:126:5
 The 'dataShare' API is supported since SDK version 20. However, the current compatible SDK version is 5.0.5(17).
[39m[39m
[33mWARN: [33m[33mArkTS:WARN File: /Volumes/Execute/Files/project/ame_new/archive_markdown_editor_hmos/app/ame/web_engine/src/main/ets/adapter/NativeMessagingAdapter.ets:126:15
 The 'createDataProxyHandle' API is supported since SDK version 20. However, the current compatible SDK version is 5.0.5(17).
[39m[39m
[33mWARN: [33m[33mArkTS:WARN File: /Volumes/Execute/Files/project/ame_new/archive_markdown_editor_hmos/app/ame/web_engine/src/main/ets/adapter/NativeMessagingAdapter.ets:130:15
 The 'dataShare' API is supported since SDK version 20. However, the current compatible SDK version is 5.0.5(17).
[39m[39m
[33mWARN: [33m[33mArkTS:WARN File: /Volumes/Execute/Files/project/ame_new/archive_markdown_editor_hmos/app/ame/web_engine/src/main/ets/adapter/NativeMessagingAdapter.ets:130:25
 The 'DataProxyType' API is supported since SDK version 20. However, the current compatible SDK version is 5.0.5(17).
[39m[39m
[33mWARN: [33m[33mArkTS:WARN File: /Volumes/Execute/Files/project/ame_new/archive_markdown_editor_hmos/app/ame/web_engine/src/main/ets/adapter/NativeMessagingAdapter.ets:130:39
 The 'SHARED_CONFIG' API is supported since SDK version 20. However, the current compatible SDK version is 5.0.5(17).
[39m[39m
[33mWARN: [33m[33mArkTS:WARN File: /Volumes/Execute/Files/project/ame_new/archive_markdown_editor_hmos/app/ame/web_engine/src/main/ets/adapter/NativeMessagingAdapter.ets:132:21
 The 'get' API is supported since SDK version 20. However, the current compatible SDK version is 5.0.5(17).
[39m[39m
[33mWARN: [33m[33mArkTS:WARN File: /Volumes/Execute/Files/project/ame_new/archive_markdown_editor_hmos/app/ame/web_engine/src/main/ets/adapter/NativeMessagingAdapter.ets:134:33
 The 'value' API is supported since SDK version 20. However, the current compatible SDK version is 5.0.5(17).
[39m[39m
[33mWARN: [33m[33mArkTS:WARN File: /Volumes/Execute/Files/project/ame_new/archive_markdown_editor_hmos/app/ame/web_engine/src/main/ets/adapter/NativeMessagingAdapter.ets:137:28
 The 'value' API is supported since SDK version 20. However, the current compatible SDK version is 5.0.5(17).
[39m[39m
[33mWARN: [33m[33mArkTS:WARN File: /Volumes/Execute/Files/project/ame_new/archive_markdown_editor_hmos/app/ame/web_engine/src/main/ets/adapter/NotificationAdapter.ets:76:5
 Function may throw exceptions. Special handling is required.
[39m[39m
[33mWARN: [33m[33mArkTS:WARN File: /Volumes/Execute/Files/project/ame_new/archive_markdown_editor_hmos/app/ame/web_engine/src/main/ets/adapter/NotificationAdapter.ets:260:43
 Function may throw exceptions. Special handling is required.
[39m[39m
[33mWARN: [33m[33mArkTS:WARN File: /Volumes/Execute/Files/project/ame_new/archive_markdown_editor_hmos/app/ame/web_engine/src/main/ets/common/BaseWindowAdapter.ets:30:27
 Function may throw exceptions. Special handling is required.
[39m[39m
[33mWARN: [33m[33mArkTS:WARN File: /Volumes/Execute/Files/project/ame_new/archive_markdown_editor_hmos/app/ame/web_engine/src/main/ets/adapter/PopupWindowAdapter.ets:68:5
 Function may throw exceptions. Special handling is required.
[39m[39m
[33mWARN: [33m[33mArkTS:WARN File: /Volumes/Execute/Files/project/ame_new/archive_markdown_editor_hmos/app/ame/web_engine/src/main/ets/adapter/PopupWindowAdapter.ets:136:19
 Function may throw exceptions. Special handling is required.
[39m[39m
[33mWARN: [33m[33mArkTS:WARN File: /Volumes/Execute/Files/project/ame_new/archive_markdown_editor_hmos/app/ame/web_engine/src/main/ets/adapter/PopupWindowAdapter.ets:147:19
 Function may throw exceptions. Special handling is required.
[39m[39m
[33mWARN: [33m[33mArkTS:WARN File: /Volumes/Execute/Files/project/ame_new/archive_markdown_editor_hmos/app/ame/web_engine/src/main/ets/adapter/PopupWindowAdapter.ets:190:28
 Function may throw exceptions. Special handling is required.
[39m[39m
[33mWARN: [33m[33mArkTS:WARN File: /Volumes/Execute/Files/project/ame_new/archive_markdown_editor_hmos/app/ame/web_engine/src/main/ets/adapter/PrintAdapter.ets:53:13
 To use this API, you need to apply for the permissions: ohos.permission.PRINT
[39m[39m
[33mWARN: [33m[33mArkTS:WARN File: /Volumes/Execute/Files/project/ame_new/archive_markdown_editor_hmos/app/ame/web_engine/src/main/ets/adapter/PrintAdapter.ets:55:21
 To use this API, you need to apply for the permissions: ohos.permission.PRINT
[39m[39m
[33mWARN: [33m[33mArkTS:WARN File: /Volumes/Execute/Files/project/ame_new/archive_markdown_editor_hmos/app/ame/web_engine/src/main/ets/adapter/PrintAdapter.ets:58:21
 To use this API, you need to apply for the permissions: ohos.permission.PRINT
[39m[39m
[33mWARN: [33m[33mArkTS:WARN File: /Volumes/Execute/Files/project/ame_new/archive_markdown_editor_hmos/app/ame/web_engine/src/main/ets/adapter/PrintAdapter.ets:78:9
 Function may throw exceptions. Special handling is required.
[39m[39m
[33mWARN: [33m[33mArkTS:WARN File: /Volumes/Execute/Files/project/ame_new/archive_markdown_editor_hmos/app/ame/web_engine/src/main/ets/adapter/PrintAdapter.ets:90:11
 To use this API, you need to apply for the permissions: ohos.permission.PRINT
[39m[39m
[33mWARN: [33m[33mArkTS:WARN File: /Volumes/Execute/Files/project/ame_new/archive_markdown_editor_hmos/app/ame/web_engine/src/main/ets/adapter/PrintAdapter.ets:101:20
 'showDialog' has been deprecated.
[39m[39m
[33mWARN: [33m[33mArkTS:WARN File: /Volumes/Execute/Files/project/ame_new/archive_markdown_editor_hmos/app/ame/web_engine/src/main/ets/adapter/RunningLockAdapter.ets:67:19
 To use this API, you need to apply for the permissions: ohos.permission.RUNNING_LOCK
[39m[39m
[33mWARN: [33m[33mArkTS:WARN File: /Volumes/Execute/Files/project/ame_new/archive_markdown_editor_hmos/app/ame/web_engine/src/main/ets/adapter/RunningLockAdapter.ets:67:75
 'BACKGROUND' has been deprecated.
[39m[39m
[33mWARN: [33m[33mArkTS:WARN File: /Volumes/Execute/Files/project/ame_new/archive_markdown_editor_hmos/app/ame/web_engine/src/main/ets/adapter/RunningLockAdapter.ets:72:29
 To use this API, you need to apply for the permissions: ohos.permission.RUNNING_LOCK
[39m[39m
[33mWARN: [33m[33mArkTS:WARN File: /Volumes/Execute/Files/project/ame_new/archive_markdown_editor_hmos/app/ame/web_engine/src/main/ets/adapter/RunningLockAdapter.ets:90:27
 To use this API, you need to apply for the permissions: ohos.permission.RUNNING_LOCK
[39m[39m
[33mWARN: [33m[33mArkTS:WARN File: /Volumes/Execute/Files/project/ame_new/archive_markdown_editor_hmos/app/ame/web_engine/src/main/ets/adapter/ScreenshotAdapter.ets:21:16
 To use this API, you need to apply for the permissions: ohos.permission.CUSTOM_SCREEN_CAPTURE or ohos.permission.CUSTOM_SCREEN_RECORDING
[39m[39m
[33mWARN: [33m[33mArkTS:WARN File: /Volumes/Execute/Files/project/ame_new/archive_markdown_editor_hmos/app/ame/web_engine/src/main/ets/adapter/SpeechAdapter.ets:68:44
 'getVolumeSync' has been deprecated.
[39m[39m
[33mWARN: [33m[33mArkTS:WARN File: /Volumes/Execute/Files/project/ame_new/archive_markdown_editor_hmos/app/ame/web_engine/src/main/ets/adapter/SubWindowAdapter.ets:119:24
 Function may throw exceptions. Special handling is required.
[39m[39m
[33mWARN: [33m[33mArkTS:WARN File: /Volumes/Execute/Files/project/ame_new/archive_markdown_editor_hmos/app/ame/web_engine/src/main/ets/adapter/SubWindowAdapter.ets:151:20
 Function may throw exceptions. Special handling is required.
[39m[39m
[33mWARN: [33m[33mArkTS:WARN File: /Volumes/Execute/Files/project/ame_new/archive_markdown_editor_hmos/app/ame/web_engine/src/main/ets/adapter/SubWindowAdapter.ets:257:18
 Function may throw exceptions. Special handling is required.
[39m[39m
[33mWARN: [33m[33mArkTS:WARN File: /Volumes/Execute/Files/project/ame_new/archive_markdown_editor_hmos/app/ame/web_engine/src/main/ets/adapter/SubWindowAdapter.ets:265:22
 Function may throw exceptions. Special handling is required.
[39m[39m
[33mWARN: [33m[33mArkTS:WARN File: /Volumes/Execute/Files/project/ame_new/archive_markdown_editor_hmos/app/ame/web_engine/src/main/ets/adapter/SubWindowAdapter.ets:301:5
 Function may throw exceptions. Special handling is required.
[39m[39m
[33mWARN: [33m[33mArkTS:WARN File: /Volumes/Execute/Files/project/ame_new/archive_markdown_editor_hmos/app/ame/web_engine/src/main/ets/adapter/SystemFloatingWindowAdapter.ets:60:12
 To use this API, you need to apply for the permissions: ohos.permission.SYSTEM_FLOAT_WINDOW
[39m[39m
[33mWARN: [33m[33mArkTS:WARN File: /Volumes/Execute/Files/project/ame_new/archive_markdown_editor_hmos/app/ame/web_engine/src/main/ets/adapter/SystemFloatingWindowAdapter.ets:175:7
 Function may throw exceptions. Special handling is required.
[39m[39m
[33mWARN: [33m[33mArkTS:WARN File: /Volumes/Execute/Files/project/ame_new/archive_markdown_editor_hmos/app/ame/web_engine/src/main/ets/adapter/SystemFloatingWindowAdapter.ets:183:19
 Function may throw exceptions. Special handling is required.
[39m[39m
[33mWARN: [33m[33mArkTS:WARN File: /Volumes/Execute/Files/project/ame_new/archive_markdown_editor_hmos/app/ame/web_engine/src/main/ets/adapter/SystemFloatingWindowAdapter.ets:194:19
 Function may throw exceptions. Special handling is required.
[39m[39m
[33mWARN: [33m[33mArkTS:WARN File: /Volumes/Execute/Files/project/ame_new/archive_markdown_editor_hmos/app/ame/web_engine/src/main/ets/adapter/SystemFloatingWindowAdapter.ets:213:24
 Function may throw exceptions. Special handling is required.
[39m[39m
[33mWARN: [33m[33mArkTS:WARN File: /Volumes/Execute/Files/project/ame_new/archive_markdown_editor_hmos/app/ame/web_engine/src/main/ets/adapter/SystemFloatingWindowAdapter.ets:263:24
 Function may throw exceptions. Special handling is required.
[39m[39m
[33mWARN: [33m[33mArkTS:WARN File: /Volumes/Execute/Files/project/ame_new/archive_markdown_editor_hmos/app/ame/web_engine/src/main/ets/adapter/SystemFloatingWindowAdapter.ets:315:24
 Function may throw exceptions. Special handling is required.
[39m[39m
[33mWARN: [33m[33mArkTS:WARN File: /Volumes/Execute/Files/project/ame_new/archive_markdown_editor_hmos/app/ame/web_engine/src/main/ets/adapter/StatusBarManager.ets:79:7
 The system capacity of this api 'statusBarManager' is not supported on all devices
[39m[39m
[33mWARN: [33m[33mArkTS:WARN File: /Volumes/Execute/Files/project/ame_new/archive_markdown_editor_hmos/app/ame/web_engine/src/main/ets/adapter/StatusBarManager.ets:79:24
 The system capacity of this api 'addToStatusBar' is not supported on all devices
[39m[39m
[33mWARN: [33m[33mArkTS:WARN File: /Volumes/Execute/Files/project/ame_new/archive_markdown_editor_hmos/app/ame/web_engine/src/main/ets/adapter/StatusBarManager.ets:93:9
 The system capacity of this api 'statusBarManager' is not supported on all devices
[39m[39m
[33mWARN: [33m[33mArkTS:WARN File: /Volumes/Execute/Files/project/ame_new/archive_markdown_editor_hmos/app/ame/web_engine/src/main/ets/adapter/StatusBarManager.ets:93:26
 The system capacity of this api 'on' is not supported on all devices
[39m[39m
[33mWARN: [33m[33mArkTS:WARN File: /Volumes/Execute/Files/project/ame_new/archive_markdown_editor_hmos/app/ame/web_engine/src/main/ets/adapter/StatusBarManager.ets:100:9
 The system capacity of this api 'statusBarManager' is not supported on all devices
[39m[39m
[33mWARN: [33m[33mArkTS:WARN File: /Volumes/Execute/Files/project/ame_new/archive_markdown_editor_hmos/app/ame/web_engine/src/main/ets/adapter/StatusBarManager.ets:100:26
 The system capacity of this api 'on' is not supported on all devices
[39m[39m
[33mWARN: [33m[33mArkTS:WARN File: /Volumes/Execute/Files/project/ame_new/archive_markdown_editor_hmos/app/ame/web_engine/src/main/ets/adapter/StatusBarManager.ets:110:7
 The system capacity of this api 'statusBarManager' is not supported on all devices
[39m[39m
[33mWARN: [33m[33mArkTS:WARN File: /Volumes/Execute/Files/project/ame_new/archive_markdown_editor_hmos/app/ame/web_engine/src/main/ets/adapter/StatusBarManager.ets:110:24
 The system capacity of this api 'updateStatusBarIcon' is not supported on all devices
[39m[39m
[33mWARN: [33m[33mArkTS:WARN File: /Volumes/Execute/Files/project/ame_new/archive_markdown_editor_hmos/app/ame/web_engine/src/main/ets/adapter/StatusBarManager.ets:127:9
 The system capacity of this api 'statusBarManager' is not supported on all devices
[39m[39m
[33mWARN: [33m[33mArkTS:WARN File: /Volumes/Execute/Files/project/ame_new/archive_markdown_editor_hmos/app/ame/web_engine/src/main/ets/adapter/StatusBarManager.ets:127:26
 The system capacity of this api 'updateStatusBarHoverTips' is not supported on all devices
[39m[39m
[33mWARN: [33m[33mArkTS:WARN File: /Volumes/Execute/Files/project/ame_new/archive_markdown_editor_hmos/app/ame/web_engine/src/main/ets/adapter/StatusBarManager.ets:146:9
 The system capacity of this api 'statusBarManager' is not supported on all devices
[39m[39m
[33mWARN: [33m[33mArkTS:WARN File: /Volumes/Execute/Files/project/ame_new/archive_markdown_editor_hmos/app/ame/web_engine/src/main/ets/adapter/StatusBarManager.ets:146:26
 The system capacity of this api 'updateStatusBarMenu' is not supported on all devices
[39m[39m
[33mWARN: [33m[33mArkTS:WARN File: /Volumes/Execute/Files/project/ame_new/archive_markdown_editor_hmos/app/ame/web_engine/src/main/ets/adapter/StatusBarManager.ets:162:9
 The system capacity of this api 'statusBarManager' is not supported on all devices
[39m[39m
[33mWARN: [33m[33mArkTS:WARN File: /Volumes/Execute/Files/project/ame_new/archive_markdown_editor_hmos/app/ame/web_engine/src/main/ets/adapter/StatusBarManager.ets:162:26
 The system capacity of this api 'removeFromStatusBar' is not supported on all devices
[39m[39m
[33mWARN: [33m[33mArkTS:WARN File: /Volumes/Execute/Files/project/ame_new/archive_markdown_editor_hmos/app/ame/web_engine/src/main/ets/adapter/StatusBarManager.ets:174:7
 The system capacity of this api 'statusBarManager' is not supported on all devices
[39m[39m
[33mWARN: [33m[33mArkTS:WARN File: /Volumes/Execute/Files/project/ame_new/archive_markdown_editor_hmos/app/ame/web_engine/src/main/ets/adapter/StatusBarManager.ets:174:24
 The system capacity of this api 'off' is not supported on all devices
[39m[39m
[33mWARN: [33m[33mArkTS:WARN File: /Volumes/Execute/Files/project/ame_new/archive_markdown_editor_hmos/app/ame/web_engine/src/main/ets/adapter/StatusBarManager.ets:175:7
 The system capacity of this api 'statusBarManager' is not supported on all devices
[39m[39m
[33mWARN: [33m[33mArkTS:WARN File: /Volumes/Execute/Files/project/ame_new/archive_markdown_editor_hmos/app/ame/web_engine/src/main/ets/adapter/StatusBarManager.ets:175:24
 The system capacity of this api 'off' is not supported on all devices
[39m[39m
[33mWARN: [33m[33mArkTS:WARN File: /Volumes/Execute/Files/project/ame_new/archive_markdown_editor_hmos/app/ame/web_engine/src/main/ets/adapter/StatusBarManager.ets:190:30
 The system capacity of this api 'menuCode' is not supported on all devices
[39m[39m
[33mWARN: [33m[33mArkTS:WARN File: /Volumes/Execute/Files/project/ame_new/archive_markdown_editor_hmos/app/ame/web_engine/src/main/ets/adapter/StatusBarManager.ets:225:16
 The system capacity of this api 'subMenu' is not supported on all devices
[39m[39m
[33mWARN: [33m[33mArkTS:WARN File: /Volumes/Execute/Files/project/ame_new/archive_markdown_editor_hmos/app/ame/web_engine/src/main/ets/adapter/WebAppAdapter.ets:54:23
 'getContext' has been deprecated.
[39m[39m
[33mWARN: [33m[33mArkTS:WARN File: /Volumes/Execute/Files/project/ame_new/archive_markdown_editor_hmos/app/ame/web_engine/src/main/ets/adapter/WebAppAdapter.ets:94:26
 'showToast' has been deprecated.
[39m[39m
[33mWARN: [33m[33mArkTS:WARN File: /Volumes/Execute/Files/project/ame_new/archive_markdown_editor_hmos/app/ame/web_engine/src/main/ets/adapter/WebAppAdapter.ets:104:22
 'showToast' has been deprecated.
[39m[39m
[33mWARN: [33m[33mArkTS:WARN File: /Volumes/Execute/Files/project/ame_new/archive_markdown_editor_hmos/app/ame/web_engine/src/main/ets/adapter/WebAppAdapter.ets:114:7
 Function may throw exceptions. Special handling is required.
[39m[39m
[33mWARN: [33m[33mArkTS:WARN File: /Volumes/Execute/Files/project/ame_new/archive_markdown_editor_hmos/app/ame/web_engine/src/main/ets/adapter/WebAppAdapter.ets:114:20
 'showToast' has been deprecated.
[39m[39m
[33mWARN: [33m[33mArkTS:WARN File: /Volumes/Execute/Files/project/ame_new/archive_markdown_editor_hmos/app/ame/web_engine/src/main/ets/ability/WebBaseAbility.ets:110:27
 Function may throw exceptions. Special handling is required.
[39m[39m
[33mWARN: [33m[33mArkTS:WARN File: /Volumes/Execute/Files/project/ame_new/archive_markdown_editor_hmos/app/ame/web_engine/src/main/ets/ability/WebBaseAbility.ets:110:27
 Function may throw exceptions. Special handling is required.
[39m[39m
[33mWARN: [33m[33mArkTS:WARN File: /Volumes/Execute/Files/project/ame_new/archive_markdown_editor_hmos/app/ame/web_engine/src/main/ets/ability/WebBaseAbility.ets:119:12
 Function may throw exceptions. Special handling is required.
[39m[39m
[33mWARN: [33m[33mArkTS:WARN File: /Volumes/Execute/Files/project/ame_new/archive_markdown_editor_hmos/app/ame/web_engine/src/main/ets/ability/WebAbility.ets:79:28
 To use this API, you need to apply for the permissions: ohos.permission.SET_ABILITY_INSTANCE_INFO
[39m[39m
[33mWARN: [33m[33mArkTS:WARN File: /Volumes/Execute/Files/project/ame_new/archive_markdown_editor_hmos/app/ame/web_engine/src/main/ets/ability/WebAbility.ets:276:17
 Function may throw exceptions. Special handling is required.
[39m[39m
[33mWARN: [33m[33mArkTS:WARN File: /Volumes/Execute/Files/project/ame_new/archive_markdown_editor_hmos/app/ame/web_engine/src/main/ets/ability/WebAbility.ets:432:20
 Function may throw exceptions. Special handling is required.
[39m[39m
[33mWARN: [33m[33mArkTS:WARN File: /Volumes/Execute/Files/project/ame_new/archive_markdown_editor_hmos/app/ame/web_engine/src/main/ets/ability/WebAbility.ets:523:21
 Function may throw exceptions. Special handling is required.
[39m[39m
[33mWARN: [33m[33mArkTS:WARN File: /Volumes/Execute/Files/project/ame_new/archive_markdown_editor_hmos/app/ame/web_engine/src/main/ets/ability/WebAbility.ets:528:30
 'getContext' has been deprecated.
[39m[39m
[33mWARN: [33m[33mArkTS:WARN File: /Volumes/Execute/Files/project/ame_new/archive_markdown_editor_hmos/app/ame/web_engine/src/main/ets/ability/WebEmbeddedAbility.ets:44:23
 Function may throw exceptions. Special handling is required.
[39m[39m
[33mWARN: [33m[33mArkTS:WARN File: /Volumes/Execute/Files/project/ame_new/archive_markdown_editor_hmos/app/ame/web_engine/src/main/ets/ability/WebEmbeddedAbility.ets:75:5
 Function may throw exceptions. Special handling is required.
[39m[39m
[33mWARN: [33m[33mArkTS:WARN File: /Volumes/Execute/Files/project/ame_new/archive_markdown_editor_hmos/app/ame/web_engine/src/main/ets/components/WebWindow.ets:60:75
 'getContext' has been deprecated.
[39m[39m
[33mWARN: [33m[33mArkTS:WARN File: /Volumes/Execute/Files/project/ame_new/archive_markdown_editor_hmos/app/ame/web_engine/src/main/ets/components/WebWindow.ets:85:5
 Function may throw exceptions. Special handling is required.
[39m[39m
[33mWARN: [33m[33mArkTS:WARN File: /Volumes/Execute/Files/project/ame_new/archive_markdown_editor_hmos/app/ame/web_engine/src/main/ets/components/WebWindow.ets:92:16
 Function may throw exceptions. Special handling is required.
[39m[39m
[33mWARN: [33m[33mArkTS:WARN File: /Volumes/Execute/Files/project/ame_new/archive_markdown_editor_hmos/app/ame/web_engine/src/main/ets/components/WebWindow.ets:103:27
 Function may throw exceptions. Special handling is required.
[39m[39m
[33mWARN: [33m[33mArkTS:WARN File: /Volumes/Execute/Files/project/ame_new/archive_markdown_editor_hmos/app/ame/web_engine/src/main/ets/components/WebWindow.ets:116:17
 Function may throw exceptions. Special handling is required.
[39m[39m
[33mWARN: [33m[33mArkTS:WARN File: /Volumes/Execute/Files/project/ame_new/archive_markdown_editor_hmos/app/ame/web_engine/src/main/ets/components/WebWindow.ets:124:9
 Function may throw exceptions. Special handling is required.
[39m[39m
[33mWARN: [33m[33mArkTS:WARN File: /Volumes/Execute/Files/project/ame_new/archive_markdown_editor_hmos/app/ame/web_engine/src/main/ets/components/WebWindow.ets:253:19
 'vp2px' has been deprecated.
[39m[39m
[33mWARN: [33m[33mArkTS:WARN File: /Volumes/Execute/Files/project/ame_new/archive_markdown_editor_hmos/app/ame/web_engine/src/main/ets/components/WebWindow.ets:254:19
 'vp2px' has been deprecated.
[39m[39m
[33mWARN: [33m[33mArkTS:WARN File: /Volumes/Execute/Files/project/ame_new/archive_markdown_editor_hmos/app/ame/web_engine/src/main/ets/components/WebSubWindow.ets:71:19
 'vp2px' has been deprecated.
[39m[39m
[33mWARN: [33m[33mArkTS:WARN File: /Volumes/Execute/Files/project/ame_new/archive_markdown_editor_hmos/app/ame/web_engine/src/main/ets/components/WebSubWindow.ets:72:19
 'vp2px' has been deprecated.
[39m[39m
[33mWARN: [33m[33mArkTS:WARN File: /Volumes/Execute/Files/project/ame_new/archive_markdown_editor_hmos/app/ame/web_engine/src/main/ets/components/WebEmbeddedWindow.ets:85:19
 'vp2px' has been deprecated.
[39m[39m
[33mWARN: [33m[33mArkTS:WARN File: /Volumes/Execute/Files/project/ame_new/archive_markdown_editor_hmos/app/ame/web_engine/src/main/ets/components/WebEmbeddedWindow.ets:86:19
 'vp2px' has been deprecated.
[39m[39m
[33mWARN: [33m[33mArkTS:WARN File: /Volumes/Execute/Files/project/ame_new/archive_markdown_editor_hmos/app/ame/web_engine/src/main/ets/components/WebEmbeddedWindow.ets:124:23
 Function may throw exceptions. Special handling is required.
[39m[39m
[33mWARN: [33m[33mArkTS:WARN File: /Volumes/Execute/Files/project/ame_new/archive_markdown_editor_hmos/app/ame/web_engine/src/main/ets/components/WebEmbeddedWindow.ets:159:49
 'getContext' has been deprecated.
[39m[39m
[33mWARN: [33m[33mArkTS:WARN File: /Volumes/Execute/Files/project/ame_new/archive_markdown_editor_hmos/app/ame/web_engine/src/main/ets/components/WebWindowNode.ets:73:5
 Function may throw exceptions. Special handling is required.
[39m[39m
[33mWARN: [33m[33mArkTS:WARN File: /Volumes/Execute/Files/project/ame_new/archive_markdown_editor_hmos/app/ame/web_engine/src/main/ets/components/WebWindowNode.ets:82:16
 Function may throw exceptions. Special handling is required.
[39m[39m
[33mWARN: [33m[33mArkTS:WARN File: /Volumes/Execute/Files/project/ame_new/archive_markdown_editor_hmos/app/ame/web_engine/src/main/ets/components/WebWindowNode.ets:108:49
 'getContext' has been deprecated.
[39m[39m
[33mWARN: [33m[33mArkTS:WARN File: /Volumes/Execute/Files/project/ame_new/archive_markdown_editor_hmos/app/ame/web_engine/src/main/ets/components/WebWindowNode.ets:183:19
 'vp2px' has been deprecated.
[39m[39m
[33mWARN: [33m[33mArkTS:WARN File: /Volumes/Execute/Files/project/ame_new/archive_markdown_editor_hmos/app/ame/web_engine/src/main/ets/components/WebWindowNode.ets:184:19
 'vp2px' has been deprecated.
[39m[39m
[33mWARN: [33m[33mArkTS:WARN File: /Volumes/Execute/Files/project/ame_new/archive_markdown_editor_hmos/app/ame/web_engine/src/main/ets/components/WebNodeHandleWindow.ets:102:75
 'getContext' has been deprecated.
[39m[39m
[33mWARN: [33m[33mArkTS:WARN File: /Volumes/Execute/Files/project/ame_new/archive_markdown_editor_hmos/app/ame/web_engine/src/main/ets/components/WebNodeHandleWindow.ets:120:16
 Function may throw exceptions. Special handling is required.
[39m[39m
[33mWARN: [33m[33mArkTS:WARN File: /Volumes/Execute/Files/project/ame_new/archive_markdown_editor_hmos/app/ame/web_engine/src/main/ets/components/WebNodeHandleWindow.ets:147:17
 Function may throw exceptions. Special handling is required.
[39m[39m
[33mWARN: [33m[33mArkTS:WARN File: /Volumes/Execute/Files/project/ame_new/archive_markdown_editor_hmos/app/ame/electron/src/main/ets/entryability/StatelessAbility.ets:34:7
 Function may throw exceptions. Special handling is required.
[39m[39m
[33mWARN: [33m[33mArkTS:WARN File: /Volumes/Execute/Files/project/ame_new/archive_markdown_editor_hmos/app/ame/electron/src/main/ets/entryability/StatusBarEntryAbility.ets:10:52
 The system capacity of this api 'StatusBarViewExtensionAbility' is not supported on all devices
[39m[39m
[33mWARN: [33m[33mArkTS:WARN File: /Volumes/Execute/Files/project/ame_new/archive_markdown_editor_hmos/app/ame/electron/src/main/ets/entryability/StatusBarEntryAbility.ets:17:5
 Function may throw exceptions. Special handling is required.
[39m[39m
[33mWARN: [33m[33mArkTS:WARN File: /Volumes/Execute/Files/project/ame_new/archive_markdown_editor_hmos/app/ame/electron/src/main/ets/pages/Index.ets:24:28
 'getShared' has been deprecated.
[39m[39m
[33mWARN: [33m[33mArkTS:WARN File: /Volumes/Execute/Files/project/ame_new/archive_markdown_editor_hmos/app/ame/electron/src/main/ets/pages/SubWindow.ets:7:31
 'getShared' has been deprecated.
[39m[39m
[33mWARN: [33m[33mArkTS:WARN File: /Volumes/Execute/Files/project/ame_new/archive_markdown_editor_hmos/app/ame/electron/src/main/ets/pages/EmbeddedWindow.ets:8:28
 'getShared' has been deprecated.
[39m[39m
[33mWARN: [33m[33mArkTS:WARN File: /Volumes/Execute/Files/project/ame_new/archive_markdown_editor_hmos/app/ame/electron/src/main/ets/pages/WindowNode.ets:8:28
 'getShared' has been deprecated.
[39m[39m
[33mWARN: [33m[33mArkTS:WARN File: /Volumes/Execute/Files/project/ame_new/archive_markdown_editor_hmos/app/ame/electron/src/main/ets/pages/WebPage.ets:36:18
 'back' has been deprecated.
[39m[39m
[33mWARN: [33m[33mArkTS:WARN File: /Volumes/Execute/Files/project/ame_new/archive_markdown_editor_hmos/app/ame/electron/src/main/ets/pages/WebPage.ets:80:27
 'getParams' has been deprecated.
[39m[39m
[33mWARN: [33m[33mArkTS:WARN File: /Volumes/Execute/Files/project/ame_new/archive_markdown_editor_hmos/app/ame/electron/src/main/ets/pages/WebPage.ets:88:7
 Function may throw exceptions. Special handling is required.
[39m[39m
[33mWARN: [33m[33mArkTS:WARN File: /Volumes/Execute/Files/project/ame_new/archive_markdown_editor_hmos/app/ame/electron/src/main/ets/pages/QuickLoginButtonComponent.ets:153:20
 'showToast' has been deprecated.
[39m[39m
[33mWARN: [33m[33mArkTS:WARN File: /Volumes/Execute/Files/project/ame_new/archive_markdown_editor_hmos/app/ame/electron/src/main/ets/pages/QuickLoginButtonComponent.ets:168:39
 To use this API, you need to apply for the permissions: ohos.permission.GET_NETWORK_INFO
[39m[39m
[33mWARN: [33m[33mArkTS:WARN File: /Volumes/Execute/Files/project/ame_new/archive_markdown_editor_hmos/app/ame/electron/src/main/ets/pages/QuickLoginButtonComponent.ets:178:12
 'pushUrl' has been deprecated.
[39m[39m
[33mWARN: [33m[33mArkTS:WARN File: /Volumes/Execute/Files/project/ame_new/archive_markdown_editor_hmos/app/ame/electron/src/main/ets/pages/QuickLoginButtonComponent.ets:199:21
 'show' has been deprecated.
[39m[39m
[33mWARN: [33m[33mArkTS:WARN File: /Volumes/Execute/Files/project/ame_new/archive_markdown_editor_hmos/app/ame/electron/src/main/ets/pages/QuickLoginButtonComponent.ets:257:19
 'show' has been deprecated.
[39m[39m
[33mWARN: [33m[33mArkTS:WARN File: /Volumes/Execute/Files/project/ame_new/archive_markdown_editor_hmos/app/ame/electron/src/main/ets/pages/Login.ets:9:28
 'getShared' has been deprecated.
[39m[39m
[33mWARN: [33m[33mArkTS:WARN File: /Volumes/Execute/Files/project/ame_new/archive_markdown_editor_hmos/app/ame/electron/src/main/ets/pages/NodeHandleWindow.ets:49:28
 'getShared' has been deprecated.
[39m[39m
[33mWARN: [33m[33mArkTS:WARN File: /Volumes/Execute/Files/project/ame_new/archive_markdown_editor_hmos/app/ame/electron/src/main/ets/pages/NodeHandleSubWindow.ets:32:31
 'getShared' has been deprecated.
[39m[39m

[2026-04-28T16:29:01.838] [DEBUG] debug-file - Ark compile task finished.finished time is 860620336727583
[2026-04-28T16:29:01.838] [DEBUG] debug-file - worker[4] has one work done.
[2026-04-28T16:29:01.838] [DEBUG] debug-file - default@CompileArkTS work[30] done.
[2026-04-28T16:29:01.838] [DEBUG] debug-file - A work dispatched to worker[4] failed because unable to get work from ready queue.
[2026-04-28T16:29:01.839] [INFO] debug-file - Finished :electron:default@CompileArkTS... after 596 ms 
[2026-04-28T16:29:01.839] [DEBUG] debug-file - Executing task :electron:default@GeneratePkgModuleJson
[2026-04-28T16:29:01.839] [DEBUG] debug-file - File: '/Volumes/Execute/Files/project/ame_new/archive_markdown_editor_hmos/app/ame/electron/build/default/intermediates/preload/default/preload.json' from 'preloadSoJsonPath' is not exists, just ignore.
[2026-04-28T16:29:01.839] [DEBUG] debug-file - Error occurs while handling @Input 'shouldDeduplicateHar': The "data" argument must be of type string or an instance of Buffer, TypedArray, or DataView. Received undefined
[2026-04-28T16:29:01.839] [DEBUG] debug-file - Task 'electron:default@GeneratePkgModuleJson' cost while wrapping incremental declarations: 1 ms 
[2026-04-28T16:29:01.839] [DEBUG] debug-file - electron:default@GeneratePkgModuleJson is not up-to-date, since the input file '/Volumes/Execute/Files/project/ame_new/archive_markdown_editor_hmos/app/ame/electron/build/default/intermediates/res/default/module.json' has been changed.
[2026-04-28T16:29:01.839] [DEBUG] debug-file - Incremental task electron:default@GeneratePkgModuleJson pre-execution cost: 1 ms .
[2026-04-28T16:29:01.840] [DEBUG] debug-file - electron : default@GeneratePkgModuleJson cost memory 0.2951202392578125
[2026-04-28T16:29:01.840] [DEBUG] debug-file - runTaskFromQueue task cost before running: 1 s 287 ms 
[2026-04-28T16:29:01.840] [INFO] debug-file - Finished :electron:default@GeneratePkgModuleJson... after 1 ms 
[2026-04-28T16:29:01.840] [DEBUG] debug-file - Executing task :electron:default@ProcessCompiledResources
[2026-04-28T16:29:01.840] [DEBUG] debug-file - File: '/Volumes/Execute/Files/project/ame_new/archive_markdown_editor_hmos/app/ame/electron/build/default/intermediates/preload/default/preload.json' from 'preloadSoJsonPath' is not exists, just ignore.
[2026-04-28T16:29:01.840] [DEBUG] debug-file - Task 'electron:default@ProcessCompiledResources' cost while wrapping incremental declarations: 1 ms 
[2026-04-28T16:29:01.840] [DEBUG] debug-file - electron : default@ProcessCompiledResources cost memory 0.0640106201171875
[2026-04-28T16:29:01.840] [DEBUG] debug-file - runTaskFromQueue task cost before running: 1 s 287 ms 
[2026-04-28T16:29:01.840] [INFO] debug-file - Finished :electron:default@ProcessCompiledResources... after 1 ms 
[2026-04-28T16:29:01.841] [DEBUG] debug-file - Executing task :electron:default@PackageHap
[2026-04-28T16:29:01.841] [WARN] debug-file - If obfuscation is needed, enable obfuscation settings in this build process; failing to do so may prevent future obfuscation. 
               Properly configure obfuscation rules to avoid runtime issues.
[2026-04-28T16:29:01.842] [DEBUG] debug-file - electron:default@PackageHap is not up-to-date, since the input file '/Volumes/Execute/Files/project/ame_new/archive_markdown_editor_hmos/app/ame/electron/build/default/intermediates/res/default/module.json' has been changed.
[2026-04-28T16:29:01.842] [DEBUG] debug-file - Incremental task electron:default@PackageHap pre-execution cost: 1 ms .
[2026-04-28T16:29:01.842] [DEBUG] debug-file - Use tool [/Volumes/Execute/Apps/DevEco-Studio.app/Contents/sdk/default/openharmony/toolchains/lib/app_packing_tool.jar]
 [
  'java',
  '-Dfile.encoding=utf-8',
  '-jar',
  '/Volumes/Execute/Apps/DevEco-Studio.app/Contents/sdk/default/openharmony/toolchains/lib/app_packing_tool.jar',
  '--mode',
  'hap',
  '--force',
  'true',
  '--lib-path',
  '/Volumes/Execute/Files/project/ame_new/archive_markdown_editor_hmos/app/ame/electron/build/default/intermediates/stripped_native_libs/default',
  '--json-path',
  '/Volumes/Execute/Files/project/ame_new/archive_markdown_editor_hmos/app/ame/electron/build/default/intermediates/package/default/module.json',
  '--resources-path',
  '/Volumes/Execute/Files/project/ame_new/archive_markdown_editor_hmos/app/ame/electron/build/default/intermediates/res/default/resources',
  '--index-path',
  '/Volumes/Execute/Files/project/ame_new/archive_markdown_editor_hmos/app/ame/electron/build/default/intermediates/res/default/resources.index',
  '--pack-info-path',
  '/Volumes/Execute/Files/project/ame_new/archive_markdown_editor_hmos/app/ame/electron/build/default/outputs/default/pack.info',
  '--out-path',
  '/Volumes/Execute/Files/project/ame_new/archive_markdown_editor_hmos/app/ame/electron/build/default/outputs/default/electron-default-unsigned.hap',
  '--ets-path',
  '/Volumes/Execute/Files/project/ame_new/archive_markdown_editor_hmos/app/ame/electron/build/default/intermediates/loader_out/default/ets'
]
[2026-04-28T16:29:02.222] [DEBUG] debug-file - java daemon socket received message:{"code":0,"message":"pack success"}
[2026-04-28T16:29:02.224] [DEBUG] debug-file - electron : default@PackageHap cost memory 0.5316390991210938
[2026-04-28T16:29:02.224] [DEBUG] debug-file - runTaskFromQueue task cost before running: 1 s 671 ms 
[2026-04-28T16:29:02.224] [INFO] debug-file - Finished :electron:default@PackageHap... after 383 ms 
[2026-04-28T16:29:02.225] [DEBUG] debug-file - Executing task :electron:default@PackingCheck
[2026-04-28T16:29:02.227] [DEBUG] debug-file - electron : default@PackingCheck cost memory 1.2236175537109375
[2026-04-28T16:29:02.227] [DEBUG] debug-file - runTaskFromQueue task cost before running: 1 s 674 ms 
[2026-04-28T16:29:02.227] [INFO] debug-file - Finished :electron:default@PackingCheck... after 3 ms 
[2026-04-28T16:29:02.228] [DEBUG] debug-file - Executing task :electron:default@SignHap
[2026-04-28T16:29:02.228] [DEBUG] debug-file - electron:default@SignHap is not up-to-date, since the input file '/Volumes/Execute/Files/project/ame_new/archive_markdown_editor_hmos/app/ame/electron/build/default/outputs/default/electron-default-unsigned.hap' has been changed.
[2026-04-28T16:29:02.228] [DEBUG] debug-file - Incremental task electron:default@SignHap pre-execution cost: 1 ms .
[2026-04-28T16:29:02.236] [DEBUG] debug-file - java daemon socket close code:1000 reason:close by user
[2026-04-28T16:29:02.242] [DEBUG] debug-file - java daemon socket received message:{"code":0,"message":"verify profile success"}
[2026-04-28T16:29:02.243] [DEBUG] debug-file - java daemon socket close code:1000 reason:close by user
[2026-04-28T16:29:02.798] [DEBUG] debug-file - java daemon socket received message:{"code":0,"message":"sign app success"}
[2026-04-28T16:29:02.798] [DEBUG] debug-file - electron : default@SignHap cost memory 0.468902587890625
[2026-04-28T16:29:02.798] [DEBUG] debug-file - runTaskFromQueue task cost before running: 2 s 245 ms 
[2026-04-28T16:29:02.798] [INFO] debug-file - Finished :electron:default@SignHap... after 570 ms 
[2026-04-28T16:29:02.798] [DEBUG] debug-file - Executing task :electron:default@CollectDebugSymbol
[2026-04-28T16:29:02.799] [DEBUG] debug-file - electron:default@CollectDebugSymbol is not up-to-date, since the input file '/Volumes/Execute/Files/project/ame_new/archive_markdown_editor_hmos/app/ame/electron/build/default/cache/default/default@CompileArkTS/esmodule/release/sourceMaps.map' has been changed.
[2026-04-28T16:29:02.799] [DEBUG] debug-file - Incremental task electron:default@CollectDebugSymbol pre-execution cost: 1 ms .
[2026-04-28T16:29:02.799] [DEBUG] debug-file - nameCache.json for module electron does not exists
[2026-04-28T16:29:02.799] [DEBUG] debug-file - electron : default@CollectDebugSymbol cost memory 0.2306060791015625
[2026-04-28T16:29:02.799] [DEBUG] debug-file - runTaskFromQueue task cost before running: 2 s 246 ms 
[2026-04-28T16:29:02.799] [INFO] debug-file - Finished :electron:default@CollectDebugSymbol... after 1 ms 
[2026-04-28T16:29:02.799] [DEBUG] debug-file - Executing task :electron:assembleHap
[2026-04-28T16:29:02.799] [DEBUG] debug-file - electron : assembleHap cost memory 0.0155029296875
[2026-04-28T16:29:02.800] [DEBUG] debug-file - runTaskFromQueue task cost before running: 2 s 247 ms 
[2026-04-28T16:29:02.800] [INFO] debug-file - Finished :electron:assembleHap... after 1 ms 
[2026-04-28T16:29:02.800] [INFO] debug-file - BUILD SUCCESSFUL in 2 s 247 ms 
[2026-04-28T16:29:02.800] [DEBUG] debug-file - There is no need to refresh cache, since the incremental task electron:default@PreBuild is up-to-date.
[2026-04-28T16:29:02.800] [DEBUG] debug-file - There is no need to refresh cache, since the incremental task web_engine:default@PreBuild is up-to-date.
[2026-04-28T16:29:02.800] [DEBUG] debug-file - Update task electron:default@CreateModuleInfo output file:/Volumes/Execute/Files/project/ame_new/archive_markdown_editor_hmos/app/ame/electron/build/default/generated/profile/default/ModuleInfo.ts cache.
[2026-04-28T16:29:02.800] [DEBUG] debug-file - Incremental task electron:default@CreateModuleInfo post-execution cost:1 ms .
[2026-04-28T16:29:02.800] [DEBUG] debug-file - There is no need to refresh cache, since the incremental task electron:default@GenerateMetadata is up-to-date.
[2026-04-28T16:29:02.800] [DEBUG] debug-file - Update task electron:default@GeneratePkgContextInfo output file:/Volumes/Execute/Files/project/ame_new/archive_markdown_editor_hmos/app/ame/electron/build/default/intermediates/loader/default/pkgContextInfo.json cache.
[2026-04-28T16:29:02.800] [DEBUG] debug-file - Incremental task electron:default@GeneratePkgContextInfo post-execution cost:1 ms .
[2026-04-28T16:29:02.800] [DEBUG] debug-file - Update task electron:default@ProcessIntegratedHsp output file:/Volumes/Execute/Files/project/ame_new/archive_markdown_editor_hmos/app/ame/build/cache/default/integrated_hsp/integratedHspCache.json cache.
[2026-04-28T16:29:02.801] [DEBUG] debug-file - Incremental task electron:default@ProcessIntegratedHsp post-execution cost:1 ms .
[2026-04-28T16:29:02.801] [DEBUG] debug-file - There is no need to refresh cache, since the incremental task web_engine:default@CreateHarBuildProfile is up-to-date.
[2026-04-28T16:29:02.801] [DEBUG] debug-file - There is no need to refresh cache, since the incremental task web_engine:default@MergeProfile is up-to-date.
[2026-04-28T16:29:02.801] [DEBUG] debug-file - Update task electron:default@SyscapTransform input file:/Volumes/Execute/Apps/DevEco-Studio.app/Contents/sdk/default/openharmony/toolchains/syscap_tool cache by regenerate.
[2026-04-28T16:29:02.801] [DEBUG] debug-file - Update task electron:default@SyscapTransform input file:/Volumes/Execute/Apps/DevEco-Studio.app/Contents/sdk/default/openharmony/ets/api/device-define cache by regenerate.
[2026-04-28T16:29:02.801] [DEBUG] debug-file - Update task electron:default@SyscapTransform output file:/Volumes/Execute/Files/project/ame_new/archive_markdown_editor_hmos/app/ame/electron/build/default/intermediates/syscap/default/rpcid.sc cache.
[2026-04-28T16:29:02.801] [DEBUG] debug-file - Incremental task electron:default@SyscapTransform post-execution cost:1 ms .
[2026-04-28T16:29:02.801] [DEBUG] debug-file - There is no need to refresh cache, since the incremental task electron:default@ProcessRouterMap is up-to-date.
[2026-04-28T16:29:02.801] [DEBUG] debug-file - There is no need to refresh cache, since the incremental task electron:default@ProcessShareConfig is up-to-date.
[2026-04-28T16:29:02.801] [DEBUG] debug-file - Update task electron:default@ProcessStartupConfig output file:/Volumes/Execute/Files/project/ame_new/archive_markdown_editor_hmos/app/ame/electron/build/default/intermediates/startup/default/startup_config.json cache.
[2026-04-28T16:29:02.801] [DEBUG] debug-file - Incremental task electron:default@ProcessStartupConfig post-execution cost:1 ms .
[2026-04-28T16:29:02.801] [DEBUG] debug-file - There is no need to refresh cache, since the incremental task electron:default@CreateBuildProfile is up-to-date.
[2026-04-28T16:29:02.801] [DEBUG] debug-file - There is no need to refresh cache, since the incremental task electron:default@MergeProfile is up-to-date.
[2026-04-28T16:29:02.801] [DEBUG] debug-file - There is no need to refresh cache, since the incremental task electron:default@GenerateLoaderJson is up-to-date.
[2026-04-28T16:29:02.801] [DEBUG] debug-file - There is no need to refresh cache, since the incremental task electron:default@MakePackInfo is up-to-date.
[2026-04-28T16:29:02.801] [DEBUG] debug-file - There is no need to refresh cache, since the incremental task electron:default@ProcessProfile is up-to-date.
[2026-04-28T16:29:02.801] [DEBUG] debug-file - There is no need to refresh cache, since the incremental task web_engine:default@ProcessLibs is up-to-date.
[2026-04-28T16:29:02.801] [DEBUG] debug-file - There is no need to refresh cache, since the incremental task electron:default@ProcessResource is up-to-date.
[2026-04-28T16:29:02.801] [DEBUG] debug-file - There is no need to refresh cache, since the incremental task web_engine:default@DoNativeStrip is up-to-date.
[2026-04-28T16:29:02.801] [DEBUG] debug-file - Update task electron:default@CompileResource input file:/Volumes/Execute/Files/project/ame_new/archive_markdown_editor_hmos/app/ame/electron/src/main/resources cache by regenerate.
[2026-04-28T16:29:02.801] [DEBUG] debug-file - Update task electron:default@CompileResource input file:/Volumes/Execute/Files/project/ame_new/archive_markdown_editor_hmos/app/ame/web_engine/src/main/resources cache from map.
[2026-04-28T16:29:02.801] [DEBUG] debug-file - Update task electron:default@CompileResource input file:/Volumes/Execute/Files/project/ame_new/archive_markdown_editor_hmos/app/ame/AppScope/resources cache by regenerate.
[2026-04-28T16:29:02.802] [DEBUG] debug-file - Update task electron:default@CompileResource input file:/Volumes/Execute/Files/project/ame_new/archive_markdown_editor_hmos/app/ame/electron/build/default/intermediates/process_profile/default/module.json cache by regenerate.
[2026-04-28T16:29:02.802] [DEBUG] debug-file - Update task electron:default@CompileResource input file:/Volumes/Execute/Files/project/ame_new/archive_markdown_editor_hmos/app/ame/electron/build/default/intermediates/res/default/resConfig.json cache by regenerate.
[2026-04-28T16:29:02.802] [DEBUG] debug-file - Update task electron:default@CompileResource output file:/Volumes/Execute/Files/project/ame_new/archive_markdown_editor_hmos/app/ame/electron/build/default/intermediates/res/default cache.
[2026-04-28T16:29:02.807] [DEBUG] debug-file - Update task electron:default@CompileResource output file:/Volumes/Execute/Files/project/ame_new/archive_markdown_editor_hmos/app/ame/electron/build/default/generated/r/default/ResourceTable.h cache.
[2026-04-28T16:29:02.807] [DEBUG] debug-file - Update task electron:default@CompileResource output file:/Volumes/Execute/Files/project/ame_new/archive_markdown_editor_hmos/app/ame/electron/build/default/generated/r/default cache.
[2026-04-28T16:29:02.807] [DEBUG] debug-file - Incremental task electron:default@CompileResource post-execution cost:7 ms .
[2026-04-28T16:29:02.807] [DEBUG] debug-file - Update task electron:default@CompileArkTS input file:/Volumes/Execute/Files/project/ame_new/archive_markdown_editor_hmos/app/ame/electron/build/default/intermediates/loader/default cache by regenerate.
[2026-04-28T16:29:02.807] [DEBUG] debug-file - Update task electron:default@CompileArkTS input file:/Volumes/Execute/Files/project/ame_new/archive_markdown_editor_hmos/app/ame/web_engine/Index.ets cache by regenerate.
[2026-04-28T16:29:02.807] [DEBUG] debug-file - Update task electron:default@CompileArkTS input file:/Volumes/Execute/Files/project/ame_new/archive_markdown_editor_hmos/app/ame/web_engine/src/main/ets cache by regenerate.
[2026-04-28T16:29:02.809] [DEBUG] debug-file - Update task electron:default@CompileArkTS input file:/Volumes/Execute/Files/project/ame_new/archive_markdown_editor_hmos/app/ame/electron/build/default/intermediates/res/default/resources/rawfile cache by regenerate.
[2026-04-28T16:29:02.809] [DEBUG] debug-file - Update task electron:default@CompileArkTS input file:/Volumes/Execute/Files/project/ame_new/archive_markdown_editor_hmos/app/ame/electron/build/default/intermediates/res/default/ResourceTable.txt cache from map.
[2026-04-28T16:29:02.809] [DEBUG] debug-file - Update task electron:default@CompileArkTS input file:/Volumes/Execute/Files/project/ame_new/archive_markdown_editor_hmos/app/ame/electron/build/default/intermediates/res/default/ark_module.json cache by regenerate.
[2026-04-28T16:29:02.809] [DEBUG] debug-file - Update task electron:default@CompileArkTS input file:/Volumes/Execute/Files/project/ame_new/archive_markdown_editor_hmos/app/ame/electron/build/default/intermediates/res/default/resources/base/profile cache by regenerate.
[2026-04-28T16:29:02.809] [DEBUG] debug-file - Update task electron:default@CompileArkTS input file:/Volumes/Execute/Files/project/ame_new/archive_markdown_editor_hmos/app/ame/electron/src/main/ets cache by regenerate.
[2026-04-28T16:29:02.810] [DEBUG] debug-file - Update task electron:default@CompileArkTS input file:/Volumes/Execute/Files/project/ame_new/archive_markdown_editor_hmos/app/ame/electron/build/default/generated/profile/default/BuildProfile.ets cache by regenerate.
[2026-04-28T16:29:02.810] [DEBUG] debug-file - Update task electron:default@CompileArkTS input file:/Volumes/Execute/Files/project/ame_new/archive_markdown_editor_hmos/app/ame/web_engine/src/main/cpp/types cache by regenerate.
[2026-04-28T16:29:02.810] [DEBUG] debug-file - Update task electron:default@CompileArkTS input file:/Volumes/Execute/Files/project/ame_new/archive_markdown_editor_hmos/app/ame/web_engine/BuildProfile.ets cache by regenerate.
[2026-04-28T16:29:02.810] [DEBUG] debug-file - Update task electron:default@CompileArkTS output file:/Volumes/Execute/Files/project/ame_new/archive_markdown_editor_hmos/app/ame/electron/build/default/intermediates/loader_out/default/ets cache.
[2026-04-28T16:29:02.810] [DEBUG] debug-file - Incremental task electron:default@CompileArkTS post-execution cost:3 ms .
[2026-04-28T16:29:02.810] [DEBUG] debug-file - Update task electron:default@BuildJS input file:/Volumes/Execute/Files/project/ame_new/archive_markdown_editor_hmos/app/ame/electron/build/default/intermediates/loader/default cache by regenerate.
[2026-04-28T16:29:02.810] [DEBUG] debug-file - Update task electron:default@BuildJS input file:/Volumes/Execute/Files/project/ame_new/archive_markdown_editor_hmos/app/ame/web_engine/Index.ets cache by regenerate.
[2026-04-28T16:29:02.810] [DEBUG] debug-file - Update task electron:default@BuildJS input file:/Volumes/Execute/Files/project/ame_new/archive_markdown_editor_hmos/app/ame/electron/build/default/intermediates/res/default/resources/rawfile cache by regenerate.
[2026-04-28T16:29:02.810] [DEBUG] debug-file - Update task electron:default@BuildJS input file:/Volumes/Execute/Files/project/ame_new/archive_markdown_editor_hmos/app/ame/electron/build/default/intermediates/res/default/ResourceTable.txt cache by regenerate.
[2026-04-28T16:29:02.810] [DEBUG] debug-file - Update task electron:default@BuildJS input file:/Volumes/Execute/Files/project/ame_new/archive_markdown_editor_hmos/app/ame/electron/build/default/intermediates/res/default/ark_module.json cache by regenerate.
[2026-04-28T16:29:02.810] [DEBUG] debug-file - Update task electron:default@BuildJS input file:/Volumes/Execute/Files/project/ame_new/archive_markdown_editor_hmos/app/ame/electron/build/default/intermediates/res/default/resources/base/profile cache by regenerate.
[2026-04-28T16:29:02.810] [DEBUG] debug-file - Update task electron:default@BuildJS output file:/Volumes/Execute/Files/project/ame_new/archive_markdown_editor_hmos/app/ame/electron/build/default/intermediates/loader_out/default/js cache.
[2026-04-28T16:29:02.810] [DEBUG] debug-file - Incremental task electron:default@BuildJS post-execution cost:1 ms .
[2026-04-28T16:29:02.810] [DEBUG] debug-file - There is no need to refresh cache, since the incremental task electron:default@ProcessLibs is up-to-date.
[2026-04-28T16:29:02.810] [DEBUG] debug-file - There is no need to refresh cache, since the incremental task electron:default@DoNativeStrip is up-to-date.
[2026-04-28T16:29:02.810] [DEBUG] debug-file - There is no need to refresh cache, since the incremental task electron:default@CacheNativeLibs is up-to-date.
[2026-04-28T16:29:02.810] [DEBUG] debug-file - Update task electron:default@GeneratePkgModuleJson input file:/Volumes/Execute/Files/project/ame_new/archive_markdown_editor_hmos/app/ame/electron/build/default/intermediates/res/default/module.json cache from map.
[2026-04-28T16:29:02.810] [DEBUG] debug-file - Update task electron:default@GeneratePkgModuleJson output file:/Volumes/Execute/Files/project/ame_new/archive_markdown_editor_hmos/app/ame/electron/build/default/intermediates/package/default/module.json cache.
[2026-04-28T16:29:02.810] [DEBUG] debug-file - Incremental task electron:default@GeneratePkgModuleJson post-execution cost:1 ms .
[2026-04-28T16:29:02.810] [DEBUG] debug-file - Incremental task electron:default@ProcessCompiledResources post-execution cost:1 ms .
[2026-04-28T16:29:02.810] [DEBUG] debug-file - Update task electron:default@PackageHap input file:/Volumes/Execute/Files/project/ame_new/archive_markdown_editor_hmos/app/ame/electron/build/default/intermediates/stripped_native_libs/default cache by regenerate.
[2026-04-28T16:29:02.810] [DEBUG] debug-file - Update task electron:default@PackageHap input file:/Volumes/Execute/Files/project/ame_new/archive_markdown_editor_hmos/app/ame/electron/build/default/intermediates/res/default/module.json cache from map.
[2026-04-28T16:29:02.810] [DEBUG] debug-file - Update task electron:default@PackageHap input file:/Volumes/Execute/Files/project/ame_new/archive_markdown_editor_hmos/app/ame/electron/build/default/intermediates/res/default/resources cache by regenerate.
[2026-04-28T16:29:02.814] [DEBUG] debug-file - Update task electron:default@PackageHap input file:/Volumes/Execute/Files/project/ame_new/archive_markdown_editor_hmos/app/ame/electron/build/default/intermediates/res/default/resources.index cache by regenerate.
[2026-04-28T16:29:02.814] [DEBUG] debug-file - Update task electron:default@PackageHap input file:/Volumes/Execute/Files/project/ame_new/archive_markdown_editor_hmos/app/ame/electron/build/default/outputs/default/pack.info cache by regenerate.
[2026-04-28T16:29:02.814] [DEBUG] debug-file - Update task electron:default@PackageHap input file:/Volumes/Execute/Files/project/ame_new/archive_markdown_editor_hmos/app/ame/electron/build/default/intermediates/loader_out/default/ets cache by regenerate.
[2026-04-28T16:29:02.814] [DEBUG] debug-file - Update task electron:default@PackageHap input file:/Volumes/Execute/Files/project/ame_new/archive_markdown_editor_hmos/app/ame/electron/build/default/cache/default/default@CompileArkTS/esmodule/release/sourceMaps.map cache by regenerate.
[2026-04-28T16:29:02.814] [DEBUG] debug-file - Update task electron:default@PackageHap input file:/Volumes/Execute/Files/project/ame_new/archive_markdown_editor_hmos/app/ame/electron/build/default/generated/profile/default/BuildProfile.ets cache by regenerate.
[2026-04-28T16:29:02.814] [DEBUG] debug-file - Update task electron:default@PackageHap output file:/Volumes/Execute/Files/project/ame_new/archive_markdown_editor_hmos/app/ame/electron/build/default/outputs/default/electron-default-unsigned.hap cache.
[2026-04-28T16:29:02.814] [DEBUG] debug-file - Update task electron:default@PackageHap output file:/Volumes/Execute/Files/project/ame_new/archive_markdown_editor_hmos/app/ame/electron/build/default/intermediates/source_map/default/sourceMaps.map cache.
[2026-04-28T16:29:02.814] [DEBUG] debug-file - Update task electron:default@PackageHap output file:/Volumes/Execute/Files/project/ame_new/archive_markdown_editor_hmos/app/ame/electron/build/default/outputs/default/mapping/sourceMaps.map cache.
[2026-04-28T16:29:02.814] [DEBUG] debug-file - Incremental task electron:default@PackageHap post-execution cost:4 ms .
[2026-04-28T16:29:02.814] [DEBUG] debug-file - Update task electron:default@SignHap input file:/Volumes/Execute/Files/project/ame_new/HarmonyOS-AME-Cert/debug-cert/AME-debug.cer cache by regenerate.
[2026-04-28T16:29:02.814] [DEBUG] debug-file - Update task electron:default@SignHap input file:/Volumes/Execute/Files/project/ame_new/HarmonyOS-AME-Cert/debug-cert/ame-ss-debugDebug.p7b cache by regenerate.
[2026-04-28T16:29:02.814] [DEBUG] debug-file - Update task electron:default@SignHap input file:/Volumes/Execute/Files/project/ame_new/HarmonyOS-AME-Cert/debug-cert/ame-debug.p12 cache by regenerate.
[2026-04-28T16:29:02.814] [DEBUG] debug-file - Update task electron:default@SignHap input file:/Volumes/Execute/Files/project/ame_new/archive_markdown_editor_hmos/app/ame/electron/build/default/outputs/default/electron-default-unsigned.hap cache from map.
[2026-04-28T16:29:02.814] [DEBUG] debug-file - Update task electron:default@SignHap output file:/Volumes/Execute/Files/project/ame_new/archive_markdown_editor_hmos/app/ame/electron/build/default/outputs/default/electron-default-signed.hap cache.
[2026-04-28T16:29:02.814] [DEBUG] debug-file - Incremental task electron:default@SignHap post-execution cost:1 ms .
[2026-04-28T16:29:02.814] [DEBUG] debug-file - Update task electron:default@CollectDebugSymbol input file:/Volumes/Execute/Files/project/ame_new/archive_markdown_editor_hmos/app/ame/electron/build/default/cache/default/default@CompileArkTS/esmodule/release/sourceMaps.map cache from map.
[2026-04-28T16:29:02.814] [DEBUG] debug-file - Update task electron:default@CollectDebugSymbol input file:/Volumes/Execute/Files/project/ame_new/archive_markdown_editor_hmos/app/ame/electron/build/default/intermediates/libs/default cache by regenerate.
[2026-04-28T16:29:02.814] [DEBUG] debug-file - Update task electron:default@CollectDebugSymbol output file:/Volumes/Execute/Files/project/ame_new/archive_markdown_editor_hmos/app/ame/electron/build/default/outputs/default/symbol cache.
[2026-04-28T16:29:02.815] [DEBUG] debug-file - Incremental task electron:default@CollectDebugSymbol post-execution cost:1 ms .
[2026-04-28T16:29:02.825] [DEBUG] debug-file - Cleanup worker 8.
[2026-04-28T16:29:02.825] [DEBUG] debug-file - Worker 8 has been cleaned up.
[2026-04-28T16:29:02.825] [DEBUG] debug-file - Current idle worker size: 1.
[2026-04-28T16:29:02.825] [DEBUG] debug-file - Current resident worker size: 2.
[2026-04-28T16:29:02.826] [DEBUG] debug-file - hvigor build process will be closed.
[2026-04-28T16:29:02.826] [DEBUG] debug-file - java daemon socket close code:1000 reason:close by user
[2026-04-28T16:29:02.829] [DEBUG] debug-file - session manager: send message to worker process.
[2026-04-28T16:29:02.829] [DEBUG] debug-file - session manager: send message to worker process.
[2026-04-28T16:29:02.829] [DEBUG] debug-file - watch worker: worker id should be larger than 0. Nothing will be sent to any worker thread.
[2026-04-28T16:29:02.829] [DEBUG] debug-file - watch worker: worker id should be larger than 0. Nothing will be sent to any worker thread.
[2026-04-28T16:29:02.830] [DEBUG] debug-file - worker[8] exits with exit code 1.
[2026-04-28T16:33:51.661] [DEBUG] debug-file - session manager: set active socket. socketId=SsUIilz4_uXXg5ZiAAAl
[2026-04-28T16:33:51.664] [DEBUG] debug-file - watch worker: worker id should be larger than 0. Nothing will be sent to any worker thread.
[2026-04-28T16:33:51.671] [DEBUG] debug-file - Workers' log level updated to INFO
[2026-04-28T16:33:51.674] [DEBUG] debug-file - Hvigor init with startParameters:{
  hvigorfileTypeCheck: false,
  parallelExecution: true,
  incrementalExecution: true,
  printStackTrace: false,
  daemon: true,
  analyze: 0,
  logLevel: Level { level: 20000, levelStr: 'INFO', colour: 'green' },
  optimizationStrategy: 'memory',
  hotCompile: undefined,
  hotReloadBuild: undefined,
  customizedParam: undefined
}
[2026-04-28T16:33:51.694] [DEBUG] debug-file - Cache service initialization finished in 20 ms 
[2026-04-28T16:33:51.696] [DEBUG] debug-file - hvigorfile, resolving /Volumes/Execute/Files/project/ame_new/archive_markdown_editor_hmos/app/ame/hvigorfile.ts
[2026-04-28T16:33:51.709] [DEBUG] debug-file - hvigorfile, require result:  { default: { plugins: [] } }
[2026-04-28T16:33:51.709] [DEBUG] debug-file - hvigorfile, binding system plugins null
[2026-04-28T16:33:51.709] [DEBUG] debug-file - Starting plugin build process
[2026-04-28T16:33:51.709] [DEBUG] debug-file - App plugin prepare start...
[2026-04-28T16:33:51.709] [DEBUG] debug-file - App plugin prepare end...
[2026-04-28T16:33:51.709] [DEBUG] debug-file - App plugin creating...
[2026-04-28T16:33:51.716] [DEBUG] debug-file - App plugin register hook start...
[2026-04-28T16:33:51.717] [DEBUG] debug-file - App plugin register hook end...
[2026-04-28T16:33:51.717] [DEBUG] debug-file - Plugin build process completed
[2026-04-28T16:33:51.717] [DEBUG] debug-file - Start initialize project's product build option map with build mode debug.
[2026-04-28T16:33:51.717] [DEBUG] debug-file - Picking option from product 'default' with build mode 'debug'.
[2026-04-28T16:33:51.717] [DEBUG] debug-file - Product 'default' build option initialized
[2026-04-28T16:33:51.717] [DEBUG] debug-file - End initialize project's product build option map with build mode 'debug'.
[2026-04-28T16:33:51.718] [DEBUG] debug-file - Obtain build option for product 'default'in this build.
[2026-04-28T16:33:51.719] [DEBUG] debug-file - /Volumes/Execute/Files/project/ame_new/archive_markdown_editor_hmos/app/ame/build/cache/default/remote_hsp/remoteHspCache.json not exists.
[2026-04-28T16:33:51.720] [DEBUG] debug-file - Start recording SDK configuration permission data.
[2026-04-28T16:33:51.732] [DEBUG] debug-file - Sdk init in 13 ms 
[2026-04-28T16:33:51.733] [DEBUG] debug-file - Project task initialization takes 2 ms 
[2026-04-28T16:33:51.733] [DEBUG] debug-file - hvigorfile, binding custom plugins []
[2026-04-28T16:33:51.733] [DEBUG] debug-file - hvigorfile, no custom plugins were found in /Volumes/Execute/Files/project/ame_new/archive_markdown_editor_hmos/app/ame/hvigorfile.ts
[2026-04-28T16:33:51.733] [DEBUG] debug-file - hvigorfile, resolve finished /Volumes/Execute/Files/project/ame_new/archive_markdown_editor_hmos/app/ame/hvigorfile.ts
[2026-04-28T16:33:51.733] [DEBUG] debug-file - hvigorfile, resolving /Volumes/Execute/Files/project/ame_new/archive_markdown_editor_hmos/app/ame/electron/hvigorfile.ts
[2026-04-28T16:33:51.735] [DEBUG] debug-file - hvigorfile, require result:  { default: { plugins: [] } }
[2026-04-28T16:33:51.735] [DEBUG] debug-file - hvigorfile, binding system plugins null
[2026-04-28T16:33:51.735] [DEBUG] debug-file - Starting plugin build process
[2026-04-28T16:33:51.735] [DEBUG] debug-file - Hap plugin creating...
[2026-04-28T16:33:51.735] [DEBUG] debug-file - failed to load cangjie to dynamically generate schemas: Error: Cannot find module '@ohos/cangjie-build-support/index'
Require stack:
- /Volumes/Execute/Apps/DevEco-Studio.app/Contents/tools/hvigor/hvigor-ohos-plugin/src/plugin/hooks/cangjie-register.js
- /Volumes/Execute/Apps/DevEco-Studio.app/Contents/tools/hvigor/hvigor-ohos-plugin/src/plugin/strategy/stage-init-strategy.js
- /Volumes/Execute/Apps/DevEco-Studio.app/Contents/tools/hvigor/hvigor-ohos-plugin/src/plugin/builder/abstract-plugin-builder.js
- /Volumes/Execute/Apps/DevEco-Studio.app/Contents/tools/hvigor/hvigor-ohos-plugin/src/plugin/builder/app-plugin-builder.js
- /Volumes/Execute/Apps/DevEco-Studio.app/Contents/tools/hvigor/hvigor-ohos-plugin/src/plugin/factory/plugin-factory.js
- /Volumes/Execute/Apps/DevEco-Studio.app/Contents/tools/hvigor/hvigor-ohos-plugin/index.js
- /Volumes/Execute/Files/project/ame_new/archive_markdown_editor_hmos/app/ame/hvigorfile.ts
- /Volumes/Execute/Apps/DevEco-Studio.app/Contents/tools/hvigor/hvigor/src/base/internal/lifecycle/configuration.js
- /Volumes/Execute/Apps/DevEco-Studio.app/Contents/tools/hvigor/hvigor/src/base/boot/index.js
- /Volumes/Execute/Apps/DevEco-Studio.app/Contents/tools/hvigor/hvigor/src/base/daemon/cluster/worker-process-lifecycle.js
- /Volumes/Execute/Apps/DevEco-Studio.app/Contents/tools/hvigor/hvigor/src/base/daemon/process/daemon-process-boot-script.js
[2026-04-28T16:33:51.738] [DEBUG] debug-file - Start initialize module-target build option map, moduleName=electron, buildMode=debug
[2026-04-28T16:33:51.738] [DEBUG] debug-file - Target 'default' config initialized
[2026-04-28T16:33:51.738] [DEBUG] debug-file - Target 'ohosTest' config initialized
[2026-04-28T16:33:51.738] [DEBUG] debug-file - Module 'electron' target 'default' build option initialized
[2026-04-28T16:33:51.738] [DEBUG] debug-file - Module 'electron' target 'ohosTest' build option initialized
[2026-04-28T16:33:51.738] [DEBUG] debug-file - End initialize module-target build option map, moduleName=electron
[2026-04-28T16:33:51.738] [DEBUG] debug-file - Start initialize module-target build option map, moduleName=electron, buildMode=release
[2026-04-28T16:33:51.738] [DEBUG] debug-file - Target 'default' config initialized
[2026-04-28T16:33:51.738] [DEBUG] debug-file - Target 'ohosTest' config initialized
[2026-04-28T16:33:51.738] [DEBUG] debug-file - Module 'electron' target 'default' build option initialized
[2026-04-28T16:33:51.738] [DEBUG] debug-file - Module 'electron' target 'ohosTest' build option initialized
[2026-04-28T16:33:51.738] [DEBUG] debug-file - End initialize module-target build option map, moduleName=electron
[2026-04-28T16:33:51.738] [DEBUG] debug-file - Start initialize module-target build option map, moduleName=electron, buildMode=debug
[2026-04-28T16:33:51.738] [DEBUG] debug-file - Target 'default' config initialized
[2026-04-28T16:33:51.738] [DEBUG] debug-file - Target 'ohosTest' config initialized
[2026-04-28T16:33:51.738] [DEBUG] debug-file - Module 'electron' target 'default' build option initialized
[2026-04-28T16:33:51.738] [DEBUG] debug-file - Module 'electron' target 'ohosTest' build option initialized
[2026-04-28T16:33:51.738] [DEBUG] debug-file - End initialize module-target build option map, moduleName=electron
[2026-04-28T16:33:51.738] [DEBUG] debug-file - Obtain build option for module 'electron' target 'default'in this build.
[2026-04-28T16:33:51.740] [DEBUG] debug-file - Module electron task initialization takes 2 ms 
[2026-04-28T16:33:51.740] [DEBUG] debug-file - Hap plugin register hook start...
[2026-04-28T16:33:51.740] [DEBUG] debug-file - Hap plugin register hook end...
[2026-04-28T16:33:51.740] [DEBUG] debug-file - Plugin build process completed
[2026-04-28T16:33:51.740] [DEBUG] debug-file - hvigorfile, binding custom plugins []
[2026-04-28T16:33:51.740] [DEBUG] debug-file - hvigorfile, no custom plugins were found in /Volumes/Execute/Files/project/ame_new/archive_markdown_editor_hmos/app/ame/electron/hvigorfile.ts
[2026-04-28T16:33:51.740] [DEBUG] debug-file - hvigorfile, resolve finished /Volumes/Execute/Files/project/ame_new/archive_markdown_editor_hmos/app/ame/electron/hvigorfile.ts
[2026-04-28T16:33:51.740] [DEBUG] debug-file - hvigorfile, resolving /Volumes/Execute/Files/project/ame_new/archive_markdown_editor_hmos/app/ame/web_engine/hvigorfile.ts
[2026-04-28T16:33:51.742] [DEBUG] debug-file - hvigorfile, require result:  { default: { plugins: [] } }
[2026-04-28T16:33:51.742] [DEBUG] debug-file - hvigorfile, binding system plugins null
[2026-04-28T16:33:51.742] [DEBUG] debug-file - Starting plugin build process
[2026-04-28T16:33:51.742] [DEBUG] debug-file - Har plugin creating...
[2026-04-28T16:33:51.742] [DEBUG] debug-file - failed to load cangjie to dynamically generate schemas: Error: Cannot find module '@ohos/cangjie-build-support/index'
Require stack:
- /Volumes/Execute/Apps/DevEco-Studio.app/Contents/tools/hvigor/hvigor-ohos-plugin/src/plugin/hooks/cangjie-register.js
- /Volumes/Execute/Apps/DevEco-Studio.app/Contents/tools/hvigor/hvigor-ohos-plugin/src/plugin/strategy/stage-init-strategy.js
- /Volumes/Execute/Apps/DevEco-Studio.app/Contents/tools/hvigor/hvigor-ohos-plugin/src/plugin/builder/abstract-plugin-builder.js
- /Volumes/Execute/Apps/DevEco-Studio.app/Contents/tools/hvigor/hvigor-ohos-plugin/src/plugin/builder/app-plugin-builder.js
- /Volumes/Execute/Apps/DevEco-Studio.app/Contents/tools/hvigor/hvigor-ohos-plugin/src/plugin/factory/plugin-factory.js
- /Volumes/Execute/Apps/DevEco-Studio.app/Contents/tools/hvigor/hvigor-ohos-plugin/index.js
- /Volumes/Execute/Files/project/ame_new/archive_markdown_editor_hmos/app/ame/hvigorfile.ts
- /Volumes/Execute/Apps/DevEco-Studio.app/Contents/tools/hvigor/hvigor/src/base/internal/lifecycle/configuration.js
- /Volumes/Execute/Apps/DevEco-Studio.app/Contents/tools/hvigor/hvigor/src/base/boot/index.js
- /Volumes/Execute/Apps/DevEco-Studio.app/Contents/tools/hvigor/hvigor/src/base/daemon/cluster/worker-process-lifecycle.js
- /Volumes/Execute/Apps/DevEco-Studio.app/Contents/tools/hvigor/hvigor/src/base/daemon/process/daemon-process-boot-script.js
[2026-04-28T16:33:51.743] [DEBUG] debug-file - Start initialize module-target build option map, moduleName=web_engine, buildMode=debug
[2026-04-28T16:33:51.743] [DEBUG] debug-file - Target 'default' config initialized
[2026-04-28T16:33:51.743] [DEBUG] debug-file - Module 'web_engine' target 'default' build option initialized
[2026-04-28T16:33:51.743] [DEBUG] debug-file - End initialize module-target build option map, moduleName=web_engine
[2026-04-28T16:33:51.743] [DEBUG] debug-file - Start initialize module-target build option map, moduleName=web_engine, buildMode=release
[2026-04-28T16:33:51.743] [DEBUG] debug-file - Target 'default' config initialized
[2026-04-28T16:33:51.744] [DEBUG] debug-file - Module 'web_engine' target 'default' build option initialized
[2026-04-28T16:33:51.744] [DEBUG] debug-file - End initialize module-target build option map, moduleName=web_engine
[2026-04-28T16:33:51.744] [DEBUG] debug-file - Start initialize module-target build option map, moduleName=web_engine, buildMode=debug
[2026-04-28T16:33:51.744] [DEBUG] debug-file - Target 'default' config initialized
[2026-04-28T16:33:51.744] [DEBUG] debug-file - Module 'web_engine' target 'default' build option initialized
[2026-04-28T16:33:51.744] [DEBUG] debug-file - End initialize module-target build option map, moduleName=web_engine
[2026-04-28T16:33:51.744] [DEBUG] debug-file - Obtain build option for module 'web_engine' target 'default'in this build.
[2026-04-28T16:33:51.744] [DEBUG] debug-file - Module web_engine task initialization takes 1 ms 
[2026-04-28T16:33:51.744] [DEBUG] debug-file - Har plugin register hook start...
[2026-04-28T16:33:51.744] [DEBUG] debug-file - Har plugin register hook end...
[2026-04-28T16:33:51.744] [DEBUG] debug-file - Plugin build process completed
[2026-04-28T16:33:51.744] [DEBUG] debug-file - hvigorfile, binding custom plugins []
[2026-04-28T16:33:51.744] [DEBUG] debug-file - hvigorfile, no custom plugins were found in /Volumes/Execute/Files/project/ame_new/archive_markdown_editor_hmos/app/ame/web_engine/hvigorfile.ts
[2026-04-28T16:33:51.744] [DEBUG] debug-file - hvigorfile, resolve finished /Volumes/Execute/Files/project/ame_new/archive_markdown_editor_hmos/app/ame/web_engine/hvigorfile.ts
[2026-04-28T16:33:51.777] [DEBUG] debug-file - hvigorfile, resolve hvigorfile dependencies in 33 ms 
[2026-04-28T16:33:51.777] [DEBUG] debug-file - project has submodules:electron,web_engine
[2026-04-28T16:33:51.777] [DEBUG] debug-file - module:web_engine no need to execute packageHap
[2026-04-28T16:33:51.778] [DEBUG] debug-file - Start to initialize dependency information.
[2026-04-28T16:33:51.778] [DEBUG] debug-file - Module ame Collected Dependency: 
[2026-04-28T16:33:51.778] [DEBUG] debug-file - Module ame's total dependency: 0
[2026-04-28T16:33:51.779] [DEBUG] debug-file - Start to initialize dependency information.
[2026-04-28T16:33:51.794] [DEBUG] debug-file - Module electron Collected Dependency: /Volumes/Execute/Files/project/ame_new/archive_markdown_editor_hmos/app/ame/web_engine,/Volumes/Execute/Files/project/ame_new/archive_markdown_editor_hmos/app/ame/oh_modules/.ohpm/inversify@6.0.1/oh_modules/inversify,/Volumes/Execute/Files/project/ame_new/archive_markdown_editor_hmos/app/ame/oh_modules/.ohpm/reflect-metadata@0.2.1/oh_modules/reflect-metadata
[2026-04-28T16:33:51.794] [DEBUG] debug-file - Module electron's total dependency: 3
[2026-04-28T16:33:51.795] [DEBUG] debug-file - Start to initialize dependency information.
[2026-04-28T16:33:51.796] [DEBUG] debug-file - Module web_engine Collected Dependency: /Volumes/Execute/Files/project/ame_new/archive_markdown_editor_hmos/app/ame/oh_modules/.ohpm/inversify@6.0.1/oh_modules/inversify,/Volumes/Execute/Files/project/ame_new/archive_markdown_editor_hmos/app/ame/oh_modules/.ohpm/reflect-metadata@0.2.1/oh_modules/reflect-metadata
[2026-04-28T16:33:51.796] [DEBUG] debug-file - Module web_engine's total dependency: 2
[2026-04-28T16:33:51.796] [DEBUG] debug-file - Configuration phase cost:103 ms 
[2026-04-28T16:33:51.797] [DEBUG] debug-file - Configuration task cost before running: 125 ms 
[2026-04-28T16:33:51.797] [DEBUG] debug-file - Executing task :electron:clean
[2026-04-28T16:33:51.797] [DEBUG] debug-file - clean: Start terminating worker pool.
[2026-04-28T16:33:51.797] [DEBUG] debug-file - Current worker pool is stopped or closed.
[2026-04-28T16:33:51.797] [DEBUG] debug-file - Clear worker 4.
[2026-04-28T16:33:51.797] [DEBUG] debug-file - Worker 4 has been cleared.
[2026-04-28T16:33:51.797] [DEBUG] debug-file - Current idle worker size: 0.
[2026-04-28T16:33:51.797] [DEBUG] debug-file - Current busy worker size: 0.
[2026-04-28T16:33:51.797] [DEBUG] debug-file - Current worker pool is terminated.
[2026-04-28T16:33:51.797] [DEBUG] debug-file - clean: Terminating worker pool finished.
[2026-04-28T16:33:51.867] [DEBUG] debug-file - electron : clean cost memory -7.95697021484375
[2026-04-28T16:33:51.867] [DEBUG] debug-file - runTaskFromQueue task cost before running: 196 ms 
[2026-04-28T16:33:51.867] [INFO] debug-file - Finished :electron:clean... after 71 ms 
[2026-04-28T16:33:51.867] [DEBUG] debug-file - Executing task :web_engine:clean
[2026-04-28T16:33:51.868] [DEBUG] debug-file - clean: Worker pool is inactive.
[2026-04-28T16:33:51.868] [DEBUG] debug-file - web_engine : clean cost memory 0.0828704833984375
[2026-04-28T16:33:51.868] [DEBUG] debug-file - runTaskFromQueue task cost before running: 197 ms 
[2026-04-28T16:33:51.868] [INFO] debug-file - Finished :web_engine:clean... after 1 ms 
[2026-04-28T16:33:51.868] [DEBUG] debug-file - Executing task ::clean
[2026-04-28T16:33:51.868] [DEBUG] debug-file - clean: Worker pool is inactive.
[2026-04-28T16:33:51.868] [DEBUG] debug-file - ame : clean cost memory 0.0247344970703125
[2026-04-28T16:33:51.868] [DEBUG] debug-file - runTaskFromQueue task cost before running: 197 ms 
[2026-04-28T16:33:51.868] [INFO] debug-file - Finished ::clean... after 1 ms 
[2026-04-28T16:33:51.869] [INFO] debug-file - BUILD SUCCESSFUL in 197 ms 
[2026-04-28T16:33:51.876] [DEBUG] debug-file - worker[4] exits with exit code 1.
[2026-04-28T16:33:51.876] [DEBUG] debug-file - Since there is no instance or instance is terminated, create a new worker pool.
[2026-04-28T16:33:51.876] [DEBUG] debug-file - Worker pool is initialized with config:  {
  minPoolNum: 2,
  maxPoolNum: undefined,
  maxCoreSize: undefined,
  cacheCapacity: undefined,
  cacheTtl: undefined
}
[2026-04-28T16:33:51.877] [DEBUG] debug-file - Create  resident worker with id: 0.
[2026-04-28T16:33:51.877] [DEBUG] debug-file - Create  resident worker with id: 1.
[2026-04-28T16:33:51.877] [DEBUG] debug-file - Cleanup worker 0.
[2026-04-28T16:33:51.877] [DEBUG] debug-file - Worker 0 has been cleaned up.
[2026-04-28T16:33:51.877] [DEBUG] debug-file - Current idle worker size: 1.
[2026-04-28T16:33:51.877] [DEBUG] debug-file - Current resident worker size: 2.
[2026-04-28T16:33:51.877] [DEBUG] debug-file - Cleanup worker 1.
[2026-04-28T16:33:51.877] [DEBUG] debug-file - Worker 1 has been cleaned up.
[2026-04-28T16:33:51.877] [DEBUG] debug-file - Current idle worker size: 0.
[2026-04-28T16:33:51.877] [DEBUG] debug-file - Current resident worker size: 2.
[2026-04-28T16:33:51.878] [DEBUG] debug-file - hvigor build process will be closed.
[2026-04-28T16:33:51.888] [DEBUG] debug-file - worker[1] exits with exit code 0.
[2026-04-28T16:33:51.888] [DEBUG] debug-file - worker[0] exits with exit code 0.
[2026-04-28T16:33:51.901] [DEBUG] debug-file - session manager: send message to worker process.
[2026-04-28T16:33:51.902] [DEBUG] debug-file - session manager: send message to worker process.
[2026-04-28T16:33:51.902] [DEBUG] debug-file - watch worker: worker id should be larger than 0. Nothing will be sent to any worker thread.
[2026-04-28T16:33:51.902] [DEBUG] debug-file - watch worker: worker id should be larger than 0. Nothing will be sent to any worker thread.
