[2026-04-27T13:09:31.096] [DEBUG] debug-file - session manager: set active socket. socketId=W99an8yPCbkdRuFcAAAN
[2026-04-27T13:09:31.097] [DEBUG] debug-file - watch worker: worker id should be larger than 0. Nothing will be sent to any worker thread.
[2026-04-27T13:09:31.097] [DEBUG] debug-file - Workers' log level updated to INFO
[2026-04-27T13:09:31.098] [DEBUG] debug-file - Hvigor init with startParameters:{
  hvigorfileTypeCheck: false,
  parallelExecution: true,
  incrementalExecution: true,
  printStackTrace: false,
  daemon: true,
  analyze: 0,
  logLevel: Level { level: 20000, levelStr: 'INFO', colour: 'green' },
  optimizationStrategy: 'memory',
  hotCompile: undefined,
  hotReloadBuild: undefined,
  customizedParam: undefined
}
[2026-04-27T13:09:31.100] [DEBUG] debug-file - Cache service initialization finished in 2 ms 
[2026-04-27T13:09:31.100] [DEBUG] debug-file - hvigorfile, resolving /Volumes/Execute/Files/project/ame_new/archive_markdown_editor_hmos/app/ohos_hap/hvigorfile.ts
[2026-04-27T13:09:31.102] [DEBUG] debug-file - hvigorfile, require result:  { default: { plugins: [] } }
[2026-04-27T13:09:31.102] [DEBUG] debug-file - hvigorfile, binding system plugins null
[2026-04-27T13:09:31.102] [DEBUG] debug-file - Starting plugin build process
[2026-04-27T13:09:31.102] [DEBUG] debug-file - App plugin prepare start...
[2026-04-27T13:09:31.102] [DEBUG] debug-file - App plugin prepare end...
[2026-04-27T13:09:31.102] [DEBUG] debug-file - App plugin creating...
[2026-04-27T13:09:31.176] [DEBUG] debug-file - App plugin register hook start...
[2026-04-27T13:09:31.176] [DEBUG] debug-file - App plugin register hook end...
[2026-04-27T13:09:31.176] [DEBUG] debug-file - Plugin build process completed
[2026-04-27T13:09:31.176] [DEBUG] debug-file - Start initialize project's product build option map with build mode release.
[2026-04-27T13:09:31.176] [DEBUG] debug-file - Picking option from product 'default' with build mode 'release'.
[2026-04-27T13:09:31.176] [DEBUG] debug-file - Product 'default' build option initialized
[2026-04-27T13:09:31.176] [DEBUG] debug-file - End initialize project's product build option map with build mode 'release'.
[2026-04-27T13:09:31.177] [DEBUG] debug-file - Obtain build option for product 'default'in this build.
[2026-04-27T13:09:31.177] [DEBUG] debug-file - /Volumes/Execute/Files/project/ame_new/archive_markdown_editor_hmos/app/ohos_hap/build/cache/default/remote_hsp/remoteHspCache.json not exists.
[2026-04-27T13:09:31.177] [DEBUG] debug-file - Start recording SDK configuration permission data.
[2026-04-27T13:09:31.187] [DEBUG] debug-file - Sdk init in 10 ms 
[2026-04-27T13:09:31.188] [DEBUG] debug-file - Project task initialization takes 1 ms 
[2026-04-27T13:09:31.188] [DEBUG] debug-file - hvigorfile, binding custom plugins []
[2026-04-27T13:09:31.188] [DEBUG] debug-file - hvigorfile, no custom plugins were found in /Volumes/Execute/Files/project/ame_new/archive_markdown_editor_hmos/app/ohos_hap/hvigorfile.ts
[2026-04-27T13:09:31.188] [DEBUG] debug-file - hvigorfile, resolve finished /Volumes/Execute/Files/project/ame_new/archive_markdown_editor_hmos/app/ohos_hap/hvigorfile.ts
[2026-04-27T13:09:31.188] [DEBUG] debug-file - hvigorfile, resolving /Volumes/Execute/Files/project/ame_new/archive_markdown_editor_hmos/app/ohos_hap/electron/hvigorfile.ts
[2026-04-27T13:09:31.189] [DEBUG] debug-file - hvigorfile, require result:  { default: { plugins: [] } }
[2026-04-27T13:09:31.189] [DEBUG] debug-file - hvigorfile, binding system plugins null
[2026-04-27T13:09:31.189] [DEBUG] debug-file - Starting plugin build process
[2026-04-27T13:09:31.189] [DEBUG] debug-file - Hap plugin creating...
[2026-04-27T13:09:31.189] [DEBUG] debug-file - failed to load cangjie to dynamically generate schemas: Error: Cannot find module '@ohos/cangjie-build-support/index'
Require stack:
- /Volumes/Execute/Apps/DevEco-Studio.app/Contents/tools/hvigor/hvigor-ohos-plugin/src/plugin/hooks/cangjie-register.js
- /Volumes/Execute/Apps/DevEco-Studio.app/Contents/tools/hvigor/hvigor-ohos-plugin/src/plugin/strategy/stage-init-strategy.js
- /Volumes/Execute/Apps/DevEco-Studio.app/Contents/tools/hvigor/hvigor-ohos-plugin/src/plugin/builder/abstract-plugin-builder.js
- /Volumes/Execute/Apps/DevEco-Studio.app/Contents/tools/hvigor/hvigor-ohos-plugin/src/plugin/builder/app-plugin-builder.js
- /Volumes/Execute/Apps/DevEco-Studio.app/Contents/tools/hvigor/hvigor-ohos-plugin/src/plugin/factory/plugin-factory.js
- /Volumes/Execute/Apps/DevEco-Studio.app/Contents/tools/hvigor/hvigor-ohos-plugin/index.js
- /Volumes/Execute/Files/project/ame_new/archive_markdown_editor_hmos/app/ohos_hap/hvigorfile.ts
- /Volumes/Execute/Apps/DevEco-Studio.app/Contents/tools/hvigor/hvigor/src/base/internal/lifecycle/configuration.js
- /Volumes/Execute/Apps/DevEco-Studio.app/Contents/tools/hvigor/hvigor/src/base/boot/index.js
- /Volumes/Execute/Apps/DevEco-Studio.app/Contents/tools/hvigor/hvigor/src/base/daemon/cluster/worker-process-lifecycle.js
- /Volumes/Execute/Apps/DevEco-Studio.app/Contents/tools/hvigor/hvigor/src/base/daemon/process/daemon-process-boot-script.js
[2026-04-27T13:09:31.191] [DEBUG] debug-file - Start initialize module-target build option map, moduleName=electron, buildMode=debug
[2026-04-27T13:09:31.191] [DEBUG] debug-file - Target 'default' config initialized
[2026-04-27T13:09:31.192] [DEBUG] debug-file - Target 'ohosTest' config initialized
[2026-04-27T13:09:31.192] [DEBUG] debug-file - Module 'electron' target 'default' build option initialized
[2026-04-27T13:09:31.192] [DEBUG] debug-file - Module 'electron' target 'ohosTest' build option initialized
[2026-04-27T13:09:31.192] [DEBUG] debug-file - End initialize module-target build option map, moduleName=electron
[2026-04-27T13:09:31.192] [DEBUG] debug-file - Start initialize module-target build option map, moduleName=electron, buildMode=release
[2026-04-27T13:09:31.192] [DEBUG] debug-file - Target 'default' config initialized
[2026-04-27T13:09:31.192] [DEBUG] debug-file - Target 'ohosTest' config initialized
[2026-04-27T13:09:31.192] [DEBUG] debug-file - Module 'electron' target 'default' build option initialized
[2026-04-27T13:09:31.192] [DEBUG] debug-file - Module 'electron' target 'ohosTest' build option initialized
[2026-04-27T13:09:31.192] [DEBUG] debug-file - End initialize module-target build option map, moduleName=electron
[2026-04-27T13:09:31.192] [DEBUG] debug-file - Start initialize module-target build option map, moduleName=electron, buildMode=release
[2026-04-27T13:09:31.192] [DEBUG] debug-file - Target 'default' config initialized
[2026-04-27T13:09:31.192] [DEBUG] debug-file - Target 'ohosTest' config initialized
[2026-04-27T13:09:31.192] [DEBUG] debug-file - Module 'electron' target 'default' build option initialized
[2026-04-27T13:09:31.192] [DEBUG] debug-file - Module 'electron' target 'ohosTest' build option initialized
[2026-04-27T13:09:31.192] [DEBUG] debug-file - End initialize module-target build option map, moduleName=electron
[2026-04-27T13:09:31.192] [DEBUG] debug-file - Obtain build option for module 'electron' target 'default'in this build.
[2026-04-27T13:09:31.192] [DEBUG] debug-file - Module electron task initialization takes 1 ms 
[2026-04-27T13:09:31.192] [DEBUG] debug-file - Hap plugin register hook start...
[2026-04-27T13:09:31.192] [DEBUG] debug-file - Hap plugin register hook end...
[2026-04-27T13:09:31.192] [DEBUG] debug-file - Plugin build process completed
[2026-04-27T13:09:31.192] [DEBUG] debug-file - hvigorfile, binding custom plugins []
[2026-04-27T13:09:31.192] [DEBUG] debug-file - hvigorfile, no custom plugins were found in /Volumes/Execute/Files/project/ame_new/archive_markdown_editor_hmos/app/ohos_hap/electron/hvigorfile.ts
[2026-04-27T13:09:31.192] [DEBUG] debug-file - hvigorfile, resolve finished /Volumes/Execute/Files/project/ame_new/archive_markdown_editor_hmos/app/ohos_hap/electron/hvigorfile.ts
[2026-04-27T13:09:31.193] [DEBUG] debug-file - hvigorfile, resolving /Volumes/Execute/Files/project/ame_new/archive_markdown_editor_hmos/app/ohos_hap/web_engine/hvigorfile.ts
[2026-04-27T13:09:31.193] [DEBUG] debug-file - hvigorfile, require result:  { default: { plugins: [] } }
[2026-04-27T13:09:31.193] [DEBUG] debug-file - hvigorfile, binding system plugins null
[2026-04-27T13:09:31.194] [DEBUG] debug-file - Starting plugin build process
[2026-04-27T13:09:31.194] [DEBUG] debug-file - Har plugin creating...
[2026-04-27T13:09:31.194] [DEBUG] debug-file - failed to load cangjie to dynamically generate schemas: Error: Cannot find module '@ohos/cangjie-build-support/index'
Require stack:
- /Volumes/Execute/Apps/DevEco-Studio.app/Contents/tools/hvigor/hvigor-ohos-plugin/src/plugin/hooks/cangjie-register.js
- /Volumes/Execute/Apps/DevEco-Studio.app/Contents/tools/hvigor/hvigor-ohos-plugin/src/plugin/strategy/stage-init-strategy.js
- /Volumes/Execute/Apps/DevEco-Studio.app/Contents/tools/hvigor/hvigor-ohos-plugin/src/plugin/builder/abstract-plugin-builder.js
- /Volumes/Execute/Apps/DevEco-Studio.app/Contents/tools/hvigor/hvigor-ohos-plugin/src/plugin/builder/app-plugin-builder.js
- /Volumes/Execute/Apps/DevEco-Studio.app/Contents/tools/hvigor/hvigor-ohos-plugin/src/plugin/factory/plugin-factory.js
- /Volumes/Execute/Apps/DevEco-Studio.app/Contents/tools/hvigor/hvigor-ohos-plugin/index.js
- /Volumes/Execute/Files/project/ame_new/archive_markdown_editor_hmos/app/ohos_hap/hvigorfile.ts
- /Volumes/Execute/Apps/DevEco-Studio.app/Contents/tools/hvigor/hvigor/src/base/internal/lifecycle/configuration.js
- /Volumes/Execute/Apps/DevEco-Studio.app/Contents/tools/hvigor/hvigor/src/base/boot/index.js
- /Volumes/Execute/Apps/DevEco-Studio.app/Contents/tools/hvigor/hvigor/src/base/daemon/cluster/worker-process-lifecycle.js
- /Volumes/Execute/Apps/DevEco-Studio.app/Contents/tools/hvigor/hvigor/src/base/daemon/process/daemon-process-boot-script.js
[2026-04-27T13:09:31.207] [DEBUG] debug-file - Start initialize module-target build option map, moduleName=web_engine, buildMode=debug
[2026-04-27T13:09:31.208] [DEBUG] debug-file - Target 'default' config initialized
[2026-04-27T13:09:31.208] [DEBUG] debug-file - Module 'web_engine' target 'default' build option initialized
[2026-04-27T13:09:31.208] [DEBUG] debug-file - End initialize module-target build option map, moduleName=web_engine
[2026-04-27T13:09:31.208] [DEBUG] debug-file - Start initialize module-target build option map, moduleName=web_engine, buildMode=release
[2026-04-27T13:09:31.208] [DEBUG] debug-file - Target 'default' config initialized
[2026-04-27T13:09:31.208] [DEBUG] debug-file - Module 'web_engine' target 'default' build option initialized
[2026-04-27T13:09:31.208] [DEBUG] debug-file - End initialize module-target build option map, moduleName=web_engine
[2026-04-27T13:09:31.208] [DEBUG] debug-file - Start initialize module-target build option map, moduleName=web_engine, buildMode=release
[2026-04-27T13:09:31.208] [DEBUG] debug-file - Target 'default' config initialized
[2026-04-27T13:09:31.208] [DEBUG] debug-file - Module 'web_engine' target 'default' build option initialized
[2026-04-27T13:09:31.208] [DEBUG] debug-file - End initialize module-target build option map, moduleName=web_engine
[2026-04-27T13:09:31.208] [DEBUG] debug-file - Obtain build option for module 'web_engine' target 'default'in this build.
[2026-04-27T13:09:31.208] [DEBUG] debug-file - Module web_engine task initialization takes 1 ms 
[2026-04-27T13:09:31.208] [DEBUG] debug-file - Har plugin register hook start...
[2026-04-27T13:09:31.208] [DEBUG] debug-file - Har plugin register hook end...
[2026-04-27T13:09:31.208] [DEBUG] debug-file - Plugin build process completed
[2026-04-27T13:09:31.208] [DEBUG] debug-file - hvigorfile, binding custom plugins []
[2026-04-27T13:09:31.208] [DEBUG] debug-file - hvigorfile, no custom plugins were found in /Volumes/Execute/Files/project/ame_new/archive_markdown_editor_hmos/app/ohos_hap/web_engine/hvigorfile.ts
[2026-04-27T13:09:31.208] [DEBUG] debug-file - hvigorfile, resolve finished /Volumes/Execute/Files/project/ame_new/archive_markdown_editor_hmos/app/ohos_hap/web_engine/hvigorfile.ts
[2026-04-27T13:09:31.237] [DEBUG] debug-file - hvigorfile, resolve hvigorfile dependencies in 29 ms 
[2026-04-27T13:09:31.237] [DEBUG] debug-file - project has submodules:electron,web_engine
[2026-04-27T13:09:31.237] [DEBUG] debug-file - module:web_engine no need to execute packageHap
[2026-04-27T13:09:31.237] [DEBUG] debug-file - start to load updatedOhPackageInfo to the disk
[2026-04-27T13:09:31.238] [DEBUG] debug-file - load to the disk finished
[2026-04-27T13:09:31.238] [DEBUG] debug-file - Start to initialize dependency information.
[2026-04-27T13:09:31.239] [DEBUG] debug-file - Module ohos_hap Collected Dependency: 
[2026-04-27T13:09:31.239] [DEBUG] debug-file - Module ohos_hap's total dependency: 0
[2026-04-27T13:09:31.239] [DEBUG] debug-file - Start to initialize dependency information.
[2026-04-27T13:09:31.247] [DEBUG] debug-file - Module electron Collected Dependency: /Volumes/Execute/Files/project/ame_new/archive_markdown_editor_hmos/app/ohos_hap/web_engine,/Volumes/Execute/Files/project/ame_new/archive_markdown_editor_hmos/app/ohos_hap/oh_modules/.ohpm/inversify@6.0.1/oh_modules/inversify,/Volumes/Execute/Files/project/ame_new/archive_markdown_editor_hmos/app/ohos_hap/oh_modules/.ohpm/reflect-metadata@0.2.1/oh_modules/reflect-metadata
[2026-04-27T13:09:31.248] [DEBUG] debug-file - Module electron's total dependency: 3
[2026-04-27T13:09:31.248] [DEBUG] debug-file - Start to initialize dependency information.
[2026-04-27T13:09:31.248] [DEBUG] debug-file - Module web_engine Collected Dependency: /Volumes/Execute/Files/project/ame_new/archive_markdown_editor_hmos/app/ohos_hap/oh_modules/.ohpm/inversify@6.0.1/oh_modules/inversify,/Volumes/Execute/Files/project/ame_new/archive_markdown_editor_hmos/app/ohos_hap/oh_modules/.ohpm/reflect-metadata@0.2.1/oh_modules/reflect-metadata
[2026-04-27T13:09:31.248] [DEBUG] debug-file - Module web_engine's total dependency: 2
[2026-04-27T13:09:31.248] [DEBUG] debug-file - Configuration phase cost:148 ms 
[2026-04-27T13:09:31.250] [DEBUG] debug-file - Configuration task cost before running: 153 ms 
[2026-04-27T13:09:31.250] [DEBUG] debug-file - Executing task ::PreBuildApp
[2026-04-27T13:09:31.250] [DEBUG] debug-file - ohos_hap : PreBuildApp cost memory 0.01403045654296875
[2026-04-27T13:09:31.250] [DEBUG] debug-file - runTaskFromQueue task cost before running: 154 ms 
[2026-04-27T13:09:31.250] [INFO] debug-file - Finished ::PreBuildApp... after 1 ms 
[2026-04-27T13:09:31.252] [DEBUG] debug-file - Executing task :electron:default@PreBuild
[2026-04-27T13:09:31.253] [DEBUG] debug-file - Task 'electron:default@PreBuild' cost while wrapping incremental declarations: 1 ms 
[2026-04-27T13:09:31.254] [DEBUG] debug-file - Incremental task electron:default@PreBuild pre-execution cost: 1 ms .
[2026-04-27T13:09:31.254] [DEBUG] debug-file - electron : default@PreBuild cost memory 0.49402618408203125
[2026-04-27T13:09:31.254] [INFO] debug-file - UP-TO-DATE :electron:default@PreBuild...  
[2026-04-27T13:09:31.255] [DEBUG] debug-file - Executing task :web_engine:default@PreBuild
[2026-04-27T13:09:31.255] [DEBUG] debug-file - Task 'web_engine:default@PreBuild' cost while wrapping incremental declarations: 1 ms 
[2026-04-27T13:09:31.255] [DEBUG] debug-file - Incremental task web_engine:default@PreBuild pre-execution cost: 1 ms .
[2026-04-27T13:09:31.255] [DEBUG] debug-file - web_engine : default@PreBuild cost memory 0.28964996337890625
[2026-04-27T13:09:31.256] [INFO] debug-file - UP-TO-DATE :web_engine:default@PreBuild...  
[2026-04-27T13:09:31.256] [DEBUG] debug-file - Executing task ::DuplicateDependencyCheck
[2026-04-27T13:09:31.256] [DEBUG] debug-file - ohos_hap : DuplicateDependencyCheck cost memory 0.01386260986328125
[2026-04-27T13:09:31.256] [DEBUG] debug-file - runTaskFromQueue task cost before running: 159 ms 
[2026-04-27T13:09:31.256] [INFO] debug-file - Finished ::DuplicateDependencyCheck... after 1 ms 
[2026-04-27T13:09:31.256] [DEBUG] debug-file - Executing task :electron:default@CreateModuleInfo
[2026-04-27T13:09:31.256] [DEBUG] debug-file - Task 'electron:default@CreateModuleInfo' cost while wrapping incremental declarations: 1 ms 
[2026-04-27T13:09:31.256] [DEBUG] debug-file - electron : default@CreateModuleInfo cost memory 0.04563140869140625
[2026-04-27T13:09:31.256] [DEBUG] debug-file - runTaskFromQueue task cost before running: 159 ms 
[2026-04-27T13:09:31.256] [INFO] debug-file - Finished :electron:default@CreateModuleInfo... after 1 ms 
[2026-04-27T13:09:31.257] [DEBUG] debug-file - Executing task :electron:default@GenerateMetadata
[2026-04-27T13:09:31.257] [DEBUG] debug-file - Task 'electron:default@GenerateMetadata' cost while wrapping incremental declarations: 1 ms 
[2026-04-27T13:09:31.257] [DEBUG] debug-file - electron:default@GenerateMetadata is not up-to-date, since the output file '/Volumes/Execute/Files/project/ame_new/archive_markdown_editor_hmos/app/ohos_hap/electron/build/default/intermediates/hap_metadata/default/output_metadata.json' does not exist.
[2026-04-27T13:09:31.257] [DEBUG] debug-file - Incremental task electron:default@GenerateMetadata pre-execution cost: 1 ms .
[2026-04-27T13:09:31.257] [DEBUG] debug-file - electron : default@GenerateMetadata cost memory 0.30255126953125
[2026-04-27T13:09:31.257] [DEBUG] debug-file - runTaskFromQueue task cost before running: 160 ms 
[2026-04-27T13:09:31.257] [INFO] debug-file - Finished :electron:default@GenerateMetadata... after 1 ms 
[2026-04-27T13:09:31.257] [DEBUG] debug-file - Executing task :electron:default@PreCheckSyscap
[2026-04-27T13:09:31.257] [DEBUG] debug-file - electron : default@PreCheckSyscap cost memory 0.017242431640625
[2026-04-27T13:09:31.257] [DEBUG] debug-file - runTaskFromQueue task cost before running: 161 ms 
[2026-04-27T13:09:31.257] [INFO] debug-file - Finished :electron:default@PreCheckSyscap... after 1 ms 
[2026-04-27T13:09:31.258] [DEBUG] debug-file - Executing task :electron:default@GeneratePkgContextInfo
[2026-04-27T13:09:31.259] [DEBUG] debug-file - Task 'electron:default@GeneratePkgContextInfo' cost while wrapping incremental declarations: 1 ms 
[2026-04-27T13:09:31.259] [DEBUG] debug-file - electron : default@GeneratePkgContextInfo cost memory 0.33197784423828125
[2026-04-27T13:09:31.259] [DEBUG] debug-file - runTaskFromQueue task cost before running: 163 ms 
[2026-04-27T13:09:31.260] [INFO] debug-file - Finished :electron:default@GeneratePkgContextInfo... after 2 ms 
[2026-04-27T13:09:31.260] [DEBUG] debug-file - Executing task :electron:default@ProcessIntegratedHsp
[2026-04-27T13:09:31.260] [DEBUG] debug-file - electron:default@ProcessIntegratedHsp is not up-to-date, since the output file '/Volumes/Execute/Files/project/ame_new/archive_markdown_editor_hmos/app/ohos_hap/build/cache/default/integrated_hsp/integratedHspCache.json' does not exist.
[2026-04-27T13:09:31.260] [DEBUG] debug-file - Incremental task electron:default@ProcessIntegratedHsp pre-execution cost: 1 ms .
[2026-04-27T13:09:31.260] [DEBUG] debug-file - electron : default@ProcessIntegratedHsp cost memory 0.0660247802734375
[2026-04-27T13:09:31.260] [DEBUG] debug-file - runTaskFromQueue task cost before running: 163 ms 
[2026-04-27T13:09:31.260] [INFO] debug-file - Finished :electron:default@ProcessIntegratedHsp... after 1 ms 
[2026-04-27T13:09:31.260] [DEBUG] debug-file - Executing task :web_engine:default@CreateHarBuildProfile
[2026-04-27T13:09:31.260] [DEBUG] debug-file - Task 'web_engine:default@CreateHarBuildProfile' cost while wrapping incremental declarations: 1 ms 
[2026-04-27T13:09:31.260] [DEBUG] debug-file - Incremental task web_engine:default@CreateHarBuildProfile pre-execution cost: 1 ms .
[2026-04-27T13:09:31.261] [DEBUG] debug-file - web_engine : default@CreateHarBuildProfile cost memory 0.0835723876953125
[2026-04-27T13:09:31.261] [INFO] debug-file - UP-TO-DATE :web_engine:default@CreateHarBuildProfile...  
[2026-04-27T13:09:31.261] [DEBUG] debug-file - Executing task :web_engine:default@ConfigureCmake
[2026-04-27T13:09:31.261] [DEBUG] debug-file - web_engine : default@ConfigureCmake cost memory 0.01715850830078125
[2026-04-27T13:09:31.261] [DEBUG] debug-file - runTaskFromQueue task cost before running: 164 ms 
[2026-04-27T13:09:31.261] [INFO] debug-file - Finished :web_engine:default@ConfigureCmake... after 1 ms 
[2026-04-27T13:09:31.261] [DEBUG] debug-file - Executing task :web_engine:default@MergeProfile
[2026-04-27T13:09:31.261] [DEBUG] debug-file - Task 'web_engine:default@MergeProfile' cost while wrapping incremental declarations: 1 ms 
[2026-04-27T13:09:31.261] [DEBUG] debug-file - web_engine:default@MergeProfile is not up-to-date, since the output file '/Volumes/Execute/Files/project/ame_new/archive_markdown_editor_hmos/app/ohos_hap/web_engine/build/default/intermediates/merge_profile/default/module.json' does not exist.
[2026-04-27T13:09:31.261] [DEBUG] debug-file - Incremental task web_engine:default@MergeProfile pre-execution cost: 1 ms .
[2026-04-27T13:09:31.261] [DEBUG] debug-file - Change app api release type with 'Release'
[2026-04-27T13:09:31.261] [DEBUG] debug-file - Change app compile API version with '6.0.2.130'
[2026-04-27T13:09:31.261] [DEBUG] debug-file - Change app target API version with '60002022'
[2026-04-27T13:09:31.261] [DEBUG] debug-file - Change app minimum API version with '50005017'
[2026-04-27T13:09:31.261] [DEBUG] debug-file - Use cli appEnvironment
[2026-04-27T13:09:31.262] [DEBUG] debug-file - web_engine : default@MergeProfile cost memory 0.22076416015625
[2026-04-27T13:09:31.262] [DEBUG] debug-file - runTaskFromQueue task cost before running: 165 ms 
[2026-04-27T13:09:31.262] [INFO] debug-file - Finished :web_engine:default@MergeProfile... after 1 ms 
[2026-04-27T13:09:31.262] [DEBUG] debug-file - Executing task :electron:default@SyscapTransform
[2026-04-27T13:09:31.262] [DEBUG] debug-file - File: '/Volumes/Execute/Files/project/ame_new/archive_markdown_editor_hmos/app/ohos_hap/electron/src/main/syscap.json' from 'sysCapJsonPath' is not exists, just ignore.
[2026-04-27T13:09:31.262] [DEBUG] debug-file - Task 'electron:default@SyscapTransform' cost while wrapping incremental declarations: 1 ms 
[2026-04-27T13:09:31.262] [DEBUG] debug-file - electron:default@SyscapTransform is not up-to-date, since the output file '/Volumes/Execute/Files/project/ame_new/archive_markdown_editor_hmos/app/ohos_hap/electron/build/default/intermediates/syscap/default/rpcid.sc' does not exist.
[2026-04-27T13:09:31.262] [DEBUG] debug-file - Incremental task electron:default@SyscapTransform pre-execution cost: 1 ms .
[2026-04-27T13:09:31.262] [DEBUG] debug-file - electron : default@SyscapTransform cost memory 0.11972808837890625
[2026-04-27T13:09:31.262] [DEBUG] debug-file - runTaskFromQueue task cost before running: 166 ms 
[2026-04-27T13:09:31.262] [INFO] debug-file - Finished :electron:default@SyscapTransform... after 1 ms 
[2026-04-27T13:09:31.263] [DEBUG] debug-file - Executing task :electron:default@ProcessRouterMap
[2026-04-27T13:09:31.263] [DEBUG] debug-file - electron:default@ProcessRouterMap is not up-to-date, since the output file '/Volumes/Execute/Files/project/ame_new/archive_markdown_editor_hmos/app/ohos_hap/electron/build/default/intermediates/router_map/default/temp-router-map.json' does not exist.
[2026-04-27T13:09:31.263] [DEBUG] debug-file - Incremental task electron:default@ProcessRouterMap pre-execution cost: 1 ms .
[2026-04-27T13:09:31.263] [DEBUG] debug-file - electron : default@ProcessRouterMap cost memory 0.1338653564453125
[2026-04-27T13:09:31.263] [DEBUG] debug-file - runTaskFromQueue task cost before running: 167 ms 
[2026-04-27T13:09:31.263] [INFO] debug-file - Finished :electron:default@ProcessRouterMap... after 1 ms 
[2026-04-27T13:09:31.264] [DEBUG] debug-file - Executing task :electron:default@ProcessShareConfig
[2026-04-27T13:09:31.264] [DEBUG] debug-file - electron:default@ProcessShareConfig is not up-to-date, since the output file '/Volumes/Execute/Files/project/ame_new/archive_markdown_editor_hmos/app/ohos_hap/electron/build/default/intermediates/share_config/default/temp-share-config.json' does not exist.
[2026-04-27T13:09:31.264] [DEBUG] debug-file - Incremental task electron:default@ProcessShareConfig pre-execution cost: 1 ms .
[2026-04-27T13:09:31.264] [DEBUG] debug-file - electron : default@ProcessShareConfig cost memory 0.1214599609375
[2026-04-27T13:09:31.264] [DEBUG] debug-file - runTaskFromQueue task cost before running: 167 ms 
[2026-04-27T13:09:31.264] [INFO] debug-file - Finished :electron:default@ProcessShareConfig... after 1 ms 
[2026-04-27T13:09:31.264] [DEBUG] debug-file - Executing task :electron:default@ProcessStartupConfig
[2026-04-27T13:09:31.264] [DEBUG] debug-file - Task 'electron:default@ProcessStartupConfig' cost while wrapping incremental declarations: 1 ms 
[2026-04-27T13:09:31.264] [DEBUG] debug-file - electron:default@ProcessStartupConfig is not up-to-date, since the output file '/Volumes/Execute/Files/project/ame_new/archive_markdown_editor_hmos/app/ohos_hap/electron/build/default/intermediates/startup/default/startup_config.json' does not exist.
[2026-04-27T13:09:31.264] [DEBUG] debug-file - Incremental task electron:default@ProcessStartupConfig pre-execution cost: 1 ms .
[2026-04-27T13:09:31.264] [DEBUG] debug-file - electron : default@ProcessStartupConfig cost memory 0.1070556640625
[2026-04-27T13:09:31.265] [DEBUG] debug-file - runTaskFromQueue task cost before running: 168 ms 
[2026-04-27T13:09:31.265] [INFO] debug-file - Finished :electron:default@ProcessStartupConfig... after 1 ms 
[2026-04-27T13:09:31.265] [DEBUG] debug-file - Executing task :electron:default@CreateBuildProfile
[2026-04-27T13:09:31.265] [DEBUG] debug-file - Task 'electron:default@CreateBuildProfile' cost while wrapping incremental declarations: 1 ms 
[2026-04-27T13:09:31.265] [DEBUG] debug-file - electron:default@CreateBuildProfile is not up-to-date, since the output file '/Volumes/Execute/Files/project/ame_new/archive_markdown_editor_hmos/app/ohos_hap/electron/build/default/generated/profile/default/BuildProfile.ets' does not exist.
[2026-04-27T13:09:31.265] [DEBUG] debug-file - Incremental task electron:default@CreateBuildProfile pre-execution cost: 1 ms .
[2026-04-27T13:09:31.265] [DEBUG] debug-file - electron : default@CreateBuildProfile cost memory 0.1018218994140625
[2026-04-27T13:09:31.265] [DEBUG] debug-file - runTaskFromQueue task cost before running: 168 ms 
[2026-04-27T13:09:31.265] [INFO] debug-file - Finished :electron:default@CreateBuildProfile... after 1 ms 
[2026-04-27T13:09:31.265] [DEBUG] debug-file - Executing task :web_engine:default@BuildNativeWithCmake
[2026-04-27T13:09:31.265] [DEBUG] debug-file - web_engine : default@BuildNativeWithCmake cost memory 0.01718902587890625
[2026-04-27T13:09:31.265] [DEBUG] debug-file - runTaskFromQueue task cost before running: 169 ms 
[2026-04-27T13:09:31.265] [INFO] debug-file - Finished :web_engine:default@BuildNativeWithCmake... after 1 ms 
[2026-04-27T13:09:31.266] [DEBUG] debug-file - Executing task :electron:default@MergeProfile
[2026-04-27T13:09:31.266] [DEBUG] debug-file - Task 'electron:default@MergeProfile' cost while wrapping incremental declarations: 1 ms 
[2026-04-27T13:09:31.266] [DEBUG] debug-file - electron:default@MergeProfile is not up-to-date, since the input file '/Volumes/Execute/Files/project/ame_new/archive_markdown_editor_hmos/app/ohos_hap/web_engine/build/default/intermediates/merge_profile/default/module.json' has been changed.
[2026-04-27T13:09:31.266] [DEBUG] debug-file - Incremental task electron:default@MergeProfile pre-execution cost: 1 ms .
[2026-04-27T13:09:31.266] [DEBUG] debug-file - Change app api release type with 'Release'
[2026-04-27T13:09:31.266] [DEBUG] debug-file - Change app compile API version with '6.0.2.130'
[2026-04-27T13:09:31.266] [DEBUG] debug-file - Change app target API version with '60002022'
[2026-04-27T13:09:31.266] [DEBUG] debug-file - Change app minimum API version with '50005017'
[2026-04-27T13:09:31.266] [DEBUG] debug-file - Use cli appEnvironment
[2026-04-27T13:09:31.266] [DEBUG] debug-file - electron : default@MergeProfile cost memory 0.33177947998046875
[2026-04-27T13:09:31.266] [DEBUG] debug-file - runTaskFromQueue task cost before running: 170 ms 
[2026-04-27T13:09:31.266] [INFO] debug-file - Finished :electron:default@MergeProfile... after 1 ms 
[2026-04-27T13:09:31.267] [DEBUG] debug-file - Obtain build option for module 'web_engine' target 'default'in this build.
[2026-04-27T13:09:31.267] [DEBUG] debug-file - Executing task :electron:default@GenerateLoaderJson
[2026-04-27T13:09:31.267] [DEBUG] debug-file - Task 'electron:default@GenerateLoaderJson' cost while wrapping incremental declarations: 1 ms 
[2026-04-27T13:09:31.267] [DEBUG] debug-file - Obtain build option for module 'web_engine' target 'default'in this build.
[2026-04-27T13:09:31.267] [DEBUG] debug-file - Obtain build option for module 'web_engine' target 'default'in this build.
[2026-04-27T13:09:31.268] [DEBUG] debug-file - Obtain build option for module 'web_engine' target 'default'in this build.
[2026-04-27T13:09:31.268] [DEBUG] debug-file - Obtain build option for module 'web_engine' target 'default'in this build.
[2026-04-27T13:09:31.268] [DEBUG] debug-file - Obtain build option for module 'web_engine' target 'default'in this build.
[2026-04-27T13:09:31.268] [DEBUG] debug-file - electron:default@GenerateLoaderJson is not up-to-date, since the input file '/Volumes/Execute/Files/project/ame_new/archive_markdown_editor_hmos/app/ohos_hap/electron/build/default/intermediates/router_map/default/temp-router-map.json' has been changed.
[2026-04-27T13:09:31.268] [DEBUG] debug-file - Incremental task electron:default@GenerateLoaderJson pre-execution cost: 1 ms .
[2026-04-27T13:09:31.268] [DEBUG] debug-file - Obtain build option for module 'web_engine' target 'default'in this build.
[2026-04-27T13:09:31.269] [DEBUG] debug-file - electron : default@GenerateLoaderJson cost memory 0.4608612060546875
[2026-04-27T13:09:31.269] [DEBUG] debug-file - runTaskFromQueue task cost before running: 172 ms 
[2026-04-27T13:09:31.269] [DEBUG] debug-file - Obtain build option for module 'web_engine' target 'default'in this build.
[2026-04-27T13:09:31.269] [DEBUG] debug-file - Obtain build option for module 'web_engine' target 'default'in this build.
[2026-04-27T13:09:31.269] [INFO] debug-file - Finished :electron:default@GenerateLoaderJson... after 2 ms 
[2026-04-27T13:09:31.269] [DEBUG] debug-file - Executing task :electron:default@ConfigureCmake
[2026-04-27T13:09:31.269] [DEBUG] debug-file - electron : default@ConfigureCmake cost memory 0.01702117919921875
[2026-04-27T13:09:31.269] [DEBUG] debug-file - runTaskFromQueue task cost before running: 172 ms 
[2026-04-27T13:09:31.269] [INFO] debug-file - Finished :electron:default@ConfigureCmake... after 1 ms 
[2026-04-27T13:09:31.269] [DEBUG] debug-file - Executing task :web_engine:default@BuildNativeWithNinja
[2026-04-27T13:09:31.270] [DEBUG] debug-file - web_engine : default@BuildNativeWithNinja cost memory 0.02864837646484375
[2026-04-27T13:09:31.270] [DEBUG] debug-file - runTaskFromQueue task cost before running: 173 ms 
[2026-04-27T13:09:31.270] [INFO] debug-file - Finished :web_engine:default@BuildNativeWithNinja... after 1 ms 
[2026-04-27T13:09:31.270] [DEBUG] debug-file - Executing task :electron:default@MakePackInfo
[2026-04-27T13:09:31.270] [DEBUG] debug-file - electron:default@MakePackInfo is not up-to-date, since the output file '/Volumes/Execute/Files/project/ame_new/archive_markdown_editor_hmos/app/ohos_hap/electron/build/default/outputs/default/pack.info' does not exist.
[2026-04-27T13:09:31.270] [DEBUG] debug-file - Incremental task electron:default@MakePackInfo pre-execution cost: 1 ms .
[2026-04-27T13:09:31.270] [DEBUG] debug-file - Module Pack Info:  {
  summary: {
    app: { bundleName: 'c***e', bundleType: 'app', version: [Object] },
    modules: [ [Object] ]
  },
  packages: [
    {
      deviceType: [Array],
      moduleType: 'entry',
      deliveryWithInstall: true,
      name: 'electron-default'
    }
  ]
}
[2026-04-27T13:09:31.270] [DEBUG] debug-file - electron : default@MakePackInfo cost memory 0.41330718994140625
[2026-04-27T13:09:31.270] [DEBUG] debug-file - runTaskFromQueue task cost before running: 174 ms 
[2026-04-27T13:09:31.271] [INFO] debug-file - Finished :electron:default@MakePackInfo... after 1 ms 
[2026-04-27T13:09:31.271] [DEBUG] debug-file - Executing task :electron:default@ProcessProfile
[2026-04-27T13:09:31.271] [DEBUG] debug-file - Task 'electron:default@ProcessProfile' cost while wrapping incremental declarations: 1 ms 
[2026-04-27T13:09:31.271] [DEBUG] debug-file - electron:default@ProcessProfile is not up-to-date, since the input file '/Volumes/Execute/Files/project/ame_new/archive_markdown_editor_hmos/app/ohos_hap/electron/build/default/intermediates/merge_profile/default/module.json' has been changed.
[2026-04-27T13:09:31.271] [DEBUG] debug-file - Incremental task electron:default@ProcessProfile pre-execution cost: 1 ms .
[2026-04-27T13:09:31.272] [DEBUG] debug-file - [
  '/Volumes/Execute/Apps/DevEco-Studio.app/Contents/tools/node/bin/node',
  '/Volumes/Execute/Apps/DevEco-Studio.app/Contents/sdk/default/openharmony/ets/build-tools/ets-loader/bin/ark/ts2abc.js',
  '--target-api-version',
  '17'
]
[2026-04-27T13:09:31.308] [DEBUG] debug-file - 12.0.6.0
[2026-04-27T13:09:31.308] [DEBUG] debug-file - No need to add fake ui ability because of not in preview process.
[2026-04-27T13:09:31.310] [DEBUG] debug-file - electron : default@ProcessProfile cost memory -7.25079345703125
[2026-04-27T13:09:31.310] [DEBUG] debug-file - runTaskFromQueue task cost before running: 214 ms 
[2026-04-27T13:09:31.310] [INFO] debug-file - Finished :electron:default@ProcessProfile... after 40 ms 
[2026-04-27T13:09:31.311] [DEBUG] debug-file - Executing task :electron:default@BuildNativeWithCmake
[2026-04-27T13:09:31.311] [DEBUG] debug-file - electron : default@BuildNativeWithCmake cost memory 0.01709747314453125
[2026-04-27T13:09:31.311] [DEBUG] debug-file - runTaskFromQueue task cost before running: 214 ms 
[2026-04-27T13:09:31.311] [INFO] debug-file - Finished :electron:default@BuildNativeWithCmake... after 1 ms 
[2026-04-27T13:09:31.311] [DEBUG] debug-file - Executing task :web_engine:default@ProcessLibs
[2026-04-27T13:09:31.312] [DEBUG] debug-file - web_engine:default@ProcessLibs is not up-to-date, since the output file '/Volumes/Execute/Files/project/ame_new/archive_markdown_editor_hmos/app/ohos_hap/web_engine/build/default/intermediates/libs/default' does not exist.
[2026-04-27T13:09:31.312] [DEBUG] debug-file - Incremental task web_engine:default@ProcessLibs pre-execution cost: 1 ms .
[2026-04-27T13:09:31.312] [DEBUG] debug-file - Worker dispatch failed, running processLibs on main thread.
[2026-04-27T13:09:31.313] [DEBUG] debug-file - web_engine : default@ProcessLibs cost memory 0.2965850830078125
[2026-04-27T13:09:31.313] [DEBUG] debug-file - runTaskFromQueue task cost before running: 216 ms 
[2026-04-27T13:09:31.313] [INFO] debug-file - Finished :web_engine:default@ProcessLibs... after 2 ms 
[2026-04-27T13:09:31.313] [DEBUG] debug-file - restool module names: electron,web_engine; moduleName=electron, taskName=default@ProcessResource
[2026-04-27T13:09:31.314] [DEBUG] debug-file - Executing task :electron:default@ProcessResource
[2026-04-27T13:09:31.314] [DEBUG] debug-file - Task 'electron:default@ProcessResource' cost while wrapping incremental declarations: 1 ms 
[2026-04-27T13:09:31.314] [DEBUG] debug-file - electron:default@ProcessResource is not up-to-date, since the output file '/Volumes/Execute/Files/project/ame_new/archive_markdown_editor_hmos/app/ohos_hap/electron/build/default/intermediates/res/default/resConfig.json' does not exist.
[2026-04-27T13:09:31.314] [DEBUG] debug-file - Incremental task electron:default@ProcessResource pre-execution cost: 1 ms .
[2026-04-27T13:09:31.314] [DEBUG] debug-file - electron : default@ProcessResource cost memory 0.14949798583984375
[2026-04-27T13:09:31.314] [DEBUG] debug-file - runTaskFromQueue task cost before running: 218 ms 
[2026-04-27T13:09:31.315] [INFO] debug-file - Finished :electron:default@ProcessResource... after 1 ms 
[2026-04-27T13:09:31.315] [DEBUG] debug-file - Executing task :web_engine:default@DoNativeStrip
[2026-04-27T13:09:31.315] [DEBUG] debug-file - Task 'web_engine:default@DoNativeStrip' cost while wrapping incremental declarations: 1 ms 
[2026-04-27T13:09:31.315] [DEBUG] debug-file - web_engine:default@DoNativeStrip is not up-to-date, since the output file '/Volumes/Execute/Files/project/ame_new/archive_markdown_editor_hmos/app/ohos_hap/web_engine/build/default/intermediates/stripped_native_libs/default' does not exist.
[2026-04-27T13:09:31.315] [DEBUG] debug-file - Incremental task web_engine:default@DoNativeStrip pre-execution cost: 1 ms .
[2026-04-27T13:09:31.330] [DEBUG] debug-file - web_engine : default@DoNativeStrip cost memory -28.48011016845703
[2026-04-27T13:09:31.330] [DEBUG] debug-file - runTaskFromQueue task cost before running: 233 ms 
[2026-04-27T13:09:31.330] [INFO] debug-file - Finished :web_engine:default@DoNativeStrip... after 16 ms 
[2026-04-27T13:09:31.330] [DEBUG] debug-file - restool module names: electron,web_engine; moduleName=electron, taskName=default@CompileResource
[2026-04-27T13:09:31.331] [DEBUG] debug-file - Executing task :electron:default@CompileResource
[2026-04-27T13:09:31.335] [DEBUG] debug-file - electron:default@CompileResource is not up-to-date, since the input file '/Volumes/Execute/Files/project/ame_new/archive_markdown_editor_hmos/app/ohos_hap/electron/build/default/intermediates/process_profile/default/module.json' has been changed.
[2026-04-27T13:09:31.335] [DEBUG] debug-file - Incremental task electron:default@CompileResource pre-execution cost: 4 ms .
[2026-04-27T13:09:31.335] [DEBUG] debug-file - Use tool [/Volumes/Execute/Apps/DevEco-Studio.app/Contents/sdk/default/openharmony/toolchains/restool]
 [
  '/Volumes/Execute/Apps/DevEco-Studio.app/Contents/sdk/default/openharmony/toolchains/restool',
  '-l',
  '/Volumes/Execute/Files/project/ame_new/archive_markdown_editor_hmos/app/ohos_hap/electron/build/default/intermediates/res/default/resConfig.json'
]
[2026-04-27T13:09:31.335] [DEBUG] debug-file - current process  memoryUsage: {
  rss: 269565952,
  heapTotal: 188350464,
  heapUsed: 134536656,
  external: 4071277,
  arrayBuffers: 1529339
} os memoryUsage :14.540390014648438
[2026-04-27T13:09:31.350] [DEBUG] debug-file - Info: Pack: normal pack mode

[2026-04-27T13:09:31.385] [DEBUG] debug-file - Info: hardware concurrency count is : 10
Info: thread count is : 10

[2026-04-27T13:09:31.386] [DEBUG] debug-file - Info: thread pool is started
Info: file '.DS_Store' is ignored by default regular pattern '\..+'.
Info: file '.DS_Store' is ignored by default regular pattern '\..+'.

[2026-04-27T13:09:31.386] [DEBUG] debug-file - Info: file '.DS_Store' is ignored by default regular pattern '\..+'.

[2026-04-27T13:09:31.386] [DEBUG] debug-file - Info: file '.DS_Store' is ignored by default regular pattern '\..+'.
Info: GenericCompiler::CompileFiles

[2026-04-27T13:09:31.386] [DEBUG] debug-file - Info: file '.DS_Store' is ignored by default regular pattern '\..+'.

[2026-04-27T13:09:31.386] [DEBUG] debug-file - Info: file '.DS_Store' is ignored by default regular pattern '\..+'.

[2026-04-27T13:09:31.389] [DEBUG] debug-file - Info: GenericCompiler::CompileFiles

[2026-04-27T13:09:31.390] [DEBUG] debug-file - Info: file '.gitignore' is ignored by default regular pattern '\..+'.

[2026-04-27T13:09:31.394] [DEBUG] debug-file - Info: file '.DS_Store' is ignored by default regular pattern '\..+'.

[2026-04-27T13:09:31.394] [DEBUG] debug-file - Info: file '.DS_Store' is ignored by default regular pattern '\..+'.

[2026-04-27T13:09:31.394] [DEBUG] debug-file - Info: file '.DS_Store' is ignored by default regular pattern '\..+'.

[2026-04-27T13:09:31.395] [DEBUG] debug-file - Info: file '.DS_Store' is ignored by default regular pattern '\..+'.

[2026-04-27T13:09:31.396] [DEBUG] debug-file - Info: file '.DS_Store' is ignored by default regular pattern '\..+'.

[2026-04-27T13:09:31.404] [DEBUG] debug-file - Info: GenericCompiler::CompileFiles

[2026-04-27T13:09:31.497] [DEBUG] debug-file - Info: file '.DS_Store' is ignored by default regular pattern '\..+'.

[2026-04-27T13:09:31.499] [DEBUG] debug-file - Warning: 'button_cancel' conflict, first declared.
at /Volumes/Execute/Files/project/ame_new/archive_markdown_editor_hmos/app/ohos_hap/electron/src/main/resources/base/element/string.json
but declared again.
at /Volumes/Execute/Files/project/ame_new/archive_markdown_editor_hmos/app/ohos_hap/web_engine/src/main/resources/base/element/string.json
Warning: 'button_cancel' conflict, first declared.
at /Volumes/Execute/Files/project/ame_new/archive_markdown_editor_hmos/app/ohos_hap/electron/src/main/resources/en_US/element/string.json
but declared again.
at /Volumes/Execute/Files/project/ame_new/archive_markdown_editor_hmos/app/ohos_hap/web_engine/src/main/resources/en_US/element/string.json
Warning: 'button_cancel' conflict, first declared.
at /Volumes/Execute/Files/project/ame_new/archive_markdown_editor_hmos/app/ohos_hap/electron/src/main/resources/zh_CN/element/string.json
but declared again.
at /Volumes/Execute/Files/project/ame_new/archive_markdown_editor_hmos/app/ohos_hap/web_engine/src/main/resources/zh_CN/element/string.json
Warning: 'button_ok' conflict, first declared.
at /Volumes/Execute/Files/project/ame_new/archive_markdown_editor_hmos/app/ohos_hap/electron/src/main/resources/base/element/string.json
but declared again.
at /Volumes/Execute/Files/project/ame_new/archive_markdown_editor_hmos/app/ohos_hap/web_engine/src/main/resources/base/element/string.json
Warning: 'button_ok' conflict, first declared.
at /Volumes/Execute/Files/project/ame_new/archive_markdown_editor_hmos/app/ohos_hap/electron/src/main/resources/en_US/element/string.json
but declared again.
at /Volumes/Execute/Files/project/ame_new/archive_markdown_editor_hmos/app/ohos_hap/web_engine/src/main/resources/en_US/element/string.json
Warning: 'button_ok' conflict, first declared.
at /Volumes/Execute/Files/project/ame_new/archive_markdown_editor_hmos/app/ohos_hap/electron/src/main/resources/zh_CN/element/string.json
but declared again.
at /Volumes/Execute/Files/project/ame_new/archive_markdown_editor_hmos/app/ohos_hap/web_engine/src/main/resources/zh_CN/element/string.json
Warning: 'button_background' conflict, first declared.
at /Volumes/Execute/Files/project/ame_new/archive_markdown_editor_hmos/app/ohos_hap/electron/src/main/resources/base/element/color.json
but declared again.
at /Volumes/Execute/Files/project/ame_new/archive_markdown_editor_hmos/app/ohos_hap/web_engine/src/main/resources/base/element/color.json
Warning: 'button_font' conflict, first declared.
at /Volumes/Execute/Files/project/ame_new/archive_markdown_editor_hmos/app/ohos_hap/electron/src/main/resources/base/element/color.json
but declared again.
at /Volumes/Execute/Files/project/ame_new/archive_markdown_editor_hmos/app/ohos_hap/web_engine/src/main/resources/base/element/color.json
Warning: 'checkbox_selected' conflict, first declared.
at /Volumes/Execute/Files/project/ame_new/archive_markdown_editor_hmos/app/ohos_hap/electron/src/main/resources/base/element/color.json
but declared again.
at /Volumes/Execute/Files/project/ame_new/archive_markdown_editor_hmos/app/ohos_hap/web_engine/src/main/resources/base/element/color.json
Warning: 'start_window_background' conflict, first declared.
at /Volumes/Execute/Files/project/ame_new/archive_markdown_editor_hmos/app/ohos_hap/electron/src/main/resources/base/element/color.json
but declared again.
at /Volumes/Execute/Files/project/ame_new/archive_markdown_editor_hmos/app/ohos_hap/web_engine/src/main/resources/base/element/color.json

[2026-04-27T13:09:31.503] [DEBUG] debug-file - 04-27 13:09:31.503  3003 27818154 E C01400/ImageTranscoderUtils: DecodeToRGBA IN
04-27 13:09:31.503  3003 27818154 E C01400/ImageTranscoderUtils: ImageFilter IN /Volumes/Execute/Files/project/ame_new/archive_markdown_editor_hmos/app/ohos_hap/AppScope/resources/base/media/app_icon.png

[2026-04-27T13:09:31.510] [DEBUG] debug-file - 04-27 13:09:31.509  3003 27818154 E C01400/ImageTranscoder: TranscodeSLR ScalePixelsWithSLR failed

[2026-04-27T13:09:31.510] [DEBUG] debug-file - Warning: ScaleImage failed, file path = /Volumes/Execute/Files/project/ame_new/archive_markdown_editor_hmos/app/ohos_hap/AppScope/resources/base/media/app_icon.png

[2026-04-27T13:09:31.511] [DEBUG] debug-file - Warning: The width or height of the png file referenced by the icon exceeds the limit (41 pixels)
at /Volumes/Execute/Files/project/ame_new/archive_markdown_editor_hmos/app/ohos_hap/AppScope/resources/base/media/app_icon.png

[2026-04-27T13:09:31.511] [DEBUG] debug-file - Warning: The width or height of the png file referenced by the startWindowIcon exceeds the limit (144 pixels)
at /Volumes/Execute/Files/project/ame_new/archive_markdown_editor_hmos/app/ohos_hap/AppScope/resources/base/media/app_icon.png
Warning: The width or height of the png file referenced by the startWindowIcon exceeds the limit (144 pixels)
at /Volumes/Execute/Files/project/ame_new/archive_markdown_editor_hmos/app/ohos_hap/AppScope/resources/base/media/startIcon.png

[2026-04-27T13:09:31.719] [DEBUG] debug-file - Info: restool resources compile success.

[2026-04-27T13:09:31.719] [DEBUG] debug-file - Info: thread pool is stopped

[2026-04-27T13:09:31.721] [DEBUG] debug-file - electron : default@CompileResource cost memory 2.6668319702148438
[2026-04-27T13:09:31.721] [DEBUG] debug-file - runTaskFromQueue task cost before running: 624 ms 
[2026-04-27T13:09:31.721] [INFO] debug-file - Finished :electron:default@CompileResource... after 391 ms 
[2026-04-27T13:09:31.721] [DEBUG] debug-file - Executing task :electron:default@BuildNativeWithNinja
[2026-04-27T13:09:31.721] [DEBUG] debug-file - electron : default@BuildNativeWithNinja cost memory 0.0930938720703125
[2026-04-27T13:09:31.721] [DEBUG] debug-file - runTaskFromQueue task cost before running: 625 ms 
[2026-04-27T13:09:31.722] [INFO] debug-file - Finished :electron:default@BuildNativeWithNinja... after 1 ms 
[2026-04-27T13:09:31.722] [DEBUG] debug-file - Executing task :electron:default@CompileArkTS
[2026-04-27T13:09:31.723] [DEBUG] debug-file - Obtain build option for module 'web_engine' target 'default'in this build.
[2026-04-27T13:09:31.723] [DEBUG] debug-file - Collect obfuscation config from library web_engine.
[2026-04-27T13:09:31.723] [DEBUG] debug-file - obfuscationOptions: {"selfConfig":{"ruleOptions":{"enable":false,"rules":[]},"consumerRules":[]},"sdkApis":[],"obfuscationCacheDir":"/Volumes/Execute/Files/project/ame_new/archive_markdown_editor_hmos/app/ohos_hap/electron/build/default/cache/default/default@CompileArkTS/esmodule/release/obfuscation","exportRulePath":"/Volumes/Execute/Files/project/ame_new/archive_markdown_editor_hmos/app/ohos_hap/electron/build/default/intermediates/obfuscation/default/obfuscation.txt","dependencies":{"libraries":[{"ruleOptions":{"enable":false,"rules":[]},"consumerRules":["/Volumes/Execute/Files/project/ame_new/archive_markdown_editor_hmos/app/ohos_hap/web_engine/consumer-rules.txt"],"libDir":"/Volumes/Execute/Files/project/ame_new/archive_markdown_editor_hmos/app/ohos_hap/web_engine"}],"hspLibraries":[],"hars":[],"hsps":[]}}
[2026-04-27T13:09:31.724] [DEBUG] debug-file - Task 'electron:default@CompileArkTS' cost while wrapping incremental declarations: 1 ms 
[2026-04-27T13:09:31.725] [DEBUG] debug-file - electron:default@CompileArkTS is not up-to-date, since the input file '/Volumes/Execute/Files/project/ame_new/archive_markdown_editor_hmos/app/ohos_hap/electron/build/default/intermediates/loader/default' has been changed.
[2026-04-27T13:09:31.725] [DEBUG] debug-file - Incremental task electron:default@CompileArkTS pre-execution cost: 1 ms .
[2026-04-27T13:09:31.727] [DEBUG] debug-file - build config:
[2026-04-27T13:09:31.727] [DEBUG] debug-file - {
  moduleType: 'entry',
  perf: 0,
  targetName: '.default',
  packageManagerType: 'ohpm',
  localPropertiesPath: '/Volumes/Execute/Files/project/ame_new/archive_markdown_editor_hmos/app/ohos_hap/local.properties',
  isPreview: false,
  isOhosTest: false,
  isLocalTest: false,
  buildMode: 'Release',
  hotReloadBuild: undefined,
  watchMode: 'false',
  aceProfilePath: '/Volumes/Execute/Files/project/ame_new/archive_markdown_editor_hmos/app/ohos_hap/electron/build/default/intermediates/res/default/resources/base/profile',
  etsLoaderPath: '/Volumes/Execute/Apps/DevEco-Studio.app/Contents/sdk/default/openharmony/ets/build-tools/ets-loader',
  modulePath: '/Volumes/Execute/Files/project/ame_new/archive_markdown_editor_hmos/app/ohos_hap/electron',
  testFrameworkPar: {
    testMode: undefined,
    coveragePathFilter: undefined,
    coverageMode: undefined
  },
  needCoverageInsert: false,
  debugLine: false,
  projectTopDir: '/Volumes/Execute/Files/project/ame_new/archive_markdown_editor_hmos/app/ohos_hap',
  compileSdkVersion: 22,
  compatibleSdkVersion: 17,
  originCompatibleSdkVersion: '5.0.5(17)',
  compatibleSdkVersionStage: undefined,
  bundleName: 'c***e',
  etsLoaderVersion: '6.0.2.130',
  etsLoaderReleaseType: 'Release',
  aotCompileMode: 'type',
  apPath: '/Volumes/Execute/Files/project/ame_new/archive_markdown_editor_hmos/app/ohos_hap/electron/modules.ap',
  entryModuleName: 'electron',
  entryModuleVersion: '1.0.0',
  entryPackageName: 'electron',
  allModuleNameHash: 'c503cbf1e478d9db557500a4330499f2b3cc403d4d5bc6926215d507684cd215',
  externalApiPaths: [
    '/Volumes/Execute/Apps/DevEco-Studio.app/Contents/sdk/default/hms/ets'
  ],
  compilerTypes: [],
  isCrossplatform: false,
  hvigorPluginFile: undefined,
  compilePluginPath: undefined,
  buildGeneratedProfilePath: '/Volumes/Execute/Files/project/ame_new/archive_markdown_editor_hmos/app/ohos_hap/electron/build/default/generated/profile/default',
  bundleType: 'app',
  arkTSVersion: undefined,
  apiVersion: 22,
  needCompleteSourcesMap: false,
  isFaMode: false,
  buildDir: '/Volumes/Execute/Files/project/ame_new/archive_markdown_editor_hmos/app/ohos_hap/electron/build',
  deviceTypes: [ '2in1', 'tablet' ],
  pkgContextInfo: undefined,
  ohPackagePathMap: {},
  dependencyAliasMap: {},
  permission: { requestPermissions: undefined, definePermissions: undefined },
  useGetCurrentBundleName: false,
  projectArkOption: { obfuscation: { ruleOptions: [Object], consumerRules: [] } },
  sourceMapDir: undefined,
  branchElimination: false,
  transformLib: undefined,
  tsImportSendable: false,
  resolveConflictMode: true,
  depName2RootPath: {},
  depName2DepInfo: {},
  rootPathSet: [
    '/Volumes/Execute/Files/project/ame_new/archive_markdown_editor_hmos/app/ohos_hap'
  ],
  useNativeResolver: true,
  shouldEmitJs: true,
  useTscResolve: false,
  singleFileEmit: false,
  userProjectConfig: {
    autoLazyImport: false,
    allowEmptyBundleName: false,
    reExportCheckMode: 'noCheck',
    executionMode: 'memory',
    usePathPlaceholder: false,
    writeRollupCache: true,
    isExpandImportEnabled: false,
    expandImportExclude: '',
    lazyImportExclude: '',
    lazyImportInclude: '',
    ignoreCrossplatformCheck: false,
    isHarDeduplicateEnabled: false,
    skipOhModulesLint: false,
    enableStrictCheckOHModule: false,
    disableSendableCheckRules: [],
    useDeclarationFileSignature: false,
    customizedOptions: undefined,
    integratedHsp: false,
    isPreloadSoEnabled: false
  },
  executionMode: 'memory',
  arkCompileCachePath: '/Volumes/Execute/Files/project/ame_new/archive_markdown_editor_hmos/app/ohos_hap/electron/build/default/cache/default/default@CompileArkTS/esmodule',
  autoLazyFilter: undefined,
  isHarDeduplicateEnabled: false,
  intermediateHarDuplicateDirPath: '/Volumes/Execute/Files/project/ame_new/archive_markdown_editor_hmos/app/ohos_hap/electron/build/default/intermediates/har_duplicate/default',
  autoLazyImport: false,
  allowEmptyBundleName: false,
  reExportCheckMode: 'noCheck',
  usePathPlaceholder: false,
  writeRollupCache: true,
  isExpandImportEnabled: false,
  expandImportExclude: '',
  lazyImportExclude: '',
  lazyImportInclude: '',
  ignoreCrossplatformCheck: false,
  skipOhModulesLint: false,
  enableStrictCheckOHModule: false,
  disableSendableCheckRules: [],
  useDeclarationFileSignature: false,
  customizedOptions: undefined,
  integratedHsp: false,
  isPreloadSoEnabled: false,
  strictMode: undefined,
  useNormalizedOHMUrl: false,
  caseSensitiveCheck: false,
  aceModuleJsonPath: '/Volumes/Execute/Files/project/ame_new/archive_markdown_editor_hmos/app/ohos_hap/electron/build/default/intermediates/res/default/ark_module.json',
  appResource: '/Volumes/Execute/Files/project/ame_new/archive_markdown_editor_hmos/app/ohos_hap/electron/build/default/intermediates/res/default/ResourceTable.txt',
  rawFileResource: '/Volumes/Execute/Files/project/ame_new/archive_markdown_editor_hmos/app/ohos_hap/electron/build/default/intermediates/res/default/resources/rawfile',
  resourceTableHash: 'dce11a0fda50dd87b812987e9902c0dacdc7bec2b3bdcc197605fe2e17a89112',
  runtimeOS: 'HarmonyOS',
  sdkInfo: 'false:22:6.0.2.130:Release',
  aceModuleRoot: '/Volumes/Execute/Files/project/ame_new/archive_markdown_editor_hmos/app/ohos_hap/electron/src/main/ets',
  compileMode: 'esmodule',
  aceSuperVisualPath: '/Volumes/Execute/Files/project/ame_new/archive_markdown_editor_hmos/app/ohos_hap/electron/src/main/supervisual',
  aceBuildJson: '/Volumes/Execute/Files/project/ame_new/archive_markdown_editor_hmos/app/ohos_hap/electron/build/default/intermediates/loader/default/loader.json',
  cachePath: '/Volumes/Execute/Files/project/ame_new/archive_markdown_editor_hmos/app/ohos_hap/electron/build/default/cache/default/default@CompileArkTS/esmodule/release',
  aceModuleBuild: '/Volumes/Execute/Files/project/ame_new/archive_markdown_editor_hmos/app/ohos_hap/electron/build/default/intermediates/loader_out/default/ets',
  supportChunks: true,
  declaredFilesPath: undefined,
  shouldCollectDirectImportees: false,
  isByteCodeHarOptimize: false,
  expandImportPath: undefined,
  pkgNameToPkgBriefInfo: {
    web_engine: {
      pkgRoot: '/Volumes/Execute/Files/project/ame_new/archive_markdown_editor_hmos/app/ohos_hap/web_engine',
      pkgName: 'web_engine',
      sourceRoots: [Array],
      originalSourceRoots: undefined
    },
    electron: {
      pkgRoot: '/Volumes/Execute/Files/project/ame_new/archive_markdown_editor_hmos/app/ohos_hap/electron',
      originalSourceRoots: undefined,
      sourceRoots: [Array],
      pkgName: 'electron'
    }
  },
  projectModel: {
    '/Volumes/Execute/Files/project/ame_new/archive_markdown_editor_hmos/app/ohos_hap/electron/src/main': {
      moduleName: 'electron',
      modulePkgPath: '/Volumes/Execute/Files/project/ame_new/archive_markdown_editor_hmos/app/ohos_hap/electron',
      belongProjectPath: '/Volumes/Execute/Files/project/ame_new/archive_markdown_editor_hmos/app/ohos_hap'
    },
    '/Volumes/Execute/Files/project/ame_new/archive_markdown_editor_hmos/app/ohos_hap/electron/src/ohosTest': {
      moduleName: 'pc_test',
      modulePkgPath: '/Volumes/Execute/Files/project/ame_new/archive_markdown_editor_hmos/app/ohos_hap/electron',
      belongProjectPath: '/Volumes/Execute/Files/project/ame_new/archive_markdown_editor_hmos/app/ohos_hap'
    },
    '/Volumes/Execute/Files/project/ame_new/archive_markdown_editor_hmos/app/ohos_hap/electron': {
      moduleName: 'electron',
      modulePkgPath: '/Volumes/Execute/Files/project/ame_new/archive_markdown_editor_hmos/app/ohos_hap/electron',
      belongProjectPath: '/Volumes/Execute/Files/project/ame_new/archive_markdown_editor_hmos/app/ohos_hap'
    },
    '/Volumes/Execute/Files/project/ame_new/archive_markdown_editor_hmos/app/ohos_hap/web_engine/src/main': {
      moduleName: 'web_engine',
      modulePkgPath: '/Volumes/Execute/Files/project/ame_new/archive_markdown_editor_hmos/app/ohos_hap/web_engine',
      belongProjectPath: '/Volumes/Execute/Files/project/ame_new/archive_markdown_editor_hmos/app/ohos_hap'
    },
    '/Volumes/Execute/Files/project/ame_new/archive_markdown_editor_hmos/app/ohos_hap/web_engine': {
      moduleName: 'web_engine',
      modulePkgPath: '/Volumes/Execute/Files/project/ame_new/archive_markdown_editor_hmos/app/ohos_hap/web_engine',
      belongProjectPath: '/Volumes/Execute/Files/project/ame_new/archive_markdown_editor_hmos/app/ohos_hap'
    },
    '/Volumes/Execute/Files/project/ame_new/archive_markdown_editor_hmos/app/ohos_hap': {
      moduleName: 'ohos_hap',
      modulePkgPath: '/Volumes/Execute/Files/project/ame_new/archive_markdown_editor_hmos/app/ohos_hap',
      belongProjectPath: '/Volumes/Execute/Files/project/ame_new/archive_markdown_editor_hmos/app/ohos_hap'
    }
  },
  pkgJsonFileHash: 'f6d8073aecc963b599bf70929903f7aaaac384c9b551b76f9e212309d6c0eca0',
  allModulePaths: [
    '/Volumes/Execute/Files/project/ame_new/archive_markdown_editor_hmos/app/ohos_hap/electron',
    '/Volumes/Execute/Files/project/ame_new/archive_markdown_editor_hmos/app/ohos_hap/web_engine'
  ],
  routerMap: {},
  obfuscationOptions: {
    selfConfig: { ruleOptions: [Object], consumerRules: [] },
    sdkApis: [],
    obfuscationCacheDir: '/Volumes/Execute/Files/project/ame_new/archive_markdown_editor_hmos/app/ohos_hap/electron/build/default/cache/default/default@CompileArkTS/esmodule/release/obfuscation',
    exportRulePath: '/Volumes/Execute/Files/project/ame_new/archive_markdown_editor_hmos/app/ohos_hap/electron/build/default/intermediates/obfuscation/default/obfuscation.txt',
    dependencies: { libraries: [Array], hspLibraries: [], hars: [], hsps: [] }
  },
  byteCodeHarToDependencyKeys: undefined,
  compileBlockPkg: [],
  mockParams: {
    decorator: '@MockSetup',
    packageName: '@ohos/hamock',
    etsSourceRootPath: 'src/main/ets',
    mockConfigPath: undefined,
    mockConfigKey2ModuleInfo: {},
    source2ModuleIdMap: {}
  },
  copyCodeResourceEnable: true,
  copyCodeResourceExcludes: [],
  copyCodeResourceIncludes: undefined,
  uiTransformOptimization: false,
  sdkPath: '/Volumes/Execute/Apps/DevEco-Studio.app/Contents/sdk',
  needPreloadSoFileSet: {},
  preloadSoFilePath: '/Volumes/Execute/Files/project/ame_new/archive_markdown_editor_hmos/app/ohos_hap/electron/build/default/intermediates/preload/default/preload.json',
  useSourceHash: false,
  localModuleParamMap: {},
  otherPaths: {
    'web_engine/*': [
      '../../../../web_engine/src/main/*',
      '../../../../web_engine/build/default/generated/profile/default/*'
    ],
    'electron/*': [ '../*', '../../../build/default/generated/profile/default/*' ]
  },
  collectImportersConfig: undefined
}
[2026-04-27T13:09:31.727] [DEBUG] debug-file - Compile arkts with external api path: /Volumes/Execute/Apps/DevEco-Studio.app/Contents/sdk/default/hms/ets
[2026-04-27T13:09:31.728] [DEBUG] debug-file - default@CompileArkTS work[4] is submitted.
[2026-04-27T13:09:31.728] [DEBUG] debug-file - default@CompileArkTS work[4] is pushed to ready queue.
[2026-04-27T13:09:31.728] [DEBUG] debug-file - A work dispatched to worker[9] failed because unable to get work from ready queue.
[2026-04-27T13:09:31.728] [DEBUG] debug-file - A work dispatched to worker[8] failed because unable to get work from ready queue.
[2026-04-27T13:09:31.728] [DEBUG] debug-file - A work dispatched to worker[7] failed because unable to get work from ready queue.
[2026-04-27T13:09:31.728] [DEBUG] debug-file - A work dispatched to worker[6] failed because unable to get work from ready queue.
[2026-04-27T13:09:31.728] [DEBUG] debug-file - A work dispatched to worker[5] failed because unable to get work from ready queue.
[2026-04-27T13:09:31.728] [DEBUG] debug-file - Create  resident worker with id: 4.
[2026-04-27T13:09:31.728] [DEBUG] debug-file - default@CompileArkTS work[4] has been dispatched to worker[4].
[2026-04-27T13:09:31.728] [DEBUG] debug-file - default@CompileArkTS work[4] is dispatched.
[2026-04-27T13:09:31.728] [DEBUG] debug-file - CopyResources startTime: 762250496815375
[2026-04-27T13:09:31.728] [DEBUG] debug-file - default@CompileArkTS work[5] is submitted.
[2026-04-27T13:09:31.728] [DEBUG] debug-file - default@CompileArkTS work[5] is pushed to ready queue.
[2026-04-27T13:09:31.728] [DEBUG] debug-file - A work dispatched to worker[9] failed because unable to get work from ready queue.
[2026-04-27T13:09:31.728] [DEBUG] debug-file - Create  resident worker with id: 8.
[2026-04-27T13:09:31.728] [DEBUG] debug-file - default@CompileArkTS work[5] has been dispatched to worker[8].
[2026-04-27T13:09:31.728] [DEBUG] debug-file - default@CompileArkTS work[5] is dispatched.
[2026-04-27T13:09:31.729] [DEBUG] debug-file - electron : default@CompileArkTS cost memory 1.8683395385742188
[2026-04-27T13:09:31.729] [DEBUG] debug-file - Executing task :electron:default@BuildJS
[2026-04-27T13:09:31.729] [DEBUG] debug-file - Task 'electron:default@BuildJS' cost while wrapping incremental declarations: 1 ms 
[2026-04-27T13:09:31.729] [DEBUG] debug-file - electron : default@BuildJS cost memory 0.13872528076171875
[2026-04-27T13:09:31.729] [DEBUG] debug-file - runTaskFromQueue task cost before running: 632 ms 
[2026-04-27T13:09:31.729] [INFO] debug-file - Finished :electron:default@BuildJS... after 1 ms 
[2026-04-27T13:09:31.729] [DEBUG] debug-file - Executing task :electron:default@ProcessLibs
[2026-04-27T13:09:31.730] [DEBUG] debug-file - electron:default@ProcessLibs is not up-to-date, since the output file '/Volumes/Execute/Files/project/ame_new/archive_markdown_editor_hmos/app/ohos_hap/electron/build/default/intermediates/libs/default' does not exist.
[2026-04-27T13:09:31.730] [DEBUG] debug-file - Incremental task electron:default@ProcessLibs pre-execution cost: 1 ms .
[2026-04-27T13:09:31.731] [DEBUG] debug-file - Worker dispatch failed, running processLibs on main thread.
[2026-04-27T13:09:31.731] [DEBUG] debug-file - Link /Volumes/Execute/Files/project/ame_new/archive_markdown_editor_hmos/app/ohos_hap/electron/libs/arm64-v8a/mdz_utils.node to /Volumes/Execute/Files/project/ame_new/archive_markdown_editor_hmos/app/ohos_hap/electron/build/default/intermediates/libs/default/arm64-v8a/mdz_utils.node successfully.
[2026-04-27T13:09:31.732] [DEBUG] debug-file - Link /Volumes/Execute/Files/project/ame_new/archive_markdown_editor_hmos/app/ohos_hap/electron/libs/arm64-v8a/libffmpeg.so to /Volumes/Execute/Files/project/ame_new/archive_markdown_editor_hmos/app/ohos_hap/electron/build/default/intermediates/libs/default/arm64-v8a/libffmpeg.so successfully.
[2026-04-27T13:09:31.732] [DEBUG] debug-file - Link /Volumes/Execute/Files/project/ame_new/archive_markdown_editor_hmos/app/ohos_hap/electron/libs/arm64-v8a/libelectron.so to /Volumes/Execute/Files/project/ame_new/archive_markdown_editor_hmos/app/ohos_hap/electron/build/default/intermediates/libs/default/arm64-v8a/libelectron.so successfully.
[2026-04-27T13:09:31.732] [DEBUG] debug-file - Link /Volumes/Execute/Files/project/ame_new/archive_markdown_editor_hmos/app/ohos_hap/electron/libs/arm64-v8a/libc++_shared.so to /Volumes/Execute/Files/project/ame_new/archive_markdown_editor_hmos/app/ohos_hap/electron/build/default/intermediates/libs/default/arm64-v8a/libc++_shared.so successfully.
[2026-04-27T13:09:31.733] [DEBUG] debug-file - Link /Volumes/Execute/Files/project/ame_new/archive_markdown_editor_hmos/app/ohos_hap/electron/libs/arm64-v8a/libadapter.so to /Volumes/Execute/Files/project/ame_new/archive_markdown_editor_hmos/app/ohos_hap/electron/build/default/intermediates/libs/default/arm64-v8a/libadapter.so successfully.
[2026-04-27T13:09:31.733] [DEBUG] debug-file - Link /Volumes/Execute/Files/project/ame_new/archive_markdown_editor_hmos/app/ohos_hap/electron/libs/arm64-v8a/better_sqlite3.node to /Volumes/Execute/Files/project/ame_new/archive_markdown_editor_hmos/app/ohos_hap/electron/build/default/intermediates/libs/default/arm64-v8a/better_sqlite3.node successfully.
[2026-04-27T13:09:31.733] [DEBUG] debug-file - Link /Volumes/Execute/Files/project/ame_new/archive_markdown_editor_hmos/app/ohos_hap/electron/libs/arm64-v8a/7z.so to /Volumes/Execute/Files/project/ame_new/archive_markdown_editor_hmos/app/ohos_hap/electron/build/default/intermediates/libs/default/arm64-v8a/7z.so successfully.
[2026-04-27T13:09:31.733] [DEBUG] debug-file - electron : default@ProcessLibs cost memory 0.705413818359375
[2026-04-27T13:09:31.733] [DEBUG] debug-file - runTaskFromQueue task cost before running: 636 ms 
[2026-04-27T13:09:31.733] [INFO] debug-file - Finished :electron:default@ProcessLibs... after 4 ms 
[2026-04-27T13:09:31.733] [DEBUG] debug-file - Executing task :electron:default@DoNativeStrip
[2026-04-27T13:09:31.734] [DEBUG] debug-file - Task 'electron:default@DoNativeStrip' cost while wrapping incremental declarations: 1 ms 
[2026-04-27T13:09:31.734] [DEBUG] debug-file - electron:default@DoNativeStrip is not up-to-date, since the output file '/Volumes/Execute/Files/project/ame_new/archive_markdown_editor_hmos/app/ohos_hap/electron/build/default/intermediates/stripped_native_libs/default' does not exist.
[2026-04-27T13:09:31.734] [DEBUG] debug-file - Incremental task electron:default@DoNativeStrip pre-execution cost: 1 ms .
[2026-04-27T13:09:31.734] [DEBUG] debug-file - default@DoNativeStrip work[6] is submitted.
[2026-04-27T13:09:31.734] [DEBUG] debug-file - default@DoNativeStrip work[6] is pushed to ready queue.
[2026-04-27T13:09:31.734] [DEBUG] debug-file - A work dispatched to worker[9] failed because unable to get work from ready queue.
[2026-04-27T13:09:31.734] [DEBUG] debug-file - A work dispatched to worker[8] failed because of worker busy.
[2026-04-27T13:09:31.734] [DEBUG] debug-file - Create  resident worker with id: 7.
[2026-04-27T13:09:31.735] [DEBUG] debug-file - default@DoNativeStrip work[6] has been dispatched to worker[7].
[2026-04-27T13:09:31.735] [DEBUG] debug-file - default@DoNativeStrip work[6] is dispatched.
[2026-04-27T13:09:31.735] [DEBUG] debug-file - electron : default@DoNativeStrip cost memory 0.30101776123046875
[2026-04-27T13:09:31.945] [DEBUG] debug-file - worker[8] has one work done.
[2026-04-27T13:09:31.945] [DEBUG] debug-file - CopyResources is end, endTime: 762250713779750
[2026-04-27T13:09:31.945] [DEBUG] debug-file - default@CompileArkTS work[5] done.
[2026-04-27T13:09:31.945] [DEBUG] debug-file - A work dispatched to worker[8] failed because unable to get work from ready queue.
[2026-04-27T13:09:31.998] [DEBUG] debug-file - current process  memoryUsage: {
  rss: 524599296,
  heapTotal: 81559552,
  heapUsed: 57390232,
  external: 2603518,
  arrayBuffers: 450064
} os memoryUsage :14.919647216796875
[2026-04-27T13:09:32.000] [DEBUG] debug-file - current process  memoryUsage: {
  rss: 524976128,
  heapTotal: 81559552,
  heapUsed: 57509568,
  external: 2605606,
  arrayBuffers: 450064
} os memoryUsage :14.919143676757812
[2026-04-27T13:09:32.001] [DEBUG] debug-file - current process  memoryUsage: {
  rss: 525156352,
  heapTotal: 81821696,
  heapUsed: 57787664,
  external: 2605606,
  arrayBuffers: 450064
} os memoryUsage :14.9189453125
[2026-04-27T13:09:32.001] [DEBUG] debug-file - current process  memoryUsage: {
  rss: 525221888,
  heapTotal: 81821696,
  heapUsed: 57855064,
  external: 2605606,
  arrayBuffers: 450064
} os memoryUsage :14.918426513671875
[2026-04-27T13:09:32.002] [DEBUG] debug-file - current process  memoryUsage: {
  rss: 525451264,
  heapTotal: 81821696,
  heapUsed: 57922672,
  external: 2605606,
  arrayBuffers: 450064
} os memoryUsage :14.91766357421875
[2026-04-27T13:09:32.002] [DEBUG] debug-file - current process  memoryUsage: {
  rss: 525565952,
  heapTotal: 81821696,
  heapUsed: 57990216,
  external: 2605606,
  arrayBuffers: 450064
} os memoryUsage :14.92498779296875
[2026-04-27T13:09:32.003] [DEBUG] debug-file - current process  memoryUsage: {
  rss: 525664256,
  heapTotal: 81821696,
  heapUsed: 58063440,
  external: 2605606,
  arrayBuffers: 450064
} os memoryUsage :14.94775390625
[2026-04-27T13:09:32.102] [DEBUG] debug-file - worker[7] has one work done.
[2026-04-27T13:09:32.102] [DEBUG] debug-file - default@DoNativeStrip work[6] done.
[2026-04-27T13:09:32.102] [DEBUG] debug-file - A work dispatched to worker[7] failed because unable to get work from ready queue.
[2026-04-27T13:09:32.102] [INFO] debug-file - Finished :electron:default@DoNativeStrip... after 112 ms 
[2026-04-27T13:09:32.102] [DEBUG] debug-file - Executing task :electron:default@CacheNativeLibs
[2026-04-27T13:09:32.102] [DEBUG] debug-file - Task 'electron:default@CacheNativeLibs' cost while wrapping incremental declarations: 1 ms 
[2026-04-27T13:09:32.103] [DEBUG] debug-file - electron:default@CacheNativeLibs is not up-to-date, since the input file '/Volumes/Execute/Files/project/ame_new/archive_markdown_editor_hmos/app/ohos_hap/electron/build/default/intermediates/stripped_native_libs/default' has been changed.
[2026-04-27T13:09:32.103] [DEBUG] debug-file - Incremental task electron:default@CacheNativeLibs pre-execution cost: 1 ms .
[2026-04-27T13:09:32.103] [DEBUG] debug-file - default@CacheNativeLibs work[7] is submitted.
[2026-04-27T13:09:32.103] [DEBUG] debug-file - default@CacheNativeLibs work[7] is pushed to ready queue.
[2026-04-27T13:09:32.103] [DEBUG] debug-file - A work dispatched to worker[9] failed because unable to get work from ready queue.
[2026-04-27T13:09:32.103] [DEBUG] debug-file - default@CacheNativeLibs work[7] has been dispatched to worker[8].
[2026-04-27T13:09:32.103] [DEBUG] debug-file - default@CacheNativeLibs work[7] is dispatched.
[2026-04-27T13:09:32.103] [DEBUG] debug-file - electron : default@CacheNativeLibs cost memory 0.16477203369140625
[2026-04-27T13:09:32.121] [DEBUG] debug-file - worker[8] has one work done.
[2026-04-27T13:09:32.121] [DEBUG] debug-file - default@CacheNativeLibs work[7] done.
[2026-04-27T13:09:32.121] [DEBUG] debug-file - A work dispatched to worker[8] failed because unable to get work from ready queue.
[2026-04-27T13:09:32.121] [INFO] debug-file - Finished :electron:default@CacheNativeLibs... after 2 ms 
[2026-04-27T13:09:36.541] [WARN] debug-file - [33mWARN: [33m[33mArkTS:WARN File: /Volumes/Execute/Files/project/ame_new/archive_markdown_editor_hmos/app/ohos_hap/web_engine/src/main/ets/adapter/DeviceInfoAdapter.ets:47:55
 Classes cannot be used as objects (arkts-no-classes-as-obj)
[39m[39m
[33mWARN: [33m[33mArkTS:WARN File: /Volumes/Execute/Files/project/ame_new/archive_markdown_editor_hmos/app/ohos_hap/web_engine/src/main/ets/jsbindings/AccessibilityAdapterBind.ets:11:29
 Classes cannot be used as objects (arkts-no-classes-as-obj)
[39m[39m
[33mWARN: [33m[33mArkTS:WARN File: /Volumes/Execute/Files/project/ame_new/archive_markdown_editor_hmos/app/ohos_hap/web_engine/src/main/ets/jsbindings/AppLifecycleAdapterBind.ets:11:29
 Classes cannot be used as objects (arkts-no-classes-as-obj)
[39m[39m
[33mWARN: [33m[33mArkTS:WARN File: /Volumes/Execute/Files/project/ame_new/archive_markdown_editor_hmos/app/ohos_hap/web_engine/src/main/ets/jsbindings/AppWindowAdapterBind.ets:13:29
 Classes cannot be used as objects (arkts-no-classes-as-obj)
[39m[39m
[33mWARN: [33m[33mArkTS:WARN File: /Volumes/Execute/Files/project/ame_new/archive_markdown_editor_hmos/app/ohos_hap/web_engine/src/main/ets/jsbindings/BluetoothAdapterBind.ets:10:29
 Classes cannot be used as objects (arkts-no-classes-as-obj)
[39m[39m
[33mWARN: [33m[33mArkTS:WARN File: /Volumes/Execute/Files/project/ame_new/archive_markdown_editor_hmos/app/ohos_hap/web_engine/src/main/ets/jsbindings/BluetoothLowEnergyAdapterBind.ets:17:29
 Classes cannot be used as objects (arkts-no-classes-as-obj)
[39m[39m
[33mWARN: [33m[33mArkTS:WARN File: /Volumes/Execute/Files/project/ame_new/archive_markdown_editor_hmos/app/ohos_hap/web_engine/src/main/ets/jsbindings/BrowserPolicyAdapterBind.ets:10:29
 Classes cannot be used as objects (arkts-no-classes-as-obj)
[39m[39m
[33mWARN: [33m[33mArkTS:WARN File: /Volumes/Execute/Files/project/ame_new/archive_markdown_editor_hmos/app/ohos_hap/web_engine/src/main/ets/jsbindings/CertManagerAdapterBind.ets:10:29
 Classes cannot be used as objects (arkts-no-classes-as-obj)
[39m[39m
[33mWARN: [33m[33mArkTS:WARN File: /Volumes/Execute/Files/project/ame_new/archive_markdown_editor_hmos/app/ohos_hap/web_engine/src/main/ets/jsbindings/ContextAdapterBind.ets:11:21
 Classes cannot be used as objects (arkts-no-classes-as-obj)
[39m[39m
[33mWARN: [33m[33mArkTS:WARN File: /Volumes/Execute/Files/project/ame_new/archive_markdown_editor_hmos/app/ohos_hap/web_engine/src/main/ets/jsbindings/ContextPathAdapterBind.ets:10:29
 Classes cannot be used as objects (arkts-no-classes-as-obj)
[39m[39m
[33mWARN: [33m[33mArkTS:WARN File: /Volumes/Execute/Files/project/ame_new/archive_markdown_editor_hmos/app/ohos_hap/web_engine/src/main/ets/jsbindings/CursorAdapterBind.ets:10:29
 Classes cannot be used as objects (arkts-no-classes-as-obj)
[39m[39m
[33mWARN: [33m[33mArkTS:WARN File: /Volumes/Execute/Files/project/ame_new/archive_markdown_editor_hmos/app/ohos_hap/web_engine/src/main/ets/jsbindings/DeviceAdapterBind.ets:11:29
 Classes cannot be used as objects (arkts-no-classes-as-obj)
[39m[39m
[33mWARN: [33m[33mArkTS:WARN File: /Volumes/Execute/Files/project/ame_new/archive_markdown_editor_hmos/app/ohos_hap/web_engine/src/main/ets/jsbindings/DeviceUserAuthAdapterBind.ets:10:29
 Classes cannot be used as objects (arkts-no-classes-as-obj)
[39m[39m
[33mWARN: [33m[33mArkTS:WARN File: /Volumes/Execute/Files/project/ame_new/archive_markdown_editor_hmos/app/ohos_hap/web_engine/src/main/ets/jsbindings/DialogAdapterBind.ets:10:29
 Classes cannot be used as objects (arkts-no-classes-as-obj)
[39m[39m
[33mWARN: [33m[33mArkTS:WARN File: /Volumes/Execute/Files/project/ame_new/archive_markdown_editor_hmos/app/ohos_hap/web_engine/src/main/ets/jsbindings/DisplayAdapterBind.ets:10:29
 Classes cannot be used as objects (arkts-no-classes-as-obj)
[39m[39m
[33mWARN: [33m[33mArkTS:WARN File: /Volumes/Execute/Files/project/ame_new/archive_markdown_editor_hmos/app/ohos_hap/web_engine/src/main/ets/jsbindings/DragDropAdapterBind.ets:11:29
 Classes cannot be used as objects (arkts-no-classes-as-obj)
[39m[39m
[33mWARN: [33m[33mArkTS:WARN File: /Volumes/Execute/Files/project/ame_new/archive_markdown_editor_hmos/app/ohos_hap/web_engine/src/main/ets/jsbindings/ElectronAppAdapterBind.ets:10:29
 Classes cannot be used as objects (arkts-no-classes-as-obj)
[39m[39m
[33mWARN: [33m[33mArkTS:WARN File: /Volumes/Execute/Files/project/ame_new/archive_markdown_editor_hmos/app/ohos_hap/web_engine/src/main/ets/jsbindings/EtsBridgeAdapterBind.ets:27:31
 Classes cannot be used as objects (arkts-no-classes-as-obj)
[39m[39m
[33mWARN: [33m[33mArkTS:WARN File: /Volumes/Execute/Files/project/ame_new/archive_markdown_editor_hmos/app/ohos_hap/web_engine/src/main/ets/jsbindings/FileManagerAdapterBind.ets:10:29
 Classes cannot be used as objects (arkts-no-classes-as-obj)
[39m[39m
[33mWARN: [33m[33mArkTS:WARN File: /Volumes/Execute/Files/project/ame_new/archive_markdown_editor_hmos/app/ohos_hap/web_engine/src/main/ets/jsbindings/FilePickerAdapterBind.ets:11:29
 Classes cannot be used as objects (arkts-no-classes-as-obj)
[39m[39m
[33mWARN: [33m[33mArkTS:WARN File: /Volumes/Execute/Files/project/ame_new/archive_markdown_editor_hmos/app/ohos_hap/web_engine/src/main/ets/jsbindings/FontAdapterBind.ets:10:29
 Classes cannot be used as objects (arkts-no-classes-as-obj)
[39m[39m
[33mWARN: [33m[33mArkTS:WARN File: /Volumes/Execute/Files/project/ame_new/archive_markdown_editor_hmos/app/ohos_hap/web_engine/src/main/ets/jsbindings/I18nAdapterBind.ets:10:29
 Classes cannot be used as objects (arkts-no-classes-as-obj)
[39m[39m
[33mWARN: [33m[33mArkTS:WARN File: /Volumes/Execute/Files/project/ame_new/archive_markdown_editor_hmos/app/ohos_hap/web_engine/src/main/ets/jsbindings/IMFAdapterBind.ets:14:29
 Classes cannot be used as objects (arkts-no-classes-as-obj)
[39m[39m
[33mWARN: [33m[33mArkTS:WARN File: /Volumes/Execute/Files/project/ame_new/archive_markdown_editor_hmos/app/ohos_hap/web_engine/src/main/ets/jsbindings/MediaAdapterBind.ets:10:29
 Classes cannot be used as objects (arkts-no-classes-as-obj)
[39m[39m
[33mWARN: [33m[33mArkTS:WARN File: /Volumes/Execute/Files/project/ame_new/archive_markdown_editor_hmos/app/ohos_hap/web_engine/src/main/ets/jsbindings/MimeTypeAdapterBind.ets:10:29
 Classes cannot be used as objects (arkts-no-classes-as-obj)
[39m[39m
[33mWARN: [33m[33mArkTS:WARN File: /Volumes/Execute/Files/project/ame_new/archive_markdown_editor_hmos/app/ohos_hap/web_engine/src/main/ets/jsbindings/NativeMessagingAdapterBind.ets:35:29
 Classes cannot be used as objects (arkts-no-classes-as-obj)
[39m[39m
[33mWARN: [33m[33mArkTS:WARN File: /Volumes/Execute/Files/project/ame_new/archive_markdown_editor_hmos/app/ohos_hap/web_engine/src/main/ets/jsbindings/NativeThemeAdapterBind.ets:11:29
 Classes cannot be used as objects (arkts-no-classes-as-obj)
[39m[39m
[33mWARN: [33m[33mArkTS:WARN File: /Volumes/Execute/Files/project/ame_new/archive_markdown_editor_hmos/app/ohos_hap/web_engine/src/main/ets/jsbindings/NotificationAdapterBind.ets:11:29
 Classes cannot be used as objects (arkts-no-classes-as-obj)
[39m[39m
[33mWARN: [33m[33mArkTS:WARN File: /Volumes/Execute/Files/project/ame_new/archive_markdown_editor_hmos/app/ohos_hap/web_engine/src/main/ets/jsbindings/PermissionManagerAdapterBind.ets:10:29
 Classes cannot be used as objects (arkts-no-classes-as-obj)
[39m[39m
[33mWARN: [33m[33mArkTS:WARN File: /Volumes/Execute/Files/project/ame_new/archive_markdown_editor_hmos/app/ohos_hap/web_engine/src/main/ets/jsbindings/PopupWindowAdapterBind.ets:11:29
 Classes cannot be used as objects (arkts-no-classes-as-obj)
[39m[39m
[33mWARN: [33m[33mArkTS:WARN File: /Volumes/Execute/Files/project/ame_new/archive_markdown_editor_hmos/app/ohos_hap/web_engine/src/main/ets/jsbindings/PrintAdapterBind.ets:10:29
 Classes cannot be used as objects (arkts-no-classes-as-obj)
[39m[39m
[33mWARN: [33m[33mArkTS:WARN File: /Volumes/Execute/Files/project/ame_new/archive_markdown_editor_hmos/app/ohos_hap/web_engine/src/main/ets/jsbindings/ProcessAdapterBind.ets:10:29
 Classes cannot be used as objects (arkts-no-classes-as-obj)
[39m[39m
[33mWARN: [33m[33mArkTS:WARN File: /Volumes/Execute/Files/project/ame_new/archive_markdown_editor_hmos/app/ohos_hap/web_engine/src/main/ets/jsbindings/RunningLockAdapterBind.ets:10:29
 Classes cannot be used as objects (arkts-no-classes-as-obj)
[39m[39m
[33mWARN: [33m[33mArkTS:WARN File: /Volumes/Execute/Files/project/ame_new/archive_markdown_editor_hmos/app/ohos_hap/web_engine/src/main/ets/jsbindings/ScreenshotAdapterBind.ets:11:29
 Classes cannot be used as objects (arkts-no-classes-as-obj)
[39m[39m
[33mWARN: [33m[33mArkTS:WARN File: /Volumes/Execute/Files/project/ame_new/archive_markdown_editor_hmos/app/ohos_hap/web_engine/src/main/ets/jsbindings/ShapeDetectionAdapterBind.ets:10:29
 Classes cannot be used as objects (arkts-no-classes-as-obj)
[39m[39m
[33mWARN: [33m[33mArkTS:WARN File: /Volumes/Execute/Files/project/ame_new/archive_markdown_editor_hmos/app/ohos_hap/web_engine/src/main/ets/jsbindings/SpeechAdapterBind.ets:11:29
 Classes cannot be used as objects (arkts-no-classes-as-obj)
[39m[39m
[33mWARN: [33m[33mArkTS:WARN File: /Volumes/Execute/Files/project/ame_new/archive_markdown_editor_hmos/app/ohos_hap/web_engine/src/main/ets/jsbindings/SubWindowAdapterBind.ets:11:29
 Classes cannot be used as objects (arkts-no-classes-as-obj)
[39m[39m
[33mWARN: [33m[33mArkTS:WARN File: /Volumes/Execute/Files/project/ame_new/archive_markdown_editor_hmos/app/ohos_hap/web_engine/src/main/ets/jsbindings/SystemFloatingWindowAdapterBind.ets:11:29
 Classes cannot be used as objects (arkts-no-classes-as-obj)
[39m[39m
[33mWARN: [33m[33mArkTS:WARN File: /Volumes/Execute/Files/project/ame_new/archive_markdown_editor_hmos/app/ohos_hap/web_engine/src/main/ets/jsbindings/StatusBarManagerAdapterBind.ets:10:29
 Classes cannot be used as objects (arkts-no-classes-as-obj)
[39m[39m
[33mWARN: [33m[33mArkTS:WARN File: /Volumes/Execute/Files/project/ame_new/archive_markdown_editor_hmos/app/ohos_hap/web_engine/src/main/ets/jsbindings/WebAppAdapterBind.ets:13:29
 Classes cannot be used as objects (arkts-no-classes-as-obj)
[39m[39m
[33mWARN: [33m[33mArkTS:WARN File: /Volumes/Execute/Files/project/ame_new/archive_markdown_editor_hmos/app/ohos_hap/web_engine/src/main/ets/application/WebAbilityStage.ets:117:46
 Classes cannot be used as objects (arkts-no-classes-as-obj)
[39m[39m
[33mWARN: [33m[33mArkTS:WARN File: /Volumes/Execute/Files/project/ame_new/archive_markdown_editor_hmos/app/ohos_hap/web_engine/src/main/ets/ability/WebAbility.ets:92:38
 Classes cannot be used as objects (arkts-no-classes-as-obj)
[39m[39m
[33mWARN: [33m[33mArkTS:WARN File: /Volumes/Execute/Files/project/ame_new/archive_markdown_editor_hmos/app/ohos_hap/web_engine/src/main/ets/ability/WebAbility.ets:93:38
 Classes cannot be used as objects (arkts-no-classes-as-obj)
[39m[39m
[33mWARN: [33m[33mArkTS:WARN File: /Volumes/Execute/Files/project/ame_new/archive_markdown_editor_hmos/app/ohos_hap/web_engine/src/main/ets/ability/WebAbility.ets:94:42
 Classes cannot be used as objects (arkts-no-classes-as-obj)
[39m[39m
[33mWARN: [33m[33mArkTS:WARN File: /Volumes/Execute/Files/project/ame_new/archive_markdown_editor_hmos/app/ohos_hap/web_engine/src/main/ets/ability/WebAbility.ets:95:38
 Classes cannot be used as objects (arkts-no-classes-as-obj)
[39m[39m
[33mWARN: [33m[33mArkTS:WARN File: /Volumes/Execute/Files/project/ame_new/archive_markdown_editor_hmos/app/ohos_hap/web_engine/src/main/ets/ability/WebAbility.ets:97:16
 Classes cannot be used as objects (arkts-no-classes-as-obj)
[39m[39m
[33mWARN: [33m[33mArkTS:WARN File: /Volumes/Execute/Files/project/ame_new/archive_markdown_editor_hmos/app/ohos_hap/web_engine/src/main/ets/ability/WebAbility.ets:99:41
 Classes cannot be used as objects (arkts-no-classes-as-obj)
[39m[39m
[33mWARN: [33m[33mArkTS:WARN File: /Volumes/Execute/Files/project/ame_new/archive_markdown_editor_hmos/app/ohos_hap/web_engine/src/main/ets/ability/WebAbility.ets:100:43
 Classes cannot be used as objects (arkts-no-classes-as-obj)
[39m[39m
[33mWARN: [33m[33mArkTS:WARN File: /Volumes/Execute/Files/project/ame_new/archive_markdown_editor_hmos/app/ohos_hap/web_engine/src/main/ets/ability/WebEmbeddedAbility.ets:34:38
 Classes cannot be used as objects (arkts-no-classes-as-obj)
[39m[39m
[33mWARN: [33m[33mArkTS:WARN File: /Volumes/Execute/Files/project/ame_new/archive_markdown_editor_hmos/app/ohos_hap/web_engine/src/main/ets/ability/WebEmbeddedAbility.ets:35:42
 Classes cannot be used as objects (arkts-no-classes-as-obj)
[39m[39m
[33mWARN: [33m[33mArkTS:WARN File: /Volumes/Execute/Files/project/ame_new/archive_markdown_editor_hmos/app/ohos_hap/web_engine/src/main/ets/ability/WebEmbeddedAbility.ets:36:16
 Classes cannot be used as objects (arkts-no-classes-as-obj)
[39m[39m
[33mWARN: [33m[33mArkTS:WARN File: /Volumes/Execute/Files/project/ame_new/archive_markdown_editor_hmos/app/ohos_hap/web_engine/src/main/ets/components/WebWindow.ets:61:41
 Classes cannot be used as objects (arkts-no-classes-as-obj)
[39m[39m
[33mWARN: [33m[33mArkTS:WARN File: /Volumes/Execute/Files/project/ame_new/archive_markdown_editor_hmos/app/ohos_hap/web_engine/src/main/ets/components/WebWindow.ets:144:57
 Classes cannot be used as objects (arkts-no-classes-as-obj)
[39m[39m
[33mWARN: [33m[33mArkTS:WARN File: /Volumes/Execute/Files/project/ame_new/archive_markdown_editor_hmos/app/ohos_hap/web_engine/src/main/ets/components/WebWindow.ets:145:61
 Classes cannot be used as objects (arkts-no-classes-as-obj)
[39m[39m
[33mWARN: [33m[33mArkTS:WARN File: /Volumes/Execute/Files/project/ame_new/archive_markdown_editor_hmos/app/ohos_hap/web_engine/src/main/ets/components/WebWindow.ets:146:39
 Classes cannot be used as objects (arkts-no-classes-as-obj)
[39m[39m
[33mWARN: [33m[33mArkTS:WARN File: /Volumes/Execute/Files/project/ame_new/archive_markdown_editor_hmos/app/ohos_hap/web_engine/src/main/ets/components/WebWindow.ets:147:41
 Classes cannot be used as objects (arkts-no-classes-as-obj)
[39m[39m
[33mWARN: [33m[33mArkTS:WARN File: /Volumes/Execute/Files/project/ame_new/archive_markdown_editor_hmos/app/ohos_hap/web_engine/src/main/ets/components/WebSubWindow.ets:25:57
 Classes cannot be used as objects (arkts-no-classes-as-obj)
[39m[39m
[33mWARN: [33m[33mArkTS:WARN File: /Volumes/Execute/Files/project/ame_new/archive_markdown_editor_hmos/app/ohos_hap/web_engine/src/main/ets/components/WebSubWindow.ets:26:61
 Classes cannot be used as objects (arkts-no-classes-as-obj)
[39m[39m
[33mWARN: [33m[33mArkTS:WARN File: /Volumes/Execute/Files/project/ame_new/archive_markdown_editor_hmos/app/ohos_hap/web_engine/src/main/ets/components/WebSubWindow.ets:27:41
 Classes cannot be used as objects (arkts-no-classes-as-obj)
[39m[39m
[33mWARN: [33m[33mArkTS:WARN File: /Volumes/Execute/Files/project/ame_new/archive_markdown_editor_hmos/app/ohos_hap/web_engine/src/main/ets/components/WebEmbeddedWindow.ets:27:57
 Classes cannot be used as objects (arkts-no-classes-as-obj)
[39m[39m
[33mWARN: [33m[33mArkTS:WARN File: /Volumes/Execute/Files/project/ame_new/archive_markdown_editor_hmos/app/ohos_hap/web_engine/src/main/ets/components/WebEmbeddedWindow.ets:29:61
 Classes cannot be used as objects (arkts-no-classes-as-obj)
[39m[39m
[33mWARN: [33m[33mArkTS:WARN File: /Volumes/Execute/Files/project/ame_new/archive_markdown_editor_hmos/app/ohos_hap/web_engine/src/main/ets/components/WebEmbeddedWindow.ets:30:41
 Classes cannot be used as objects (arkts-no-classes-as-obj)
[39m[39m
[33mWARN: [33m[33mArkTS:WARN File: /Volumes/Execute/Files/project/ame_new/archive_markdown_editor_hmos/app/ohos_hap/web_engine/src/main/ets/components/WebWindowNode.ets:121:57
 Classes cannot be used as objects (arkts-no-classes-as-obj)
[39m[39m
[33mWARN: [33m[33mArkTS:WARN File: /Volumes/Execute/Files/project/ame_new/archive_markdown_editor_hmos/app/ohos_hap/web_engine/src/main/ets/components/WebWindowNode.ets:123:61
 Classes cannot be used as objects (arkts-no-classes-as-obj)
[39m[39m
[33mWARN: [33m[33mArkTS:WARN File: /Volumes/Execute/Files/project/ame_new/archive_markdown_editor_hmos/app/ohos_hap/web_engine/src/main/ets/components/WebWindowNode.ets:124:41
 Classes cannot be used as objects (arkts-no-classes-as-obj)
[39m[39m
[33mWARN: [33m[33mArkTS:WARN File: /Volumes/Execute/Files/project/ame_new/archive_markdown_editor_hmos/app/ohos_hap/web_engine/src/main/ets/components/WebNodeHandleWindow.ets:54:42
 Classes cannot be used as objects (arkts-no-classes-as-obj)
[39m[39m
[33mWARN: [33m[33mArkTS:WARN File: /Volumes/Execute/Files/project/ame_new/archive_markdown_editor_hmos/app/ohos_hap/web_engine/src/main/ets/components/WebNodeHandleWindow.ets:55:39
 Classes cannot be used as objects (arkts-no-classes-as-obj)
[39m[39m
[33mWARN: [33m[33mArkTS:WARN File: /Volumes/Execute/Files/project/ame_new/archive_markdown_editor_hmos/app/ohos_hap/web_engine/src/main/ets/components/WebNodeHandleWindow.ets:56:43
 Classes cannot be used as objects (arkts-no-classes-as-obj)
[39m[39m
[33mWARN: [33m[33mArkTS:WARN File: /Volumes/Execute/Files/project/ame_new/archive_markdown_editor_hmos/app/ohos_hap/web_engine/src/main/ets/components/WebNodeHandleWindow.ets:59:39
 Classes cannot be used as objects (arkts-no-classes-as-obj)
[39m[39m
[33mWARN: [33m[33mArkTS:WARN File: /Volumes/Execute/Files/project/ame_new/archive_markdown_editor_hmos/app/ohos_hap/web_engine/src/main/ets/components/WebNodeHandleSubWindow.ets:48:42
 Classes cannot be used as objects (arkts-no-classes-as-obj)
[39m[39m
[33mWARN: [33m[33mArkTS:WARN: For details about ArkTS syntax errors, see FAQs[39m[39m
[33mWARN: [33m[33mArkTS:WARN File: /Volumes/Execute/Files/project/ame_new/archive_markdown_editor_hmos/app/ohos_hap/web_engine/src/main/ets/adapter/DialogAdapter.ets:96:17
 'show' has been deprecated.
[39m[39m
[33mWARN: [33m[33mArkTS:WARN File: /Volumes/Execute/Files/project/ame_new/archive_markdown_editor_hmos/app/ohos_hap/web_engine/src/main/ets/adapter/DialogAdapter.ets:121:29
 The system capacity of this api 'selectMode' is not supported on all devices
[39m[39m
[33mWARN: [33m[33mArkTS:WARN File: /Volumes/Execute/Files/project/ame_new/archive_markdown_editor_hmos/app/ohos_hap/web_engine/src/main/ets/adapter/DialogAdapter.ets:121:49
 The system capacity of this api 'DocumentSelectMode' is not supported on all devices
[39m[39m
[33mWARN: [33m[33mArkTS:WARN File: /Volumes/Execute/Files/project/ame_new/archive_markdown_editor_hmos/app/ohos_hap/web_engine/src/main/ets/adapter/DialogAdapter.ets:121:68
 The system capacity of this api 'FOLDER' is not supported on all devices
[39m[39m
[33mWARN: [33m[33mArkTS:WARN File: /Volumes/Execute/Files/project/ame_new/archive_markdown_editor_hmos/app/ohos_hap/web_engine/src/main/ets/adapter/DialogAdapter.ets:123:31
 The system capacity of this api 'selectMode' is not supported on all devices
[39m[39m
[33mWARN: [33m[33mArkTS:WARN File: /Volumes/Execute/Files/project/ame_new/archive_markdown_editor_hmos/app/ohos_hap/web_engine/src/main/ets/adapter/DialogAdapter.ets:123:51
 The system capacity of this api 'DocumentSelectMode' is not supported on all devices
[39m[39m
[33mWARN: [33m[33mArkTS:WARN File: /Volumes/Execute/Files/project/ame_new/archive_markdown_editor_hmos/app/ohos_hap/web_engine/src/main/ets/adapter/DialogAdapter.ets:123:70
 The system capacity of this api 'MIXED' is not supported on all devices
[39m[39m
[33mWARN: [33m[33mArkTS:WARN File: /Volumes/Execute/Files/project/ame_new/archive_markdown_editor_hmos/app/ohos_hap/web_engine/src/main/ets/adapter/DialogAdapter.ets:129:30
 Function may throw exceptions. Special handling is required.
[39m[39m
[33mWARN: [33m[33mArkTS:WARN File: /Volumes/Execute/Files/project/ame_new/archive_markdown_editor_hmos/app/ohos_hap/web_engine/src/main/ets/adapter/DialogAdapter.ets:162:30
 Function may throw exceptions. Special handling is required.
[39m[39m
[33mWARN: [33m[33mArkTS:WARN File: /Volumes/Execute/Files/project/ame_new/archive_markdown_editor_hmos/app/ohos_hap/web_engine/src/main/ets/adapter/NativeThemeAdapter.ets:56:5
 Function may throw exceptions. Special handling is required.
[39m[39m
[33mWARN: [33m[33mArkTS:WARN File: /Volumes/Execute/Files/project/ame_new/archive_markdown_editor_hmos/app/ohos_hap/web_engine/src/main/ets/adapter/AppLifecycleAdapter.ets:48:7
 Function may throw exceptions. Special handling is required.
[39m[39m
[33mWARN: [33m[33mArkTS:WARN File: /Volumes/Execute/Files/project/ame_new/archive_markdown_editor_hmos/app/ohos_hap/web_engine/src/main/ets/adapter/PermissionManagerAdapter.ets:236:15
 To use this API, you need to apply for the permissions: ohos.permission.FILE_ACCESS_PERSIST
[39m[39m
[33mWARN: [33m[33mArkTS:WARN File: /Volumes/Execute/Files/project/ame_new/archive_markdown_editor_hmos/app/ohos_hap/web_engine/src/main/ets/adapter/PermissionManagerAdapter.ets:260:15
 To use this API, you need to apply for the permissions: ohos.permission.FILE_ACCESS_PERSIST
[39m[39m
[33mWARN: [33m[33mArkTS:WARN File: /Volumes/Execute/Files/project/ame_new/archive_markdown_editor_hmos/app/ohos_hap/web_engine/src/main/ets/adapter/PermissionManagerAdapter.ets:299:37
 Function may throw exceptions. Special handling is required.
[39m[39m
[33mWARN: [33m[33mArkTS:WARN File: /Volumes/Execute/Files/project/ame_new/archive_markdown_editor_hmos/app/ohos_hap/web_engine/src/main/ets/adapter/PermissionManagerAdapter.ets:300:39
 Function may throw exceptions. Special handling is required.
[39m[39m
[33mWARN: [33m[33mArkTS:WARN File: /Volumes/Execute/Files/project/ame_new/archive_markdown_editor_hmos/app/ohos_hap/web_engine/src/main/ets/adapter/PermissionManagerAdapter.ets:301:37
 Function may throw exceptions. Special handling is required.
[39m[39m
[33mWARN: [33m[33mArkTS:WARN File: /Volumes/Execute/Files/project/ame_new/archive_markdown_editor_hmos/app/ohos_hap/web_engine/src/main/ets/adapter/PermissionManagerAdapter.ets:303:39
 Function may throw exceptions. Special handling is required.
[39m[39m
[33mWARN: [33m[33mArkTS:WARN File: /Volumes/Execute/Files/project/ame_new/archive_markdown_editor_hmos/app/ohos_hap/web_engine/src/main/ets/adapter/PermissionManagerAdapter.ets:304:38
 Function may throw exceptions. Special handling is required.
[39m[39m
[33mWARN: [33m[33mArkTS:WARN File: /Volumes/Execute/Files/project/ame_new/archive_markdown_editor_hmos/app/ohos_hap/web_engine/src/main/ets/adapter/PermissionManagerAdapter.ets:308:37
 Function may throw exceptions. Special handling is required.
[39m[39m
[33mWARN: [33m[33mArkTS:WARN File: /Volumes/Execute/Files/project/ame_new/archive_markdown_editor_hmos/app/ohos_hap/web_engine/src/main/ets/adapter/PermissionManagerAdapter.ets:309:39
 Function may throw exceptions. Special handling is required.
[39m[39m
[33mWARN: [33m[33mArkTS:WARN File: /Volumes/Execute/Files/project/ame_new/archive_markdown_editor_hmos/app/ohos_hap/web_engine/src/main/ets/adapter/PermissionManagerAdapter.ets:310:37
 Function may throw exceptions. Special handling is required.
[39m[39m
[33mWARN: [33m[33mArkTS:WARN File: /Volumes/Execute/Files/project/ame_new/archive_markdown_editor_hmos/app/ohos_hap/web_engine/src/main/ets/adapter/PermissionManagerAdapter.ets:312:39
 Function may throw exceptions. Special handling is required.
[39m[39m
[33mWARN: [33m[33mArkTS:WARN File: /Volumes/Execute/Files/project/ame_new/archive_markdown_editor_hmos/app/ohos_hap/web_engine/src/main/ets/adapter/PermissionManagerAdapter.ets:313:38
 Function may throw exceptions. Special handling is required.
[39m[39m
[33mWARN: [33m[33mArkTS:WARN File: /Volumes/Execute/Files/project/ame_new/archive_markdown_editor_hmos/app/ohos_hap/web_engine/src/main/ets/adapter/PermissionManagerAdapter.ets:317:18
 'showDialog' has been deprecated.
[39m[39m
[33mWARN: [33m[33mArkTS:WARN File: /Volumes/Execute/Files/project/ame_new/archive_markdown_editor_hmos/app/ohos_hap/web_engine/src/main/ets/adapter/AppWindowAdapter.ets:106:24
 Function may throw exceptions. Special handling is required.
[39m[39m
[33mWARN: [33m[33mArkTS:WARN File: /Volumes/Execute/Files/project/ame_new/archive_markdown_editor_hmos/app/ohos_hap/web_engine/src/main/ets/adapter/AppWindowAdapter.ets:111:21
 Function may throw exceptions. Special handling is required.
[39m[39m
[33mWARN: [33m[33mArkTS:WARN File: /Volumes/Execute/Files/project/ame_new/archive_markdown_editor_hmos/app/ohos_hap/web_engine/src/main/ets/adapter/AppWindowAdapter.ets:176:9
 Function may throw exceptions. Special handling is required.
[39m[39m
[33mWARN: [33m[33mArkTS:WARN File: /Volumes/Execute/Files/project/ame_new/archive_markdown_editor_hmos/app/ohos_hap/web_engine/src/main/ets/adapter/AppWindowAdapter.ets:180:7
 Function may throw exceptions. Special handling is required.
[39m[39m
[33mWARN: [33m[33mArkTS:WARN File: /Volumes/Execute/Files/project/ame_new/archive_markdown_editor_hmos/app/ohos_hap/web_engine/src/main/ets/adapter/AppWindowAdapter.ets:182:7
 Function may throw exceptions. Special handling is required.
[39m[39m
[33mWARN: [33m[33mArkTS:WARN File: /Volumes/Execute/Files/project/ame_new/archive_markdown_editor_hmos/app/ohos_hap/web_engine/src/main/ets/adapter/AppWindowAdapter.ets:194:9
 Function may throw exceptions. Special handling is required.
[39m[39m
[33mWARN: [33m[33mArkTS:WARN File: /Volumes/Execute/Files/project/ame_new/archive_markdown_editor_hmos/app/ohos_hap/web_engine/src/main/ets/adapter/AppWindowAdapter.ets:206:9
 Function may throw exceptions. Special handling is required.
[39m[39m
[33mWARN: [33m[33mArkTS:WARN File: /Volumes/Execute/Files/project/ame_new/archive_markdown_editor_hmos/app/ohos_hap/web_engine/src/main/ets/adapter/AppWindowAdapter.ets:220:9
 Function may throw exceptions. Special handling is required.
[39m[39m
[33mWARN: [33m[33mArkTS:WARN File: /Volumes/Execute/Files/project/ame_new/archive_markdown_editor_hmos/app/ohos_hap/web_engine/src/main/ets/adapter/AppWindowAdapter.ets:237:19
 Function may throw exceptions. Special handling is required.
[39m[39m
[33mWARN: [33m[33mArkTS:WARN File: /Volumes/Execute/Files/project/ame_new/archive_markdown_editor_hmos/app/ohos_hap/web_engine/src/main/ets/adapter/AppWindowAdapter.ets:237:32
 To use this API, you need to apply for the permissions: ohos.permission.WINDOW_TOPMOST
[39m[39m
[33mWARN: [33m[33mArkTS:WARN File: /Volumes/Execute/Files/project/ame_new/archive_markdown_editor_hmos/app/ohos_hap/web_engine/src/main/ets/adapter/AppWindowAdapter.ets:340:24
 Function may throw exceptions. Special handling is required.
[39m[39m
[33mWARN: [33m[33mArkTS:WARN File: /Volumes/Execute/Files/project/ame_new/archive_markdown_editor_hmos/app/ohos_hap/web_engine/src/main/ets/adapter/AppWindowAdapter.ets:400:24
 Function may throw exceptions. Special handling is required.
[39m[39m
[33mWARN: [33m[33mArkTS:WARN File: /Volumes/Execute/Files/project/ame_new/archive_markdown_editor_hmos/app/ohos_hap/web_engine/src/main/ets/adapter/AppWindowAdapter.ets:429:9
 Function may throw exceptions. Special handling is required.
[39m[39m
[33mWARN: [33m[33mArkTS:WARN File: /Volumes/Execute/Files/project/ame_new/archive_markdown_editor_hmos/app/ohos_hap/web_engine/src/main/ets/adapter/AppWindowAdapter.ets:533:7
 Function may throw exceptions. Special handling is required.
[39m[39m
[33mWARN: [33m[33mArkTS:WARN File: /Volumes/Execute/Files/project/ame_new/archive_markdown_editor_hmos/app/ohos_hap/web_engine/src/main/ets/adapter/AppWindowAdapter.ets:546:7
 Function may throw exceptions. Special handling is required.
[39m[39m
[33mWARN: [33m[33mArkTS:WARN File: /Volumes/Execute/Files/project/ame_new/archive_markdown_editor_hmos/app/ohos_hap/web_engine/src/main/ets/adapter/AppWindowAdapter.ets:555:20
 To use this API, you need to apply for the permissions: ohos.permission.PRIVACY_WINDOW
[39m[39m
[33mWARN: [33m[33mArkTS:WARN File: /Volumes/Execute/Files/project/ame_new/archive_markdown_editor_hmos/app/ohos_hap/web_engine/src/main/ets/adapter/AppWindowAdapter.ets:646:5
 Function may throw exceptions. Special handling is required.
[39m[39m
[33mWARN: [33m[33mArkTS:WARN File: /Volumes/Execute/Files/project/ame_new/archive_markdown_editor_hmos/app/ohos_hap/web_engine/src/main/ets/adapter/AppWindowAdapter.ets:652:16
 Function may throw exceptions. Special handling is required.
[39m[39m
[33mWARN: [33m[33mArkTS:WARN File: /Volumes/Execute/Files/project/ame_new/archive_markdown_editor_hmos/app/ohos_hap/web_engine/src/main/ets/adapter/AppWindowAdapter.ets:743:12
 To use this API, you need to apply for the permissions: ohos.permission.SYSTEM_FLOAT_WINDOW
[39m[39m
[33mWARN: [33m[33mArkTS:WARN File: /Volumes/Execute/Files/project/ame_new/archive_markdown_editor_hmos/app/ohos_hap/web_engine/src/main/ets/adapter/AppWindowAdapter.ets:796:20
 Function may throw exceptions. Special handling is required.
[39m[39m
[33mWARN: [33m[33mArkTS:WARN File: /Volumes/Execute/Files/project/ame_new/archive_markdown_editor_hmos/app/ohos_hap/web_engine/src/main/ets/adapter/BluetoothAdapter.ets:38:32
 To use this API, you need to apply for the permissions: ohos.permission.ACCESS_BLUETOOTH
[39m[39m
[33mWARN: [33m[33mArkTS:WARN File: /Volumes/Execute/Files/project/ame_new/archive_markdown_editor_hmos/app/ohos_hap/web_engine/src/main/ets/adapter/BluetoothAdapter.ets:49:18
 'setLocalName' has been deprecated.
[39m[39m
[33mWARN: [33m[33mArkTS:WARN File: /Volumes/Execute/Files/project/ame_new/archive_markdown_editor_hmos/app/ohos_hap/web_engine/src/main/ets/adapter/BluetoothAdapter.ets:49:18
 To use this API, you need to apply for the permissions: ohos.permission.ACCESS_BLUETOOTH
[39m[39m
[33mWARN: [33m[33mArkTS:WARN File: /Volumes/Execute/Files/project/ame_new/archive_markdown_editor_hmos/app/ohos_hap/web_engine/src/main/ets/adapter/BluetoothAdapter.ets:73:16
 To use this API, you need to apply for the permissions: ohos.permission.ACCESS_BLUETOOTH
[39m[39m
[33mWARN: [33m[33mArkTS:WARN File: /Volumes/Execute/Files/project/ame_new/archive_markdown_editor_hmos/app/ohos_hap/web_engine/src/main/ets/adapter/BluetoothAdapter.ets:84:16
 To use this API, you need to apply for the permissions: ohos.permission.ACCESS_BLUETOOTH
[39m[39m
[33mWARN: [33m[33mArkTS:WARN File: /Volumes/Execute/Files/project/ame_new/archive_markdown_editor_hmos/app/ohos_hap/web_engine/src/main/ets/adapter/BluetoothAdapter.ets:117:54
 To use this API, you need to apply for the permissions: ohos.permission.ACCESS_BLUETOOTH
[39m[39m
[33mWARN: [33m[33mArkTS:WARN File: /Volumes/Execute/Files/project/ame_new/archive_markdown_editor_hmos/app/ohos_hap/web_engine/src/main/ets/adapter/BluetoothAdapter.ets:128:18
 To use this API, you need to apply for the permissions: ohos.permission.ACCESS_BLUETOOTH
[39m[39m
[33mWARN: [33m[33mArkTS:WARN File: /Volumes/Execute/Files/project/ame_new/archive_markdown_editor_hmos/app/ohos_hap/web_engine/src/main/ets/adapter/BluetoothAdapter.ets:137:18
 To use this API, you need to apply for the permissions: ohos.permission.ACCESS_BLUETOOTH
[39m[39m
[33mWARN: [33m[33mArkTS:WARN File: /Volumes/Execute/Files/project/ame_new/archive_markdown_editor_hmos/app/ohos_hap/web_engine/src/main/ets/adapter/BluetoothAdapter.ets:146:18
 To use this API, you need to apply for the permissions: ohos.permission.ACCESS_BLUETOOTH
[39m[39m
[33mWARN: [33m[33mArkTS:WARN File: /Volumes/Execute/Files/project/ame_new/archive_markdown_editor_hmos/app/ohos_hap/web_engine/src/main/ets/adapter/BluetoothAdapter.ets:158:18
 To use this API, you need to apply for the permissions: ohos.permission.ACCESS_BLUETOOTH
[39m[39m
[33mWARN: [33m[33mArkTS:WARN File: /Volumes/Execute/Files/project/ame_new/archive_markdown_editor_hmos/app/ohos_hap/web_engine/src/main/ets/adapter/BluetoothAdapter.ets:167:18
 To use this API, you need to apply for the permissions: ohos.permission.ACCESS_BLUETOOTH
[39m[39m
[33mWARN: [33m[33mArkTS:WARN File: /Volumes/Execute/Files/project/ame_new/archive_markdown_editor_hmos/app/ohos_hap/web_engine/src/main/ets/adapter/BluetoothAdapter.ets:177:37
 To use this API, you need to apply for the permissions: ohos.permission.ACCESS_BLUETOOTH
[39m[39m
[33mWARN: [33m[33mArkTS:WARN File: /Volumes/Execute/Files/project/ame_new/archive_markdown_editor_hmos/app/ohos_hap/web_engine/src/main/ets/adapter/BluetoothAdapter.ets:188:57
 To use this API, you need to apply for the permissions: ohos.permission.ACCESS_BLUETOOTH
[39m[39m
[33mWARN: [33m[33mArkTS:WARN File: /Volumes/Execute/Files/project/ame_new/archive_markdown_editor_hmos/app/ohos_hap/web_engine/src/main/ets/adapter/BluetoothAdapter.ets:213:18
 To use this API, you need to apply for the permissions: ohos.permission.ACCESS_BLUETOOTH
[39m[39m
[33mWARN: [33m[33mArkTS:WARN File: /Volumes/Execute/Files/project/ame_new/archive_markdown_editor_hmos/app/ohos_hap/web_engine/src/main/ets/adapter/BluetoothAdapter.ets:231:28
 To use this API, you need to apply for the permissions: ohos.permission.ACCESS_BLUETOOTH
[39m[39m
[33mWARN: [33m[33mArkTS:WARN File: /Volumes/Execute/Files/project/ame_new/archive_markdown_editor_hmos/app/ohos_hap/web_engine/src/main/ets/adapter/BluetoothAdapter.ets:241:18
 To use this API, you need to apply for the permissions: ohos.permission.ACCESS_BLUETOOTH
[39m[39m
[33mWARN: [33m[33mArkTS:WARN File: /Volumes/Execute/Files/project/ame_new/archive_markdown_editor_hmos/app/ohos_hap/web_engine/src/main/ets/adapter/BluetoothAdapter.ets:261:34
 To use this API, you need to apply for the permissions: ohos.permission.ACCESS_BLUETOOTH
[39m[39m
[33mWARN: [33m[33mArkTS:WARN File: /Volumes/Execute/Files/project/ame_new/archive_markdown_editor_hmos/app/ohos_hap/web_engine/src/main/ets/adapter/BluetoothAdapter.ets:273:56
 To use this API, you need to apply for the permissions: ohos.permission.ACCESS_BLUETOOTH
[39m[39m
[33mWARN: [33m[33mArkTS:WARN File: /Volumes/Execute/Files/project/ame_new/archive_markdown_editor_hmos/app/ohos_hap/web_engine/src/main/ets/adapter/BluetoothLowEnergyAdapter.ets:68:11
 To use this API, you need to apply for the permissions: ohos.permission.ACCESS_BLUETOOTH
[39m[39m
[33mWARN: [33m[33mArkTS:WARN File: /Volumes/Execute/Files/project/ame_new/archive_markdown_editor_hmos/app/ohos_hap/web_engine/src/main/ets/adapter/BluetoothLowEnergyAdapter.ets:77:11
 To use this API, you need to apply for the permissions: ohos.permission.ACCESS_BLUETOOTH
[39m[39m
[33mWARN: [33m[33mArkTS:WARN File: /Volumes/Execute/Files/project/ame_new/archive_markdown_editor_hmos/app/ohos_hap/web_engine/src/main/ets/adapter/BluetoothLowEnergyAdapter.ets:93:11
 To use this API, you need to apply for the permissions: ohos.permission.ACCESS_BLUETOOTH
[39m[39m
[33mWARN: [33m[33mArkTS:WARN File: /Volumes/Execute/Files/project/ame_new/archive_markdown_editor_hmos/app/ohos_hap/web_engine/src/main/ets/adapter/BluetoothLowEnergyAdapter.ets:103:11
 To use this API, you need to apply for the permissions: ohos.permission.ACCESS_BLUETOOTH
[39m[39m
[33mWARN: [33m[33mArkTS:WARN File: /Volumes/Execute/Files/project/ame_new/archive_markdown_editor_hmos/app/ohos_hap/web_engine/src/main/ets/adapter/BluetoothLowEnergyAdapter.ets:111:9
 Function may throw exceptions. Special handling is required.
[39m[39m
[33mWARN: [33m[33mArkTS:WARN File: /Volumes/Execute/Files/project/ame_new/archive_markdown_editor_hmos/app/ohos_hap/web_engine/src/main/ets/adapter/BluetoothLowEnergyAdapter.ets:117:14
 To use this API, you need to apply for the permissions: ohos.permission.ACCESS_BLUETOOTH
[39m[39m
[33mWARN: [33m[33mArkTS:WARN File: /Volumes/Execute/Files/project/ame_new/archive_markdown_editor_hmos/app/ohos_hap/web_engine/src/main/ets/adapter/BluetoothLowEnergyAdapter.ets:126:14
 To use this API, you need to apply for the permissions: ohos.permission.ACCESS_BLUETOOTH
[39m[39m
[33mWARN: [33m[33mArkTS:WARN File: /Volumes/Execute/Files/project/ame_new/archive_markdown_editor_hmos/app/ohos_hap/web_engine/src/main/ets/adapter/BluetoothLowEnergyAdapter.ets:134:10
 Function may throw exceptions. Special handling is required.
[39m[39m
[33mWARN: [33m[33mArkTS:WARN File: /Volumes/Execute/Files/project/ame_new/archive_markdown_editor_hmos/app/ohos_hap/web_engine/src/main/ets/adapter/BluetoothLowEnergyAdapter.ets:138:40
 Function may throw exceptions. Special handling is required.
[39m[39m
[33mWARN: [33m[33mArkTS:WARN File: /Volumes/Execute/Files/project/ame_new/archive_markdown_editor_hmos/app/ohos_hap/web_engine/src/main/ets/adapter/BluetoothLowEnergyAdapter.ets:140:14
 To use this API, you need to apply for the permissions: ohos.permission.ACCESS_BLUETOOTH
[39m[39m
[33mWARN: [33m[33mArkTS:WARN File: /Volumes/Execute/Files/project/ame_new/archive_markdown_editor_hmos/app/ohos_hap/web_engine/src/main/ets/adapter/BluetoothLowEnergyAdapter.ets:141:14
 To use this API, you need to apply for the permissions: ohos.permission.ACCESS_BLUETOOTH
[39m[39m
[33mWARN: [33m[33mArkTS:WARN File: /Volumes/Execute/Files/project/ame_new/archive_markdown_editor_hmos/app/ohos_hap/web_engine/src/main/ets/adapter/BluetoothLowEnergyAdapter.ets:151:11
 To use this API, you need to apply for the permissions: ohos.permission.ACCESS_BLUETOOTH
[39m[39m
[33mWARN: [33m[33mArkTS:WARN File: /Volumes/Execute/Files/project/ame_new/archive_markdown_editor_hmos/app/ohos_hap/web_engine/src/main/ets/adapter/BluetoothLowEnergyAdapter.ets:160:11
 To use this API, you need to apply for the permissions: ohos.permission.ACCESS_BLUETOOTH
[39m[39m
[33mWARN: [33m[33mArkTS:WARN File: /Volumes/Execute/Files/project/ame_new/archive_markdown_editor_hmos/app/ohos_hap/web_engine/src/main/ets/adapter/BluetoothLowEnergyAdapter.ets:214:11
 To use this API, you need to apply for the permissions: ohos.permission.ACCESS_BLUETOOTH
[39m[39m
[33mWARN: [33m[33mArkTS:WARN File: /Volumes/Execute/Files/project/ame_new/archive_markdown_editor_hmos/app/ohos_hap/web_engine/src/main/ets/adapter/BluetoothLowEnergyAdapter.ets:226:11
 To use this API, you need to apply for the permissions: ohos.permission.ACCESS_BLUETOOTH
[39m[39m
[33mWARN: [33m[33mArkTS:WARN File: /Volumes/Execute/Files/project/ame_new/archive_markdown_editor_hmos/app/ohos_hap/web_engine/src/main/ets/adapter/BluetoothLowEnergyAdapter.ets:242:5
 Function may throw exceptions. Special handling is required.
[39m[39m
[33mWARN: [33m[33mArkTS:WARN File: /Volumes/Execute/Files/project/ame_new/archive_markdown_editor_hmos/app/ohos_hap/web_engine/src/main/ets/adapter/BluetoothLowEnergyAdapter.ets:247:5
 Function may throw exceptions. Special handling is required.
[39m[39m
[33mWARN: [33m[33mArkTS:WARN File: /Volumes/Execute/Files/project/ame_new/archive_markdown_editor_hmos/app/ohos_hap/web_engine/src/main/ets/adapter/BluetoothLowEnergyAdapter.ets:253:9
 Function may throw exceptions. Special handling is required.
[39m[39m
[33mWARN: [33m[33mArkTS:WARN File: /Volumes/Execute/Files/project/ame_new/archive_markdown_editor_hmos/app/ohos_hap/web_engine/src/main/ets/adapter/BluetoothLowEnergyAdapter.ets:254:20
 Function may throw exceptions. Special handling is required.
[39m[39m
[33mWARN: [33m[33mArkTS:WARN File: /Volumes/Execute/Files/project/ame_new/archive_markdown_editor_hmos/app/ohos_hap/web_engine/src/main/ets/adapter/BluetoothLowEnergyAdapter.ets:259:12
 Function may throw exceptions. Special handling is required.
[39m[39m
[33mWARN: [33m[33mArkTS:WARN File: /Volumes/Execute/Files/project/ame_new/archive_markdown_editor_hmos/app/ohos_hap/web_engine/src/main/ets/adapter/BluetoothLowEnergyAdapter.ets:264:5
 Function may throw exceptions. Special handling is required.
[39m[39m
[33mWARN: [33m[33mArkTS:WARN File: /Volumes/Execute/Files/project/ame_new/archive_markdown_editor_hmos/app/ohos_hap/web_engine/src/main/ets/adapter/BluetoothLowEnergyAdapter.ets:264:12
 To use this API, you need to apply for the permissions: ohos.permission.ACCESS_BLUETOOTH
[39m[39m
[33mWARN: [33m[33mArkTS:WARN File: /Volumes/Execute/Files/project/ame_new/archive_markdown_editor_hmos/app/ohos_hap/web_engine/src/main/ets/adapter/BluetoothLowEnergyAdapter.ets:283:26
 Function may throw exceptions. Special handling is required.
[39m[39m
[33mWARN: [33m[33mArkTS:WARN File: /Volumes/Execute/Files/project/ame_new/archive_markdown_editor_hmos/app/ohos_hap/web_engine/src/main/ets/adapter/BluetoothLowEnergyAdapter.ets:290:57
 To use this API, you need to apply for the permissions: ohos.permission.ACCESS_BLUETOOTH
[39m[39m
[33mWARN: [33m[33mArkTS:WARN File: /Volumes/Execute/Files/project/ame_new/archive_markdown_editor_hmos/app/ohos_hap/web_engine/src/main/ets/adapter/BluetoothLowEnergyAdapter.ets:301:26
 Function may throw exceptions. Special handling is required.
[39m[39m
[33mWARN: [33m[33mArkTS:WARN File: /Volumes/Execute/Files/project/ame_new/archive_markdown_editor_hmos/app/ohos_hap/web_engine/src/main/ets/adapter/BluetoothLowEnergyAdapter.ets:309:57
 To use this API, you need to apply for the permissions: ohos.permission.ACCESS_BLUETOOTH
[39m[39m
[33mWARN: [33m[33mArkTS:WARN File: /Volumes/Execute/Files/project/ame_new/archive_markdown_editor_hmos/app/ohos_hap/web_engine/src/main/ets/adapter/BluetoothLowEnergyAdapter.ets:320:26
 Function may throw exceptions. Special handling is required.
[39m[39m
[33mWARN: [33m[33mArkTS:WARN File: /Volumes/Execute/Files/project/ame_new/archive_markdown_editor_hmos/app/ohos_hap/web_engine/src/main/ets/adapter/BluetoothLowEnergyAdapter.ets:329:59
 To use this API, you need to apply for the permissions: ohos.permission.ACCESS_BLUETOOTH
[39m[39m
[33mWARN: [33m[33mArkTS:WARN File: /Volumes/Execute/Files/project/ame_new/archive_markdown_editor_hmos/app/ohos_hap/web_engine/src/main/ets/adapter/BluetoothLowEnergyAdapter.ets:331:59
 To use this API, you need to apply for the permissions: ohos.permission.ACCESS_BLUETOOTH
[39m[39m
[33mWARN: [33m[33mArkTS:WARN File: /Volumes/Execute/Files/project/ame_new/archive_markdown_editor_hmos/app/ohos_hap/web_engine/src/main/ets/adapter/BluetoothLowEnergyAdapter.ets:343:22
 Function may throw exceptions. Special handling is required.
[39m[39m
[33mWARN: [33m[33mArkTS:WARN File: /Volumes/Execute/Files/project/ame_new/archive_markdown_editor_hmos/app/ohos_hap/web_engine/src/main/ets/adapter/BluetoothLowEnergyAdapter.ets:350:57
 To use this API, you need to apply for the permissions: ohos.permission.ACCESS_BLUETOOTH
[39m[39m
[33mWARN: [33m[33mArkTS:WARN File: /Volumes/Execute/Files/project/ame_new/archive_markdown_editor_hmos/app/ohos_hap/web_engine/src/main/ets/adapter/BluetoothLowEnergyAdapter.ets:361:26
 Function may throw exceptions. Special handling is required.
[39m[39m
[33mWARN: [33m[33mArkTS:WARN File: /Volumes/Execute/Files/project/ame_new/archive_markdown_editor_hmos/app/ohos_hap/web_engine/src/main/ets/adapter/BluetoothLowEnergyAdapter.ets:367:18
 Function may throw exceptions. Special handling is required.
[39m[39m
[33mWARN: [33m[33mArkTS:WARN File: /Volumes/Execute/Files/project/ame_new/archive_markdown_editor_hmos/app/ohos_hap/web_engine/src/main/ets/adapter/BluetoothLowEnergyAdapter.ets:373:5
 Function may throw exceptions. Special handling is required.
[39m[39m
[33mWARN: [33m[33mArkTS:WARN File: /Volumes/Execute/Files/project/ame_new/archive_markdown_editor_hmos/app/ohos_hap/web_engine/src/main/ets/adapter/BluetoothLowEnergyAdapter.ets:373:12
 To use this API, you need to apply for the permissions: ohos.permission.ACCESS_BLUETOOTH
[39m[39m
[33mWARN: [33m[33mArkTS:WARN File: /Volumes/Execute/Files/project/ame_new/archive_markdown_editor_hmos/app/ohos_hap/web_engine/src/main/ets/adapter/BluetoothLowEnergyAdapter.ets:374:5
 Function may throw exceptions. Special handling is required.
[39m[39m
[33mWARN: [33m[33mArkTS:WARN File: /Volumes/Execute/Files/project/ame_new/archive_markdown_editor_hmos/app/ohos_hap/web_engine/src/main/ets/adapter/BluetoothLowEnergyAdapter.ets:375:5
 Function may throw exceptions. Special handling is required.
[39m[39m
[33mWARN: [33m[33mArkTS:WARN File: /Volumes/Execute/Files/project/ame_new/archive_markdown_editor_hmos/app/ohos_hap/web_engine/src/main/ets/adapter/BluetoothLowEnergyAdapter.ets:375:12
 To use this API, you need to apply for the permissions: ohos.permission.ACCESS_BLUETOOTH
[39m[39m
[33mWARN: [33m[33mArkTS:WARN File: /Volumes/Execute/Files/project/ame_new/archive_markdown_editor_hmos/app/ohos_hap/web_engine/src/main/ets/adapter/BluetoothLowEnergyAdapter.ets:388:18
 Function may throw exceptions. Special handling is required.
[39m[39m
[33mWARN: [33m[33mArkTS:WARN File: /Volumes/Execute/Files/project/ame_new/archive_markdown_editor_hmos/app/ohos_hap/web_engine/src/main/ets/adapter/BluetoothLowEnergyAdapter.ets:394:5
 Function may throw exceptions. Special handling is required.
[39m[39m
[33mWARN: [33m[33mArkTS:WARN File: /Volumes/Execute/Files/project/ame_new/archive_markdown_editor_hmos/app/ohos_hap/web_engine/src/main/ets/adapter/BluetoothLowEnergyAdapter.ets:397:16
 To use this API, you need to apply for the permissions: ohos.permission.ACCESS_BLUETOOTH
[39m[39m
[33mWARN: [33m[33mArkTS:WARN File: /Volumes/Execute/Files/project/ame_new/archive_markdown_editor_hmos/app/ohos_hap/web_engine/src/main/ets/adapter/BluetoothLowEnergyAdapter.ets:410:22
 Function may throw exceptions. Special handling is required.
[39m[39m
[33mWARN: [33m[33mArkTS:WARN File: /Volumes/Execute/Files/project/ame_new/archive_markdown_editor_hmos/app/ohos_hap/web_engine/src/main/ets/adapter/BluetoothLowEnergyAdapter.ets:417:57
 To use this API, you need to apply for the permissions: ohos.permission.ACCESS_BLUETOOTH
[39m[39m
[33mWARN: [33m[33mArkTS:WARN File: /Volumes/Execute/Files/project/ame_new/archive_markdown_editor_hmos/app/ohos_hap/web_engine/src/main/ets/adapter/BluetoothLowEnergyAdapter.ets:443:19
 Function may throw exceptions. Special handling is required.
[39m[39m
[33mWARN: [33m[33mArkTS:WARN File: /Volumes/Execute/Files/project/ame_new/archive_markdown_editor_hmos/app/ohos_hap/web_engine/src/main/ets/adapter/BluetoothLowEnergyAdapter.ets:483:26
 Function may throw exceptions. Special handling is required.
[39m[39m
[33mWARN: [33m[33mArkTS:WARN File: /Volumes/Execute/Files/project/ame_new/archive_markdown_editor_hmos/app/ohos_hap/web_engine/src/main/ets/adapter/BrowserPolicyAdapter.ets:22:40
 'decodeWithStream' has been deprecated.
[39m[39m
[33mWARN: [33m[33mArkTS:WARN File: /Volumes/Execute/Files/project/ame_new/archive_markdown_editor_hmos/app/ohos_hap/web_engine/src/main/ets/adapter/CertManagerAdapter.ets:45:15
 Function may throw exceptions. Special handling is required.
[39m[39m
[33mWARN: [33m[33mArkTS:WARN File: /Volumes/Execute/Files/project/ame_new/archive_markdown_editor_hmos/app/ohos_hap/web_engine/src/main/ets/adapter/CertManagerAdapter.ets:49:20
 Function may throw exceptions. Special handling is required.
[39m[39m
[33mWARN: [33m[33mArkTS:WARN File: /Volumes/Execute/Files/project/ame_new/archive_markdown_editor_hmos/app/ohos_hap/web_engine/src/main/ets/adapter/CertManagerAdapter.ets:50:16
 Function may throw exceptions. Special handling is required.
[39m[39m
[33mWARN: [33m[33mArkTS:WARN File: /Volumes/Execute/Files/project/ame_new/archive_markdown_editor_hmos/app/ohos_hap/web_engine/src/main/ets/adapter/CertManagerAdapter.ets:52:5
 Function may throw exceptions. Special handling is required.
[39m[39m
[33mWARN: [33m[33mArkTS:WARN File: /Volumes/Execute/Files/project/ame_new/archive_markdown_editor_hmos/app/ohos_hap/web_engine/src/main/ets/adapter/CertManagerAdapter.ets:53:5
 Function may throw exceptions. Special handling is required.
[39m[39m
[33mWARN: [33m[33mArkTS:WARN File: /Volumes/Execute/Files/project/ame_new/archive_markdown_editor_hmos/app/ohos_hap/web_engine/src/main/ets/adapter/CertManagerAdapter.ets:64:17
 To use this API, you need to apply for the permissions: ohos.permission.ACCESS_CERT_MANAGER
[39m[39m
[33mWARN: [33m[33mArkTS:WARN File: /Volumes/Execute/Files/project/ame_new/archive_markdown_editor_hmos/app/ohos_hap/web_engine/src/main/ets/adapter/CertManagerAdapter.ets:81:26
 To use this API, you need to apply for the permissions: ohos.permission.ACCESS_CERT_MANAGER
[39m[39m
[33mWARN: [33m[33mArkTS:WARN File: /Volumes/Execute/Files/project/ame_new/archive_markdown_editor_hmos/app/ohos_hap/web_engine/src/main/ets/adapter/CertManagerAdapter.ets:90:44
 To use this API, you need to apply for the permissions: ohos.permission.ACCESS_CERT_MANAGER
[39m[39m
[33mWARN: [33m[33mArkTS:WARN File: /Volumes/Execute/Files/project/ame_new/archive_markdown_editor_hmos/app/ohos_hap/web_engine/src/main/ets/adapter/CertManagerAdapter.ets:112:17
 To use this API, you need to apply for the permissions: ohos.permission.ACCESS_CERT_MANAGER
[39m[39m
[33mWARN: [33m[33mArkTS:WARN File: /Volumes/Execute/Files/project/ame_new/archive_markdown_editor_hmos/app/ohos_hap/web_engine/src/main/ets/adapter/CertManagerAdapter.ets:129:17
 To use this API, you need to apply for the permissions: ohos.permission.ACCESS_CERT_MANAGER
[39m[39m
[33mWARN: [33m[33mArkTS:WARN File: /Volumes/Execute/Files/project/ame_new/archive_markdown_editor_hmos/app/ohos_hap/web_engine/src/main/ets/adapter/CertManagerAdapter.ets:136:19
 To use this API, you need to apply for the permissions: ohos.permission.ACCESS_CERT_MANAGER
[39m[39m
[33mWARN: [33m[33mArkTS:WARN File: /Volumes/Execute/Files/project/ame_new/archive_markdown_editor_hmos/app/ohos_hap/web_engine/src/main/ets/adapter/CertManagerAdapter.ets:142:21
 To use this API, you need to apply for the permissions: ohos.permission.ACCESS_CERT_MANAGER
[39m[39m
[33mWARN: [33m[33mArkTS:WARN File: /Volumes/Execute/Files/project/ame_new/archive_markdown_editor_hmos/app/ohos_hap/web_engine/src/main/ets/adapter/CertManagerAdapter.ets:154:33
 Function may throw exceptions. Special handling is required.
[39m[39m
[33mWARN: [33m[33mArkTS:WARN File: /Volumes/Execute/Files/project/ame_new/archive_markdown_editor_hmos/app/ohos_hap/web_engine/src/main/ets/adapter/CertManagerAdapter.ets:176:15
 Function may throw exceptions. Special handling is required.
[39m[39m
[33mWARN: [33m[33mArkTS:WARN File: /Volumes/Execute/Files/project/ame_new/archive_markdown_editor_hmos/app/ohos_hap/web_engine/src/main/ets/adapter/CertManagerAdapter.ets:181:21
 Function may throw exceptions. Special handling is required.
[39m[39m
[33mWARN: [33m[33mArkTS:WARN File: /Volumes/Execute/Files/project/ame_new/archive_markdown_editor_hmos/app/ohos_hap/web_engine/src/main/ets/adapter/CertManagerAdapter.ets:201:32
 To use this API, you need to apply for the permissions: ohos.permission.ACCESS_CERT_MANAGER
[39m[39m
[33mWARN: [33m[33mArkTS:WARN File: /Volumes/Execute/Files/project/ame_new/archive_markdown_editor_hmos/app/ohos_hap/web_engine/src/main/ets/adapter/CursorAdapter.ets:44:22
 Function may throw exceptions. Special handling is required.
[39m[39m
[33mWARN: [33m[33mArkTS:WARN File: /Volumes/Execute/Files/project/ame_new/archive_markdown_editor_hmos/app/ohos_hap/web_engine/src/main/ets/adapter/DeviceAdapter.ets:115:12
 Function may throw exceptions. Special handling is required.
[39m[39m
[33mWARN: [33m[33mArkTS:WARN File: /Volumes/Execute/Files/project/ame_new/archive_markdown_editor_hmos/app/ohos_hap/web_engine/src/main/ets/adapter/DeviceUserAuthAdapter.ets:43:16
 To use this API, you need to apply for the permissions: ohos.permission.ACCESS_BIOMETRIC
[39m[39m
[33mWARN: [33m[33mArkTS:WARN File: /Volumes/Execute/Files/project/ame_new/archive_markdown_editor_hmos/app/ohos_hap/web_engine/src/main/ets/adapter/DeviceUserAuthAdapter.ets:56:16
 To use this API, you need to apply for the permissions: ohos.permission.ACCESS_BIOMETRIC
[39m[39m
[33mWARN: [33m[33mArkTS:WARN File: /Volumes/Execute/Files/project/ame_new/archive_markdown_editor_hmos/app/ohos_hap/web_engine/src/main/ets/adapter/DeviceUserAuthAdapter.ets:96:11
 Function may throw exceptions. Special handling is required.
[39m[39m
[33mWARN: [33m[33mArkTS:WARN File: /Volumes/Execute/Files/project/ame_new/archive_markdown_editor_hmos/app/ohos_hap/web_engine/src/main/ets/adapter/DeviceUserAuthAdapter.ets:107:24
 To use this API, you need to apply for the permissions: ohos.permission.ACCESS_BIOMETRIC or ohos.permission.USER_AUTH_FROM_BACKGROUND
[39m[39m
[33mWARN: [33m[33mArkTS:WARN File: /Volumes/Execute/Files/project/ame_new/archive_markdown_editor_hmos/app/ohos_hap/web_engine/src/main/ets/adapter/ElectronAppAdapter.ets:66:24
 'getSystemLocale' has been deprecated.
[39m[39m
[33mWARN: [33m[33mArkTS:WARN File: /Volumes/Execute/Files/project/ame_new/archive_markdown_editor_hmos/app/ohos_hap/web_engine/src/main/ets/adapter/ElectronAppAdapter.ets:113:5
 Function may throw exceptions. Special handling is required.
[39m[39m
[33mWARN: [33m[33mArkTS:WARN File: /Volumes/Execute/Files/project/ame_new/archive_markdown_editor_hmos/app/ohos_hap/web_engine/src/main/ets/adapter/ElectronAppAdapter.ets:126:5
 Function may throw exceptions. Special handling is required.
[39m[39m
[33mWARN: [33m[33mArkTS:WARN File: /Volumes/Execute/Files/project/ame_new/archive_markdown_editor_hmos/app/ohos_hap/web_engine/src/main/ets/adapter/FileManagerAdapter.ets:128:26
 To use this API, you need to apply for the permissions: ohos.permission.GET_FILE_ICON
[39m[39m
[33mWARN: [33m[33mArkTS:WARN File: /Volumes/Execute/Files/project/ame_new/archive_markdown_editor_hmos/app/ohos_hap/web_engine/src/main/ets/adapter/FilePickerAdapter.ets:50:30
 Function may throw exceptions. Special handling is required.
[39m[39m
[33mWARN: [33m[33mArkTS:WARN File: /Volumes/Execute/Files/project/ame_new/archive_markdown_editor_hmos/app/ohos_hap/web_engine/src/main/ets/adapter/FilePickerAdapter.ets:73:27
 The system capacity of this api 'selectMode' is not supported on all devices
[39m[39m
[33mWARN: [33m[33mArkTS:WARN File: /Volumes/Execute/Files/project/ame_new/archive_markdown_editor_hmos/app/ohos_hap/web_engine/src/main/ets/adapter/FilePickerAdapter.ets:73:47
 The system capacity of this api 'DocumentSelectMode' is not supported on all devices
[39m[39m
[33mWARN: [33m[33mArkTS:WARN File: /Volumes/Execute/Files/project/ame_new/archive_markdown_editor_hmos/app/ohos_hap/web_engine/src/main/ets/adapter/FilePickerAdapter.ets:73:66
 The system capacity of this api 'FOLDER' is not supported on all devices
[39m[39m
[33mWARN: [33m[33mArkTS:WARN File: /Volumes/Execute/Files/project/ame_new/archive_markdown_editor_hmos/app/ohos_hap/web_engine/src/main/ets/adapter/FilePickerAdapter.ets:99:30
 Function may throw exceptions. Special handling is required.
[39m[39m
[33mWARN: [33m[33mArkTS:WARN File: /Volumes/Execute/Files/project/ame_new/archive_markdown_editor_hmos/app/ohos_hap/web_engine/src/main/ets/adapter/FilePickerAdapter.ets:121:21
 Function may throw exceptions. Special handling is required.
[39m[39m
[33mWARN: [33m[33mArkTS:WARN File: /Volumes/Execute/Files/project/ame_new/archive_markdown_editor_hmos/app/ohos_hap/web_engine/src/main/ets/adapter/FilePickerAdapter.ets:178:30
 Function may throw exceptions. Special handling is required.
[39m[39m
[33mWARN: [33m[33mArkTS:WARN File: /Volumes/Execute/Files/project/ame_new/archive_markdown_editor_hmos/app/ohos_hap/web_engine/src/main/ets/adapter/FontAdapter.ets:18:42
 'getFontByName' has been deprecated.
[39m[39m
[33mWARN: [33m[33mArkTS:WARN File: /Volumes/Execute/Files/project/ame_new/archive_markdown_editor_hmos/app/ohos_hap/web_engine/src/main/ets/adapter/FontAdapter.ets:22:26
 'getSystemFontList' has been deprecated.
[39m[39m
[33mWARN: [33m[33mArkTS:WARN File: /Volumes/Execute/Files/project/ame_new/archive_markdown_editor_hmos/app/ohos_hap/web_engine/src/main/ets/adapter/FontAdapter.ets:45:26
 'getFontByName' has been deprecated.
[39m[39m
[33mWARN: [33m[33mArkTS:WARN File: /Volumes/Execute/Files/project/ame_new/archive_markdown_editor_hmos/app/ohos_hap/web_engine/src/main/ets/adapter/I18nAdapter.ets:25:22
 'Locale' has been deprecated.
[39m[39m
[33mWARN: [33m[33mArkTS:WARN File: /Volumes/Execute/Files/project/ame_new/archive_markdown_editor_hmos/app/ohos_hap/web_engine/src/main/ets/adapter/I18nAdapter.ets:25:32
 'language' has been deprecated.
[39m[39m
[33mWARN: [33m[33mArkTS:WARN File: /Volumes/Execute/Files/project/ame_new/archive_markdown_editor_hmos/app/ohos_hap/web_engine/src/main/ets/adapter/I18nAdapter.ets:30:22
 'Locale' has been deprecated.
[39m[39m
[33mWARN: [33m[33mArkTS:WARN File: /Volumes/Execute/Files/project/ame_new/archive_markdown_editor_hmos/app/ohos_hap/web_engine/src/main/ets/adapter/I18nAdapter.ets:30:32
 'region' has been deprecated.
[39m[39m
[33mWARN: [33m[33mArkTS:WARN File: /Volumes/Execute/Files/project/ame_new/archive_markdown_editor_hmos/app/ohos_hap/web_engine/src/main/ets/adapter/IMFAdapter.ets:143:5
 Function may throw exceptions. Special handling is required.
[39m[39m
[33mWARN: [33m[33mArkTS:WARN File: /Volumes/Execute/Files/project/ame_new/archive_markdown_editor_hmos/app/ohos_hap/web_engine/src/main/ets/adapter/IMFAdapter.ets:147:5
 Function may throw exceptions. Special handling is required.
[39m[39m
[33mWARN: [33m[33mArkTS:WARN File: /Volumes/Execute/Files/project/ame_new/archive_markdown_editor_hmos/app/ohos_hap/web_engine/src/main/ets/adapter/IMFAdapter.ets:150:5
 Function may throw exceptions. Special handling is required.
[39m[39m
[33mWARN: [33m[33mArkTS:WARN File: /Volumes/Execute/Files/project/ame_new/archive_markdown_editor_hmos/app/ohos_hap/web_engine/src/main/ets/adapter/IMFAdapter.ets:153:5
 Function may throw exceptions. Special handling is required.
[39m[39m
[33mWARN: [33m[33mArkTS:WARN File: /Volumes/Execute/Files/project/ame_new/archive_markdown_editor_hmos/app/ohos_hap/web_engine/src/main/ets/adapter/IMFAdapter.ets:156:5
 Function may throw exceptions. Special handling is required.
[39m[39m
[33mWARN: [33m[33mArkTS:WARN File: /Volumes/Execute/Files/project/ame_new/archive_markdown_editor_hmos/app/ohos_hap/web_engine/src/main/ets/adapter/MediaAdapter.ets:56:19
 'getContext' has been deprecated.
[39m[39m
[33mWARN: [33m[33mArkTS:WARN File: /Volumes/Execute/Files/project/ame_new/archive_markdown_editor_hmos/app/ohos_hap/web_engine/src/main/ets/adapter/MediaAdapter.ets:57:25
 Function may throw exceptions. Special handling is required.
[39m[39m
[33mWARN: [33m[33mArkTS:WARN File: /Volumes/Execute/Files/project/ame_new/archive_markdown_editor_hmos/app/ohos_hap/web_engine/src/main/ets/adapter/NativeMessagingAdapter.ets:68:74
 The 'extensionPid' API is supported since SDK version 21. However, the current compatible SDK version is 5.0.5(17).
[39m[39m
[33mWARN: [33m[33mArkTS:WARN File: /Volumes/Execute/Files/project/ame_new/archive_markdown_editor_hmos/app/ohos_hap/web_engine/src/main/ets/adapter/NativeMessagingAdapter.ets:104:57
 To use this API, you need to apply for the permissions: ohos.permission.WEB_NATIVE_MESSAGING
[39m[39m
[33mWARN: [33m[33mArkTS:WARN File: /Volumes/Execute/Files/project/ame_new/archive_markdown_editor_hmos/app/ohos_hap/web_engine/src/main/ets/adapter/NativeMessagingAdapter.ets:117:42
 To use this API, you need to apply for the permissions: ohos.permission.WEB_NATIVE_MESSAGING
[39m[39m
[33mWARN: [33m[33mArkTS:WARN File: /Volumes/Execute/Files/project/ame_new/archive_markdown_editor_hmos/app/ohos_hap/web_engine/src/main/ets/adapter/NativeMessagingAdapter.ets:126:5
 The 'dataShare' API is supported since SDK version 20. However, the current compatible SDK version is 5.0.5(17).
[39m[39m
[33mWARN: [33m[33mArkTS:WARN File: /Volumes/Execute/Files/project/ame_new/archive_markdown_editor_hmos/app/ohos_hap/web_engine/src/main/ets/adapter/NativeMessagingAdapter.ets:126:15
 The 'createDataProxyHandle' API is supported since SDK version 20. However, the current compatible SDK version is 5.0.5(17).
[39m[39m
[33mWARN: [33m[33mArkTS:WARN File: /Volumes/Execute/Files/project/ame_new/archive_markdown_editor_hmos/app/ohos_hap/web_engine/src/main/ets/adapter/NativeMessagingAdapter.ets:130:15
 The 'dataShare' API is supported since SDK version 20. However, the current compatible SDK version is 5.0.5(17).
[39m[39m
[33mWARN: [33m[33mArkTS:WARN File: /Volumes/Execute/Files/project/ame_new/archive_markdown_editor_hmos/app/ohos_hap/web_engine/src/main/ets/adapter/NativeMessagingAdapter.ets:130:25
 The 'DataProxyType' API is supported since SDK version 20. However, the current compatible SDK version is 5.0.5(17).
[39m[39m
[33mWARN: [33m[33mArkTS:WARN File: /Volumes/Execute/Files/project/ame_new/archive_markdown_editor_hmos/app/ohos_hap/web_engine/src/main/ets/adapter/NativeMessagingAdapter.ets:130:39
 The 'SHARED_CONFIG' API is supported since SDK version 20. However, the current compatible SDK version is 5.0.5(17).
[39m[39m
[33mWARN: [33m[33mArkTS:WARN File: /Volumes/Execute/Files/project/ame_new/archive_markdown_editor_hmos/app/ohos_hap/web_engine/src/main/ets/adapter/NativeMessagingAdapter.ets:132:21
 The 'get' API is supported since SDK version 20. However, the current compatible SDK version is 5.0.5(17).
[39m[39m
[33mWARN: [33m[33mArkTS:WARN File: /Volumes/Execute/Files/project/ame_new/archive_markdown_editor_hmos/app/ohos_hap/web_engine/src/main/ets/adapter/NativeMessagingAdapter.ets:134:33
 The 'value' API is supported since SDK version 20. However, the current compatible SDK version is 5.0.5(17).
[39m[39m
[33mWARN: [33m[33mArkTS:WARN File: /Volumes/Execute/Files/project/ame_new/archive_markdown_editor_hmos/app/ohos_hap/web_engine/src/main/ets/adapter/NativeMessagingAdapter.ets:137:28
 The 'value' API is supported since SDK version 20. However, the current compatible SDK version is 5.0.5(17).
[39m[39m
[33mWARN: [33m[33mArkTS:WARN File: /Volumes/Execute/Files/project/ame_new/archive_markdown_editor_hmos/app/ohos_hap/web_engine/src/main/ets/adapter/NotificationAdapter.ets:76:5
 Function may throw exceptions. Special handling is required.
[39m[39m
[33mWARN: [33m[33mArkTS:WARN File: /Volumes/Execute/Files/project/ame_new/archive_markdown_editor_hmos/app/ohos_hap/web_engine/src/main/ets/adapter/NotificationAdapter.ets:260:43
 Function may throw exceptions. Special handling is required.
[39m[39m
[33mWARN: [33m[33mArkTS:WARN File: /Volumes/Execute/Files/project/ame_new/archive_markdown_editor_hmos/app/ohos_hap/web_engine/src/main/ets/common/BaseWindowAdapter.ets:30:27
 Function may throw exceptions. Special handling is required.
[39m[39m
[33mWARN: [33m[33mArkTS:WARN File: /Volumes/Execute/Files/project/ame_new/archive_markdown_editor_hmos/app/ohos_hap/web_engine/src/main/ets/adapter/PopupWindowAdapter.ets:68:5
 Function may throw exceptions. Special handling is required.
[39m[39m
[33mWARN: [33m[33mArkTS:WARN File: /Volumes/Execute/Files/project/ame_new/archive_markdown_editor_hmos/app/ohos_hap/web_engine/src/main/ets/adapter/PopupWindowAdapter.ets:136:19
 Function may throw exceptions. Special handling is required.
[39m[39m
[33mWARN: [33m[33mArkTS:WARN File: /Volumes/Execute/Files/project/ame_new/archive_markdown_editor_hmos/app/ohos_hap/web_engine/src/main/ets/adapter/PopupWindowAdapter.ets:147:19
 Function may throw exceptions. Special handling is required.
[39m[39m
[33mWARN: [33m[33mArkTS:WARN File: /Volumes/Execute/Files/project/ame_new/archive_markdown_editor_hmos/app/ohos_hap/web_engine/src/main/ets/adapter/PopupWindowAdapter.ets:190:28
 Function may throw exceptions. Special handling is required.
[39m[39m
[33mWARN: [33m[33mArkTS:WARN File: /Volumes/Execute/Files/project/ame_new/archive_markdown_editor_hmos/app/ohos_hap/web_engine/src/main/ets/adapter/PrintAdapter.ets:53:13
 To use this API, you need to apply for the permissions: ohos.permission.PRINT
[39m[39m
[33mWARN: [33m[33mArkTS:WARN File: /Volumes/Execute/Files/project/ame_new/archive_markdown_editor_hmos/app/ohos_hap/web_engine/src/main/ets/adapter/PrintAdapter.ets:55:21
 To use this API, you need to apply for the permissions: ohos.permission.PRINT
[39m[39m
[33mWARN: [33m[33mArkTS:WARN File: /Volumes/Execute/Files/project/ame_new/archive_markdown_editor_hmos/app/ohos_hap/web_engine/src/main/ets/adapter/PrintAdapter.ets:58:21
 To use this API, you need to apply for the permissions: ohos.permission.PRINT
[39m[39m
[33mWARN: [33m[33mArkTS:WARN File: /Volumes/Execute/Files/project/ame_new/archive_markdown_editor_hmos/app/ohos_hap/web_engine/src/main/ets/adapter/PrintAdapter.ets:78:9
 Function may throw exceptions. Special handling is required.
[39m[39m
[33mWARN: [33m[33mArkTS:WARN File: /Volumes/Execute/Files/project/ame_new/archive_markdown_editor_hmos/app/ohos_hap/web_engine/src/main/ets/adapter/PrintAdapter.ets:90:11
 To use this API, you need to apply for the permissions: ohos.permission.PRINT
[39m[39m
[33mWARN: [33m[33mArkTS:WARN File: /Volumes/Execute/Files/project/ame_new/archive_markdown_editor_hmos/app/ohos_hap/web_engine/src/main/ets/adapter/PrintAdapter.ets:101:20
 'showDialog' has been deprecated.
[39m[39m
[33mWARN: [33m[33mArkTS:WARN File: /Volumes/Execute/Files/project/ame_new/archive_markdown_editor_hmos/app/ohos_hap/web_engine/src/main/ets/adapter/RunningLockAdapter.ets:67:19
 To use this API, you need to apply for the permissions: ohos.permission.RUNNING_LOCK
[39m[39m
[33mWARN: [33m[33mArkTS:WARN File: /Volumes/Execute/Files/project/ame_new/archive_markdown_editor_hmos/app/ohos_hap/web_engine/src/main/ets/adapter/RunningLockAdapter.ets:67:75
 'BACKGROUND' has been deprecated.
[39m[39m
[33mWARN: [33m[33mArkTS:WARN File: /Volumes/Execute/Files/project/ame_new/archive_markdown_editor_hmos/app/ohos_hap/web_engine/src/main/ets/adapter/RunningLockAdapter.ets:72:29
 To use this API, you need to apply for the permissions: ohos.permission.RUNNING_LOCK
[39m[39m
[33mWARN: [33m[33mArkTS:WARN File: /Volumes/Execute/Files/project/ame_new/archive_markdown_editor_hmos/app/ohos_hap/web_engine/src/main/ets/adapter/RunningLockAdapter.ets:90:27
 To use this API, you need to apply for the permissions: ohos.permission.RUNNING_LOCK
[39m[39m
[33mWARN: [33m[33mArkTS:WARN File: /Volumes/Execute/Files/project/ame_new/archive_markdown_editor_hmos/app/ohos_hap/web_engine/src/main/ets/adapter/ScreenshotAdapter.ets:21:16
 To use this API, you need to apply for the permissions: ohos.permission.CUSTOM_SCREEN_CAPTURE or ohos.permission.CUSTOM_SCREEN_RECORDING
[39m[39m
[33mWARN: [33m[33mArkTS:WARN File: /Volumes/Execute/Files/project/ame_new/archive_markdown_editor_hmos/app/ohos_hap/web_engine/src/main/ets/adapter/SpeechAdapter.ets:68:44
 'getVolumeSync' has been deprecated.
[39m[39m
[33mWARN: [33m[33mArkTS:WARN File: /Volumes/Execute/Files/project/ame_new/archive_markdown_editor_hmos/app/ohos_hap/web_engine/src/main/ets/adapter/SubWindowAdapter.ets:119:24
 Function may throw exceptions. Special handling is required.
[39m[39m
[33mWARN: [33m[33mArkTS:WARN File: /Volumes/Execute/Files/project/ame_new/archive_markdown_editor_hmos/app/ohos_hap/web_engine/src/main/ets/adapter/SubWindowAdapter.ets:151:20
 Function may throw exceptions. Special handling is required.
[39m[39m
[33mWARN: [33m[33mArkTS:WARN File: /Volumes/Execute/Files/project/ame_new/archive_markdown_editor_hmos/app/ohos_hap/web_engine/src/main/ets/adapter/SubWindowAdapter.ets:257:18
 Function may throw exceptions. Special handling is required.
[39m[39m
[33mWARN: [33m[33mArkTS:WARN File: /Volumes/Execute/Files/project/ame_new/archive_markdown_editor_hmos/app/ohos_hap/web_engine/src/main/ets/adapter/SubWindowAdapter.ets:265:22
 Function may throw exceptions. Special handling is required.
[39m[39m
[33mWARN: [33m[33mArkTS:WARN File: /Volumes/Execute/Files/project/ame_new/archive_markdown_editor_hmos/app/ohos_hap/web_engine/src/main/ets/adapter/SubWindowAdapter.ets:301:5
 Function may throw exceptions. Special handling is required.
[39m[39m
[33mWARN: [33m[33mArkTS:WARN File: /Volumes/Execute/Files/project/ame_new/archive_markdown_editor_hmos/app/ohos_hap/web_engine/src/main/ets/adapter/SystemFloatingWindowAdapter.ets:60:12
 To use this API, you need to apply for the permissions: ohos.permission.SYSTEM_FLOAT_WINDOW
[39m[39m
[33mWARN: [33m[33mArkTS:WARN File: /Volumes/Execute/Files/project/ame_new/archive_markdown_editor_hmos/app/ohos_hap/web_engine/src/main/ets/adapter/SystemFloatingWindowAdapter.ets:175:7
 Function may throw exceptions. Special handling is required.
[39m[39m
[33mWARN: [33m[33mArkTS:WARN File: /Volumes/Execute/Files/project/ame_new/archive_markdown_editor_hmos/app/ohos_hap/web_engine/src/main/ets/adapter/SystemFloatingWindowAdapter.ets:183:19
 Function may throw exceptions. Special handling is required.
[39m[39m
[33mWARN: [33m[33mArkTS:WARN File: /Volumes/Execute/Files/project/ame_new/archive_markdown_editor_hmos/app/ohos_hap/web_engine/src/main/ets/adapter/SystemFloatingWindowAdapter.ets:194:19
 Function may throw exceptions. Special handling is required.
[39m[39m
[33mWARN: [33m[33mArkTS:WARN File: /Volumes/Execute/Files/project/ame_new/archive_markdown_editor_hmos/app/ohos_hap/web_engine/src/main/ets/adapter/SystemFloatingWindowAdapter.ets:213:24
 Function may throw exceptions. Special handling is required.
[39m[39m
[33mWARN: [33m[33mArkTS:WARN File: /Volumes/Execute/Files/project/ame_new/archive_markdown_editor_hmos/app/ohos_hap/web_engine/src/main/ets/adapter/SystemFloatingWindowAdapter.ets:263:24
 Function may throw exceptions. Special handling is required.
[39m[39m
[33mWARN: [33m[33mArkTS:WARN File: /Volumes/Execute/Files/project/ame_new/archive_markdown_editor_hmos/app/ohos_hap/web_engine/src/main/ets/adapter/SystemFloatingWindowAdapter.ets:315:24
 Function may throw exceptions. Special handling is required.
[39m[39m
[33mWARN: [33m[33mArkTS:WARN File: /Volumes/Execute/Files/project/ame_new/archive_markdown_editor_hmos/app/ohos_hap/web_engine/src/main/ets/adapter/StatusBarManager.ets:79:7
 The system capacity of this api 'statusBarManager' is not supported on all devices
[39m[39m
[33mWARN: [33m[33mArkTS:WARN File: /Volumes/Execute/Files/project/ame_new/archive_markdown_editor_hmos/app/ohos_hap/web_engine/src/main/ets/adapter/StatusBarManager.ets:79:24
 The system capacity of this api 'addToStatusBar' is not supported on all devices
[39m[39m
[33mWARN: [33m[33mArkTS:WARN File: /Volumes/Execute/Files/project/ame_new/archive_markdown_editor_hmos/app/ohos_hap/web_engine/src/main/ets/adapter/StatusBarManager.ets:93:9
 The system capacity of this api 'statusBarManager' is not supported on all devices
[39m[39m
[33mWARN: [33m[33mArkTS:WARN File: /Volumes/Execute/Files/project/ame_new/archive_markdown_editor_hmos/app/ohos_hap/web_engine/src/main/ets/adapter/StatusBarManager.ets:93:26
 The system capacity of this api 'on' is not supported on all devices
[39m[39m
[33mWARN: [33m[33mArkTS:WARN File: /Volumes/Execute/Files/project/ame_new/archive_markdown_editor_hmos/app/ohos_hap/web_engine/src/main/ets/adapter/StatusBarManager.ets:100:9
 The system capacity of this api 'statusBarManager' is not supported on all devices
[39m[39m
[33mWARN: [33m[33mArkTS:WARN File: /Volumes/Execute/Files/project/ame_new/archive_markdown_editor_hmos/app/ohos_hap/web_engine/src/main/ets/adapter/StatusBarManager.ets:100:26
 The system capacity of this api 'on' is not supported on all devices
[39m[39m
[33mWARN: [33m[33mArkTS:WARN File: /Volumes/Execute/Files/project/ame_new/archive_markdown_editor_hmos/app/ohos_hap/web_engine/src/main/ets/adapter/StatusBarManager.ets:110:7
 The system capacity of this api 'statusBarManager' is not supported on all devices
[39m[39m
[33mWARN: [33m[33mArkTS:WARN File: /Volumes/Execute/Files/project/ame_new/archive_markdown_editor_hmos/app/ohos_hap/web_engine/src/main/ets/adapter/StatusBarManager.ets:110:24
 The system capacity of this api 'updateStatusBarIcon' is not supported on all devices
[39m[39m
[33mWARN: [33m[33mArkTS:WARN File: /Volumes/Execute/Files/project/ame_new/archive_markdown_editor_hmos/app/ohos_hap/web_engine/src/main/ets/adapter/StatusBarManager.ets:127:9
 The system capacity of this api 'statusBarManager' is not supported on all devices
[39m[39m
[33mWARN: [33m[33mArkTS:WARN File: /Volumes/Execute/Files/project/ame_new/archive_markdown_editor_hmos/app/ohos_hap/web_engine/src/main/ets/adapter/StatusBarManager.ets:127:26
 The system capacity of this api 'updateStatusBarHoverTips' is not supported on all devices
[39m[39m
[33mWARN: [33m[33mArkTS:WARN File: /Volumes/Execute/Files/project/ame_new/archive_markdown_editor_hmos/app/ohos_hap/web_engine/src/main/ets/adapter/StatusBarManager.ets:146:9
 The system capacity of this api 'statusBarManager' is not supported on all devices
[39m[39m
[33mWARN: [33m[33mArkTS:WARN File: /Volumes/Execute/Files/project/ame_new/archive_markdown_editor_hmos/app/ohos_hap/web_engine/src/main/ets/adapter/StatusBarManager.ets:146:26
 The system capacity of this api 'updateStatusBarMenu' is not supported on all devices
[39m[39m
[33mWARN: [33m[33mArkTS:WARN File: /Volumes/Execute/Files/project/ame_new/archive_markdown_editor_hmos/app/ohos_hap/web_engine/src/main/ets/adapter/StatusBarManager.ets:162:9
 The system capacity of this api 'statusBarManager' is not supported on all devices
[39m[39m
[33mWARN: [33m[33mArkTS:WARN File: /Volumes/Execute/Files/project/ame_new/archive_markdown_editor_hmos/app/ohos_hap/web_engine/src/main/ets/adapter/StatusBarManager.ets:162:26
 The system capacity of this api 'removeFromStatusBar' is not supported on all devices
[39m[39m
[33mWARN: [33m[33mArkTS:WARN File: /Volumes/Execute/Files/project/ame_new/archive_markdown_editor_hmos/app/ohos_hap/web_engine/src/main/ets/adapter/StatusBarManager.ets:174:7
 The system capacity of this api 'statusBarManager' is not supported on all devices
[39m[39m
[33mWARN: [33m[33mArkTS:WARN File: /Volumes/Execute/Files/project/ame_new/archive_markdown_editor_hmos/app/ohos_hap/web_engine/src/main/ets/adapter/StatusBarManager.ets:174:24
 The system capacity of this api 'off' is not supported on all devices
[39m[39m
[33mWARN: [33m[33mArkTS:WARN File: /Volumes/Execute/Files/project/ame_new/archive_markdown_editor_hmos/app/ohos_hap/web_engine/src/main/ets/adapter/StatusBarManager.ets:175:7
 The system capacity of this api 'statusBarManager' is not supported on all devices
[39m[39m
[33mWARN: [33m[33mArkTS:WARN File: /Volumes/Execute/Files/project/ame_new/archive_markdown_editor_hmos/app/ohos_hap/web_engine/src/main/ets/adapter/StatusBarManager.ets:175:24
 The system capacity of this api 'off' is not supported on all devices
[39m[39m
[33mWARN: [33m[33mArkTS:WARN File: /Volumes/Execute/Files/project/ame_new/archive_markdown_editor_hmos/app/ohos_hap/web_engine/src/main/ets/adapter/StatusBarManager.ets:190:30
 The system capacity of this api 'menuCode' is not supported on all devices
[39m[39m
[33mWARN: [33m[33mArkTS:WARN File: /Volumes/Execute/Files/project/ame_new/archive_markdown_editor_hmos/app/ohos_hap/web_engine/src/main/ets/adapter/StatusBarManager.ets:225:16
 The system capacity of this api 'subMenu' is not supported on all devices
[39m[39m
[33mWARN: [33m[33mArkTS:WARN File: /Volumes/Execute/Files/project/ame_new/archive_markdown_editor_hmos/app/ohos_hap/web_engine/src/main/ets/adapter/WebAppAdapter.ets:54:23
 'getContext' has been deprecated.
[39m[39m
[33mWARN: [33m[33mArkTS:WARN File: /Volumes/Execute/Files/project/ame_new/archive_markdown_editor_hmos/app/ohos_hap/web_engine/src/main/ets/adapter/WebAppAdapter.ets:94:26
 'showToast' has been deprecated.
[39m[39m
[33mWARN: [33m[33mArkTS:WARN File: /Volumes/Execute/Files/project/ame_new/archive_markdown_editor_hmos/app/ohos_hap/web_engine/src/main/ets/adapter/WebAppAdapter.ets:104:22
 'showToast' has been deprecated.
[39m[39m
[33mWARN: [33m[33mArkTS:WARN File: /Volumes/Execute/Files/project/ame_new/archive_markdown_editor_hmos/app/ohos_hap/web_engine/src/main/ets/adapter/WebAppAdapter.ets:114:7
 Function may throw exceptions. Special handling is required.
[39m[39m
[33mWARN: [33m[33mArkTS:WARN File: /Volumes/Execute/Files/project/ame_new/archive_markdown_editor_hmos/app/ohos_hap/web_engine/src/main/ets/adapter/WebAppAdapter.ets:114:20
 'showToast' has been deprecated.
[39m[39m
[33mWARN: [33m[33mArkTS:WARN File: /Volumes/Execute/Files/project/ame_new/archive_markdown_editor_hmos/app/ohos_hap/web_engine/src/main/ets/ability/WebBaseAbility.ets:110:27
 Function may throw exceptions. Special handling is required.
[39m[39m
[33mWARN: [33m[33mArkTS:WARN File: /Volumes/Execute/Files/project/ame_new/archive_markdown_editor_hmos/app/ohos_hap/web_engine/src/main/ets/ability/WebBaseAbility.ets:110:27
 Function may throw exceptions. Special handling is required.
[39m[39m
[33mWARN: [33m[33mArkTS:WARN File: /Volumes/Execute/Files/project/ame_new/archive_markdown_editor_hmos/app/ohos_hap/web_engine/src/main/ets/ability/WebBaseAbility.ets:119:12
 Function may throw exceptions. Special handling is required.
[39m[39m
[33mWARN: [33m[33mArkTS:WARN File: /Volumes/Execute/Files/project/ame_new/archive_markdown_editor_hmos/app/ohos_hap/web_engine/src/main/ets/ability/WebAbility.ets:79:28
 To use this API, you need to apply for the permissions: ohos.permission.SET_ABILITY_INSTANCE_INFO
[39m[39m
[33mWARN: [33m[33mArkTS:WARN File: /Volumes/Execute/Files/project/ame_new/archive_markdown_editor_hmos/app/ohos_hap/web_engine/src/main/ets/ability/WebAbility.ets:276:17
 Function may throw exceptions. Special handling is required.
[39m[39m
[33mWARN: [33m[33mArkTS:WARN File: /Volumes/Execute/Files/project/ame_new/archive_markdown_editor_hmos/app/ohos_hap/web_engine/src/main/ets/ability/WebAbility.ets:432:20
 Function may throw exceptions. Special handling is required.
[39m[39m
[33mWARN: [33m[33mArkTS:WARN File: /Volumes/Execute/Files/project/ame_new/archive_markdown_editor_hmos/app/ohos_hap/web_engine/src/main/ets/ability/WebAbility.ets:523:21
 Function may throw exceptions. Special handling is required.
[39m[39m
[33mWARN: [33m[33mArkTS:WARN File: /Volumes/Execute/Files/project/ame_new/archive_markdown_editor_hmos/app/ohos_hap/web_engine/src/main/ets/ability/WebAbility.ets:528:30
 'getContext' has been deprecated.
[39m[39m
[33mWARN: [33m[33mArkTS:WARN File: /Volumes/Execute/Files/project/ame_new/archive_markdown_editor_hmos/app/ohos_hap/web_engine/src/main/ets/ability/WebEmbeddedAbility.ets:44:23
 Function may throw exceptions. Special handling is required.
[39m[39m
[33mWARN: [33m[33mArkTS:WARN File: /Volumes/Execute/Files/project/ame_new/archive_markdown_editor_hmos/app/ohos_hap/web_engine/src/main/ets/ability/WebEmbeddedAbility.ets:75:5
 Function may throw exceptions. Special handling is required.
[39m[39m
[33mWARN: [33m[33mArkTS:WARN File: /Volumes/Execute/Files/project/ame_new/archive_markdown_editor_hmos/app/ohos_hap/web_engine/src/main/ets/components/WebWindow.ets:60:75
 'getContext' has been deprecated.
[39m[39m
[33mWARN: [33m[33mArkTS:WARN File: /Volumes/Execute/Files/project/ame_new/archive_markdown_editor_hmos/app/ohos_hap/web_engine/src/main/ets/components/WebWindow.ets:85:5
 Function may throw exceptions. Special handling is required.
[39m[39m
[33mWARN: [33m[33mArkTS:WARN File: /Volumes/Execute/Files/project/ame_new/archive_markdown_editor_hmos/app/ohos_hap/web_engine/src/main/ets/components/WebWindow.ets:92:16
 Function may throw exceptions. Special handling is required.
[39m[39m
[33mWARN: [33m[33mArkTS:WARN File: /Volumes/Execute/Files/project/ame_new/archive_markdown_editor_hmos/app/ohos_hap/web_engine/src/main/ets/components/WebWindow.ets:103:27
 Function may throw exceptions. Special handling is required.
[39m[39m
[33mWARN: [33m[33mArkTS:WARN File: /Volumes/Execute/Files/project/ame_new/archive_markdown_editor_hmos/app/ohos_hap/web_engine/src/main/ets/components/WebWindow.ets:116:17
 Function may throw exceptions. Special handling is required.
[39m[39m
[33mWARN: [33m[33mArkTS:WARN File: /Volumes/Execute/Files/project/ame_new/archive_markdown_editor_hmos/app/ohos_hap/web_engine/src/main/ets/components/WebWindow.ets:124:9
 Function may throw exceptions. Special handling is required.
[39m[39m
[33mWARN: [33m[33mArkTS:WARN File: /Volumes/Execute/Files/project/ame_new/archive_markdown_editor_hmos/app/ohos_hap/web_engine/src/main/ets/components/WebWindow.ets:253:19
 'vp2px' has been deprecated.
[39m[39m
[33mWARN: [33m[33mArkTS:WARN File: /Volumes/Execute/Files/project/ame_new/archive_markdown_editor_hmos/app/ohos_hap/web_engine/src/main/ets/components/WebWindow.ets:254:19
 'vp2px' has been deprecated.
[39m[39m
[33mWARN: [33m[33mArkTS:WARN File: /Volumes/Execute/Files/project/ame_new/archive_markdown_editor_hmos/app/ohos_hap/web_engine/src/main/ets/components/WebSubWindow.ets:71:19
 'vp2px' has been deprecated.
[39m[39m
[33mWARN: [33m[33mArkTS:WARN File: /Volumes/Execute/Files/project/ame_new/archive_markdown_editor_hmos/app/ohos_hap/web_engine/src/main/ets/components/WebSubWindow.ets:72:19
 'vp2px' has been deprecated.
[39m[39m
[33mWARN: [33m[33mArkTS:WARN File: /Volumes/Execute/Files/project/ame_new/archive_markdown_editor_hmos/app/ohos_hap/web_engine/src/main/ets/components/WebEmbeddedWindow.ets:85:19
 'vp2px' has been deprecated.
[39m[39m
[33mWARN: [33m[33mArkTS:WARN File: /Volumes/Execute/Files/project/ame_new/archive_markdown_editor_hmos/app/ohos_hap/web_engine/src/main/ets/components/WebEmbeddedWindow.ets:86:19
 'vp2px' has been deprecated.
[39m[39m
[33mWARN: [33m[33mArkTS:WARN File: /Volumes/Execute/Files/project/ame_new/archive_markdown_editor_hmos/app/ohos_hap/web_engine/src/main/ets/components/WebEmbeddedWindow.ets:124:23
 Function may throw exceptions. Special handling is required.
[39m[39m
[33mWARN: [33m[33mArkTS:WARN File: /Volumes/Execute/Files/project/ame_new/archive_markdown_editor_hmos/app/ohos_hap/web_engine/src/main/ets/components/WebEmbeddedWindow.ets:159:49
 'getContext' has been deprecated.
[39m[39m
[33mWARN: [33m[33mArkTS:WARN File: /Volumes/Execute/Files/project/ame_new/archive_markdown_editor_hmos/app/ohos_hap/web_engine/src/main/ets/components/WebWindowNode.ets:73:5
 Function may throw exceptions. Special handling is required.
[39m[39m
[33mWARN: [33m[33mArkTS:WARN File: /Volumes/Execute/Files/project/ame_new/archive_markdown_editor_hmos/app/ohos_hap/web_engine/src/main/ets/components/WebWindowNode.ets:82:16
 Function may throw exceptions. Special handling is required.
[39m[39m
[33mWARN: [33m[33mArkTS:WARN File: /Volumes/Execute/Files/project/ame_new/archive_markdown_editor_hmos/app/ohos_hap/web_engine/src/main/ets/components/WebWindowNode.ets:108:49
 'getContext' has been deprecated.
[39m[39m
[33mWARN: [33m[33mArkTS:WARN File: /Volumes/Execute/Files/project/ame_new/archive_markdown_editor_hmos/app/ohos_hap/web_engine/src/main/ets/components/WebWindowNode.ets:183:19
 'vp2px' has been deprecated.
[39m[39m
[33mWARN: [33m[33mArkTS:WARN File: /Volumes/Execute/Files/project/ame_new/archive_markdown_editor_hmos/app/ohos_hap/web_engine/src/main/ets/components/WebWindowNode.ets:184:19
 'vp2px' has been deprecated.
[39m[39m
[33mWARN: [33m[33mArkTS:WARN File: /Volumes/Execute/Files/project/ame_new/archive_markdown_editor_hmos/app/ohos_hap/web_engine/src/main/ets/components/WebNodeHandleWindow.ets:102:75
 'getContext' has been deprecated.
[39m[39m
[33mWARN: [33m[33mArkTS:WARN File: /Volumes/Execute/Files/project/ame_new/archive_markdown_editor_hmos/app/ohos_hap/web_engine/src/main/ets/components/WebNodeHandleWindow.ets:120:16
 Function may throw exceptions. Special handling is required.
[39m[39m
[33mWARN: [33m[33mArkTS:WARN File: /Volumes/Execute/Files/project/ame_new/archive_markdown_editor_hmos/app/ohos_hap/web_engine/src/main/ets/components/WebNodeHandleWindow.ets:147:17
 Function may throw exceptions. Special handling is required.
[39m[39m
[33mWARN: [33m[33mArkTS:WARN File: /Volumes/Execute/Files/project/ame_new/archive_markdown_editor_hmos/app/ohos_hap/electron/src/main/ets/entryability/StatelessAbility.ets:34:7
 Function may throw exceptions. Special handling is required.
[39m[39m
[33mWARN: [33m[33mArkTS:WARN File: /Volumes/Execute/Files/project/ame_new/archive_markdown_editor_hmos/app/ohos_hap/electron/src/main/ets/entryability/StatusBarEntryAbility.ets:10:52
 The system capacity of this api 'StatusBarViewExtensionAbility' is not supported on all devices
[39m[39m
[33mWARN: [33m[33mArkTS:WARN File: /Volumes/Execute/Files/project/ame_new/archive_markdown_editor_hmos/app/ohos_hap/electron/src/main/ets/entryability/StatusBarEntryAbility.ets:17:5
 Function may throw exceptions. Special handling is required.
[39m[39m
[33mWARN: [33m[33mArkTS:WARN File: /Volumes/Execute/Files/project/ame_new/archive_markdown_editor_hmos/app/ohos_hap/electron/src/main/ets/pages/Index.ets:24:28
 'getShared' has been deprecated.
[39m[39m
[33mWARN: [33m[33mArkTS:WARN File: /Volumes/Execute/Files/project/ame_new/archive_markdown_editor_hmos/app/ohos_hap/electron/src/main/ets/pages/SubWindow.ets:7:31
 'getShared' has been deprecated.
[39m[39m
[33mWARN: [33m[33mArkTS:WARN File: /Volumes/Execute/Files/project/ame_new/archive_markdown_editor_hmos/app/ohos_hap/electron/src/main/ets/pages/EmbeddedWindow.ets:8:28
 'getShared' has been deprecated.
[39m[39m
[33mWARN: [33m[33mArkTS:WARN File: /Volumes/Execute/Files/project/ame_new/archive_markdown_editor_hmos/app/ohos_hap/electron/src/main/ets/pages/WindowNode.ets:8:28
 'getShared' has been deprecated.
[39m[39m
[33mWARN: [33m[33mArkTS:WARN File: /Volumes/Execute/Files/project/ame_new/archive_markdown_editor_hmos/app/ohos_hap/electron/src/main/ets/pages/WebPage.ets:36:18
 'back' has been deprecated.
[39m[39m
[33mWARN: [33m[33mArkTS:WARN File: /Volumes/Execute/Files/project/ame_new/archive_markdown_editor_hmos/app/ohos_hap/electron/src/main/ets/pages/WebPage.ets:80:27
 'getParams' has been deprecated.
[39m[39m
[33mWARN: [33m[33mArkTS:WARN File: /Volumes/Execute/Files/project/ame_new/archive_markdown_editor_hmos/app/ohos_hap/electron/src/main/ets/pages/WebPage.ets:88:7
 Function may throw exceptions. Special handling is required.
[39m[39m
[33mWARN: [33m[33mArkTS:WARN File: /Volumes/Execute/Files/project/ame_new/archive_markdown_editor_hmos/app/ohos_hap/electron/src/main/ets/pages/QuickLoginButtonComponent.ets:153:20
 'showToast' has been deprecated.
[39m[39m
[33mWARN: [33m[33mArkTS:WARN File: /Volumes/Execute/Files/project/ame_new/archive_markdown_editor_hmos/app/ohos_hap/electron/src/main/ets/pages/QuickLoginButtonComponent.ets:168:39
 To use this API, you need to apply for the permissions: ohos.permission.GET_NETWORK_INFO
[39m[39m
[33mWARN: [33m[33mArkTS:WARN File: /Volumes/Execute/Files/project/ame_new/archive_markdown_editor_hmos/app/ohos_hap/electron/src/main/ets/pages/QuickLoginButtonComponent.ets:178:12
 'pushUrl' has been deprecated.
[39m[39m
[33mWARN: [33m[33mArkTS:WARN File: /Volumes/Execute/Files/project/ame_new/archive_markdown_editor_hmos/app/ohos_hap/electron/src/main/ets/pages/QuickLoginButtonComponent.ets:199:21
 'show' has been deprecated.
[39m[39m
[33mWARN: [33m[33mArkTS:WARN File: /Volumes/Execute/Files/project/ame_new/archive_markdown_editor_hmos/app/ohos_hap/electron/src/main/ets/pages/QuickLoginButtonComponent.ets:257:19
 'show' has been deprecated.
[39m[39m
[33mWARN: [33m[33mArkTS:WARN File: /Volumes/Execute/Files/project/ame_new/archive_markdown_editor_hmos/app/ohos_hap/electron/src/main/ets/pages/Login.ets:9:28
 'getShared' has been deprecated.
[39m[39m
[33mWARN: [33m[33mArkTS:WARN File: /Volumes/Execute/Files/project/ame_new/archive_markdown_editor_hmos/app/ohos_hap/electron/src/main/ets/pages/NodeHandleWindow.ets:49:28
 'getShared' has been deprecated.
[39m[39m
[33mWARN: [33m[33mArkTS:WARN File: /Volumes/Execute/Files/project/ame_new/archive_markdown_editor_hmos/app/ohos_hap/electron/src/main/ets/pages/NodeHandleSubWindow.ets:32:31
 'getShared' has been deprecated.
[39m[39m
[33mWARN: [33mArkTS:WARN File: /Volumes/Execute/Files/project/ame_new/archive_markdown_editor_hmos/app/ohos_hap/electron/src/main/ets/pages/WebPage.ets:6:1
 It's not a recommended way to export struct with '@Entry' decorator, which may cause ACE Engine error in component preview mode.[39m[39m
[33mWARN: [33mArkTS:WARN File: /Volumes/Execute/Files/project/ame_new/archive_markdown_editor_hmos/app/ohos_hap/web_engine/src/main/ets/interface/CommonInterface.ts:71:53
 Cannot find name 'GestureEvent'.[39m[39m
[33mWARN: [33mArkTS:WARN File: /Volumes/Execute/Files/project/ame_new/archive_markdown_editor_hmos/app/ohos_hap/web_engine/src/main/ets/interface/CommonInterface.ts:72:59
 Cannot find name 'GestureEvent'.[39m[39m

[2026-04-27T13:09:36.541] [DEBUG] debug-file - Ark compile task finished.finished time is 762255309588125
[2026-04-27T13:09:36.541] [DEBUG] debug-file - worker[4] has one work done.
[2026-04-27T13:09:36.542] [DEBUG] debug-file - default@CompileArkTS work[4] done.
[2026-04-27T13:09:36.542] [DEBUG] debug-file - A work dispatched to worker[4] failed because unable to get work from ready queue.
[2026-04-27T13:09:36.542] [INFO] debug-file - Finished :electron:default@CompileArkTS... after 4 s 206 ms 
[2026-04-27T13:09:36.542] [DEBUG] debug-file - Executing task :electron:default@GeneratePkgModuleJson
[2026-04-27T13:09:36.542] [DEBUG] debug-file - File: '/Volumes/Execute/Files/project/ame_new/archive_markdown_editor_hmos/app/ohos_hap/electron/build/default/intermediates/preload/default/preload.json' from 'preloadSoJsonPath' is not exists, just ignore.
[2026-04-27T13:09:36.543] [DEBUG] debug-file - Error occurs while handling @Input 'shouldDeduplicateHar': The "data" argument must be of type string or an instance of Buffer, TypedArray, or DataView. Received undefined
[2026-04-27T13:09:36.543] [DEBUG] debug-file - Task 'electron:default@GeneratePkgModuleJson' cost while wrapping incremental declarations: 1 ms 
[2026-04-27T13:09:36.543] [DEBUG] debug-file - electron:default@GeneratePkgModuleJson is not up-to-date, since the input file '/Volumes/Execute/Files/project/ame_new/archive_markdown_editor_hmos/app/ohos_hap/electron/build/default/intermediates/res/default/module.json' has been changed.
[2026-04-27T13:09:36.543] [DEBUG] debug-file - Incremental task electron:default@GeneratePkgModuleJson pre-execution cost: 1 ms .
[2026-04-27T13:09:36.543] [DEBUG] debug-file - electron : default@GeneratePkgModuleJson cost memory 0.2984771728515625
[2026-04-27T13:09:36.543] [DEBUG] debug-file - runTaskFromQueue task cost before running: 5 s 446 ms 
[2026-04-27T13:09:36.543] [INFO] debug-file - Finished :electron:default@GeneratePkgModuleJson... after 1 ms 
[2026-04-27T13:09:36.544] [DEBUG] debug-file - Executing task :electron:default@ProcessCompiledResources
[2026-04-27T13:09:36.544] [DEBUG] debug-file - File: '/Volumes/Execute/Files/project/ame_new/archive_markdown_editor_hmos/app/ohos_hap/electron/build/default/intermediates/preload/default/preload.json' from 'preloadSoJsonPath' is not exists, just ignore.
[2026-04-27T13:09:36.544] [DEBUG] debug-file - Task 'electron:default@ProcessCompiledResources' cost while wrapping incremental declarations: 1 ms 
[2026-04-27T13:09:36.544] [DEBUG] debug-file - electron : default@ProcessCompiledResources cost memory 0.06577301025390625
[2026-04-27T13:09:36.544] [DEBUG] debug-file - runTaskFromQueue task cost before running: 5 s 447 ms 
[2026-04-27T13:09:36.544] [INFO] debug-file - Finished :electron:default@ProcessCompiledResources... after 1 ms 
[2026-04-27T13:09:36.544] [DEBUG] debug-file - Executing task :electron:default@PackageHap
[2026-04-27T13:09:36.545] [WARN] debug-file - If obfuscation is needed, enable obfuscation settings in this build process; failing to do so may prevent future obfuscation. 
               Properly configure obfuscation rules to avoid runtime issues.
[2026-04-27T13:09:36.545] [DEBUG] debug-file - electron:default@PackageHap is not up-to-date, since the input file '/Volumes/Execute/Files/project/ame_new/archive_markdown_editor_hmos/app/ohos_hap/electron/build/default/intermediates/stripped_native_libs/default' has been changed.
[2026-04-27T13:09:36.545] [DEBUG] debug-file - Incremental task electron:default@PackageHap pre-execution cost: 1 ms .
[2026-04-27T13:09:36.545] [DEBUG] debug-file - Use tool [/Volumes/Execute/Apps/DevEco-Studio.app/Contents/sdk/default/openharmony/toolchains/lib/app_packing_tool.jar]
 [
  'java',
  '-Dfile.encoding=utf-8',
  '-jar',
  '/Volumes/Execute/Apps/DevEco-Studio.app/Contents/sdk/default/openharmony/toolchains/lib/app_packing_tool.jar',
  '--mode',
  'hap',
  '--force',
  'true',
  '--lib-path',
  '/Volumes/Execute/Files/project/ame_new/archive_markdown_editor_hmos/app/ohos_hap/electron/build/default/intermediates/stripped_native_libs/default',
  '--json-path',
  '/Volumes/Execute/Files/project/ame_new/archive_markdown_editor_hmos/app/ohos_hap/electron/build/default/intermediates/package/default/module.json',
  '--resources-path',
  '/Volumes/Execute/Files/project/ame_new/archive_markdown_editor_hmos/app/ohos_hap/electron/build/default/intermediates/res/default/resources',
  '--index-path',
  '/Volumes/Execute/Files/project/ame_new/archive_markdown_editor_hmos/app/ohos_hap/electron/build/default/intermediates/res/default/resources.index',
  '--pack-info-path',
  '/Volumes/Execute/Files/project/ame_new/archive_markdown_editor_hmos/app/ohos_hap/electron/build/default/outputs/default/pack.info',
  '--out-path',
  '/Volumes/Execute/Files/project/ame_new/archive_markdown_editor_hmos/app/ohos_hap/electron/build/default/outputs/default/electron-default-unsigned.hap',
  '--ets-path',
  '/Volumes/Execute/Files/project/ame_new/archive_markdown_editor_hmos/app/ohos_hap/electron/build/default/intermediates/loader_out/default/ets'
]
[2026-04-27T13:09:36.802] [DEBUG] debug-file - java daemon socket received message:{"code":0,"message":"pack success"}
[2026-04-27T13:09:36.804] [DEBUG] debug-file - electron : default@PackageHap cost memory 0.537384033203125
[2026-04-27T13:09:36.804] [DEBUG] debug-file - runTaskFromQueue task cost before running: 5 s 707 ms 
[2026-04-27T13:09:36.805] [INFO] debug-file - Finished :electron:default@PackageHap... after 261 ms 
[2026-04-27T13:09:36.805] [DEBUG] debug-file - Executing task :electron:default@PackingCheck
[2026-04-27T13:09:36.808] [DEBUG] debug-file - electron : default@PackingCheck cost memory 1.2281112670898438
[2026-04-27T13:09:36.808] [DEBUG] debug-file - runTaskFromQueue task cost before running: 5 s 711 ms 
[2026-04-27T13:09:36.808] [INFO] debug-file - Finished :electron:default@PackingCheck... after 3 ms 
[2026-04-27T13:09:36.808] [DEBUG] debug-file - Executing task :electron:default@SignHap
[2026-04-27T13:09:36.809] [DEBUG] debug-file - electron:default@SignHap is not up-to-date, since the input file '/Volumes/Execute/Files/project/ame_new/archive_markdown_editor_hmos/app/ohos_hap/electron/build/default/outputs/default/electron-default-unsigned.hap' has been changed.
[2026-04-27T13:09:36.809] [DEBUG] debug-file - Incremental task electron:default@SignHap pre-execution cost: 1 ms .
[2026-04-27T13:09:36.816] [DEBUG] debug-file - java daemon socket close code:1000 reason:close by user
[2026-04-27T13:09:36.824] [DEBUG] debug-file - java daemon socket received message:{"code":0,"message":"verify profile success"}
[2026-04-27T13:09:36.825] [DEBUG] debug-file - java daemon socket close code:1000 reason:close by user
[2026-04-27T13:09:37.309] [DEBUG] debug-file - java daemon socket received message:{"code":0,"message":"sign app success"}
[2026-04-27T13:09:37.309] [DEBUG] debug-file - electron : default@SignHap cost memory -11.703994750976562
[2026-04-27T13:09:37.309] [DEBUG] debug-file - runTaskFromQueue task cost before running: 6 s 212 ms 
[2026-04-27T13:09:37.309] [INFO] debug-file - Finished :electron:default@SignHap... after 501 ms 
[2026-04-27T13:09:37.310] [DEBUG] debug-file - Executing task :electron:default@CollectDebugSymbol
[2026-04-27T13:09:37.310] [DEBUG] debug-file - electron:default@CollectDebugSymbol is not up-to-date, since the input file '/Volumes/Execute/Files/project/ame_new/archive_markdown_editor_hmos/app/ohos_hap/electron/build/default/cache/default/default@CompileArkTS/esmodule/release/sourceMaps.map' has been changed.
[2026-04-27T13:09:37.310] [DEBUG] debug-file - Incremental task electron:default@CollectDebugSymbol pre-execution cost: 1 ms .
[2026-04-27T13:09:37.310] [DEBUG] debug-file - nameCache.json for module electron does not exists
[2026-04-27T13:09:37.311] [DEBUG] debug-file - electron : default@CollectDebugSymbol cost memory 0.2326507568359375
[2026-04-27T13:09:37.311] [DEBUG] debug-file - runTaskFromQueue task cost before running: 6 s 214 ms 
[2026-04-27T13:09:37.311] [INFO] debug-file - Finished :electron:default@CollectDebugSymbol... after 1 ms 
[2026-04-27T13:09:37.311] [DEBUG] debug-file - Executing task :electron:assembleHap
[2026-04-27T13:09:37.311] [DEBUG] debug-file - electron : assembleHap cost memory 0.0140533447265625
[2026-04-27T13:09:37.311] [DEBUG] debug-file - runTaskFromQueue task cost before running: 6 s 214 ms 
[2026-04-27T13:09:37.311] [INFO] debug-file - Finished :electron:assembleHap... after 1 ms 
[2026-04-27T13:09:37.311] [DEBUG] debug-file - Executing task ::MakeProjectPackInfo
[2026-04-27T13:09:37.311] [DEBUG] debug-file - Task ':MakeProjectPackInfo' cost while wrapping incremental declarations: 1 ms 
[2026-04-27T13:09:37.311] [DEBUG] debug-file - :MakeProjectPackInfo is not up-to-date, since the input file '/Volumes/Execute/Files/project/ame_new/archive_markdown_editor_hmos/app/ohos_hap/electron/build/default/outputs/default/pack.info' has been changed.
[2026-04-27T13:09:37.311] [DEBUG] debug-file - Incremental task :MakeProjectPackInfo pre-execution cost: 1 ms .
[2026-04-27T13:09:37.312] [DEBUG] debug-file - Project Pack Info: {
  summary: {
    app: { bundleName: 'c***e', bundleType: 'app', version: [Object] },
    modules: [ [Object] ]
  },
  packages: [
    {
      deviceType: [Array],
      moduleType: 'entry',
      deliveryWithInstall: true,
      name: 'electron-default'
    }
  ]
}
[2026-04-27T13:09:37.312] [DEBUG] debug-file - ohos_hap : MakeProjectPackInfo cost memory 0.258209228515625
[2026-04-27T13:09:37.312] [DEBUG] debug-file - runTaskFromQueue task cost before running: 6 s 215 ms 
[2026-04-27T13:09:37.312] [INFO] debug-file - Finished ::MakeProjectPackInfo... after 1 ms 
[2026-04-27T13:09:37.312] [DEBUG] debug-file - Executing task ::ProcessProjectPrivacyProfile
[2026-04-27T13:09:37.312] [DEBUG] debug-file - :ProcessProjectPrivacyProfile is not up-to-date, since the output file '/Volumes/Execute/Files/project/ame_new/archive_markdown_editor_hmos/app/ohos_hap/build/outputs/default/pac.json' does not exist.
[2026-04-27T13:09:37.312] [DEBUG] debug-file - Incremental task :ProcessProjectPrivacyProfile pre-execution cost: 1 ms .
[2026-04-27T13:09:37.313] [DEBUG] debug-file - ohos_hap : ProcessProjectPrivacyProfile cost memory 0.3676910400390625
[2026-04-27T13:09:37.313] [DEBUG] debug-file - runTaskFromQueue task cost before running: 6 s 216 ms 
[2026-04-27T13:09:37.313] [INFO] debug-file - Finished ::ProcessProjectPrivacyProfile... after 1 ms 
[2026-04-27T13:09:37.313] [DEBUG] debug-file - Executing task ::GeneratePackRes
[2026-04-27T13:09:37.313] [DEBUG] debug-file - :GeneratePackRes is not up-to-date, since the input file '/Volumes/Execute/Files/project/ame_new/archive_markdown_editor_hmos/app/ohos_hap/build/outputs/default/pack.info' has been changed.
[2026-04-27T13:09:37.313] [DEBUG] debug-file - Incremental task :GeneratePackRes pre-execution cost: 1 ms .
[2026-04-27T13:09:37.313] [DEBUG] debug-file - ohos_hap : GeneratePackRes cost memory 0.05007171630859375
[2026-04-27T13:09:37.313] [DEBUG] debug-file - runTaskFromQueue task cost before running: 6 s 217 ms 
[2026-04-27T13:09:37.313] [INFO] debug-file - Finished ::GeneratePackRes... after 1 ms 
[2026-04-27T13:09:37.313] [DEBUG] debug-file - Executing task ::PackageApp
[2026-04-27T13:09:37.314] [DEBUG] debug-file - Task ':PackageApp' cost while wrapping incremental declarations: 1 ms 
[2026-04-27T13:09:37.314] [DEBUG] debug-file - :PackageApp is not up-to-date, since the input file '/Volumes/Execute/Files/project/ame_new/archive_markdown_editor_hmos/app/ohos_hap/build/outputs/default/pack.info' has been changed.
[2026-04-27T13:09:37.314] [DEBUG] debug-file - Incremental task :PackageApp pre-execution cost: 1 ms .
[2026-04-27T13:09:37.314] [DEBUG] debug-file - java daemon socket close code:1000 reason:close by user
[2026-04-27T13:09:37.517] [DEBUG] debug-file - Use tool [PackageApp]
 [
  'java',
  '-Dfile.encoding=utf-8',
  '-jar',
  '/Volumes/Execute/Apps/DevEco-Studio.app/Contents/sdk/default/openharmony/toolchains/lib/app_packing_tool.jar',
  '--mode',
  'app',
  '--pack-info-path',
  '/Volumes/Execute/Files/project/ame_new/archive_markdown_editor_hmos/app/ohos_hap/build/outputs/default/pack.info',
  '--hap-path',
  '/Volumes/Execute/Files/project/ame_new/archive_markdown_editor_hmos/app/ohos_hap/electron/build/default/outputs/default/app/electron-default.hap',
  '--hsp-path',
  '',
  '--force',
  'true',
  '--out-path',
  '/Volumes/Execute/Files/project/ame_new/archive_markdown_editor_hmos/app/ohos_hap/build/outputs/default/ohos_hap-default-unsigned.app',
  '--main-module-limit',
  '2',
  '--normal-module-limit',
  '2',
  '--pac-json-path',
  '/Volumes/Execute/Files/project/ame_new/archive_markdown_editor_hmos/app/ohos_hap/build/outputs/default/pac.json'
]
[2026-04-27T13:09:37.517] [DEBUG] debug-file - current process  memoryUsage: {
  rss: 927563776,
  heapTotal: 188350464,
  heapUsed: 132653856,
  external: 3466297,
  arrayBuffers: 534201
} os memoryUsage :15.57452392578125
[2026-04-27T13:09:41.285] [DEBUG] debug-file - Remove the invalid app-symbol.zip file successfully.
[2026-04-27T13:09:43.876] [DEBUG] debug-file - ohos_hap : PackageApp cost memory -12.751564025878906
[2026-04-27T13:09:43.876] [DEBUG] debug-file - runTaskFromQueue task cost before running: 12 s 779 ms 
[2026-04-27T13:09:43.876] [INFO] debug-file - Finished ::PackageApp... after 6 s 563 ms 
[2026-04-27T13:09:43.876] [DEBUG] debug-file - Executing task ::SignPackagesFromApp
[2026-04-27T13:09:43.876] [DEBUG] debug-file - :SignPackagesFromApp is not up-to-date, since the input file '/Volumes/Execute/Files/project/ame_new/archive_markdown_editor_hmos/app/ohos_hap/build/outputs/default/ohos_hap-default-unsigned.app' has been changed.
[2026-04-27T13:09:43.876] [DEBUG] debug-file - Incremental task :SignPackagesFromApp pre-execution cost: 1 ms .
[2026-04-27T13:09:43.876] [DEBUG] debug-file - ohos_hap : SignPackagesFromApp cost memory 0.075927734375
[2026-04-27T13:09:43.876] [DEBUG] debug-file - runTaskFromQueue task cost before running: 12 s 779 ms 
[2026-04-27T13:09:43.876] [INFO] debug-file - Finished ::SignPackagesFromApp... after 1 ms 
[2026-04-27T13:09:43.876] [DEBUG] debug-file - Executing task ::SignApp
[2026-04-27T13:09:43.876] [DEBUG] debug-file - signingConfigName of signApp is :  default
[2026-04-27T13:09:43.877] [DEBUG] debug-file - :SignApp is not up-to-date, since the input file '/Volumes/Execute/Files/project/ame_new/archive_markdown_editor_hmos/app/ohos_hap/build/outputs/default/ohos_hap-default-unsigned.app' has been changed.
[2026-04-27T13:09:43.877] [DEBUG] debug-file - Incremental task :SignApp pre-execution cost: 1 ms .
[2026-04-27T13:09:44.054] [DEBUG] debug-file - java daemon socket received message:{"code":0,"message":"sign app success"}
[2026-04-27T13:09:44.055] [DEBUG] debug-file - ohos_hap : SignApp cost memory 0.36479949951171875
[2026-04-27T13:09:44.055] [DEBUG] debug-file - runTaskFromQueue task cost before running: 12 s 958 ms 
[2026-04-27T13:09:44.055] [INFO] debug-file - Finished ::SignApp... after 179 ms 
[2026-04-27T13:09:44.055] [DEBUG] debug-file - Executing task ::assembleApp
[2026-04-27T13:09:44.055] [DEBUG] debug-file - ohos_hap : assembleApp cost memory 0.01250457763671875
[2026-04-27T13:09:44.055] [DEBUG] debug-file - runTaskFromQueue task cost before running: 12 s 958 ms 
[2026-04-27T13:09:44.055] [INFO] debug-file - Finished ::assembleApp... after 1 ms 
[2026-04-27T13:09:44.055] [INFO] debug-file - BUILD SUCCESSFUL in 12 s 958 ms 
[2026-04-27T13:09:44.056] [DEBUG] debug-file - There is no need to refresh cache, since the incremental task electron:default@PreBuild is up-to-date.
[2026-04-27T13:09:44.056] [DEBUG] debug-file - There is no need to refresh cache, since the incremental task web_engine:default@PreBuild is up-to-date.
[2026-04-27T13:09:44.056] [DEBUG] debug-file - Update task electron:default@CreateModuleInfo output file:/Volumes/Execute/Files/project/ame_new/archive_markdown_editor_hmos/app/ohos_hap/electron/build/default/generated/profile/default/ModuleInfo.ts cache.
[2026-04-27T13:09:44.056] [DEBUG] debug-file - Incremental task electron:default@CreateModuleInfo post-execution cost:1 ms .
[2026-04-27T13:09:44.056] [DEBUG] debug-file - Update task electron:default@GenerateMetadata input file:/Volumes/Execute/Files/project/ame_new/archive_markdown_editor_hmos/app/ohos_hap/electron/src/main/module.json5 cache by regenerate.
[2026-04-27T13:09:44.056] [DEBUG] debug-file - Update task electron:default@GenerateMetadata output file:/Volumes/Execute/Files/project/ame_new/archive_markdown_editor_hmos/app/ohos_hap/electron/build/default/intermediates/hap_metadata/default/output_metadata.json cache.
[2026-04-27T13:09:44.056] [DEBUG] debug-file - Incremental task electron:default@GenerateMetadata post-execution cost:1 ms .
[2026-04-27T13:09:44.056] [DEBUG] debug-file - Update task electron:default@GeneratePkgContextInfo output file:/Volumes/Execute/Files/project/ame_new/archive_markdown_editor_hmos/app/ohos_hap/electron/build/default/intermediates/loader/default/pkgContextInfo.json cache.
[2026-04-27T13:09:44.056] [DEBUG] debug-file - Incremental task electron:default@GeneratePkgContextInfo post-execution cost:1 ms .
[2026-04-27T13:09:44.056] [DEBUG] debug-file - Update task electron:default@ProcessIntegratedHsp output file:/Volumes/Execute/Files/project/ame_new/archive_markdown_editor_hmos/app/ohos_hap/build/cache/default/integrated_hsp/integratedHspCache.json cache.
[2026-04-27T13:09:44.056] [DEBUG] debug-file - Incremental task electron:default@ProcessIntegratedHsp post-execution cost:1 ms .
[2026-04-27T13:09:44.056] [DEBUG] debug-file - There is no need to refresh cache, since the incremental task web_engine:default@CreateHarBuildProfile is up-to-date.
[2026-04-27T13:09:44.056] [DEBUG] debug-file - Update task web_engine:default@MergeProfile input file:/Volumes/Execute/Files/project/ame_new/archive_markdown_editor_hmos/app/ohos_hap/AppScope/app.json5 cache by regenerate.
[2026-04-27T13:09:44.056] [DEBUG] debug-file - Update task web_engine:default@MergeProfile input file:/Volumes/Execute/Files/project/ame_new/archive_markdown_editor_hmos/app/ohos_hap/build-profile.json5 cache by regenerate.
[2026-04-27T13:09:44.056] [DEBUG] debug-file - Update task web_engine:default@MergeProfile input file:/Volumes/Execute/Files/project/ame_new/archive_markdown_editor_hmos/app/ohos_hap/web_engine/src/main/module.json5 cache by regenerate.
[2026-04-27T13:09:44.056] [DEBUG] debug-file - Update task web_engine:default@MergeProfile output file:/Volumes/Execute/Files/project/ame_new/archive_markdown_editor_hmos/app/ohos_hap/web_engine/build/default/intermediates/merge_profile/default/module.json cache.
[2026-04-27T13:09:44.056] [DEBUG] debug-file - Incremental task web_engine:default@MergeProfile post-execution cost:1 ms .
[2026-04-27T13:09:44.056] [DEBUG] debug-file - Update task electron:default@SyscapTransform input file:/Volumes/Execute/Apps/DevEco-Studio.app/Contents/sdk/default/openharmony/toolchains/syscap_tool cache by regenerate.
[2026-04-27T13:09:44.056] [DEBUG] debug-file - Update task electron:default@SyscapTransform input file:/Volumes/Execute/Apps/DevEco-Studio.app/Contents/sdk/default/openharmony/ets/api/device-define cache by regenerate.
[2026-04-27T13:09:44.057] [DEBUG] debug-file - Update task electron:default@SyscapTransform output file:/Volumes/Execute/Files/project/ame_new/archive_markdown_editor_hmos/app/ohos_hap/electron/build/default/intermediates/syscap/default/rpcid.sc cache.
[2026-04-27T13:09:44.057] [DEBUG] debug-file - Incremental task electron:default@SyscapTransform post-execution cost:1 ms .
[2026-04-27T13:09:44.057] [DEBUG] debug-file - Update task electron:default@ProcessRouterMap input file:/Volumes/Execute/Files/project/ame_new/archive_markdown_editor_hmos/app/ohos_hap/electron/oh-package.json5 cache by regenerate.
[2026-04-27T13:09:44.057] [DEBUG] debug-file - Update task electron:default@ProcessRouterMap input file:/Volumes/Execute/Files/project/ame_new/archive_markdown_editor_hmos/app/ohos_hap/oh-package.json5 cache by regenerate.
[2026-04-27T13:09:44.057] [DEBUG] debug-file - Update task electron:default@ProcessRouterMap input file:/Volumes/Execute/Files/project/ame_new/archive_markdown_editor_hmos/app/ohos_hap/electron/src/main/module.json5 cache by regenerate.
[2026-04-27T13:09:44.057] [DEBUG] debug-file - Update task electron:default@ProcessRouterMap output file:/Volumes/Execute/Files/project/ame_new/archive_markdown_editor_hmos/app/ohos_hap/electron/build/default/intermediates/router_map/default/temp-router-map.json cache.
[2026-04-27T13:09:44.057] [DEBUG] debug-file - Update task electron:default@ProcessRouterMap output file:/Volumes/Execute/Files/project/ame_new/archive_markdown_editor_hmos/app/ohos_hap/electron/build/default/intermediates/router_map/default/loader-router-map.json cache.
[2026-04-27T13:09:44.057] [DEBUG] debug-file - Incremental task electron:default@ProcessRouterMap post-execution cost:1 ms .
[2026-04-27T13:09:44.057] [DEBUG] debug-file - Update task electron:default@ProcessShareConfig input file:/Volumes/Execute/Files/project/ame_new/archive_markdown_editor_hmos/app/ohos_hap/electron/oh-package.json5 cache by regenerate.
[2026-04-27T13:09:44.057] [DEBUG] debug-file - Update task electron:default@ProcessShareConfig input file:/Volumes/Execute/Files/project/ame_new/archive_markdown_editor_hmos/app/ohos_hap/oh-package.json5 cache by regenerate.
[2026-04-27T13:09:44.057] [DEBUG] debug-file - Update task electron:default@ProcessShareConfig input file:/Volumes/Execute/Files/project/ame_new/archive_markdown_editor_hmos/app/ohos_hap/electron/src/main/module.json5 cache by regenerate.
[2026-04-27T13:09:44.057] [DEBUG] debug-file - Update task electron:default@ProcessShareConfig output file:/Volumes/Execute/Files/project/ame_new/archive_markdown_editor_hmos/app/ohos_hap/electron/build/default/intermediates/share_config/default/temp-share-config.json cache.
[2026-04-27T13:09:44.057] [DEBUG] debug-file - Incremental task electron:default@ProcessShareConfig post-execution cost:1 ms .
[2026-04-27T13:09:44.057] [DEBUG] debug-file - Update task electron:default@ProcessStartupConfig output file:/Volumes/Execute/Files/project/ame_new/archive_markdown_editor_hmos/app/ohos_hap/electron/build/default/intermediates/startup/default/startup_config.json cache.
[2026-04-27T13:09:44.057] [DEBUG] debug-file - Incremental task electron:default@ProcessStartupConfig post-execution cost:1 ms .
[2026-04-27T13:09:44.057] [DEBUG] debug-file - Update task electron:default@CreateBuildProfile input file:/Volumes/Execute/Files/project/ame_new/archive_markdown_editor_hmos/app/ohos_hap/AppScope/app.json5 cache by regenerate.
[2026-04-27T13:09:44.057] [DEBUG] debug-file - Update task electron:default@CreateBuildProfile input file:/Volumes/Execute/Files/project/ame_new/archive_markdown_editor_hmos/app/ohos_hap/build-profile.json5 cache by regenerate.
[2026-04-27T13:09:44.057] [DEBUG] debug-file - Update task electron:default@CreateBuildProfile output file:/Volumes/Execute/Files/project/ame_new/archive_markdown_editor_hmos/app/ohos_hap/electron/build/default/generated/profile/default/BuildProfile.ets cache.
[2026-04-27T13:09:44.057] [DEBUG] debug-file - Incremental task electron:default@CreateBuildProfile post-execution cost:1 ms .
[2026-04-27T13:09:44.057] [DEBUG] debug-file - Update task electron:default@MergeProfile input file:/Volumes/Execute/Files/project/ame_new/archive_markdown_editor_hmos/app/ohos_hap/AppScope/app.json5 cache by regenerate.
[2026-04-27T13:09:44.057] [DEBUG] debug-file - Update task electron:default@MergeProfile input file:/Volumes/Execute/Files/project/ame_new/archive_markdown_editor_hmos/app/ohos_hap/build-profile.json5 cache by regenerate.
[2026-04-27T13:09:44.057] [DEBUG] debug-file - Update task electron:default@MergeProfile input file:/Volumes/Execute/Files/project/ame_new/archive_markdown_editor_hmos/app/ohos_hap/electron/src/main/module.json5 cache by regenerate.
[2026-04-27T13:09:44.057] [DEBUG] debug-file - Update task electron:default@MergeProfile input file:/Volumes/Execute/Files/project/ame_new/archive_markdown_editor_hmos/app/ohos_hap/web_engine/build/default/intermediates/merge_profile/default/module.json cache from map.
[2026-04-27T13:09:44.057] [DEBUG] debug-file - Update task electron:default@MergeProfile output file:/Volumes/Execute/Files/project/ame_new/archive_markdown_editor_hmos/app/ohos_hap/electron/build/default/intermediates/merge_profile/default/module.json cache.
[2026-04-27T13:09:44.057] [DEBUG] debug-file - Incremental task electron:default@MergeProfile post-execution cost:1 ms .
[2026-04-27T13:09:44.058] [DEBUG] debug-file - Obtain build option for module 'web_engine' target 'default'in this build.
[2026-04-27T13:09:44.058] [DEBUG] debug-file - Update task electron:default@GenerateLoaderJson input file:/Volumes/Execute/Files/project/ame_new/archive_markdown_editor_hmos/app/ohos_hap/electron/build/default/intermediates/router_map/default/temp-router-map.json cache from map.
[2026-04-27T13:09:44.058] [DEBUG] debug-file - Update task electron:default@GenerateLoaderJson output file:/Volumes/Execute/Files/project/ame_new/archive_markdown_editor_hmos/app/ohos_hap/electron/build/default/intermediates/loader/default/loader.json cache.
[2026-04-27T13:09:44.058] [DEBUG] debug-file - Incremental task electron:default@GenerateLoaderJson post-execution cost:1 ms .
[2026-04-27T13:09:44.058] [DEBUG] debug-file - Update task electron:default@MakePackInfo input file:/Volumes/Execute/Files/project/ame_new/archive_markdown_editor_hmos/app/ohos_hap/AppScope/app.json5 cache by regenerate.
[2026-04-27T13:09:44.058] [DEBUG] debug-file - Update task electron:default@MakePackInfo input file:/Volumes/Execute/Files/project/ame_new/archive_markdown_editor_hmos/app/ohos_hap/electron/src/main/module.json5 cache by regenerate.
[2026-04-27T13:09:44.058] [DEBUG] debug-file - Update task electron:default@MakePackInfo input file:/Volumes/Execute/Files/project/ame_new/archive_markdown_editor_hmos/app/ohos_hap/build-profile.json5 cache by regenerate.
[2026-04-27T13:09:44.058] [DEBUG] debug-file - Update task electron:default@MakePackInfo output file:/Volumes/Execute/Files/project/ame_new/archive_markdown_editor_hmos/app/ohos_hap/electron/build/default/outputs/default/pack.info cache.
[2026-04-27T13:09:44.058] [DEBUG] debug-file - Incremental task electron:default@MakePackInfo post-execution cost:1 ms .
[2026-04-27T13:09:44.058] [DEBUG] debug-file - Update task electron:default@ProcessProfile input file:/Volumes/Execute/Files/project/ame_new/archive_markdown_editor_hmos/app/ohos_hap/electron/build/default/intermediates/merge_profile/default/module.json cache from map.
[2026-04-27T13:09:44.058] [DEBUG] debug-file - Update task electron:default@ProcessProfile output file:/Volumes/Execute/Files/project/ame_new/archive_markdown_editor_hmos/app/ohos_hap/electron/build/default/intermediates/process_profile/default/module.json cache.
[2026-04-27T13:09:44.058] [DEBUG] debug-file - Incremental task electron:default@ProcessProfile post-execution cost:1 ms .
[2026-04-27T13:09:44.058] [DEBUG] debug-file - Update task web_engine:default@ProcessLibs input file:/Volumes/Execute/Files/project/ame_new/archive_markdown_editor_hmos/app/ohos_hap/build-profile.json5 cache by regenerate.
[2026-04-27T13:09:44.058] [DEBUG] debug-file - Update task web_engine:default@ProcessLibs input file:/Volumes/Execute/Files/project/ame_new/archive_markdown_editor_hmos/app/ohos_hap/web_engine/build-profile.json5 cache by regenerate.
[2026-04-27T13:09:44.058] [DEBUG] debug-file - Update task web_engine:default@ProcessLibs output file:/Volumes/Execute/Files/project/ame_new/archive_markdown_editor_hmos/app/ohos_hap/web_engine/build/default/intermediates/libs/default cache.
[2026-04-27T13:09:44.058] [DEBUG] debug-file - Incremental task web_engine:default@ProcessLibs post-execution cost:1 ms .
[2026-04-27T13:09:44.058] [DEBUG] debug-file - Update task electron:default@ProcessResource output file:/Volumes/Execute/Files/project/ame_new/archive_markdown_editor_hmos/app/ohos_hap/electron/build/default/intermediates/res/default/resConfig.json cache.
[2026-04-27T13:09:44.058] [DEBUG] debug-file - Update task electron:default@ProcessResource output file:/Volumes/Execute/Files/project/ame_new/archive_markdown_editor_hmos/app/ohos_hap/electron/build/default/intermediates/res/default/opt-compression.json cache.
[2026-04-27T13:09:44.058] [DEBUG] debug-file - Incremental task electron:default@ProcessResource post-execution cost:1 ms .
[2026-04-27T13:09:44.058] [DEBUG] debug-file - Update task web_engine:default@DoNativeStrip input file:/Volumes/Execute/Files/project/ame_new/archive_markdown_editor_hmos/app/ohos_hap/web_engine/build/default/intermediates/libs/default cache by regenerate.
[2026-04-27T13:09:44.059] [DEBUG] debug-file - Update task web_engine:default@DoNativeStrip output file:/Volumes/Execute/Files/project/ame_new/archive_markdown_editor_hmos/app/ohos_hap/web_engine/build/default/intermediates/stripped_native_libs/default cache.
[2026-04-27T13:09:44.059] [DEBUG] debug-file - Incremental task web_engine:default@DoNativeStrip post-execution cost:1 ms .
[2026-04-27T13:09:44.059] [DEBUG] debug-file - Update task electron:default@CompileResource input file:/Volumes/Execute/Files/project/ame_new/archive_markdown_editor_hmos/app/ohos_hap/electron/src/main/resources cache by regenerate.
[2026-04-27T13:09:44.059] [DEBUG] debug-file - Update task electron:default@CompileResource input file:/Volumes/Execute/Files/project/ame_new/archive_markdown_editor_hmos/app/ohos_hap/web_engine/src/main/resources cache by regenerate.
[2026-04-27T13:09:44.064] [DEBUG] debug-file - Update task electron:default@CompileResource input file:/Volumes/Execute/Files/project/ame_new/archive_markdown_editor_hmos/app/ohos_hap/AppScope/resources cache by regenerate.
[2026-04-27T13:09:44.064] [DEBUG] debug-file - Update task electron:default@CompileResource input file:/Volumes/Execute/Files/project/ame_new/archive_markdown_editor_hmos/app/ohos_hap/electron/build/default/intermediates/process_profile/default/module.json cache from map.
[2026-04-27T13:09:44.064] [DEBUG] debug-file - Update task electron:default@CompileResource input file:/Volumes/Execute/Files/project/ame_new/archive_markdown_editor_hmos/app/ohos_hap/electron/build/default/intermediates/res/default/resConfig.json cache by regenerate.
[2026-04-27T13:09:44.064] [DEBUG] debug-file - Update task electron:default@CompileResource output file:/Volumes/Execute/Files/project/ame_new/archive_markdown_editor_hmos/app/ohos_hap/electron/build/default/intermediates/res/default cache.
[2026-04-27T13:09:44.069] [DEBUG] debug-file - Update task electron:default@CompileResource output file:/Volumes/Execute/Files/project/ame_new/archive_markdown_editor_hmos/app/ohos_hap/electron/build/default/generated/r/default/ResourceTable.h cache.
[2026-04-27T13:09:44.069] [DEBUG] debug-file - Update task electron:default@CompileResource output file:/Volumes/Execute/Files/project/ame_new/archive_markdown_editor_hmos/app/ohos_hap/electron/build/default/generated/r/default cache.
[2026-04-27T13:09:44.069] [DEBUG] debug-file - Incremental task electron:default@CompileResource post-execution cost:11 ms .
[2026-04-27T13:09:44.070] [DEBUG] debug-file - Update task electron:default@CompileArkTS input file:/Volumes/Execute/Files/project/ame_new/archive_markdown_editor_hmos/app/ohos_hap/electron/build/default/intermediates/loader/default cache from map.
[2026-04-27T13:09:44.070] [DEBUG] debug-file - Update task electron:default@CompileArkTS input file:/Volumes/Execute/Files/project/ame_new/archive_markdown_editor_hmos/app/ohos_hap/web_engine/Index.ets cache by regenerate.
[2026-04-27T13:09:44.070] [DEBUG] debug-file - Update task electron:default@CompileArkTS input file:/Volumes/Execute/Files/project/ame_new/archive_markdown_editor_hmos/app/ohos_hap/web_engine/src/main/ets cache by regenerate.
[2026-04-27T13:09:44.071] [DEBUG] debug-file - Update task electron:default@CompileArkTS input file:/Volumes/Execute/Files/project/ame_new/archive_markdown_editor_hmos/app/ohos_hap/electron/build/default/intermediates/res/default/resources/rawfile cache by regenerate.
[2026-04-27T13:09:44.071] [DEBUG] debug-file - Update task electron:default@CompileArkTS input file:/Volumes/Execute/Files/project/ame_new/archive_markdown_editor_hmos/app/ohos_hap/electron/build/default/intermediates/res/default/ResourceTable.txt cache by regenerate.
[2026-04-27T13:09:44.071] [DEBUG] debug-file - Update task electron:default@CompileArkTS input file:/Volumes/Execute/Files/project/ame_new/archive_markdown_editor_hmos/app/ohos_hap/electron/build/default/intermediates/res/default/ark_module.json cache by regenerate.
[2026-04-27T13:09:44.071] [DEBUG] debug-file - Update task electron:default@CompileArkTS input file:/Volumes/Execute/Files/project/ame_new/archive_markdown_editor_hmos/app/ohos_hap/electron/build/default/intermediates/res/default/resources/base/profile cache by regenerate.
[2026-04-27T13:09:44.071] [DEBUG] debug-file - Update task electron:default@CompileArkTS input file:/Volumes/Execute/Files/project/ame_new/archive_markdown_editor_hmos/app/ohos_hap/electron/src/main/ets cache by regenerate.
[2026-04-27T13:09:44.072] [DEBUG] debug-file - Update task electron:default@CompileArkTS input file:/Volumes/Execute/Files/project/ame_new/archive_markdown_editor_hmos/app/ohos_hap/electron/build/default/generated/profile/default/BuildProfile.ets cache by regenerate.
[2026-04-27T13:09:44.072] [DEBUG] debug-file - Update task electron:default@CompileArkTS input file:/Volumes/Execute/Files/project/ame_new/archive_markdown_editor_hmos/app/ohos_hap/web_engine/src/main/cpp/types cache by regenerate.
[2026-04-27T13:09:44.072] [DEBUG] debug-file - Update task electron:default@CompileArkTS input file:/Volumes/Execute/Files/project/ame_new/archive_markdown_editor_hmos/app/ohos_hap/web_engine/BuildProfile.ets cache by regenerate.
[2026-04-27T13:09:44.072] [DEBUG] debug-file - Update task electron:default@CompileArkTS output file:/Volumes/Execute/Files/project/ame_new/archive_markdown_editor_hmos/app/ohos_hap/electron/build/default/intermediates/loader_out/default/ets cache.
[2026-04-27T13:09:44.072] [DEBUG] debug-file - Incremental task electron:default@CompileArkTS post-execution cost:3 ms .
[2026-04-27T13:09:44.072] [DEBUG] debug-file - Update task electron:default@BuildJS input file:/Volumes/Execute/Files/project/ame_new/archive_markdown_editor_hmos/app/ohos_hap/electron/build/default/intermediates/loader/default cache by regenerate.
[2026-04-27T13:09:44.072] [DEBUG] debug-file - Update task electron:default@BuildJS input file:/Volumes/Execute/Files/project/ame_new/archive_markdown_editor_hmos/app/ohos_hap/web_engine/Index.ets cache by regenerate.
[2026-04-27T13:09:44.072] [DEBUG] debug-file - Update task electron:default@BuildJS input file:/Volumes/Execute/Files/project/ame_new/archive_markdown_editor_hmos/app/ohos_hap/electron/build/default/intermediates/res/default/resources/rawfile cache by regenerate.
[2026-04-27T13:09:44.072] [DEBUG] debug-file - Update task electron:default@BuildJS input file:/Volumes/Execute/Files/project/ame_new/archive_markdown_editor_hmos/app/ohos_hap/electron/build/default/intermediates/res/default/ResourceTable.txt cache by regenerate.
[2026-04-27T13:09:44.072] [DEBUG] debug-file - Update task electron:default@BuildJS input file:/Volumes/Execute/Files/project/ame_new/archive_markdown_editor_hmos/app/ohos_hap/electron/build/default/intermediates/res/default/ark_module.json cache by regenerate.
[2026-04-27T13:09:44.072] [DEBUG] debug-file - Update task electron:default@BuildJS input file:/Volumes/Execute/Files/project/ame_new/archive_markdown_editor_hmos/app/ohos_hap/electron/build/default/intermediates/res/default/resources/base/profile cache by regenerate.
[2026-04-27T13:09:44.072] [DEBUG] debug-file - Update task electron:default@BuildJS output file:/Volumes/Execute/Files/project/ame_new/archive_markdown_editor_hmos/app/ohos_hap/electron/build/default/intermediates/loader_out/default/js cache.
[2026-04-27T13:09:44.072] [DEBUG] debug-file - Incremental task electron:default@BuildJS post-execution cost:1 ms .
[2026-04-27T13:09:44.072] [DEBUG] debug-file - Update task electron:default@ProcessLibs input file:/Volumes/Execute/Files/project/ame_new/archive_markdown_editor_hmos/app/ohos_hap/electron/libs cache by regenerate.
[2026-04-27T13:09:44.073] [DEBUG] debug-file - Update task electron:default@ProcessLibs input file:/Volumes/Execute/Files/project/ame_new/archive_markdown_editor_hmos/app/ohos_hap/web_engine/build/default/intermediates/libs/default cache by regenerate.
[2026-04-27T13:09:44.073] [DEBUG] debug-file - Update task electron:default@ProcessLibs input file:/Volumes/Execute/Files/project/ame_new/archive_markdown_editor_hmos/app/ohos_hap/build-profile.json5 cache by regenerate.
[2026-04-27T13:09:44.073] [DEBUG] debug-file - Update task electron:default@ProcessLibs input file:/Volumes/Execute/Files/project/ame_new/archive_markdown_editor_hmos/app/ohos_hap/electron/build-profile.json5 cache by regenerate.
[2026-04-27T13:09:44.073] [DEBUG] debug-file - Update task electron:default@ProcessLibs output file:/Volumes/Execute/Files/project/ame_new/archive_markdown_editor_hmos/app/ohos_hap/electron/build/default/intermediates/libs/default cache.
[2026-04-27T13:09:44.073] [DEBUG] debug-file - Incremental task electron:default@ProcessLibs post-execution cost:1 ms .
[2026-04-27T13:09:44.073] [DEBUG] debug-file - Update task electron:default@DoNativeStrip input file:/Volumes/Execute/Files/project/ame_new/archive_markdown_editor_hmos/app/ohos_hap/electron/build/default/intermediates/libs/default cache by regenerate.
[2026-04-27T13:09:44.073] [DEBUG] debug-file - Update task electron:default@DoNativeStrip output file:/Volumes/Execute/Files/project/ame_new/archive_markdown_editor_hmos/app/ohos_hap/electron/build/default/intermediates/stripped_native_libs/default cache.
[2026-04-27T13:09:44.073] [DEBUG] debug-file - Incremental task electron:default@DoNativeStrip post-execution cost:1 ms .
[2026-04-27T13:09:44.073] [DEBUG] debug-file - Update task electron:default@CacheNativeLibs input file:/Volumes/Execute/Files/project/ame_new/archive_markdown_editor_hmos/app/ohos_hap/electron/build/default/intermediates/stripped_native_libs/default cache from map.
[2026-04-27T13:09:44.073] [DEBUG] debug-file - Update task electron:default@CacheNativeLibs input file:/Volumes/Execute/Files/project/ame_new/archive_markdown_editor_hmos/app/ohos_hap/electron/build/default/intermediates/libs/default cache by regenerate.
[2026-04-27T13:09:44.073] [DEBUG] debug-file - Update task electron:default@CacheNativeLibs output file:/Volumes/Execute/Files/project/ame_new/archive_markdown_editor_hmos/app/ohos_hap/electron/build/default/intermediates/patch/default/base_native_libs.json cache.
[2026-04-27T13:09:44.073] [DEBUG] debug-file - Incremental task electron:default@CacheNativeLibs post-execution cost:1 ms .
[2026-04-27T13:09:44.073] [DEBUG] debug-file - Update task electron:default@GeneratePkgModuleJson input file:/Volumes/Execute/Files/project/ame_new/archive_markdown_editor_hmos/app/ohos_hap/electron/build/default/intermediates/res/default/module.json cache from map.
[2026-04-27T13:09:44.073] [DEBUG] debug-file - Update task electron:default@GeneratePkgModuleJson output file:/Volumes/Execute/Files/project/ame_new/archive_markdown_editor_hmos/app/ohos_hap/electron/build/default/intermediates/package/default/module.json cache.
[2026-04-27T13:09:44.073] [DEBUG] debug-file - Incremental task electron:default@GeneratePkgModuleJson post-execution cost:1 ms .
[2026-04-27T13:09:44.073] [DEBUG] debug-file - Incremental task electron:default@ProcessCompiledResources post-execution cost:1 ms .
[2026-04-27T13:09:44.074] [DEBUG] debug-file - Update task electron:default@PackageHap input file:/Volumes/Execute/Files/project/ame_new/archive_markdown_editor_hmos/app/ohos_hap/electron/build/default/intermediates/stripped_native_libs/default cache from map.
[2026-04-27T13:09:44.074] [DEBUG] debug-file - Update task electron:default@PackageHap input file:/Volumes/Execute/Files/project/ame_new/archive_markdown_editor_hmos/app/ohos_hap/electron/build/default/intermediates/res/default/module.json cache by regenerate.
[2026-04-27T13:09:44.074] [DEBUG] debug-file - Update task electron:default@PackageHap input file:/Volumes/Execute/Files/project/ame_new/archive_markdown_editor_hmos/app/ohos_hap/electron/build/default/intermediates/res/default/resources cache by regenerate.
[2026-04-27T13:09:44.078] [DEBUG] debug-file - Update task electron:default@PackageHap input file:/Volumes/Execute/Files/project/ame_new/archive_markdown_editor_hmos/app/ohos_hap/electron/build/default/intermediates/res/default/resources.index cache by regenerate.
[2026-04-27T13:09:44.078] [DEBUG] debug-file - Update task electron:default@PackageHap input file:/Volumes/Execute/Files/project/ame_new/archive_markdown_editor_hmos/app/ohos_hap/electron/build/default/outputs/default/pack.info cache by regenerate.
[2026-04-27T13:09:44.078] [DEBUG] debug-file - Update task electron:default@PackageHap input file:/Volumes/Execute/Files/project/ame_new/archive_markdown_editor_hmos/app/ohos_hap/electron/build/default/intermediates/loader_out/default/ets cache by regenerate.
[2026-04-27T13:09:44.078] [DEBUG] debug-file - Update task electron:default@PackageHap input file:/Volumes/Execute/Files/project/ame_new/archive_markdown_editor_hmos/app/ohos_hap/electron/build/default/cache/default/default@CompileArkTS/esmodule/release/sourceMaps.map cache by regenerate.
[2026-04-27T13:09:44.078] [DEBUG] debug-file - Update task electron:default@PackageHap input file:/Volumes/Execute/Files/project/ame_new/archive_markdown_editor_hmos/app/ohos_hap/electron/build/default/generated/profile/default/BuildProfile.ets cache by regenerate.
[2026-04-27T13:09:44.078] [DEBUG] debug-file - Update task electron:default@PackageHap output file:/Volumes/Execute/Files/project/ame_new/archive_markdown_editor_hmos/app/ohos_hap/electron/build/default/outputs/default/electron-default-unsigned.hap cache.
[2026-04-27T13:09:44.078] [DEBUG] debug-file - Update task electron:default@PackageHap output file:/Volumes/Execute/Files/project/ame_new/archive_markdown_editor_hmos/app/ohos_hap/electron/build/default/intermediates/source_map/default/sourceMaps.map cache.
[2026-04-27T13:09:44.078] [DEBUG] debug-file - Update task electron:default@PackageHap output file:/Volumes/Execute/Files/project/ame_new/archive_markdown_editor_hmos/app/ohos_hap/electron/build/default/outputs/default/mapping/sourceMaps.map cache.
[2026-04-27T13:09:44.078] [DEBUG] debug-file - Incremental task electron:default@PackageHap post-execution cost:5 ms .
[2026-04-27T13:09:44.078] [DEBUG] debug-file - Update task electron:default@SignHap input file:/Volumes/Execute/Files/project/ame_new/HarmonyOS-AME-Cert/release-cert/Archive-Markdown-Editor.cer cache by regenerate.
[2026-04-27T13:09:44.078] [DEBUG] debug-file - Update task electron:default@SignHap input file:/Volumes/Execute/Files/project/ame_new/HarmonyOS-AME-Cert/release-cert/ame-ssRelease.p7b cache by regenerate.
[2026-04-27T13:09:44.078] [DEBUG] debug-file - Update task electron:default@SignHap input file:/Volumes/Execute/Files/project/ame_new/HarmonyOS-AME-Cert/release-cert/ame.p12 cache by regenerate.
[2026-04-27T13:09:44.078] [DEBUG] debug-file - Update task electron:default@SignHap input file:/Volumes/Execute/Files/project/ame_new/archive_markdown_editor_hmos/app/ohos_hap/electron/build/default/outputs/default/electron-default-unsigned.hap cache from map.
[2026-04-27T13:09:44.078] [DEBUG] debug-file - Update task electron:default@SignHap output file:/Volumes/Execute/Files/project/ame_new/archive_markdown_editor_hmos/app/ohos_hap/electron/build/default/outputs/default/electron-default-signed.hap cache.
[2026-04-27T13:09:44.078] [DEBUG] debug-file - Incremental task electron:default@SignHap post-execution cost:1 ms .
[2026-04-27T13:09:44.078] [DEBUG] debug-file - Update task electron:default@CollectDebugSymbol input file:/Volumes/Execute/Files/project/ame_new/archive_markdown_editor_hmos/app/ohos_hap/electron/build/default/cache/default/default@CompileArkTS/esmodule/release/sourceMaps.map cache from map.
[2026-04-27T13:09:44.078] [DEBUG] debug-file - Update task electron:default@CollectDebugSymbol input file:/Volumes/Execute/Files/project/ame_new/archive_markdown_editor_hmos/app/ohos_hap/electron/build/default/intermediates/libs/default cache by regenerate.
[2026-04-27T13:09:44.078] [DEBUG] debug-file - Update task electron:default@CollectDebugSymbol output file:/Volumes/Execute/Files/project/ame_new/archive_markdown_editor_hmos/app/ohos_hap/electron/build/default/outputs/default/symbol cache.
[2026-04-27T13:09:44.078] [DEBUG] debug-file - Incremental task electron:default@CollectDebugSymbol post-execution cost:1 ms .
[2026-04-27T13:09:44.078] [DEBUG] debug-file - Update task :MakeProjectPackInfo input file:/Volumes/Execute/Files/project/ame_new/archive_markdown_editor_hmos/app/ohos_hap/electron/build/default/outputs/default/pack.info cache from map.
[2026-04-27T13:09:44.078] [DEBUG] debug-file - Update task :MakeProjectPackInfo output file:/Volumes/Execute/Files/project/ame_new/archive_markdown_editor_hmos/app/ohos_hap/build/outputs/default/pack.info cache.
[2026-04-27T13:09:44.078] [DEBUG] debug-file - Incremental task :MakeProjectPackInfo post-execution cost:1 ms .
[2026-04-27T13:09:44.078] [DEBUG] debug-file - Update task :ProcessProjectPrivacyProfile output file:/Volumes/Execute/Files/project/ame_new/archive_markdown_editor_hmos/app/ohos_hap/build/outputs/default/pac.json cache.
[2026-04-27T13:09:44.078] [DEBUG] debug-file - Incremental task :ProcessProjectPrivacyProfile post-execution cost:1 ms .
[2026-04-27T13:09:44.078] [DEBUG] debug-file - Update task :GeneratePackRes input file:/Volumes/Execute/Files/project/ame_new/archive_markdown_editor_hmos/app/ohos_hap/build/outputs/default/pack.info cache from map.
[2026-04-27T13:09:44.078] [DEBUG] debug-file - Incremental task :GeneratePackRes post-execution cost:1 ms .
[2026-04-27T13:09:44.078] [DEBUG] debug-file - Update task :PackageApp input file:/Volumes/Execute/Files/project/ame_new/archive_markdown_editor_hmos/app/ohos_hap/build/outputs/default/pack.info cache from map.
[2026-04-27T13:09:44.079] [DEBUG] debug-file - Update task :PackageApp input file:/Volumes/Execute/Files/project/ame_new/archive_markdown_editor_hmos/app/ohos_hap/electron/build/default/outputs/default/electron-default-unsigned.hap cache by regenerate.
[2026-04-27T13:09:44.079] [DEBUG] debug-file - Update task :PackageApp input file:/Volumes/Execute/Files/project/ame_new/archive_markdown_editor_hmos/app/ohos_hap/build/outputs/default/pac.json cache by regenerate.
[2026-04-27T13:09:44.079] [DEBUG] debug-file - Update task :PackageApp output file:/Volumes/Execute/Files/project/ame_new/archive_markdown_editor_hmos/app/ohos_hap/build/outputs/default/ohos_hap-default-unsigned.app cache.
[2026-04-27T13:09:44.079] [DEBUG] debug-file - Update task :PackageApp output file:/Volumes/Execute/Files/project/ame_new/archive_markdown_editor_hmos/app/ohos_hap/electron/build/default/outputs/default/app/electron-default.hap cache.
[2026-04-27T13:09:44.079] [DEBUG] debug-file - Update task :PackageApp output file:/Volumes/Execute/Files/project/ame_new/archive_markdown_editor_hmos/app/ohos_hap/build/outputs/default/symbol/release cache.
[2026-04-27T13:09:44.079] [DEBUG] debug-file - Incremental task :PackageApp post-execution cost:1 ms .
[2026-04-27T13:09:44.079] [DEBUG] debug-file - Update task :SignPackagesFromApp input file:/Volumes/Execute/Files/project/ame_new/HarmonyOS-AME-Cert/release-cert/Archive-Markdown-Editor.cer cache by regenerate.
[2026-04-27T13:09:44.079] [DEBUG] debug-file - Update task :SignPackagesFromApp input file:/Volumes/Execute/Files/project/ame_new/HarmonyOS-AME-Cert/release-cert/ame-ssRelease.p7b cache by regenerate.
[2026-04-27T13:09:44.079] [DEBUG] debug-file - Update task :SignPackagesFromApp input file:/Volumes/Execute/Files/project/ame_new/HarmonyOS-AME-Cert/release-cert/ame.p12 cache by regenerate.
[2026-04-27T13:09:44.079] [DEBUG] debug-file - Update task :SignPackagesFromApp input file:/Volumes/Execute/Files/project/ame_new/archive_markdown_editor_hmos/app/ohos_hap/build/outputs/default/ohos_hap-default-unsigned.app cache from map.
[2026-04-27T13:09:44.079] [DEBUG] debug-file - Incremental task :SignPackagesFromApp post-execution cost:1 ms .
[2026-04-27T13:09:44.079] [DEBUG] debug-file - Update task :SignApp input file:/Volumes/Execute/Files/project/ame_new/HarmonyOS-AME-Cert/release-cert/Archive-Markdown-Editor.cer cache by regenerate.
[2026-04-27T13:09:44.079] [DEBUG] debug-file - Update task :SignApp input file:/Volumes/Execute/Files/project/ame_new/HarmonyOS-AME-Cert/release-cert/ame-ssRelease.p7b cache by regenerate.
[2026-04-27T13:09:44.079] [DEBUG] debug-file - Update task :SignApp input file:/Volumes/Execute/Files/project/ame_new/HarmonyOS-AME-Cert/release-cert/ame.p12 cache by regenerate.
[2026-04-27T13:09:44.079] [DEBUG] debug-file - Update task :SignApp input file:/Volumes/Execute/Files/project/ame_new/archive_markdown_editor_hmos/app/ohos_hap/build/outputs/default/ohos_hap-default-unsigned.app cache from map.
[2026-04-27T13:09:44.079] [DEBUG] debug-file - Update task :SignApp output file:/Volumes/Execute/Files/project/ame_new/archive_markdown_editor_hmos/app/ohos_hap/build/outputs/default/ohos_hap-default-signed.app cache.
[2026-04-27T13:09:44.079] [DEBUG] debug-file - Incremental task :SignApp post-execution cost:1 ms .
[2026-04-27T13:09:44.087] [DEBUG] debug-file - Cleanup worker 7.
[2026-04-27T13:09:44.087] [DEBUG] debug-file - Worker 7 has been cleaned up.
[2026-04-27T13:09:44.087] [DEBUG] debug-file - Current idle worker size: 2.
[2026-04-27T13:09:44.087] [DEBUG] debug-file - Current resident worker size: 3.
[2026-04-27T13:09:44.087] [DEBUG] debug-file - Cleanup worker 8.
[2026-04-27T13:09:44.087] [DEBUG] debug-file - Worker 8 has been cleaned up.
[2026-04-27T13:09:44.087] [DEBUG] debug-file - Current idle worker size: 1.
[2026-04-27T13:09:44.087] [DEBUG] debug-file - Current resident worker size: 3.
[2026-04-27T13:09:44.087] [DEBUG] debug-file - hvigor build process will be closed.
[2026-04-27T13:09:44.088] [DEBUG] debug-file - java daemon socket close code:1000 reason:close by user
[2026-04-27T13:09:44.091] [DEBUG] debug-file - worker[8] exits with exit code 1.
[2026-04-27T13:09:44.091] [DEBUG] debug-file - worker[7] exits with exit code 1.
[2026-04-27T13:09:44.094] [DEBUG] debug-file - session manager: send message to worker process.
[2026-04-27T13:09:44.094] [DEBUG] debug-file - session manager: send message to worker process.
[2026-04-27T13:09:44.094] [DEBUG] debug-file - watch worker: worker id should be larger than 0. Nothing will be sent to any worker thread.
[2026-04-27T13:09:44.095] [DEBUG] debug-file - watch worker: worker id should be larger than 0. Nothing will be sent to any worker thread.
[2026-04-27T13:13:49.398] [DEBUG] debug-file - session manager: set active socket. socketId=efumwfM-DQ4RiNl4AAAP
[2026-04-27T13:13:49.401] [DEBUG] debug-file - watch worker: worker id should be larger than 0. Nothing will be sent to any worker thread.
[2026-04-27T13:13:49.405] [DEBUG] debug-file - Workers' log level updated to INFO
[2026-04-27T13:13:49.410] [DEBUG] debug-file - Hvigor init with startParameters:{
  hvigorfileTypeCheck: false,
  parallelExecution: true,
  incrementalExecution: true,
  printStackTrace: false,
  daemon: true,
  analyze: 0,
  logLevel: Level { level: 20000, levelStr: 'INFO', colour: 'green' },
  optimizationStrategy: 'memory',
  hotCompile: undefined,
  hotReloadBuild: undefined,
  customizedParam: undefined
}
[2026-04-27T13:13:49.416] [DEBUG] debug-file - Cache service initialization finished in 6 ms 
[2026-04-27T13:13:49.417] [DEBUG] debug-file - hvigorfile, resolving /Volumes/Execute/Files/project/ame_new/archive_markdown_editor_hmos/app/ohos_hap/hvigorfile.ts
[2026-04-27T13:13:49.433] [DEBUG] debug-file - hvigorfile, require result:  { default: { plugins: [] } }
[2026-04-27T13:13:49.434] [DEBUG] debug-file - hvigorfile, binding system plugins null
[2026-04-27T13:13:49.434] [DEBUG] debug-file - Starting plugin build process
[2026-04-27T13:13:49.434] [DEBUG] debug-file - App plugin prepare start...
[2026-04-27T13:13:49.434] [DEBUG] debug-file - App plugin prepare end...
[2026-04-27T13:13:49.434] [DEBUG] debug-file - App plugin creating...
[2026-04-27T13:13:49.445] [DEBUG] debug-file - App plugin register hook start...
[2026-04-27T13:13:49.445] [DEBUG] debug-file - App plugin register hook end...
[2026-04-27T13:13:49.445] [DEBUG] debug-file - Plugin build process completed
[2026-04-27T13:13:49.445] [DEBUG] debug-file - Start initialize project's product build option map with build mode debug.
[2026-04-27T13:13:49.445] [DEBUG] debug-file - Picking option from product 'default' with build mode 'debug'.
[2026-04-27T13:13:49.445] [DEBUG] debug-file - Product 'default' build option initialized
[2026-04-27T13:13:49.445] [DEBUG] debug-file - End initialize project's product build option map with build mode 'debug'.
[2026-04-27T13:13:49.446] [DEBUG] debug-file - Obtain build option for product 'default'in this build.
[2026-04-27T13:13:49.447] [DEBUG] debug-file - /Volumes/Execute/Files/project/ame_new/archive_markdown_editor_hmos/app/ohos_hap/build/cache/default/remote_hsp/remoteHspCache.json not exists.
[2026-04-27T13:13:49.448] [DEBUG] debug-file - Start recording SDK configuration permission data.
[2026-04-27T13:13:49.465] [DEBUG] debug-file - Sdk init in 18 ms 
[2026-04-27T13:13:49.466] [DEBUG] debug-file - Project task initialization takes 2 ms 
[2026-04-27T13:13:49.466] [DEBUG] debug-file - hvigorfile, binding custom plugins []
[2026-04-27T13:13:49.467] [DEBUG] debug-file - hvigorfile, no custom plugins were found in /Volumes/Execute/Files/project/ame_new/archive_markdown_editor_hmos/app/ohos_hap/hvigorfile.ts
[2026-04-27T13:13:49.467] [DEBUG] debug-file - hvigorfile, resolve finished /Volumes/Execute/Files/project/ame_new/archive_markdown_editor_hmos/app/ohos_hap/hvigorfile.ts
[2026-04-27T13:13:49.467] [DEBUG] debug-file - hvigorfile, resolving /Volumes/Execute/Files/project/ame_new/archive_markdown_editor_hmos/app/ohos_hap/electron/hvigorfile.ts
[2026-04-27T13:13:49.468] [DEBUG] debug-file - hvigorfile, require result:  { default: { plugins: [] } }
[2026-04-27T13:13:49.468] [DEBUG] debug-file - hvigorfile, binding system plugins null
[2026-04-27T13:13:49.468] [DEBUG] debug-file - Starting plugin build process
[2026-04-27T13:13:49.468] [DEBUG] debug-file - Hap plugin creating...
[2026-04-27T13:13:49.469] [DEBUG] debug-file - failed to load cangjie to dynamically generate schemas: Error: Cannot find module '@ohos/cangjie-build-support/index'
Require stack:
- /Volumes/Execute/Apps/DevEco-Studio.app/Contents/tools/hvigor/hvigor-ohos-plugin/src/plugin/hooks/cangjie-register.js
- /Volumes/Execute/Apps/DevEco-Studio.app/Contents/tools/hvigor/hvigor-ohos-plugin/src/plugin/strategy/stage-init-strategy.js
- /Volumes/Execute/Apps/DevEco-Studio.app/Contents/tools/hvigor/hvigor-ohos-plugin/src/plugin/builder/abstract-plugin-builder.js
- /Volumes/Execute/Apps/DevEco-Studio.app/Contents/tools/hvigor/hvigor-ohos-plugin/src/plugin/builder/app-plugin-builder.js
- /Volumes/Execute/Apps/DevEco-Studio.app/Contents/tools/hvigor/hvigor-ohos-plugin/src/plugin/factory/plugin-factory.js
- /Volumes/Execute/Apps/DevEco-Studio.app/Contents/tools/hvigor/hvigor-ohos-plugin/index.js
- /Volumes/Execute/Files/project/ame_new/archive_markdown_editor_hmos/app/ohos_hap/hvigorfile.ts
- /Volumes/Execute/Apps/DevEco-Studio.app/Contents/tools/hvigor/hvigor/src/base/internal/lifecycle/configuration.js
- /Volumes/Execute/Apps/DevEco-Studio.app/Contents/tools/hvigor/hvigor/src/base/boot/index.js
- /Volumes/Execute/Apps/DevEco-Studio.app/Contents/tools/hvigor/hvigor/src/base/daemon/cluster/worker-process-lifecycle.js
- /Volumes/Execute/Apps/DevEco-Studio.app/Contents/tools/hvigor/hvigor/src/base/daemon/process/daemon-process-boot-script.js
[2026-04-27T13:13:49.476] [DEBUG] debug-file - Start initialize module-target build option map, moduleName=electron, buildMode=debug
[2026-04-27T13:13:49.476] [DEBUG] debug-file - Target 'default' config initialized
[2026-04-27T13:13:49.477] [DEBUG] debug-file - Target 'ohosTest' config initialized
[2026-04-27T13:13:49.477] [DEBUG] debug-file - Module 'electron' target 'default' build option initialized
[2026-04-27T13:13:49.477] [DEBUG] debug-file - Module 'electron' target 'ohosTest' build option initialized
[2026-04-27T13:13:49.477] [DEBUG] debug-file - End initialize module-target build option map, moduleName=electron
[2026-04-27T13:13:49.477] [DEBUG] debug-file - Start initialize module-target build option map, moduleName=electron, buildMode=release
[2026-04-27T13:13:49.477] [DEBUG] debug-file - Target 'default' config initialized
[2026-04-27T13:13:49.477] [DEBUG] debug-file - Target 'ohosTest' config initialized
[2026-04-27T13:13:49.478] [DEBUG] debug-file - Module 'electron' target 'default' build option initialized
[2026-04-27T13:13:49.478] [DEBUG] debug-file - Module 'electron' target 'ohosTest' build option initialized
[2026-04-27T13:13:49.478] [DEBUG] debug-file - End initialize module-target build option map, moduleName=electron
[2026-04-27T13:13:49.478] [DEBUG] debug-file - Start initialize module-target build option map, moduleName=electron, buildMode=debug
[2026-04-27T13:13:49.478] [DEBUG] debug-file - Target 'default' config initialized
[2026-04-27T13:13:49.478] [DEBUG] debug-file - Target 'ohosTest' config initialized
[2026-04-27T13:13:49.478] [DEBUG] debug-file - Module 'electron' target 'default' build option initialized
[2026-04-27T13:13:49.478] [DEBUG] debug-file - Module 'electron' target 'ohosTest' build option initialized
[2026-04-27T13:13:49.478] [DEBUG] debug-file - End initialize module-target build option map, moduleName=electron
[2026-04-27T13:13:49.478] [DEBUG] debug-file - Obtain build option for module 'electron' target 'default'in this build.
[2026-04-27T13:13:49.480] [DEBUG] debug-file - Module electron task initialization takes 2 ms 
[2026-04-27T13:13:49.480] [DEBUG] debug-file - Hap plugin register hook start...
[2026-04-27T13:13:49.480] [DEBUG] debug-file - Hap plugin register hook end...
[2026-04-27T13:13:49.480] [DEBUG] debug-file - Plugin build process completed
[2026-04-27T13:13:49.480] [DEBUG] debug-file - hvigorfile, binding custom plugins []
[2026-04-27T13:13:49.480] [DEBUG] debug-file - hvigorfile, no custom plugins were found in /Volumes/Execute/Files/project/ame_new/archive_markdown_editor_hmos/app/ohos_hap/electron/hvigorfile.ts
[2026-04-27T13:13:49.480] [DEBUG] debug-file - hvigorfile, resolve finished /Volumes/Execute/Files/project/ame_new/archive_markdown_editor_hmos/app/ohos_hap/electron/hvigorfile.ts
[2026-04-27T13:13:49.481] [DEBUG] debug-file - hvigorfile, resolving /Volumes/Execute/Files/project/ame_new/archive_markdown_editor_hmos/app/ohos_hap/web_engine/hvigorfile.ts
[2026-04-27T13:13:49.483] [DEBUG] debug-file - hvigorfile, require result:  { default: { plugins: [] } }
[2026-04-27T13:13:49.483] [DEBUG] debug-file - hvigorfile, binding system plugins null
[2026-04-27T13:13:49.483] [DEBUG] debug-file - Starting plugin build process
[2026-04-27T13:13:49.483] [DEBUG] debug-file - Har plugin creating...
[2026-04-27T13:13:49.484] [DEBUG] debug-file - failed to load cangjie to dynamically generate schemas: Error: Cannot find module '@ohos/cangjie-build-support/index'
Require stack:
- /Volumes/Execute/Apps/DevEco-Studio.app/Contents/tools/hvigor/hvigor-ohos-plugin/src/plugin/hooks/cangjie-register.js
- /Volumes/Execute/Apps/DevEco-Studio.app/Contents/tools/hvigor/hvigor-ohos-plugin/src/plugin/strategy/stage-init-strategy.js
- /Volumes/Execute/Apps/DevEco-Studio.app/Contents/tools/hvigor/hvigor-ohos-plugin/src/plugin/builder/abstract-plugin-builder.js
- /Volumes/Execute/Apps/DevEco-Studio.app/Contents/tools/hvigor/hvigor-ohos-plugin/src/plugin/builder/app-plugin-builder.js
- /Volumes/Execute/Apps/DevEco-Studio.app/Contents/tools/hvigor/hvigor-ohos-plugin/src/plugin/factory/plugin-factory.js
- /Volumes/Execute/Apps/DevEco-Studio.app/Contents/tools/hvigor/hvigor-ohos-plugin/index.js
- /Volumes/Execute/Files/project/ame_new/archive_markdown_editor_hmos/app/ohos_hap/hvigorfile.ts
- /Volumes/Execute/Apps/DevEco-Studio.app/Contents/tools/hvigor/hvigor/src/base/internal/lifecycle/configuration.js
- /Volumes/Execute/Apps/DevEco-Studio.app/Contents/tools/hvigor/hvigor/src/base/boot/index.js
- /Volumes/Execute/Apps/DevEco-Studio.app/Contents/tools/hvigor/hvigor/src/base/daemon/cluster/worker-process-lifecycle.js
- /Volumes/Execute/Apps/DevEco-Studio.app/Contents/tools/hvigor/hvigor/src/base/daemon/process/daemon-process-boot-script.js
[2026-04-27T13:13:49.487] [DEBUG] debug-file - Start initialize module-target build option map, moduleName=web_engine, buildMode=debug
[2026-04-27T13:13:49.487] [DEBUG] debug-file - Target 'default' config initialized
[2026-04-27T13:13:49.487] [DEBUG] debug-file - Module 'web_engine' target 'default' build option initialized
[2026-04-27T13:13:49.487] [DEBUG] debug-file - End initialize module-target build option map, moduleName=web_engine
[2026-04-27T13:13:49.487] [DEBUG] debug-file - Start initialize module-target build option map, moduleName=web_engine, buildMode=release
[2026-04-27T13:13:49.487] [DEBUG] debug-file - Target 'default' config initialized
[2026-04-27T13:13:49.487] [DEBUG] debug-file - Module 'web_engine' target 'default' build option initialized
[2026-04-27T13:13:49.487] [DEBUG] debug-file - End initialize module-target build option map, moduleName=web_engine
[2026-04-27T13:13:49.487] [DEBUG] debug-file - Start initialize module-target build option map, moduleName=web_engine, buildMode=debug
[2026-04-27T13:13:49.487] [DEBUG] debug-file - Target 'default' config initialized
[2026-04-27T13:13:49.487] [DEBUG] debug-file - Module 'web_engine' target 'default' build option initialized
[2026-04-27T13:13:49.487] [DEBUG] debug-file - End initialize module-target build option map, moduleName=web_engine
[2026-04-27T13:13:49.487] [DEBUG] debug-file - Obtain build option for module 'web_engine' target 'default'in this build.
[2026-04-27T13:13:49.488] [DEBUG] debug-file - Module web_engine task initialization takes 1 ms 
[2026-04-27T13:13:49.488] [DEBUG] debug-file - Har plugin register hook start...
[2026-04-27T13:13:49.488] [DEBUG] debug-file - Har plugin register hook end...
[2026-04-27T13:13:49.488] [DEBUG] debug-file - Plugin build process completed
[2026-04-27T13:13:49.488] [DEBUG] debug-file - hvigorfile, binding custom plugins []
[2026-04-27T13:13:49.488] [DEBUG] debug-file - hvigorfile, no custom plugins were found in /Volumes/Execute/Files/project/ame_new/archive_markdown_editor_hmos/app/ohos_hap/web_engine/hvigorfile.ts
[2026-04-27T13:13:49.488] [DEBUG] debug-file - hvigorfile, resolve finished /Volumes/Execute/Files/project/ame_new/archive_markdown_editor_hmos/app/ohos_hap/web_engine/hvigorfile.ts
[2026-04-27T13:13:49.529] [DEBUG] debug-file - hvigorfile, resolve hvigorfile dependencies in 41 ms 
[2026-04-27T13:13:49.529] [DEBUG] debug-file - project has submodules:electron,web_engine
[2026-04-27T13:13:49.529] [DEBUG] debug-file - module:web_engine no need to execute packageHap
[2026-04-27T13:13:49.531] [DEBUG] debug-file - Start to initialize dependency information.
[2026-04-27T13:13:49.531] [DEBUG] debug-file - Module ohos_hap Collected Dependency: 
[2026-04-27T13:13:49.531] [DEBUG] debug-file - Module ohos_hap's total dependency: 0
[2026-04-27T13:13:49.532] [DEBUG] debug-file - Start to initialize dependency information.
[2026-04-27T13:13:49.547] [DEBUG] debug-file - Module electron Collected Dependency: /Volumes/Execute/Files/project/ame_new/archive_markdown_editor_hmos/app/ohos_hap/web_engine,/Volumes/Execute/Files/project/ame_new/archive_markdown_editor_hmos/app/ohos_hap/oh_modules/.ohpm/inversify@6.0.1/oh_modules/inversify,/Volumes/Execute/Files/project/ame_new/archive_markdown_editor_hmos/app/ohos_hap/oh_modules/.ohpm/reflect-metadata@0.2.1/oh_modules/reflect-metadata
[2026-04-27T13:13:49.548] [DEBUG] debug-file - Module electron's total dependency: 3
[2026-04-27T13:13:49.549] [DEBUG] debug-file - Start to initialize dependency information.
[2026-04-27T13:13:49.549] [DEBUG] debug-file - Module web_engine Collected Dependency: /Volumes/Execute/Files/project/ame_new/archive_markdown_editor_hmos/app/ohos_hap/oh_modules/.ohpm/inversify@6.0.1/oh_modules/inversify,/Volumes/Execute/Files/project/ame_new/archive_markdown_editor_hmos/app/ohos_hap/oh_modules/.ohpm/reflect-metadata@0.2.1/oh_modules/reflect-metadata
[2026-04-27T13:13:49.549] [DEBUG] debug-file - Module web_engine's total dependency: 2
[2026-04-27T13:13:49.550] [DEBUG] debug-file - Configuration phase cost:134 ms 
[2026-04-27T13:13:49.550] [DEBUG] debug-file - Configuration task cost before running: 145 ms 
[2026-04-27T13:13:49.550] [DEBUG] debug-file - Executing task :electron:clean
[2026-04-27T13:13:49.550] [DEBUG] debug-file - clean: Start terminating worker pool.
[2026-04-27T13:13:49.551] [DEBUG] debug-file - Current worker pool is stopped or closed.
[2026-04-27T13:13:49.551] [DEBUG] debug-file - Clear worker 4.
[2026-04-27T13:13:49.551] [DEBUG] debug-file - Worker 4 has been cleared.
[2026-04-27T13:13:49.551] [DEBUG] debug-file - Current idle worker size: 0.
[2026-04-27T13:13:49.551] [DEBUG] debug-file - Current busy worker size: 0.
[2026-04-27T13:13:49.551] [DEBUG] debug-file - Current worker pool is terminated.
[2026-04-27T13:13:49.551] [DEBUG] debug-file - clean: Terminating worker pool finished.
[2026-04-27T13:13:49.622] [DEBUG] debug-file - electron : clean cost memory -6.7919921875
[2026-04-27T13:13:49.622] [DEBUG] debug-file - runTaskFromQueue task cost before running: 217 ms 
[2026-04-27T13:13:49.622] [INFO] debug-file - Finished :electron:clean... after 72 ms 
[2026-04-27T13:13:49.623] [DEBUG] debug-file - Executing task :web_engine:clean
[2026-04-27T13:13:49.623] [DEBUG] debug-file - clean: Worker pool is inactive.
[2026-04-27T13:13:49.623] [DEBUG] debug-file - web_engine : clean cost memory 0.0840911865234375
[2026-04-27T13:13:49.623] [DEBUG] debug-file - runTaskFromQueue task cost before running: 218 ms 
[2026-04-27T13:13:49.623] [INFO] debug-file - Finished :web_engine:clean... after 1 ms 
[2026-04-27T13:13:49.623] [DEBUG] debug-file - Executing task ::clean
[2026-04-27T13:13:49.623] [DEBUG] debug-file - clean: Worker pool is inactive.
[2026-04-27T13:13:49.623] [DEBUG] debug-file - ohos_hap : clean cost memory 0.0255279541015625
[2026-04-27T13:13:49.623] [DEBUG] debug-file - runTaskFromQueue task cost before running: 218 ms 
[2026-04-27T13:13:49.623] [INFO] debug-file - Finished ::clean... after 1 ms 
[2026-04-27T13:13:49.624] [INFO] debug-file - BUILD SUCCESSFUL in 218 ms 
[2026-04-27T13:13:49.629] [DEBUG] debug-file - worker[4] exits with exit code 1.
[2026-04-27T13:13:49.629] [DEBUG] debug-file - Since there is no instance or instance is terminated, create a new worker pool.
[2026-04-27T13:13:49.630] [DEBUG] debug-file - Worker pool is initialized with config:  {
  minPoolNum: 2,
  maxPoolNum: undefined,
  maxCoreSize: undefined,
  cacheCapacity: undefined,
  cacheTtl: undefined
}
[2026-04-27T13:13:49.630] [DEBUG] debug-file - Create  resident worker with id: 0.
[2026-04-27T13:13:49.630] [DEBUG] debug-file - Create  resident worker with id: 1.
[2026-04-27T13:13:49.631] [DEBUG] debug-file - Cleanup worker 0.
[2026-04-27T13:13:49.631] [DEBUG] debug-file - Worker 0 has been cleaned up.
[2026-04-27T13:13:49.631] [DEBUG] debug-file - Current idle worker size: 1.
[2026-04-27T13:13:49.631] [DEBUG] debug-file - Current resident worker size: 2.
[2026-04-27T13:13:49.631] [DEBUG] debug-file - Cleanup worker 1.
[2026-04-27T13:13:49.631] [DEBUG] debug-file - Worker 1 has been cleaned up.
[2026-04-27T13:13:49.631] [DEBUG] debug-file - Current idle worker size: 0.
[2026-04-27T13:13:49.631] [DEBUG] debug-file - Current resident worker size: 2.
[2026-04-27T13:13:49.631] [DEBUG] debug-file - hvigor build process will be closed.
[2026-04-27T13:13:49.645] [DEBUG] debug-file - worker[1] exits with exit code 0.
[2026-04-27T13:13:49.645] [DEBUG] debug-file - worker[0] exits with exit code 0.
[2026-04-27T13:13:49.655] [DEBUG] debug-file - session manager: send message to worker process.
[2026-04-27T13:13:49.655] [DEBUG] debug-file - session manager: send message to worker process.
[2026-04-27T13:13:49.655] [DEBUG] debug-file - watch worker: worker id should be larger than 0. Nothing will be sent to any worker thread.
[2026-04-27T13:13:49.655] [DEBUG] debug-file - watch worker: worker id should be larger than 0. Nothing will be sent to any worker thread.
[2026-04-27T13:14:54.235] [DEBUG] debug-file - session manager: set active socket. socketId=UmQSNGLsgPiULJEjAAAR
[2026-04-27T13:14:54.236] [DEBUG] debug-file - watch worker: worker id should be larger than 0. Nothing will be sent to any worker thread.
[2026-04-27T13:14:54.237] [DEBUG] debug-file - Workers' log level updated to INFO
[2026-04-27T13:14:54.238] [DEBUG] debug-file - Hvigor init with startParameters:{
  hvigorfileTypeCheck: false,
  parallelExecution: true,
  incrementalExecution: true,
  printStackTrace: false,
  daemon: true,
  analyze: 0,
  logLevel: Level { level: 20000, levelStr: 'INFO', colour: 'green' },
  optimizationStrategy: 'memory',
  hotCompile: undefined,
  hotReloadBuild: undefined,
  customizedParam: undefined
}
[2026-04-27T13:14:54.242] [DEBUG] debug-file - Cache service initialization finished in 5 ms 
[2026-04-27T13:14:54.243] [DEBUG] debug-file - hvigorfile, resolving /Volumes/Execute/Files/project/ame_new/archive_markdown_editor_hmos/app/ohos_hap/hvigorfile.ts
[2026-04-27T13:14:54.253] [DEBUG] debug-file - hvigorfile, require result:  { default: { plugins: [] } }
[2026-04-27T13:14:54.253] [DEBUG] debug-file - hvigorfile, binding system plugins null
[2026-04-27T13:14:54.253] [DEBUG] debug-file - Starting plugin build process
[2026-04-27T13:14:54.253] [DEBUG] debug-file - App plugin prepare start...
[2026-04-27T13:14:54.253] [DEBUG] debug-file - App plugin prepare end...
[2026-04-27T13:14:54.253] [DEBUG] debug-file - App plugin creating...
[2026-04-27T13:14:54.336] [DEBUG] debug-file - App plugin register hook start...
[2026-04-27T13:14:54.337] [DEBUG] debug-file - App plugin register hook end...
[2026-04-27T13:14:54.337] [DEBUG] debug-file - Plugin build process completed
[2026-04-27T13:14:54.337] [DEBUG] debug-file - Start initialize project's product build option map with build mode release.
[2026-04-27T13:14:54.337] [DEBUG] debug-file - Picking option from product 'default' with build mode 'release'.
[2026-04-27T13:14:54.337] [DEBUG] debug-file - Product 'default' build option initialized
[2026-04-27T13:14:54.337] [DEBUG] debug-file - End initialize project's product build option map with build mode 'release'.
[2026-04-27T13:14:54.337] [DEBUG] debug-file - Obtain build option for product 'default'in this build.
[2026-04-27T13:14:54.338] [DEBUG] debug-file - /Volumes/Execute/Files/project/ame_new/archive_markdown_editor_hmos/app/ohos_hap/build/cache/default/remote_hsp/remoteHspCache.json not exists.
[2026-04-27T13:14:54.339] [DEBUG] debug-file - Start recording SDK configuration permission data.
[2026-04-27T13:14:54.355] [DEBUG] debug-file - Sdk init in 17 ms 
[2026-04-27T13:14:54.358] [DEBUG] debug-file - Project task initialization takes 2 ms 
[2026-04-27T13:14:54.358] [DEBUG] debug-file - hvigorfile, binding custom plugins []
[2026-04-27T13:14:54.358] [DEBUG] debug-file - hvigorfile, no custom plugins were found in /Volumes/Execute/Files/project/ame_new/archive_markdown_editor_hmos/app/ohos_hap/hvigorfile.ts
[2026-04-27T13:14:54.358] [DEBUG] debug-file - hvigorfile, resolve finished /Volumes/Execute/Files/project/ame_new/archive_markdown_editor_hmos/app/ohos_hap/hvigorfile.ts
[2026-04-27T13:14:54.358] [DEBUG] debug-file - hvigorfile, resolving /Volumes/Execute/Files/project/ame_new/archive_markdown_editor_hmos/app/ohos_hap/electron/hvigorfile.ts
[2026-04-27T13:14:54.360] [DEBUG] debug-file - hvigorfile, require result:  { default: { plugins: [] } }
[2026-04-27T13:14:54.360] [DEBUG] debug-file - hvigorfile, binding system plugins null
[2026-04-27T13:14:54.360] [DEBUG] debug-file - Starting plugin build process
[2026-04-27T13:14:54.360] [DEBUG] debug-file - Hap plugin creating...
[2026-04-27T13:14:54.360] [DEBUG] debug-file - failed to load cangjie to dynamically generate schemas: Error: Cannot find module '@ohos/cangjie-build-support/index'
Require stack:
- /Volumes/Execute/Apps/DevEco-Studio.app/Contents/tools/hvigor/hvigor-ohos-plugin/src/plugin/hooks/cangjie-register.js
- /Volumes/Execute/Apps/DevEco-Studio.app/Contents/tools/hvigor/hvigor-ohos-plugin/src/plugin/strategy/stage-init-strategy.js
- /Volumes/Execute/Apps/DevEco-Studio.app/Contents/tools/hvigor/hvigor-ohos-plugin/src/plugin/builder/abstract-plugin-builder.js
- /Volumes/Execute/Apps/DevEco-Studio.app/Contents/tools/hvigor/hvigor-ohos-plugin/src/plugin/builder/app-plugin-builder.js
- /Volumes/Execute/Apps/DevEco-Studio.app/Contents/tools/hvigor/hvigor-ohos-plugin/src/plugin/factory/plugin-factory.js
- /Volumes/Execute/Apps/DevEco-Studio.app/Contents/tools/hvigor/hvigor-ohos-plugin/index.js
- /Volumes/Execute/Files/project/ame_new/archive_markdown_editor_hmos/app/ohos_hap/hvigorfile.ts
- /Volumes/Execute/Apps/DevEco-Studio.app/Contents/tools/hvigor/hvigor/src/base/internal/lifecycle/configuration.js
- /Volumes/Execute/Apps/DevEco-Studio.app/Contents/tools/hvigor/hvigor/src/base/boot/index.js
- /Volumes/Execute/Apps/DevEco-Studio.app/Contents/tools/hvigor/hvigor/src/base/daemon/cluster/worker-process-lifecycle.js
- /Volumes/Execute/Apps/DevEco-Studio.app/Contents/tools/hvigor/hvigor/src/base/daemon/process/daemon-process-boot-script.js
[2026-04-27T13:14:54.363] [DEBUG] debug-file - Start initialize module-target build option map, moduleName=electron, buildMode=debug
[2026-04-27T13:14:54.363] [DEBUG] debug-file - Target 'default' config initialized
[2026-04-27T13:14:54.363] [DEBUG] debug-file - Target 'ohosTest' config initialized
[2026-04-27T13:14:54.363] [DEBUG] debug-file - Module 'electron' target 'default' build option initialized
[2026-04-27T13:14:54.363] [DEBUG] debug-file - Module 'electron' target 'ohosTest' build option initialized
[2026-04-27T13:14:54.363] [DEBUG] debug-file - End initialize module-target build option map, moduleName=electron
[2026-04-27T13:14:54.363] [DEBUG] debug-file - Start initialize module-target build option map, moduleName=electron, buildMode=release
[2026-04-27T13:14:54.363] [DEBUG] debug-file - Target 'default' config initialized
[2026-04-27T13:14:54.363] [DEBUG] debug-file - Target 'ohosTest' config initialized
[2026-04-27T13:14:54.363] [DEBUG] debug-file - Module 'electron' target 'default' build option initialized
[2026-04-27T13:14:54.363] [DEBUG] debug-file - Module 'electron' target 'ohosTest' build option initialized
[2026-04-27T13:14:54.363] [DEBUG] debug-file - End initialize module-target build option map, moduleName=electron
[2026-04-27T13:14:54.363] [DEBUG] debug-file - Start initialize module-target build option map, moduleName=electron, buildMode=release
[2026-04-27T13:14:54.363] [DEBUG] debug-file - Target 'default' config initialized
[2026-04-27T13:14:54.363] [DEBUG] debug-file - Target 'ohosTest' config initialized
[2026-04-27T13:14:54.363] [DEBUG] debug-file - Module 'electron' target 'default' build option initialized
[2026-04-27T13:14:54.363] [DEBUG] debug-file - Module 'electron' target 'ohosTest' build option initialized
[2026-04-27T13:14:54.363] [DEBUG] debug-file - End initialize module-target build option map, moduleName=electron
[2026-04-27T13:14:54.363] [DEBUG] debug-file - Obtain build option for module 'electron' target 'default'in this build.
[2026-04-27T13:14:54.365] [DEBUG] debug-file - Module electron task initialization takes 2 ms 
[2026-04-27T13:14:54.365] [DEBUG] debug-file - Hap plugin register hook start...
[2026-04-27T13:14:54.365] [DEBUG] debug-file - Hap plugin register hook end...
[2026-04-27T13:14:54.365] [DEBUG] debug-file - Plugin build process completed
[2026-04-27T13:14:54.365] [DEBUG] debug-file - hvigorfile, binding custom plugins []
[2026-04-27T13:14:54.365] [DEBUG] debug-file - hvigorfile, no custom plugins were found in /Volumes/Execute/Files/project/ame_new/archive_markdown_editor_hmos/app/ohos_hap/electron/hvigorfile.ts
[2026-04-27T13:14:54.365] [DEBUG] debug-file - hvigorfile, resolve finished /Volumes/Execute/Files/project/ame_new/archive_markdown_editor_hmos/app/ohos_hap/electron/hvigorfile.ts
[2026-04-27T13:14:54.365] [DEBUG] debug-file - hvigorfile, resolving /Volumes/Execute/Files/project/ame_new/archive_markdown_editor_hmos/app/ohos_hap/web_engine/hvigorfile.ts
[2026-04-27T13:14:54.367] [DEBUG] debug-file - hvigorfile, require result:  { default: { plugins: [] } }
[2026-04-27T13:14:54.367] [DEBUG] debug-file - hvigorfile, binding system plugins null
[2026-04-27T13:14:54.367] [DEBUG] debug-file - Starting plugin build process
[2026-04-27T13:14:54.367] [DEBUG] debug-file - Har plugin creating...
[2026-04-27T13:14:54.367] [DEBUG] debug-file - failed to load cangjie to dynamically generate schemas: Error: Cannot find module '@ohos/cangjie-build-support/index'
Require stack:
- /Volumes/Execute/Apps/DevEco-Studio.app/Contents/tools/hvigor/hvigor-ohos-plugin/src/plugin/hooks/cangjie-register.js
- /Volumes/Execute/Apps/DevEco-Studio.app/Contents/tools/hvigor/hvigor-ohos-plugin/src/plugin/strategy/stage-init-strategy.js
- /Volumes/Execute/Apps/DevEco-Studio.app/Contents/tools/hvigor/hvigor-ohos-plugin/src/plugin/builder/abstract-plugin-builder.js
- /Volumes/Execute/Apps/DevEco-Studio.app/Contents/tools/hvigor/hvigor-ohos-plugin/src/plugin/builder/app-plugin-builder.js
- /Volumes/Execute/Apps/DevEco-Studio.app/Contents/tools/hvigor/hvigor-ohos-plugin/src/plugin/factory/plugin-factory.js
- /Volumes/Execute/Apps/DevEco-Studio.app/Contents/tools/hvigor/hvigor-ohos-plugin/index.js
- /Volumes/Execute/Files/project/ame_new/archive_markdown_editor_hmos/app/ohos_hap/hvigorfile.ts
- /Volumes/Execute/Apps/DevEco-Studio.app/Contents/tools/hvigor/hvigor/src/base/internal/lifecycle/configuration.js
- /Volumes/Execute/Apps/DevEco-Studio.app/Contents/tools/hvigor/hvigor/src/base/boot/index.js
- /Volumes/Execute/Apps/DevEco-Studio.app/Contents/tools/hvigor/hvigor/src/base/daemon/cluster/worker-process-lifecycle.js
- /Volumes/Execute/Apps/DevEco-Studio.app/Contents/tools/hvigor/hvigor/src/base/daemon/process/daemon-process-boot-script.js
[2026-04-27T13:14:54.386] [DEBUG] debug-file - Start initialize module-target build option map, moduleName=web_engine, buildMode=debug
[2026-04-27T13:14:54.386] [DEBUG] debug-file - Target 'default' config initialized
[2026-04-27T13:14:54.386] [DEBUG] debug-file - Module 'web_engine' target 'default' build option initialized
[2026-04-27T13:14:54.386] [DEBUG] debug-file - End initialize module-target build option map, moduleName=web_engine
[2026-04-27T13:14:54.386] [DEBUG] debug-file - Start initialize module-target build option map, moduleName=web_engine, buildMode=release
[2026-04-27T13:14:54.386] [DEBUG] debug-file - Target 'default' config initialized
[2026-04-27T13:14:54.386] [DEBUG] debug-file - Module 'web_engine' target 'default' build option initialized
[2026-04-27T13:14:54.386] [DEBUG] debug-file - End initialize module-target build option map, moduleName=web_engine
[2026-04-27T13:14:54.386] [DEBUG] debug-file - Start initialize module-target build option map, moduleName=web_engine, buildMode=release
[2026-04-27T13:14:54.386] [DEBUG] debug-file - Target 'default' config initialized
[2026-04-27T13:14:54.386] [DEBUG] debug-file - Module 'web_engine' target 'default' build option initialized
[2026-04-27T13:14:54.387] [DEBUG] debug-file - End initialize module-target build option map, moduleName=web_engine
[2026-04-27T13:14:54.387] [DEBUG] debug-file - Obtain build option for module 'web_engine' target 'default'in this build.
[2026-04-27T13:14:54.387] [DEBUG] debug-file - Module web_engine task initialization takes 1 ms 
[2026-04-27T13:14:54.387] [DEBUG] debug-file - Har plugin register hook start...
[2026-04-27T13:14:54.387] [DEBUG] debug-file - Har plugin register hook end...
[2026-04-27T13:14:54.387] [DEBUG] debug-file - Plugin build process completed
[2026-04-27T13:14:54.387] [DEBUG] debug-file - hvigorfile, binding custom plugins []
[2026-04-27T13:14:54.387] [DEBUG] debug-file - hvigorfile, no custom plugins were found in /Volumes/Execute/Files/project/ame_new/archive_markdown_editor_hmos/app/ohos_hap/web_engine/hvigorfile.ts
[2026-04-27T13:14:54.387] [DEBUG] debug-file - hvigorfile, resolve finished /Volumes/Execute/Files/project/ame_new/archive_markdown_editor_hmos/app/ohos_hap/web_engine/hvigorfile.ts
[2026-04-27T13:14:54.419] [DEBUG] debug-file - hvigorfile, resolve hvigorfile dependencies in 32 ms 
[2026-04-27T13:14:54.419] [DEBUG] debug-file - project has submodules:electron,web_engine
[2026-04-27T13:14:54.419] [DEBUG] debug-file - module:web_engine no need to execute packageHap
[2026-04-27T13:14:54.420] [DEBUG] debug-file - start to load updatedOhPackageInfo to the disk
[2026-04-27T13:14:54.422] [DEBUG] debug-file - load to the disk finished
[2026-04-27T13:14:54.422] [DEBUG] debug-file - Start to initialize dependency information.
[2026-04-27T13:14:54.422] [DEBUG] debug-file - Module ohos_hap Collected Dependency: 
[2026-04-27T13:14:54.422] [DEBUG] debug-file - Module ohos_hap's total dependency: 0
[2026-04-27T13:14:54.423] [DEBUG] debug-file - Start to initialize dependency information.
[2026-04-27T13:14:54.440] [DEBUG] debug-file - Module electron Collected Dependency: /Volumes/Execute/Files/project/ame_new/archive_markdown_editor_hmos/app/ohos_hap/web_engine,/Volumes/Execute/Files/project/ame_new/archive_markdown_editor_hmos/app/ohos_hap/oh_modules/.ohpm/inversify@6.0.1/oh_modules/inversify,/Volumes/Execute/Files/project/ame_new/archive_markdown_editor_hmos/app/ohos_hap/oh_modules/.ohpm/reflect-metadata@0.2.1/oh_modules/reflect-metadata
[2026-04-27T13:14:54.440] [DEBUG] debug-file - Module electron's total dependency: 3
[2026-04-27T13:14:54.444] [DEBUG] debug-file - Start to initialize dependency information.
[2026-04-27T13:14:54.445] [DEBUG] debug-file - Module web_engine Collected Dependency: /Volumes/Execute/Files/project/ame_new/archive_markdown_editor_hmos/app/ohos_hap/oh_modules/.ohpm/inversify@6.0.1/oh_modules/inversify,/Volumes/Execute/Files/project/ame_new/archive_markdown_editor_hmos/app/ohos_hap/oh_modules/.ohpm/reflect-metadata@0.2.1/oh_modules/reflect-metadata
[2026-04-27T13:14:54.446] [DEBUG] debug-file - Module web_engine's total dependency: 2
[2026-04-27T13:14:54.447] [DEBUG] debug-file - Configuration phase cost:205 ms 
[2026-04-27T13:14:54.451] [DEBUG] debug-file - Configuration task cost before running: 214 ms 
[2026-04-27T13:14:54.451] [DEBUG] debug-file - Executing task :electron:init
[2026-04-27T13:14:54.451] [DEBUG] debug-file - electron : init cost memory 0.01728057861328125
[2026-04-27T13:14:54.452] [DEBUG] debug-file - runTaskFromQueue task cost before running: 215 ms 
[2026-04-27T13:14:54.452] [INFO] debug-file - Finished :electron:init... after 1 ms 
[2026-04-27T13:14:54.453] [DEBUG] debug-file - Executing task :web_engine:init
[2026-04-27T13:14:54.454] [DEBUG] debug-file - web_engine : init cost memory 0.0138702392578125
[2026-04-27T13:14:54.454] [DEBUG] debug-file - runTaskFromQueue task cost before running: 218 ms 
[2026-04-27T13:14:54.455] [INFO] debug-file - Finished :web_engine:init... after 2 ms 
[2026-04-27T13:14:54.455] [DEBUG] debug-file - Executing task ::init
[2026-04-27T13:14:54.455] [DEBUG] debug-file - ohos_hap : init cost memory 0.0124053955078125
[2026-04-27T13:14:54.456] [DEBUG] debug-file - runTaskFromQueue task cost before running: 219 ms 
[2026-04-27T13:14:54.456] [INFO] debug-file - Finished ::init... after 1 ms 
[2026-04-27T13:14:54.457] [DEBUG] debug-file - Obtain build option for module 'electron' target 'default'in this build.
[2026-04-27T13:14:54.457] [DEBUG] debug-file - Obtain build option for module 'electron' target 'ohosTest'in this build.
[2026-04-27T13:14:54.457] [DEBUG] debug-file - Obtain build option for module 'web_engine' target 'default'in this build.
[2026-04-27T13:14:54.458] [DEBUG] debug-file - There's no busy workers and idle workers need cleanup.
[2026-04-27T13:14:54.459] [DEBUG] debug-file - hvigor build process will be closed.
[2026-04-27T13:14:54.485] [DEBUG] debug-file - session manager: send message to worker process.
[2026-04-27T13:14:54.486] [DEBUG] debug-file - session manager: send message to worker process.
[2026-04-27T13:14:54.486] [DEBUG] debug-file - watch worker: worker id should be larger than 0. Nothing will be sent to any worker thread.
[2026-04-27T13:14:54.486] [DEBUG] debug-file - watch worker: worker id should be larger than 0. Nothing will be sent to any worker thread.
[2026-04-27T13:15:13.187] [DEBUG] debug-file - session manager: set active socket. socketId=y5XtslGwhwRSz_veAAAT
[2026-04-27T13:15:13.188] [DEBUG] debug-file - watch worker: worker id should be larger than 0. Nothing will be sent to any worker thread.
[2026-04-27T13:15:13.189] [DEBUG] debug-file - Workers' log level updated to INFO
[2026-04-27T13:15:13.190] [DEBUG] debug-file - Hvigor init with startParameters:{
  hvigorfileTypeCheck: false,
  parallelExecution: true,
  incrementalExecution: true,
  printStackTrace: false,
  daemon: true,
  analyze: 0,
  logLevel: Level { level: 20000, levelStr: 'INFO', colour: 'green' },
  optimizationStrategy: 'memory',
  hotCompile: undefined,
  hotReloadBuild: undefined,
  customizedParam: undefined
}
[2026-04-27T13:15:13.194] [DEBUG] debug-file - Cache service initialization finished in 4 ms 
[2026-04-27T13:15:13.196] [DEBUG] debug-file - hvigorfile, resolving /Volumes/Execute/Files/project/ame_new/archive_markdown_editor_hmos/app/ohos_hap/hvigorfile.ts
[2026-04-27T13:15:13.198] [DEBUG] debug-file - hvigorfile, require result:  { default: { plugins: [] } }
[2026-04-27T13:15:13.198] [DEBUG] debug-file - hvigorfile, binding system plugins null
[2026-04-27T13:15:13.199] [DEBUG] debug-file - Starting plugin build process
[2026-04-27T13:15:13.199] [DEBUG] debug-file - App plugin prepare start...
[2026-04-27T13:15:13.199] [DEBUG] debug-file - App plugin prepare end...
[2026-04-27T13:15:13.199] [DEBUG] debug-file - App plugin creating...
[2026-04-27T13:15:13.202] [DEBUG] debug-file - App plugin register hook start...
[2026-04-27T13:15:13.202] [DEBUG] debug-file - App plugin register hook end...
[2026-04-27T13:15:13.202] [DEBUG] debug-file - Plugin build process completed
[2026-04-27T13:15:13.202] [DEBUG] debug-file - Start initialize project's product build option map with build mode release.
[2026-04-27T13:15:13.202] [DEBUG] debug-file - Picking option from product 'default' with build mode 'release'.
[2026-04-27T13:15:13.202] [DEBUG] debug-file - Product 'default' build option initialized
[2026-04-27T13:15:13.202] [DEBUG] debug-file - End initialize project's product build option map with build mode 'release'.
[2026-04-27T13:15:13.202] [DEBUG] debug-file - Obtain build option for product 'default'in this build.
[2026-04-27T13:15:13.203] [DEBUG] debug-file - /Volumes/Execute/Files/project/ame_new/archive_markdown_editor_hmos/app/ohos_hap/build/cache/default/remote_hsp/remoteHspCache.json not exists.
[2026-04-27T13:15:13.204] [DEBUG] debug-file - Start recording SDK configuration permission data.
[2026-04-27T13:15:13.215] [DEBUG] debug-file - Sdk init in 12 ms 
[2026-04-27T13:15:13.216] [DEBUG] debug-file - Project task initialization takes 1 ms 
[2026-04-27T13:15:13.216] [DEBUG] debug-file - hvigorfile, binding custom plugins []
[2026-04-27T13:15:13.216] [DEBUG] debug-file - hvigorfile, no custom plugins were found in /Volumes/Execute/Files/project/ame_new/archive_markdown_editor_hmos/app/ohos_hap/hvigorfile.ts
[2026-04-27T13:15:13.216] [DEBUG] debug-file - hvigorfile, resolve finished /Volumes/Execute/Files/project/ame_new/archive_markdown_editor_hmos/app/ohos_hap/hvigorfile.ts
[2026-04-27T13:15:13.216] [DEBUG] debug-file - hvigorfile, resolving /Volumes/Execute/Files/project/ame_new/archive_markdown_editor_hmos/app/ohos_hap/electron/hvigorfile.ts
[2026-04-27T13:15:13.218] [DEBUG] debug-file - hvigorfile, require result:  { default: { plugins: [] } }
[2026-04-27T13:15:13.218] [DEBUG] debug-file - hvigorfile, binding system plugins null
[2026-04-27T13:15:13.218] [DEBUG] debug-file - Starting plugin build process
[2026-04-27T13:15:13.218] [DEBUG] debug-file - Hap plugin creating...
[2026-04-27T13:15:13.218] [DEBUG] debug-file - failed to load cangjie to dynamically generate schemas: Error: Cannot find module '@ohos/cangjie-build-support/index'
Require stack:
- /Volumes/Execute/Apps/DevEco-Studio.app/Contents/tools/hvigor/hvigor-ohos-plugin/src/plugin/hooks/cangjie-register.js
- /Volumes/Execute/Apps/DevEco-Studio.app/Contents/tools/hvigor/hvigor-ohos-plugin/src/plugin/strategy/stage-init-strategy.js
- /Volumes/Execute/Apps/DevEco-Studio.app/Contents/tools/hvigor/hvigor-ohos-plugin/src/plugin/builder/abstract-plugin-builder.js
- /Volumes/Execute/Apps/DevEco-Studio.app/Contents/tools/hvigor/hvigor-ohos-plugin/src/plugin/builder/app-plugin-builder.js
- /Volumes/Execute/Apps/DevEco-Studio.app/Contents/tools/hvigor/hvigor-ohos-plugin/src/plugin/factory/plugin-factory.js
- /Volumes/Execute/Apps/DevEco-Studio.app/Contents/tools/hvigor/hvigor-ohos-plugin/index.js
- /Volumes/Execute/Files/project/ame_new/archive_markdown_editor_hmos/app/ohos_hap/hvigorfile.ts
- /Volumes/Execute/Apps/DevEco-Studio.app/Contents/tools/hvigor/hvigor/src/base/internal/lifecycle/configuration.js
- /Volumes/Execute/Apps/DevEco-Studio.app/Contents/tools/hvigor/hvigor/src/base/boot/index.js
- /Volumes/Execute/Apps/DevEco-Studio.app/Contents/tools/hvigor/hvigor/src/base/daemon/cluster/worker-process-lifecycle.js
- /Volumes/Execute/Apps/DevEco-Studio.app/Contents/tools/hvigor/hvigor/src/base/daemon/process/daemon-process-boot-script.js
[2026-04-27T13:15:13.218] [DEBUG] debug-file - Start initialize module-target build option map, moduleName=electron, buildMode=debug
[2026-04-27T13:15:13.218] [DEBUG] debug-file - Target 'default' config initialized
[2026-04-27T13:15:13.218] [DEBUG] debug-file - Target 'ohosTest' config initialized
[2026-04-27T13:15:13.218] [DEBUG] debug-file - Module 'electron' target 'default' build option initialized
[2026-04-27T13:15:13.218] [DEBUG] debug-file - Module 'electron' target 'ohosTest' build option initialized
[2026-04-27T13:15:13.218] [DEBUG] debug-file - End initialize module-target build option map, moduleName=electron
[2026-04-27T13:15:13.218] [DEBUG] debug-file - Start initialize module-target build option map, moduleName=electron, buildMode=release
[2026-04-27T13:15:13.218] [DEBUG] debug-file - Target 'default' config initialized
[2026-04-27T13:15:13.219] [DEBUG] debug-file - Target 'ohosTest' config initialized
[2026-04-27T13:15:13.219] [DEBUG] debug-file - Module 'electron' target 'default' build option initialized
[2026-04-27T13:15:13.219] [DEBUG] debug-file - Module 'electron' target 'ohosTest' build option initialized
[2026-04-27T13:15:13.219] [DEBUG] debug-file - End initialize module-target build option map, moduleName=electron
[2026-04-27T13:15:13.219] [DEBUG] debug-file - Start initialize module-target build option map, moduleName=electron, buildMode=release
[2026-04-27T13:15:13.219] [DEBUG] debug-file - Target 'default' config initialized
[2026-04-27T13:15:13.219] [DEBUG] debug-file - Target 'ohosTest' config initialized
[2026-04-27T13:15:13.219] [DEBUG] debug-file - Module 'electron' target 'default' build option initialized
[2026-04-27T13:15:13.219] [DEBUG] debug-file - Module 'electron' target 'ohosTest' build option initialized
[2026-04-27T13:15:13.219] [DEBUG] debug-file - End initialize module-target build option map, moduleName=electron
[2026-04-27T13:15:13.219] [DEBUG] debug-file - Obtain build option for module 'electron' target 'default'in this build.
[2026-04-27T13:15:13.219] [DEBUG] debug-file - Module electron task initialization takes 1 ms 
[2026-04-27T13:15:13.219] [DEBUG] debug-file - Hap plugin register hook start...
[2026-04-27T13:15:13.219] [DEBUG] debug-file - Hap plugin register hook end...
[2026-04-27T13:15:13.219] [DEBUG] debug-file - Plugin build process completed
[2026-04-27T13:15:13.219] [DEBUG] debug-file - hvigorfile, binding custom plugins []
[2026-04-27T13:15:13.219] [DEBUG] debug-file - hvigorfile, no custom plugins were found in /Volumes/Execute/Files/project/ame_new/archive_markdown_editor_hmos/app/ohos_hap/electron/hvigorfile.ts
[2026-04-27T13:15:13.219] [DEBUG] debug-file - hvigorfile, resolve finished /Volumes/Execute/Files/project/ame_new/archive_markdown_editor_hmos/app/ohos_hap/electron/hvigorfile.ts
[2026-04-27T13:15:13.219] [DEBUG] debug-file - hvigorfile, resolving /Volumes/Execute/Files/project/ame_new/archive_markdown_editor_hmos/app/ohos_hap/web_engine/hvigorfile.ts
[2026-04-27T13:15:13.221] [DEBUG] debug-file - hvigorfile, require result:  { default: { plugins: [] } }
[2026-04-27T13:15:13.221] [DEBUG] debug-file - hvigorfile, binding system plugins null
[2026-04-27T13:15:13.221] [DEBUG] debug-file - Starting plugin build process
[2026-04-27T13:15:13.221] [DEBUG] debug-file - Har plugin creating...
[2026-04-27T13:15:13.221] [DEBUG] debug-file - failed to load cangjie to dynamically generate schemas: Error: Cannot find module '@ohos/cangjie-build-support/index'
Require stack:
- /Volumes/Execute/Apps/DevEco-Studio.app/Contents/tools/hvigor/hvigor-ohos-plugin/src/plugin/hooks/cangjie-register.js
- /Volumes/Execute/Apps/DevEco-Studio.app/Contents/tools/hvigor/hvigor-ohos-plugin/src/plugin/strategy/stage-init-strategy.js
- /Volumes/Execute/Apps/DevEco-Studio.app/Contents/tools/hvigor/hvigor-ohos-plugin/src/plugin/builder/abstract-plugin-builder.js
- /Volumes/Execute/Apps/DevEco-Studio.app/Contents/tools/hvigor/hvigor-ohos-plugin/src/plugin/builder/app-plugin-builder.js
- /Volumes/Execute/Apps/DevEco-Studio.app/Contents/tools/hvigor/hvigor-ohos-plugin/src/plugin/factory/plugin-factory.js
- /Volumes/Execute/Apps/DevEco-Studio.app/Contents/tools/hvigor/hvigor-ohos-plugin/index.js
- /Volumes/Execute/Files/project/ame_new/archive_markdown_editor_hmos/app/ohos_hap/hvigorfile.ts
- /Volumes/Execute/Apps/DevEco-Studio.app/Contents/tools/hvigor/hvigor/src/base/internal/lifecycle/configuration.js
- /Volumes/Execute/Apps/DevEco-Studio.app/Contents/tools/hvigor/hvigor/src/base/boot/index.js
- /Volumes/Execute/Apps/DevEco-Studio.app/Contents/tools/hvigor/hvigor/src/base/daemon/cluster/worker-process-lifecycle.js
- /Volumes/Execute/Apps/DevEco-Studio.app/Contents/tools/hvigor/hvigor/src/base/daemon/process/daemon-process-boot-script.js
[2026-04-27T13:15:13.221] [DEBUG] debug-file - Start initialize module-target build option map, moduleName=web_engine, buildMode=debug
[2026-04-27T13:15:13.221] [DEBUG] debug-file - Target 'default' config initialized
[2026-04-27T13:15:13.221] [DEBUG] debug-file - Module 'web_engine' target 'default' build option initialized
[2026-04-27T13:15:13.221] [DEBUG] debug-file - End initialize module-target build option map, moduleName=web_engine
[2026-04-27T13:15:13.221] [DEBUG] debug-file - Start initialize module-target build option map, moduleName=web_engine, buildMode=release
[2026-04-27T13:15:13.221] [DEBUG] debug-file - Target 'default' config initialized
[2026-04-27T13:15:13.221] [DEBUG] debug-file - Module 'web_engine' target 'default' build option initialized
[2026-04-27T13:15:13.221] [DEBUG] debug-file - End initialize module-target build option map, moduleName=web_engine
[2026-04-27T13:15:13.221] [DEBUG] debug-file - Start initialize module-target build option map, moduleName=web_engine, buildMode=release
[2026-04-27T13:15:13.221] [DEBUG] debug-file - Target 'default' config initialized
[2026-04-27T13:15:13.221] [DEBUG] debug-file - Module 'web_engine' target 'default' build option initialized
[2026-04-27T13:15:13.221] [DEBUG] debug-file - End initialize module-target build option map, moduleName=web_engine
[2026-04-27T13:15:13.221] [DEBUG] debug-file - Obtain build option for module 'web_engine' target 'default'in this build.
[2026-04-27T13:15:13.222] [DEBUG] debug-file - Module web_engine task initialization takes 1 ms 
[2026-04-27T13:15:13.222] [DEBUG] debug-file - Har plugin register hook start...
[2026-04-27T13:15:13.222] [DEBUG] debug-file - Har plugin register hook end...
[2026-04-27T13:15:13.222] [DEBUG] debug-file - Plugin build process completed
[2026-04-27T13:15:13.222] [DEBUG] debug-file - hvigorfile, binding custom plugins []
[2026-04-27T13:15:13.222] [DEBUG] debug-file - hvigorfile, no custom plugins were found in /Volumes/Execute/Files/project/ame_new/archive_markdown_editor_hmos/app/ohos_hap/web_engine/hvigorfile.ts
[2026-04-27T13:15:13.222] [DEBUG] debug-file - hvigorfile, resolve finished /Volumes/Execute/Files/project/ame_new/archive_markdown_editor_hmos/app/ohos_hap/web_engine/hvigorfile.ts
[2026-04-27T13:15:13.255] [DEBUG] debug-file - hvigorfile, resolve hvigorfile dependencies in 34 ms 
[2026-04-27T13:15:13.255] [DEBUG] debug-file - project has submodules:electron,web_engine
[2026-04-27T13:15:13.255] [DEBUG] debug-file - module:web_engine no need to execute packageHap
[2026-04-27T13:15:13.255] [DEBUG] debug-file - start to load updatedOhPackageInfo to the disk
[2026-04-27T13:15:13.256] [DEBUG] debug-file - load to the disk finished
[2026-04-27T13:15:13.256] [DEBUG] debug-file - Start to initialize dependency information.
[2026-04-27T13:15:13.257] [DEBUG] debug-file - Module ohos_hap Collected Dependency: 
[2026-04-27T13:15:13.257] [DEBUG] debug-file - Module ohos_hap's total dependency: 0
[2026-04-27T13:15:13.257] [DEBUG] debug-file - Start to initialize dependency information.
[2026-04-27T13:15:13.266] [DEBUG] debug-file - Module electron Collected Dependency: /Volumes/Execute/Files/project/ame_new/archive_markdown_editor_hmos/app/ohos_hap/web_engine,/Volumes/Execute/Files/project/ame_new/archive_markdown_editor_hmos/app/ohos_hap/oh_modules/.ohpm/inversify@6.0.1/oh_modules/inversify,/Volumes/Execute/Files/project/ame_new/archive_markdown_editor_hmos/app/ohos_hap/oh_modules/.ohpm/reflect-metadata@0.2.1/oh_modules/reflect-metadata
[2026-04-27T13:15:13.266] [DEBUG] debug-file - Module electron's total dependency: 3
[2026-04-27T13:15:13.266] [DEBUG] debug-file - Start to initialize dependency information.
[2026-04-27T13:15:13.267] [DEBUG] debug-file - Module web_engine Collected Dependency: /Volumes/Execute/Files/project/ame_new/archive_markdown_editor_hmos/app/ohos_hap/oh_modules/.ohpm/inversify@6.0.1/oh_modules/inversify,/Volumes/Execute/Files/project/ame_new/archive_markdown_editor_hmos/app/ohos_hap/oh_modules/.ohpm/reflect-metadata@0.2.1/oh_modules/reflect-metadata
[2026-04-27T13:15:13.267] [DEBUG] debug-file - Module web_engine's total dependency: 2
[2026-04-27T13:15:13.267] [DEBUG] debug-file - Configuration phase cost:73 ms 
[2026-04-27T13:15:13.267] [DEBUG] debug-file - Configuration task cost before running: 79 ms 
[2026-04-27T13:15:13.269] [DEBUG] debug-file - Executing task :electron:default@PreBuild
[2026-04-27T13:15:13.269] [DEBUG] debug-file - Task 'electron:default@PreBuild' cost while wrapping incremental declarations: 1 ms 
[2026-04-27T13:15:13.270] [DEBUG] debug-file - electron:default@PreBuild is not up-to-date, since the input file '/Volumes/Execute/Files/project/ame_new/archive_markdown_editor_hmos/app/ohos_hap/build-profile.json5' has been changed.
[2026-04-27T13:15:13.270] [DEBUG] debug-file - Incremental task electron:default@PreBuild pre-execution cost: 1 ms .
[2026-04-27T13:15:13.354] [DEBUG] debug-file - current product is not Atomic service.
[2026-04-27T13:15:13.354] [DEBUG] debug-file - Use tool [darwin: JAVA_HOME, CLASSPATH]
 [
  {
    JAVA_HOME: '/Volumes/Execute/Apps/DevEco-Studio.app/Contents/jbr/Contents/Home'
  },
  { CLASSPATH: undefined }
]
[2026-04-27T13:15:13.354] [DEBUG] debug-file - Use tool [darwin: NODE_HOME]
 [
  {
    NODE_HOME: '/Volumes/Execute/Apps/DevEco-Studio.app/Contents/tools/node/bin'
  }
]
[2026-04-27T13:15:13.354] [DEBUG] debug-file - electron : default@PreBuild cost memory 14.235641479492188
[2026-04-27T13:15:13.354] [DEBUG] debug-file - runTaskFromQueue task cost before running: 165 ms 
[2026-04-27T13:15:13.355] [INFO] debug-file - Finished :electron:default@PreBuild... after 86 ms 
[2026-04-27T13:15:13.355] [DEBUG] debug-file - Executing task :web_engine:default@PreBuild
[2026-04-27T13:15:13.355] [DEBUG] debug-file - Task 'web_engine:default@PreBuild' cost while wrapping incremental declarations: 1 ms 
[2026-04-27T13:15:13.356] [DEBUG] debug-file - web_engine:default@PreBuild is not up-to-date, since the input file '/Volumes/Execute/Files/project/ame_new/archive_markdown_editor_hmos/app/ohos_hap/build-profile.json5' has been changed.
[2026-04-27T13:15:13.356] [DEBUG] debug-file - Incremental task web_engine:default@PreBuild pre-execution cost: 1 ms .
[2026-04-27T13:15:13.366] [DEBUG] debug-file - current product is not Atomic service.
[2026-04-27T13:15:13.366] [DEBUG] debug-file - Use tool [darwin: JAVA_HOME, CLASSPATH]
 [
  {
    JAVA_HOME: '/Volumes/Execute/Apps/DevEco-Studio.app/Contents/jbr/Contents/Home'
  },
  { CLASSPATH: undefined }
]
[2026-04-27T13:15:13.366] [DEBUG] debug-file - Use tool [darwin: NODE_HOME]
 [
  {
    NODE_HOME: '/Volumes/Execute/Apps/DevEco-Studio.app/Contents/tools/node/bin'
  }
]
[2026-04-27T13:15:13.375] [DEBUG] debug-file - web_engine : default@PreBuild cost memory -7.4712677001953125
[2026-04-27T13:15:13.375] [DEBUG] debug-file - runTaskFromQueue task cost before running: 186 ms 
[2026-04-27T13:15:13.376] [INFO] debug-file - Finished :web_engine:default@PreBuild... after 21 ms 
[2026-04-27T13:15:13.376] [DEBUG] debug-file - Executing task :electron:default@CreateModuleInfo
[2026-04-27T13:15:13.376] [DEBUG] debug-file - Task 'electron:default@CreateModuleInfo' cost while wrapping incremental declarations: 1 ms 
[2026-04-27T13:15:13.376] [DEBUG] debug-file - electron : default@CreateModuleInfo cost memory 0.06734466552734375
[2026-04-27T13:15:13.376] [DEBUG] debug-file - runTaskFromQueue task cost before running: 187 ms 
[2026-04-27T13:15:13.376] [INFO] debug-file - Finished :electron:default@CreateModuleInfo... after 1 ms 
[2026-04-27T13:15:13.377] [DEBUG] debug-file - Executing task :electron:default@GenerateMetadata
[2026-04-27T13:15:13.377] [DEBUG] debug-file - Task 'electron:default@GenerateMetadata' cost while wrapping incremental declarations: 1 ms 
[2026-04-27T13:15:13.377] [DEBUG] debug-file - electron:default@GenerateMetadata is not up-to-date, since the output file '/Volumes/Execute/Files/project/ame_new/archive_markdown_editor_hmos/app/ohos_hap/electron/build/default/intermediates/hap_metadata/default/output_metadata.json' does not exist.
[2026-04-27T13:15:13.377] [DEBUG] debug-file - Incremental task electron:default@GenerateMetadata pre-execution cost: 1 ms .
[2026-04-27T13:15:13.378] [DEBUG] debug-file - electron : default@GenerateMetadata cost memory 0.11675262451171875
[2026-04-27T13:15:13.378] [DEBUG] debug-file - runTaskFromQueue task cost before running: 189 ms 
[2026-04-27T13:15:13.378] [INFO] debug-file - Finished :electron:default@GenerateMetadata... after 1 ms 
[2026-04-27T13:15:13.378] [DEBUG] debug-file - Executing task :electron:default@PreCheckSyscap
[2026-04-27T13:15:13.378] [DEBUG] debug-file - electron : default@PreCheckSyscap cost memory 0.016815185546875
[2026-04-27T13:15:13.378] [DEBUG] debug-file - runTaskFromQueue task cost before running: 190 ms 
[2026-04-27T13:15:13.378] [INFO] debug-file - Finished :electron:default@PreCheckSyscap... after 1 ms 
[2026-04-27T13:15:13.379] [DEBUG] debug-file - Executing task :electron:default@GeneratePkgContextInfo
[2026-04-27T13:15:13.381] [DEBUG] debug-file - Task 'electron:default@GeneratePkgContextInfo' cost while wrapping incremental declarations: 1 ms 
[2026-04-27T13:15:13.381] [DEBUG] debug-file - electron : default@GeneratePkgContextInfo cost memory 0.3746490478515625
[2026-04-27T13:15:13.381] [DEBUG] debug-file - runTaskFromQueue task cost before running: 192 ms 
[2026-04-27T13:15:13.381] [INFO] debug-file - Finished :electron:default@GeneratePkgContextInfo... after 3 ms 
[2026-04-27T13:15:13.382] [DEBUG] debug-file - Executing task :electron:default@ProcessIntegratedHsp
[2026-04-27T13:15:13.382] [DEBUG] debug-file - electron:default@ProcessIntegratedHsp is not up-to-date, since the output file '/Volumes/Execute/Files/project/ame_new/archive_markdown_editor_hmos/app/ohos_hap/build/cache/default/integrated_hsp/integratedHspCache.json' does not exist.
[2026-04-27T13:15:13.382] [DEBUG] debug-file - Incremental task electron:default@ProcessIntegratedHsp pre-execution cost: 1 ms .
[2026-04-27T13:15:13.382] [DEBUG] debug-file - electron : default@ProcessIntegratedHsp cost memory 0.06475830078125
[2026-04-27T13:15:13.382] [DEBUG] debug-file - runTaskFromQueue task cost before running: 193 ms 
[2026-04-27T13:15:13.382] [INFO] debug-file - Finished :electron:default@ProcessIntegratedHsp... after 1 ms 
[2026-04-27T13:15:13.383] [DEBUG] debug-file - Executing task :web_engine:default@CreateHarBuildProfile
[2026-04-27T13:15:13.383] [DEBUG] debug-file - Task 'web_engine:default@CreateHarBuildProfile' cost while wrapping incremental declarations: 1 ms 
[2026-04-27T13:15:13.383] [DEBUG] debug-file - web_engine:default@CreateHarBuildProfile is not up-to-date, since the input file '/Volumes/Execute/Files/project/ame_new/archive_markdown_editor_hmos/app/ohos_hap/build-profile.json5' has been changed.
[2026-04-27T13:15:13.383] [DEBUG] debug-file - Incremental task web_engine:default@CreateHarBuildProfile pre-execution cost: 1 ms .
[2026-04-27T13:15:13.383] [DEBUG] debug-file - web_engine : default@CreateHarBuildProfile cost memory 0.09951019287109375
[2026-04-27T13:15:13.383] [DEBUG] debug-file - runTaskFromQueue task cost before running: 194 ms 
[2026-04-27T13:15:13.383] [INFO] debug-file - Finished :web_engine:default@CreateHarBuildProfile... after 1 ms 
[2026-04-27T13:15:13.383] [DEBUG] debug-file - Executing task :web_engine:default@ConfigureCmake
[2026-04-27T13:15:13.383] [DEBUG] debug-file - web_engine : default@ConfigureCmake cost memory 0.01673126220703125
[2026-04-27T13:15:13.383] [DEBUG] debug-file - runTaskFromQueue task cost before running: 194 ms 
[2026-04-27T13:15:13.383] [INFO] debug-file - Finished :web_engine:default@ConfigureCmake... after 1 ms 
[2026-04-27T13:15:13.383] [DEBUG] debug-file - Executing task :web_engine:default@MergeProfile
[2026-04-27T13:15:13.384] [DEBUG] debug-file - Task 'web_engine:default@MergeProfile' cost while wrapping incremental declarations: 1 ms 
[2026-04-27T13:15:13.384] [DEBUG] debug-file - web_engine:default@MergeProfile is not up-to-date, since the input file '/Volumes/Execute/Files/project/ame_new/archive_markdown_editor_hmos/app/ohos_hap/build-profile.json5' has been changed.
[2026-04-27T13:15:13.384] [DEBUG] debug-file - Incremental task web_engine:default@MergeProfile pre-execution cost: 1 ms .
[2026-04-27T13:15:13.384] [DEBUG] debug-file - Change app api release type with 'Release'
[2026-04-27T13:15:13.384] [DEBUG] debug-file - Change app compile API version with '6.0.2.130'
[2026-04-27T13:15:13.384] [DEBUG] debug-file - Change app target API version with '60002022'
[2026-04-27T13:15:13.384] [DEBUG] debug-file - Change app minimum API version with '50005017'
[2026-04-27T13:15:13.384] [DEBUG] debug-file - Use cli appEnvironment
[2026-04-27T13:15:13.384] [DEBUG] debug-file - web_engine : default@MergeProfile cost memory 0.235137939453125
[2026-04-27T13:15:13.384] [DEBUG] debug-file - runTaskFromQueue task cost before running: 196 ms 
[2026-04-27T13:15:13.384] [INFO] debug-file - Finished :web_engine:default@MergeProfile... after 1 ms 
[2026-04-27T13:15:13.385] [DEBUG] debug-file - Executing task :electron:default@SyscapTransform
[2026-04-27T13:15:13.385] [DEBUG] debug-file - File: '/Volumes/Execute/Files/project/ame_new/archive_markdown_editor_hmos/app/ohos_hap/electron/src/main/syscap.json' from 'sysCapJsonPath' is not exists, just ignore.
[2026-04-27T13:15:13.385] [DEBUG] debug-file - Task 'electron:default@SyscapTransform' cost while wrapping incremental declarations: 1 ms 
[2026-04-27T13:15:13.385] [DEBUG] debug-file - electron:default@SyscapTransform is not up-to-date, since the output file '/Volumes/Execute/Files/project/ame_new/archive_markdown_editor_hmos/app/ohos_hap/electron/build/default/intermediates/syscap/default/rpcid.sc' does not exist.
[2026-04-27T13:15:13.385] [DEBUG] debug-file - Incremental task electron:default@SyscapTransform pre-execution cost: 1 ms .
[2026-04-27T13:15:13.385] [DEBUG] debug-file - electron : default@SyscapTransform cost memory 0.11843109130859375
[2026-04-27T13:15:13.385] [DEBUG] debug-file - runTaskFromQueue task cost before running: 196 ms 
[2026-04-27T13:15:13.385] [INFO] debug-file - Finished :electron:default@SyscapTransform... after 1 ms 
[2026-04-27T13:15:13.385] [DEBUG] debug-file - Executing task :electron:default@ProcessRouterMap
[2026-04-27T13:15:13.386] [DEBUG] debug-file - electron:default@ProcessRouterMap is not up-to-date, since the output file '/Volumes/Execute/Files/project/ame_new/archive_markdown_editor_hmos/app/ohos_hap/electron/build/default/intermediates/router_map/default/temp-router-map.json' does not exist.
[2026-04-27T13:15:13.386] [DEBUG] debug-file - Incremental task electron:default@ProcessRouterMap pre-execution cost: 1 ms .
[2026-04-27T13:15:13.386] [DEBUG] debug-file - electron : default@ProcessRouterMap cost memory 0.1496124267578125
[2026-04-27T13:15:13.386] [DEBUG] debug-file - runTaskFromQueue task cost before running: 197 ms 
[2026-04-27T13:15:13.386] [INFO] debug-file - Finished :electron:default@ProcessRouterMap... after 1 ms 
[2026-04-27T13:15:13.386] [DEBUG] debug-file - Executing task :electron:default@ProcessShareConfig
[2026-04-27T13:15:13.386] [DEBUG] debug-file - electron:default@ProcessShareConfig is not up-to-date, since the output file '/Volumes/Execute/Files/project/ame_new/archive_markdown_editor_hmos/app/ohos_hap/electron/build/default/intermediates/share_config/default/temp-share-config.json' does not exist.
[2026-04-27T13:15:13.386] [DEBUG] debug-file - Incremental task electron:default@ProcessShareConfig pre-execution cost: 1 ms .
[2026-04-27T13:15:13.387] [DEBUG] debug-file - electron : default@ProcessShareConfig cost memory 0.15106201171875
[2026-04-27T13:15:13.387] [DEBUG] debug-file - runTaskFromQueue task cost before running: 198 ms 
[2026-04-27T13:15:13.387] [INFO] debug-file - Finished :electron:default@ProcessShareConfig... after 1 ms 
[2026-04-27T13:15:13.387] [DEBUG] debug-file - Executing task :electron:default@ProcessStartupConfig
[2026-04-27T13:15:13.387] [DEBUG] debug-file - Task 'electron:default@ProcessStartupConfig' cost while wrapping incremental declarations: 1 ms 
[2026-04-27T13:15:13.387] [DEBUG] debug-file - electron:default@ProcessStartupConfig is not up-to-date, since the output file '/Volumes/Execute/Files/project/ame_new/archive_markdown_editor_hmos/app/ohos_hap/electron/build/default/intermediates/startup/default/startup_config.json' does not exist.
[2026-04-27T13:15:13.387] [DEBUG] debug-file - Incremental task electron:default@ProcessStartupConfig pre-execution cost: 1 ms .
[2026-04-27T13:15:13.387] [DEBUG] debug-file - electron : default@ProcessStartupConfig cost memory 0.1051177978515625
[2026-04-27T13:15:13.387] [DEBUG] debug-file - runTaskFromQueue task cost before running: 199 ms 
[2026-04-27T13:15:13.387] [INFO] debug-file - Finished :electron:default@ProcessStartupConfig... after 1 ms 
[2026-04-27T13:15:13.388] [DEBUG] debug-file - Executing task :electron:default@CreateBuildProfile
[2026-04-27T13:15:13.388] [DEBUG] debug-file - Task 'electron:default@CreateBuildProfile' cost while wrapping incremental declarations: 1 ms 
[2026-04-27T13:15:13.388] [DEBUG] debug-file - electron:default@CreateBuildProfile is not up-to-date, since the input file '/Volumes/Execute/Files/project/ame_new/archive_markdown_editor_hmos/app/ohos_hap/build-profile.json5' has been changed.
[2026-04-27T13:15:13.388] [DEBUG] debug-file - Incremental task electron:default@CreateBuildProfile pre-execution cost: 1 ms .
[2026-04-27T13:15:13.388] [DEBUG] debug-file - electron : default@CreateBuildProfile cost memory 0.09869384765625
[2026-04-27T13:15:13.388] [DEBUG] debug-file - runTaskFromQueue task cost before running: 199 ms 
[2026-04-27T13:15:13.388] [INFO] debug-file - Finished :electron:default@CreateBuildProfile... after 1 ms 
[2026-04-27T13:15:13.388] [DEBUG] debug-file - Executing task :web_engine:default@BuildNativeWithCmake
[2026-04-27T13:15:13.388] [DEBUG] debug-file - web_engine : default@BuildNativeWithCmake cost memory 0.01676177978515625
[2026-04-27T13:15:13.388] [DEBUG] debug-file - runTaskFromQueue task cost before running: 200 ms 
[2026-04-27T13:15:13.388] [INFO] debug-file - Finished :web_engine:default@BuildNativeWithCmake... after 1 ms 
[2026-04-27T13:15:13.389] [DEBUG] debug-file - Executing task :electron:default@MergeProfile
[2026-04-27T13:15:13.389] [DEBUG] debug-file - Task 'electron:default@MergeProfile' cost while wrapping incremental declarations: 1 ms 
[2026-04-27T13:15:13.389] [DEBUG] debug-file - electron:default@MergeProfile is not up-to-date, since the input file '/Volumes/Execute/Files/project/ame_new/archive_markdown_editor_hmos/app/ohos_hap/build-profile.json5' has been changed.
[2026-04-27T13:15:13.389] [DEBUG] debug-file - Incremental task electron:default@MergeProfile pre-execution cost: 1 ms .
[2026-04-27T13:15:13.389] [DEBUG] debug-file - Change app api release type with 'Release'
[2026-04-27T13:15:13.389] [DEBUG] debug-file - Change app compile API version with '6.0.2.130'
[2026-04-27T13:15:13.389] [DEBUG] debug-file - Change app target API version with '60002022'
[2026-04-27T13:15:13.389] [DEBUG] debug-file - Change app minimum API version with '50005017'
[2026-04-27T13:15:13.389] [DEBUG] debug-file - Use cli appEnvironment
[2026-04-27T13:15:13.390] [DEBUG] debug-file - electron : default@MergeProfile cost memory 0.339996337890625
[2026-04-27T13:15:13.390] [DEBUG] debug-file - runTaskFromQueue task cost before running: 201 ms 
[2026-04-27T13:15:13.390] [INFO] debug-file - Finished :electron:default@MergeProfile... after 2 ms 
[2026-04-27T13:15:13.390] [DEBUG] debug-file - Obtain build option for module 'web_engine' target 'default'in this build.
[2026-04-27T13:15:13.390] [DEBUG] debug-file - Executing task :electron:default@GenerateLoaderJson
[2026-04-27T13:15:13.391] [DEBUG] debug-file - Task 'electron:default@GenerateLoaderJson' cost while wrapping incremental declarations: 1 ms 
[2026-04-27T13:15:13.391] [DEBUG] debug-file - Obtain build option for module 'web_engine' target 'default'in this build.
[2026-04-27T13:15:13.391] [DEBUG] debug-file - Obtain build option for module 'web_engine' target 'default'in this build.
[2026-04-27T13:15:13.391] [DEBUG] debug-file - Obtain build option for module 'web_engine' target 'default'in this build.
[2026-04-27T13:15:13.392] [DEBUG] debug-file - Obtain build option for module 'web_engine' target 'default'in this build.
[2026-04-27T13:15:13.392] [DEBUG] debug-file - Obtain build option for module 'web_engine' target 'default'in this build.
[2026-04-27T13:15:13.392] [DEBUG] debug-file - electron:default@GenerateLoaderJson is not up-to-date, since the input file '/Volumes/Execute/Files/project/ame_new/archive_markdown_editor_hmos/app/ohos_hap/electron/build/default/intermediates/router_map/default/temp-router-map.json' has been changed.
[2026-04-27T13:15:13.392] [DEBUG] debug-file - Incremental task electron:default@GenerateLoaderJson pre-execution cost: 1 ms .
[2026-04-27T13:15:13.392] [DEBUG] debug-file - Obtain build option for module 'web_engine' target 'default'in this build.
[2026-04-27T13:15:13.393] [DEBUG] debug-file - electron : default@GenerateLoaderJson cost memory 0.728668212890625
[2026-04-27T13:15:13.393] [DEBUG] debug-file - runTaskFromQueue task cost before running: 204 ms 
[2026-04-27T13:15:13.393] [DEBUG] debug-file - Obtain build option for module 'web_engine' target 'default'in this build.
[2026-04-27T13:15:13.393] [DEBUG] debug-file - Obtain build option for module 'web_engine' target 'default'in this build.
[2026-04-27T13:15:13.393] [INFO] debug-file - Finished :electron:default@GenerateLoaderJson... after 3 ms 
[2026-04-27T13:15:13.393] [DEBUG] debug-file - Executing task :electron:default@ConfigureCmake
[2026-04-27T13:15:13.393] [DEBUG] debug-file - electron : default@ConfigureCmake cost memory 0.01659393310546875
[2026-04-27T13:15:13.393] [DEBUG] debug-file - runTaskFromQueue task cost before running: 204 ms 
[2026-04-27T13:15:13.393] [INFO] debug-file - Finished :electron:default@ConfigureCmake... after 1 ms 
[2026-04-27T13:15:13.393] [DEBUG] debug-file - Executing task :web_engine:default@BuildNativeWithNinja
[2026-04-27T13:15:13.394] [DEBUG] debug-file - web_engine : default@BuildNativeWithNinja cost memory 0.0281982421875
[2026-04-27T13:15:13.394] [DEBUG] debug-file - runTaskFromQueue task cost before running: 205 ms 
[2026-04-27T13:15:13.394] [INFO] debug-file - Finished :web_engine:default@BuildNativeWithNinja... after 1 ms 
[2026-04-27T13:15:13.394] [DEBUG] debug-file - Executing task :electron:default@MakePackInfo
[2026-04-27T13:15:13.394] [DEBUG] debug-file - electron:default@MakePackInfo is not up-to-date, since the input file '/Volumes/Execute/Files/project/ame_new/archive_markdown_editor_hmos/app/ohos_hap/build-profile.json5' has been changed.
[2026-04-27T13:15:13.394] [DEBUG] debug-file - Incremental task electron:default@MakePackInfo pre-execution cost: 1 ms .
[2026-04-27T13:15:13.394] [DEBUG] debug-file - Module Pack Info:  {
  summary: {
    app: { bundleName: 'c***e', bundleType: 'app', version: [Object] },
    modules: [ [Object] ]
  },
  packages: [
    {
      deviceType: [Array],
      moduleType: 'entry',
      deliveryWithInstall: true,
      name: 'electron-default'
    }
  ]
}
[2026-04-27T13:15:13.394] [DEBUG] debug-file - electron : default@MakePackInfo cost memory 0.159088134765625
[2026-04-27T13:15:13.394] [DEBUG] debug-file - runTaskFromQueue task cost before running: 206 ms 
[2026-04-27T13:15:13.394] [INFO] debug-file - Finished :electron:default@MakePackInfo... after 1 ms 
[2026-04-27T13:15:13.395] [DEBUG] debug-file - Executing task :electron:default@ProcessProfile
[2026-04-27T13:15:13.395] [DEBUG] debug-file - Task 'electron:default@ProcessProfile' cost while wrapping incremental declarations: 1 ms 
[2026-04-27T13:15:13.395] [DEBUG] debug-file - electron:default@ProcessProfile is not up-to-date, since the input file '/Volumes/Execute/Files/project/ame_new/archive_markdown_editor_hmos/app/ohos_hap/electron/build/default/intermediates/merge_profile/default/module.json' has been changed.
[2026-04-27T13:15:13.395] [DEBUG] debug-file - Incremental task electron:default@ProcessProfile pre-execution cost: 1 ms .
[2026-04-27T13:15:13.396] [DEBUG] debug-file - [
  '/Volumes/Execute/Apps/DevEco-Studio.app/Contents/tools/node/bin/node',
  '/Volumes/Execute/Apps/DevEco-Studio.app/Contents/sdk/default/openharmony/ets/build-tools/ets-loader/bin/ark/ts2abc.js',
  '--target-api-version',
  '17'
]
[2026-04-27T13:15:13.432] [DEBUG] debug-file - 12.0.6.0
[2026-04-27T13:15:13.433] [DEBUG] debug-file - No need to add fake ui ability because of not in preview process.
[2026-04-27T13:15:13.433] [DEBUG] debug-file - electron : default@ProcessProfile cost memory 0.57098388671875
[2026-04-27T13:15:13.433] [DEBUG] debug-file - runTaskFromQueue task cost before running: 244 ms 
[2026-04-27T13:15:13.433] [INFO] debug-file - Finished :electron:default@ProcessProfile... after 39 ms 
[2026-04-27T13:15:13.433] [DEBUG] debug-file - Executing task :electron:default@BuildNativeWithCmake
[2026-04-27T13:15:13.433] [DEBUG] debug-file - electron : default@BuildNativeWithCmake cost memory 0.01667022705078125
[2026-04-27T13:15:13.433] [DEBUG] debug-file - runTaskFromQueue task cost before running: 245 ms 
[2026-04-27T13:15:13.433] [INFO] debug-file - Finished :electron:default@BuildNativeWithCmake... after 1 ms 
[2026-04-27T13:15:13.434] [DEBUG] debug-file - Executing task :web_engine:default@ProcessLibs
[2026-04-27T13:15:13.434] [DEBUG] debug-file - web_engine:default@ProcessLibs is not up-to-date, since the input file '/Volumes/Execute/Files/project/ame_new/archive_markdown_editor_hmos/app/ohos_hap/build-profile.json5' has been changed.
[2026-04-27T13:15:13.434] [DEBUG] debug-file - Incremental task web_engine:default@ProcessLibs pre-execution cost: 1 ms .
[2026-04-27T13:15:13.434] [DEBUG] debug-file - Worker dispatch failed, running processLibs on main thread.
[2026-04-27T13:15:13.435] [DEBUG] debug-file - web_engine : default@ProcessLibs cost memory 0.37488555908203125
[2026-04-27T13:15:13.435] [DEBUG] debug-file - runTaskFromQueue task cost before running: 246 ms 
[2026-04-27T13:15:13.435] [INFO] debug-file - Finished :web_engine:default@ProcessLibs... after 1 ms 
[2026-04-27T13:15:13.435] [DEBUG] debug-file - restool module names: electron,web_engine; moduleName=electron, taskName=default@ProcessResource
[2026-04-27T13:15:13.435] [DEBUG] debug-file - Executing task :electron:default@ProcessResource
[2026-04-27T13:15:13.436] [DEBUG] debug-file - Task 'electron:default@ProcessResource' cost while wrapping incremental declarations: 1 ms 
[2026-04-27T13:15:13.436] [DEBUG] debug-file - electron:default@ProcessResource is not up-to-date, since the output file '/Volumes/Execute/Files/project/ame_new/archive_markdown_editor_hmos/app/ohos_hap/electron/build/default/intermediates/res/default/resConfig.json' does not exist.
[2026-04-27T13:15:13.436] [DEBUG] debug-file - Incremental task electron:default@ProcessResource pre-execution cost: 1 ms .
[2026-04-27T13:15:13.436] [DEBUG] debug-file - electron : default@ProcessResource cost memory 0.14737701416015625
[2026-04-27T13:15:13.436] [DEBUG] debug-file - runTaskFromQueue task cost before running: 247 ms 
[2026-04-27T13:15:13.436] [INFO] debug-file - Finished :electron:default@ProcessResource... after 1 ms 
[2026-04-27T13:15:13.436] [DEBUG] debug-file - Executing task :web_engine:default@DoNativeStrip
[2026-04-27T13:15:13.436] [DEBUG] debug-file - Task 'web_engine:default@DoNativeStrip' cost while wrapping incremental declarations: 1 ms 
[2026-04-27T13:15:13.437] [DEBUG] debug-file - web_engine:default@DoNativeStrip is not up-to-date, since the output file '/Volumes/Execute/Files/project/ame_new/archive_markdown_editor_hmos/app/ohos_hap/web_engine/build/default/intermediates/stripped_native_libs/default' does not exist.
[2026-04-27T13:15:13.437] [DEBUG] debug-file - Incremental task web_engine:default@DoNativeStrip pre-execution cost: 1 ms .
[2026-04-27T13:15:13.437] [DEBUG] debug-file - web_engine : default@DoNativeStrip cost memory 0.1226806640625
[2026-04-27T13:15:13.437] [DEBUG] debug-file - runTaskFromQueue task cost before running: 248 ms 
[2026-04-27T13:15:13.437] [INFO] debug-file - Finished :web_engine:default@DoNativeStrip... after 1 ms 
[2026-04-27T13:15:13.437] [DEBUG] debug-file - restool module names: electron,web_engine; moduleName=electron, taskName=default@CompileResource
[2026-04-27T13:15:13.437] [DEBUG] debug-file - Executing task :electron:default@CompileResource
[2026-04-27T13:15:13.441] [DEBUG] debug-file - electron:default@CompileResource is not up-to-date, since the input file '/Volumes/Execute/Files/project/ame_new/archive_markdown_editor_hmos/app/ohos_hap/electron/build/default/intermediates/process_profile/default/module.json' has been changed.
[2026-04-27T13:15:13.441] [DEBUG] debug-file - Incremental task electron:default@CompileResource pre-execution cost: 4 ms .
[2026-04-27T13:15:13.442] [DEBUG] debug-file - Use tool [/Volumes/Execute/Apps/DevEco-Studio.app/Contents/sdk/default/openharmony/toolchains/restool]
 [
  '/Volumes/Execute/Apps/DevEco-Studio.app/Contents/sdk/default/openharmony/toolchains/restool',
  '-l',
  '/Volumes/Execute/Files/project/ame_new/archive_markdown_editor_hmos/app/ohos_hap/electron/build/default/intermediates/res/default/resConfig.json'
]
[2026-04-27T13:15:13.442] [DEBUG] debug-file - current process  memoryUsage: {
  rss: 211173376,
  heapTotal: 183156736,
  heapUsed: 154350280,
  external: 3525922,
  arrayBuffers: 1607358
} os memoryUsage :15.809051513671875
[2026-04-27T13:15:13.456] [DEBUG] debug-file - Info: Pack: normal pack mode

[2026-04-27T13:15:13.492] [DEBUG] debug-file - Info: hardware concurrency count is : 10
Info: thread count is : 10

[2026-04-27T13:15:13.492] [DEBUG] debug-file - Info: thread pool is started

[2026-04-27T13:15:13.492] [DEBUG] debug-file - Info: file '.DS_Store' is ignored by default regular pattern '\..+'.

[2026-04-27T13:15:13.492] [DEBUG] debug-file - Info: file '.DS_Store' is ignored by default regular pattern '\..+'.

[2026-04-27T13:15:13.492] [DEBUG] debug-file - Info: file '.DS_Store' is ignored by default regular pattern '\..+'.

[2026-04-27T13:15:13.492] [DEBUG] debug-file - Info: file '.DS_Store' is ignored by default regular pattern '\..+'.

[2026-04-27T13:15:13.492] [DEBUG] debug-file - Info: GenericCompiler::CompileFiles

[2026-04-27T13:15:13.493] [DEBUG] debug-file - Info: file '.DS_Store' is ignored by default regular pattern '\..+'.

[2026-04-27T13:15:13.493] [DEBUG] debug-file - Info: file '.DS_Store' is ignored by default regular pattern '\..+'.

[2026-04-27T13:15:13.495] [DEBUG] debug-file - Info: file '.gitignore' is ignored by default regular pattern '\..+'.

[2026-04-27T13:15:13.497] [DEBUG] debug-file - Info: GenericCompiler::CompileFiles

[2026-04-27T13:15:13.499] [DEBUG] debug-file - Info: file '.DS_Store' is ignored by default regular pattern '\..+'.

[2026-04-27T13:15:13.499] [DEBUG] debug-file - Info: file '.DS_Store' is ignored by default regular pattern '\..+'.

[2026-04-27T13:15:13.500] [DEBUG] debug-file - Info: file '.DS_Store' is ignored by default regular pattern '\..+'.

[2026-04-27T13:15:13.500] [DEBUG] debug-file - Info: file '.DS_Store' is ignored by default regular pattern '\..+'.

[2026-04-27T13:15:13.501] [DEBUG] debug-file - Info: file '.DS_Store' is ignored by default regular pattern '\..+'.

[2026-04-27T13:15:13.539] [DEBUG] debug-file - Info: GenericCompiler::CompileFiles

[2026-04-27T13:15:13.600] [DEBUG] debug-file - Info: file '.DS_Store' is ignored by default regular pattern '\..+'.

[2026-04-27T13:15:13.602] [DEBUG] debug-file - Warning: 'button_cancel' conflict, first declared.
at /Volumes/Execute/Files/project/ame_new/archive_markdown_editor_hmos/app/ohos_hap/electron/src/main/resources/base/element/string.json
but declared again.
at /Volumes/Execute/Files/project/ame_new/archive_markdown_editor_hmos/app/ohos_hap/web_engine/src/main/resources/base/element/string.json
Warning: 'button_cancel' conflict, first declared.
at /Volumes/Execute/Files/project/ame_new/archive_markdown_editor_hmos/app/ohos_hap/electron/src/main/resources/en_US/element/string.json
but declared again.
at /Volumes/Execute/Files/project/ame_new/archive_markdown_editor_hmos/app/ohos_hap/web_engine/src/main/resources/en_US/element/string.json
Warning: 'button_cancel' conflict, first declared.
at /Volumes/Execute/Files/project/ame_new/archive_markdown_editor_hmos/app/ohos_hap/electron/src/main/resources/zh_CN/element/string.json
but declared again.
at /Volumes/Execute/Files/project/ame_new/archive_markdown_editor_hmos/app/ohos_hap/web_engine/src/main/resources/zh_CN/element/string.json
Warning: 'button_ok' conflict, first declared.
at /Volumes/Execute/Files/project/ame_new/archive_markdown_editor_hmos/app/ohos_hap/electron/src/main/resources/base/element/string.json
but declared again.
at /Volumes/Execute/Files/project/ame_new/archive_markdown_editor_hmos/app/ohos_hap/web_engine/src/main/resources/base/element/string.json
Warning: 'button_ok' conflict, first declared.
at /Volumes/Execute/Files/project/ame_new/archive_markdown_editor_hmos/app/ohos_hap/electron/src/main/resources/en_US/element/string.json
but declared again.
at /Volumes/Execute/Files/project/ame_new/archive_markdown_editor_hmos/app/ohos_hap/web_engine/src/main/resources/en_US/element/string.json
Warning: 'button_ok' conflict, first declared.
at /Volumes/Execute/Files/project/ame_new/archive_markdown_editor_hmos/app/ohos_hap/electron/src/main/resources/zh_CN/element/string.json
but declared again.
at /Volumes/Execute/Files/project/ame_new/archive_markdown_editor_hmos/app/ohos_hap/web_engine/src/main/resources/zh_CN/element/string.json
Warning: 'button_background' conflict, first declared.
at /Volumes/Execute/Files/project/ame_new/archive_markdown_editor_hmos/app/ohos_hap/electron/src/main/resources/base/element/color.json
but declared again.
at /Volumes/Execute/Files/project/ame_new/archive_markdown_editor_hmos/app/ohos_hap/web_engine/src/main/resources/base/element/color.json
Warning: 'button_font' conflict, first declared.
at /Volumes/Execute/Files/project/ame_new/archive_markdown_editor_hmos/app/ohos_hap/electron/src/main/resources/base/element/color.json
but declared again.
at /Volumes/Execute/Files/project/ame_new/archive_markdown_editor_hmos/app/ohos_hap/web_engine/src/main/resources/base/element/color.json
Warning: 'checkbox_selected' conflict, first declared.
at /Volumes/Execute/Files/project/ame_new/archive_markdown_editor_hmos/app/ohos_hap/electron/src/main/resources/base/element/color.json
but declared again.
at /Volumes/Execute/Files/project/ame_new/archive_markdown_editor_hmos/app/ohos_hap/web_engine/src/main/resources/base/element/color.json
Warning: 'start_window_background' conflict, first declared.
at /Volumes/Execute/Files/project/ame_new/archive_markdown_editor_hmos/app/ohos_hap/electron/src/main/resources/base/element/color.json
but declared again.
at /Volumes/Execute/Files/project/ame_new/archive_markdown_editor_hmos/app/ohos_hap/web_engine/src/main/resources/base/element/color.json

[2026-04-27T13:15:13.611] [DEBUG] debug-file - 04-27 13:15:13.611  3370 27826197 E C01400/ImageTranscoderUtils: DecodeToRGBA IN
04-27 13:15:13.611  3370 27826197 E C01400/ImageTranscoderUtils: ImageFilter IN /Volumes/Execute/Files/project/ame_new/archive_markdown_editor_hmos/app/ohos_hap/AppScope/resources/base/media/app_icon.png

[2026-04-27T13:15:13.619] [DEBUG] debug-file - 04-27 13:15:13.619  3370 27826197 E C01400/ImageTranscoder: TranscodeSLR ScalePixelsWithSLR failed
Warning: ScaleImage failed, file path = /Volumes/Execute/Files/project/ame_new/archive_markdown_editor_hmos/app/ohos_hap/AppScope/resources/base/media/app_icon.png

[2026-04-27T13:15:13.621] [DEBUG] debug-file - Warning: The width or height of the png file referenced by the icon exceeds the limit (41 pixels)
at /Volumes/Execute/Files/project/ame_new/archive_markdown_editor_hmos/app/ohos_hap/AppScope/resources/base/media/app_icon.png

[2026-04-27T13:15:13.621] [DEBUG] debug-file - Warning: The width or height of the png file referenced by the startWindowIcon exceeds the limit (144 pixels)
at /Volumes/Execute/Files/project/ame_new/archive_markdown_editor_hmos/app/ohos_hap/AppScope/resources/base/media/app_icon.png

[2026-04-27T13:15:13.621] [DEBUG] debug-file - Warning: The width or height of the png file referenced by the startWindowIcon exceeds the limit (144 pixels)
at /Volumes/Execute/Files/project/ame_new/archive_markdown_editor_hmos/app/ohos_hap/AppScope/resources/base/media/startIcon.png

[2026-04-27T13:15:13.841] [DEBUG] debug-file - Info: restool resources compile success.

[2026-04-27T13:15:13.841] [DEBUG] debug-file - Info: thread pool is stopped

[2026-04-27T13:15:13.843] [DEBUG] debug-file - electron : default@CompileResource cost memory 2.693084716796875
[2026-04-27T13:15:13.843] [DEBUG] debug-file - runTaskFromQueue task cost before running: 654 ms 
[2026-04-27T13:15:13.843] [INFO] debug-file - Finished :electron:default@CompileResource... after 406 ms 
[2026-04-27T13:15:13.843] [DEBUG] debug-file - Executing task :electron:default@BuildNativeWithNinja
[2026-04-27T13:15:13.844] [DEBUG] debug-file - electron : default@BuildNativeWithNinja cost memory 0.02846527099609375
[2026-04-27T13:15:13.844] [DEBUG] debug-file - runTaskFromQueue task cost before running: 655 ms 
[2026-04-27T13:15:13.844] [INFO] debug-file - Finished :electron:default@BuildNativeWithNinja... after 1 ms 
[2026-04-27T13:15:13.844] [DEBUG] debug-file - Executing task :electron:default@CompileArkTS
[2026-04-27T13:15:13.845] [DEBUG] debug-file - Obtain build option for module 'web_engine' target 'default'in this build.
[2026-04-27T13:15:13.845] [DEBUG] debug-file - Collect obfuscation config from library web_engine.
[2026-04-27T13:15:13.845] [DEBUG] debug-file - obfuscationOptions: {"selfConfig":{"ruleOptions":{"enable":false,"rules":[]},"consumerRules":[]},"sdkApis":[],"obfuscationCacheDir":"/Volumes/Execute/Files/project/ame_new/archive_markdown_editor_hmos/app/ohos_hap/electron/build/default/cache/default/default@CompileArkTS/esmodule/release/obfuscation","exportRulePath":"/Volumes/Execute/Files/project/ame_new/archive_markdown_editor_hmos/app/ohos_hap/electron/build/default/intermediates/obfuscation/default/obfuscation.txt","dependencies":{"libraries":[{"ruleOptions":{"enable":false,"rules":[]},"consumerRules":["/Volumes/Execute/Files/project/ame_new/archive_markdown_editor_hmos/app/ohos_hap/web_engine/consumer-rules.txt"],"libDir":"/Volumes/Execute/Files/project/ame_new/archive_markdown_editor_hmos/app/ohos_hap/web_engine"}],"hspLibraries":[],"hars":[],"hsps":[]}}
[2026-04-27T13:15:13.846] [DEBUG] debug-file - Task 'electron:default@CompileArkTS' cost while wrapping incremental declarations: 1 ms 
[2026-04-27T13:15:13.847] [DEBUG] debug-file - electron:default@CompileArkTS is not up-to-date, since the input file '/Volumes/Execute/Files/project/ame_new/archive_markdown_editor_hmos/app/ohos_hap/electron/build/default/intermediates/loader/default' has been changed.
[2026-04-27T13:15:13.847] [DEBUG] debug-file - Incremental task electron:default@CompileArkTS pre-execution cost: 1 ms .
[2026-04-27T13:15:13.850] [DEBUG] debug-file - build config:
[2026-04-27T13:15:13.850] [DEBUG] debug-file - {
  moduleType: 'entry',
  perf: 0,
  targetName: '.default',
  packageManagerType: 'ohpm',
  localPropertiesPath: '/Volumes/Execute/Files/project/ame_new/archive_markdown_editor_hmos/app/ohos_hap/local.properties',
  isPreview: false,
  isOhosTest: false,
  isLocalTest: false,
  buildMode: 'Release',
  hotReloadBuild: undefined,
  watchMode: 'false',
  aceProfilePath: '/Volumes/Execute/Files/project/ame_new/archive_markdown_editor_hmos/app/ohos_hap/electron/build/default/intermediates/res/default/resources/base/profile',
  etsLoaderPath: '/Volumes/Execute/Apps/DevEco-Studio.app/Contents/sdk/default/openharmony/ets/build-tools/ets-loader',
  modulePath: '/Volumes/Execute/Files/project/ame_new/archive_markdown_editor_hmos/app/ohos_hap/electron',
  testFrameworkPar: {
    testMode: undefined,
    coveragePathFilter: undefined,
    coverageMode: undefined
  },
  needCoverageInsert: false,
  debugLine: false,
  projectTopDir: '/Volumes/Execute/Files/project/ame_new/archive_markdown_editor_hmos/app/ohos_hap',
  compileSdkVersion: 22,
  compatibleSdkVersion: 17,
  originCompatibleSdkVersion: '5.0.5(17)',
  compatibleSdkVersionStage: undefined,
  bundleName: 'c***e',
  etsLoaderVersion: '6.0.2.130',
  etsLoaderReleaseType: 'Release',
  aotCompileMode: 'type',
  apPath: '/Volumes/Execute/Files/project/ame_new/archive_markdown_editor_hmos/app/ohos_hap/electron/modules.ap',
  entryModuleName: 'electron',
  entryModuleVersion: '1.0.0',
  entryPackageName: 'electron',
  allModuleNameHash: 'c503cbf1e478d9db557500a4330499f2b3cc403d4d5bc6926215d507684cd215',
  externalApiPaths: [
    '/Volumes/Execute/Apps/DevEco-Studio.app/Contents/sdk/default/hms/ets'
  ],
  compilerTypes: [],
  isCrossplatform: false,
  hvigorPluginFile: undefined,
  compilePluginPath: undefined,
  buildGeneratedProfilePath: '/Volumes/Execute/Files/project/ame_new/archive_markdown_editor_hmos/app/ohos_hap/electron/build/default/generated/profile/default',
  bundleType: 'app',
  arkTSVersion: undefined,
  apiVersion: 22,
  needCompleteSourcesMap: false,
  isFaMode: false,
  buildDir: '/Volumes/Execute/Files/project/ame_new/archive_markdown_editor_hmos/app/ohos_hap/electron/build',
  deviceTypes: [ '2in1', 'tablet' ],
  pkgContextInfo: undefined,
  ohPackagePathMap: {},
  dependencyAliasMap: {},
  permission: { requestPermissions: undefined, definePermissions: undefined },
  useGetCurrentBundleName: false,
  projectArkOption: { obfuscation: { ruleOptions: [Object], consumerRules: [] } },
  sourceMapDir: undefined,
  branchElimination: false,
  transformLib: undefined,
  tsImportSendable: false,
  resolveConflictMode: true,
  depName2RootPath: {},
  depName2DepInfo: {},
  rootPathSet: [
    '/Volumes/Execute/Files/project/ame_new/archive_markdown_editor_hmos/app/ohos_hap'
  ],
  useNativeResolver: true,
  shouldEmitJs: true,
  useTscResolve: false,
  singleFileEmit: false,
  userProjectConfig: {
    autoLazyImport: false,
    allowEmptyBundleName: false,
    reExportCheckMode: 'noCheck',
    executionMode: 'memory',
    usePathPlaceholder: false,
    writeRollupCache: true,
    isExpandImportEnabled: false,
    expandImportExclude: '',
    lazyImportExclude: '',
    lazyImportInclude: '',
    ignoreCrossplatformCheck: false,
    isHarDeduplicateEnabled: false,
    skipOhModulesLint: false,
    enableStrictCheckOHModule: false,
    disableSendableCheckRules: [],
    useDeclarationFileSignature: false,
    customizedOptions: undefined,
    integratedHsp: false,
    isPreloadSoEnabled: false
  },
  executionMode: 'memory',
  arkCompileCachePath: '/Volumes/Execute/Files/project/ame_new/archive_markdown_editor_hmos/app/ohos_hap/electron/build/default/cache/default/default@CompileArkTS/esmodule',
  autoLazyFilter: undefined,
  isHarDeduplicateEnabled: false,
  intermediateHarDuplicateDirPath: '/Volumes/Execute/Files/project/ame_new/archive_markdown_editor_hmos/app/ohos_hap/electron/build/default/intermediates/har_duplicate/default',
  autoLazyImport: false,
  allowEmptyBundleName: false,
  reExportCheckMode: 'noCheck',
  usePathPlaceholder: false,
  writeRollupCache: true,
  isExpandImportEnabled: false,
  expandImportExclude: '',
  lazyImportExclude: '',
  lazyImportInclude: '',
  ignoreCrossplatformCheck: false,
  skipOhModulesLint: false,
  enableStrictCheckOHModule: false,
  disableSendableCheckRules: [],
  useDeclarationFileSignature: false,
  customizedOptions: undefined,
  integratedHsp: false,
  isPreloadSoEnabled: false,
  strictMode: undefined,
  useNormalizedOHMUrl: false,
  caseSensitiveCheck: false,
  aceModuleJsonPath: '/Volumes/Execute/Files/project/ame_new/archive_markdown_editor_hmos/app/ohos_hap/electron/build/default/intermediates/res/default/ark_module.json',
  appResource: '/Volumes/Execute/Files/project/ame_new/archive_markdown_editor_hmos/app/ohos_hap/electron/build/default/intermediates/res/default/ResourceTable.txt',
  rawFileResource: '/Volumes/Execute/Files/project/ame_new/archive_markdown_editor_hmos/app/ohos_hap/electron/build/default/intermediates/res/default/resources/rawfile',
  resourceTableHash: 'dce11a0fda50dd87b812987e9902c0dacdc7bec2b3bdcc197605fe2e17a89112',
  runtimeOS: 'HarmonyOS',
  sdkInfo: 'false:22:6.0.2.130:Release',
  aceModuleRoot: '/Volumes/Execute/Files/project/ame_new/archive_markdown_editor_hmos/app/ohos_hap/electron/src/main/ets',
  compileMode: 'esmodule',
  aceSuperVisualPath: '/Volumes/Execute/Files/project/ame_new/archive_markdown_editor_hmos/app/ohos_hap/electron/src/main/supervisual',
  aceBuildJson: '/Volumes/Execute/Files/project/ame_new/archive_markdown_editor_hmos/app/ohos_hap/electron/build/default/intermediates/loader/default/loader.json',
  cachePath: '/Volumes/Execute/Files/project/ame_new/archive_markdown_editor_hmos/app/ohos_hap/electron/build/default/cache/default/default@CompileArkTS/esmodule/release',
  aceModuleBuild: '/Volumes/Execute/Files/project/ame_new/archive_markdown_editor_hmos/app/ohos_hap/electron/build/default/intermediates/loader_out/default/ets',
  supportChunks: true,
  declaredFilesPath: undefined,
  shouldCollectDirectImportees: false,
  isByteCodeHarOptimize: false,
  expandImportPath: undefined,
  pkgNameToPkgBriefInfo: {
    web_engine: {
      pkgRoot: '/Volumes/Execute/Files/project/ame_new/archive_markdown_editor_hmos/app/ohos_hap/web_engine',
      pkgName: 'web_engine',
      sourceRoots: [Array],
      originalSourceRoots: undefined
    },
    electron: {
      pkgRoot: '/Volumes/Execute/Files/project/ame_new/archive_markdown_editor_hmos/app/ohos_hap/electron',
      originalSourceRoots: undefined,
      sourceRoots: [Array],
      pkgName: 'electron'
    }
  },
  projectModel: {
    '/Volumes/Execute/Files/project/ame_new/archive_markdown_editor_hmos/app/ohos_hap/electron/src/main': {
      moduleName: 'electron',
      modulePkgPath: '/Volumes/Execute/Files/project/ame_new/archive_markdown_editor_hmos/app/ohos_hap/electron',
      belongProjectPath: '/Volumes/Execute/Files/project/ame_new/archive_markdown_editor_hmos/app/ohos_hap'
    },
    '/Volumes/Execute/Files/project/ame_new/archive_markdown_editor_hmos/app/ohos_hap/electron/src/ohosTest': {
      moduleName: 'pc_test',
      modulePkgPath: '/Volumes/Execute/Files/project/ame_new/archive_markdown_editor_hmos/app/ohos_hap/electron',
      belongProjectPath: '/Volumes/Execute/Files/project/ame_new/archive_markdown_editor_hmos/app/ohos_hap'
    },
    '/Volumes/Execute/Files/project/ame_new/archive_markdown_editor_hmos/app/ohos_hap/electron': {
      moduleName: 'electron',
      modulePkgPath: '/Volumes/Execute/Files/project/ame_new/archive_markdown_editor_hmos/app/ohos_hap/electron',
      belongProjectPath: '/Volumes/Execute/Files/project/ame_new/archive_markdown_editor_hmos/app/ohos_hap'
    },
    '/Volumes/Execute/Files/project/ame_new/archive_markdown_editor_hmos/app/ohos_hap/web_engine/src/main': {
      moduleName: 'web_engine',
      modulePkgPath: '/Volumes/Execute/Files/project/ame_new/archive_markdown_editor_hmos/app/ohos_hap/web_engine',
      belongProjectPath: '/Volumes/Execute/Files/project/ame_new/archive_markdown_editor_hmos/app/ohos_hap'
    },
    '/Volumes/Execute/Files/project/ame_new/archive_markdown_editor_hmos/app/ohos_hap/web_engine': {
      moduleName: 'web_engine',
      modulePkgPath: '/Volumes/Execute/Files/project/ame_new/archive_markdown_editor_hmos/app/ohos_hap/web_engine',
      belongProjectPath: '/Volumes/Execute/Files/project/ame_new/archive_markdown_editor_hmos/app/ohos_hap'
    },
    '/Volumes/Execute/Files/project/ame_new/archive_markdown_editor_hmos/app/ohos_hap': {
      moduleName: 'ohos_hap',
      modulePkgPath: '/Volumes/Execute/Files/project/ame_new/archive_markdown_editor_hmos/app/ohos_hap',
      belongProjectPath: '/Volumes/Execute/Files/project/ame_new/archive_markdown_editor_hmos/app/ohos_hap'
    }
  },
  pkgJsonFileHash: 'f6d8073aecc963b599bf70929903f7aaaac384c9b551b76f9e212309d6c0eca0',
  allModulePaths: [
    '/Volumes/Execute/Files/project/ame_new/archive_markdown_editor_hmos/app/ohos_hap/electron',
    '/Volumes/Execute/Files/project/ame_new/archive_markdown_editor_hmos/app/ohos_hap/web_engine'
  ],
  routerMap: {},
  obfuscationOptions: {
    selfConfig: { ruleOptions: [Object], consumerRules: [] },
    sdkApis: [],
    obfuscationCacheDir: '/Volumes/Execute/Files/project/ame_new/archive_markdown_editor_hmos/app/ohos_hap/electron/build/default/cache/default/default@CompileArkTS/esmodule/release/obfuscation',
    exportRulePath: '/Volumes/Execute/Files/project/ame_new/archive_markdown_editor_hmos/app/ohos_hap/electron/build/default/intermediates/obfuscation/default/obfuscation.txt',
    dependencies: { libraries: [Array], hspLibraries: [], hars: [], hsps: [] }
  },
  byteCodeHarToDependencyKeys: undefined,
  compileBlockPkg: [],
  mockParams: {
    decorator: '@MockSetup',
    packageName: '@ohos/hamock',
    etsSourceRootPath: 'src/main/ets',
    mockConfigPath: undefined,
    mockConfigKey2ModuleInfo: {},
    source2ModuleIdMap: {}
  },
  copyCodeResourceEnable: true,
  copyCodeResourceExcludes: [],
  copyCodeResourceIncludes: undefined,
  uiTransformOptimization: false,
  sdkPath: '/Volumes/Execute/Apps/DevEco-Studio.app/Contents/sdk',
  needPreloadSoFileSet: {},
  preloadSoFilePath: '/Volumes/Execute/Files/project/ame_new/archive_markdown_editor_hmos/app/ohos_hap/electron/build/default/intermediates/preload/default/preload.json',
  useSourceHash: false,
  localModuleParamMap: {},
  otherPaths: {
    'web_engine/*': [
      '../../../../web_engine/src/main/*',
      '../../../../web_engine/build/default/generated/profile/default/*'
    ],
    'electron/*': [ '../*', '../../../build/default/generated/profile/default/*' ]
  },
  collectImportersConfig: undefined
}
[2026-04-27T13:15:13.850] [DEBUG] debug-file - Compile arkts with external api path: /Volumes/Execute/Apps/DevEco-Studio.app/Contents/sdk/default/hms/ets
[2026-04-27T13:15:13.852] [DEBUG] debug-file - default@CompileArkTS work[8] is submitted.
[2026-04-27T13:15:13.852] [DEBUG] debug-file - default@CompileArkTS work[8] is pushed to ready queue.
[2026-04-27T13:15:13.852] [DEBUG] debug-file - A work dispatched to worker[9] failed because unable to get work from ready queue.
[2026-04-27T13:15:13.852] [DEBUG] debug-file - A work dispatched to worker[8] failed because unable to get work from ready queue.
[2026-04-27T13:15:13.852] [DEBUG] debug-file - A work dispatched to worker[7] failed because unable to get work from ready queue.
[2026-04-27T13:15:13.852] [DEBUG] debug-file - A work dispatched to worker[6] failed because unable to get work from ready queue.
[2026-04-27T13:15:13.852] [DEBUG] debug-file - A work dispatched to worker[5] failed because unable to get work from ready queue.
[2026-04-27T13:15:13.852] [DEBUG] debug-file - Create  resident worker with id: 4.
[2026-04-27T13:15:13.853] [DEBUG] debug-file - default@CompileArkTS work[8] has been dispatched to worker[4].
[2026-04-27T13:15:13.853] [DEBUG] debug-file - default@CompileArkTS work[8] is dispatched.
[2026-04-27T13:15:13.853] [DEBUG] debug-file - CopyResources startTime: 762592616959625
[2026-04-27T13:15:13.853] [DEBUG] debug-file - default@CompileArkTS work[9] is submitted.
[2026-04-27T13:15:13.853] [DEBUG] debug-file - default@CompileArkTS work[9] is pushed to ready queue.
[2026-04-27T13:15:13.853] [DEBUG] debug-file - A work dispatched to worker[9] failed because unable to get work from ready queue.
[2026-04-27T13:15:13.853] [DEBUG] debug-file - Create  resident worker with id: 8.
[2026-04-27T13:15:13.853] [DEBUG] debug-file - default@CompileArkTS work[9] has been dispatched to worker[8].
[2026-04-27T13:15:13.853] [DEBUG] debug-file - default@CompileArkTS work[9] is dispatched.
[2026-04-27T13:15:13.853] [DEBUG] debug-file - electron : default@CompileArkTS cost memory -8.967369079589844
[2026-04-27T13:15:13.853] [DEBUG] debug-file - Executing task :electron:default@BuildJS
[2026-04-27T13:15:13.853] [DEBUG] debug-file - Task 'electron:default@BuildJS' cost while wrapping incremental declarations: 1 ms 
[2026-04-27T13:15:13.854] [DEBUG] debug-file - electron : default@BuildJS cost memory 0.131011962890625
[2026-04-27T13:15:13.854] [DEBUG] debug-file - runTaskFromQueue task cost before running: 665 ms 
[2026-04-27T13:15:13.854] [INFO] debug-file - Finished :electron:default@BuildJS... after 1 ms 
[2026-04-27T13:15:13.854] [DEBUG] debug-file - Executing task :electron:default@ProcessLibs
[2026-04-27T13:15:13.855] [DEBUG] debug-file - electron:default@ProcessLibs is not up-to-date, since the input file '/Volumes/Execute/Files/project/ame_new/archive_markdown_editor_hmos/app/ohos_hap/build-profile.json5' has been changed.
[2026-04-27T13:15:13.855] [DEBUG] debug-file - Incremental task electron:default@ProcessLibs pre-execution cost: 1 ms .
[2026-04-27T13:15:13.855] [DEBUG] debug-file - Worker dispatch failed, running processLibs on main thread.
[2026-04-27T13:15:13.856] [DEBUG] debug-file - Link /Volumes/Execute/Files/project/ame_new/archive_markdown_editor_hmos/app/ohos_hap/electron/libs/arm64-v8a/mdz_utils.node to /Volumes/Execute/Files/project/ame_new/archive_markdown_editor_hmos/app/ohos_hap/electron/build/default/intermediates/libs/default/arm64-v8a/mdz_utils.node successfully.
[2026-04-27T13:15:13.857] [DEBUG] debug-file - Link /Volumes/Execute/Files/project/ame_new/archive_markdown_editor_hmos/app/ohos_hap/electron/libs/arm64-v8a/libffmpeg.so to /Volumes/Execute/Files/project/ame_new/archive_markdown_editor_hmos/app/ohos_hap/electron/build/default/intermediates/libs/default/arm64-v8a/libffmpeg.so successfully.
[2026-04-27T13:15:13.857] [DEBUG] debug-file - Link /Volumes/Execute/Files/project/ame_new/archive_markdown_editor_hmos/app/ohos_hap/electron/libs/arm64-v8a/libelectron.so to /Volumes/Execute/Files/project/ame_new/archive_markdown_editor_hmos/app/ohos_hap/electron/build/default/intermediates/libs/default/arm64-v8a/libelectron.so successfully.
[2026-04-27T13:15:13.857] [DEBUG] debug-file - Link /Volumes/Execute/Files/project/ame_new/archive_markdown_editor_hmos/app/ohos_hap/electron/libs/arm64-v8a/libc++_shared.so to /Volumes/Execute/Files/project/ame_new/archive_markdown_editor_hmos/app/ohos_hap/electron/build/default/intermediates/libs/default/arm64-v8a/libc++_shared.so successfully.
[2026-04-27T13:15:13.858] [DEBUG] debug-file - Link /Volumes/Execute/Files/project/ame_new/archive_markdown_editor_hmos/app/ohos_hap/electron/libs/arm64-v8a/libadapter.so to /Volumes/Execute/Files/project/ame_new/archive_markdown_editor_hmos/app/ohos_hap/electron/build/default/intermediates/libs/default/arm64-v8a/libadapter.so successfully.
[2026-04-27T13:15:13.858] [DEBUG] debug-file - Link /Volumes/Execute/Files/project/ame_new/archive_markdown_editor_hmos/app/ohos_hap/electron/libs/arm64-v8a/better_sqlite3.node to /Volumes/Execute/Files/project/ame_new/archive_markdown_editor_hmos/app/ohos_hap/electron/build/default/intermediates/libs/default/arm64-v8a/better_sqlite3.node successfully.
[2026-04-27T13:15:13.858] [DEBUG] debug-file - Link /Volumes/Execute/Files/project/ame_new/archive_markdown_editor_hmos/app/ohos_hap/electron/libs/arm64-v8a/7z.so to /Volumes/Execute/Files/project/ame_new/archive_markdown_editor_hmos/app/ohos_hap/electron/build/default/intermediates/libs/default/arm64-v8a/7z.so successfully.
[2026-04-27T13:15:13.858] [DEBUG] debug-file - electron : default@ProcessLibs cost memory 0.8998184204101562
[2026-04-27T13:15:13.858] [DEBUG] debug-file - runTaskFromQueue task cost before running: 670 ms 
[2026-04-27T13:15:13.859] [INFO] debug-file - Finished :electron:default@ProcessLibs... after 5 ms 
[2026-04-27T13:15:13.859] [DEBUG] debug-file - Executing task :electron:default@DoNativeStrip
[2026-04-27T13:15:13.859] [DEBUG] debug-file - Task 'electron:default@DoNativeStrip' cost while wrapping incremental declarations: 1 ms 
[2026-04-27T13:15:13.859] [DEBUG] debug-file - electron:default@DoNativeStrip is not up-to-date, since the output file '/Volumes/Execute/Files/project/ame_new/archive_markdown_editor_hmos/app/ohos_hap/electron/build/default/intermediates/stripped_native_libs/default' does not exist.
[2026-04-27T13:15:13.859] [DEBUG] debug-file - Incremental task electron:default@DoNativeStrip pre-execution cost: 1 ms .
[2026-04-27T13:15:13.859] [DEBUG] debug-file - default@DoNativeStrip work[10] is submitted.
[2026-04-27T13:15:13.859] [DEBUG] debug-file - default@DoNativeStrip work[10] is pushed to ready queue.
[2026-04-27T13:15:13.859] [DEBUG] debug-file - A work dispatched to worker[9] failed because unable to get work from ready queue.
[2026-04-27T13:15:13.859] [DEBUG] debug-file - A work dispatched to worker[8] failed because of worker busy.
[2026-04-27T13:15:13.859] [DEBUG] debug-file - Create  resident worker with id: 7.
[2026-04-27T13:15:13.860] [DEBUG] debug-file - default@DoNativeStrip work[10] has been dispatched to worker[7].
[2026-04-27T13:15:13.860] [DEBUG] debug-file - default@DoNativeStrip work[10] is dispatched.
[2026-04-27T13:15:13.860] [DEBUG] debug-file - electron : default@DoNativeStrip cost memory 0.38593292236328125
[2026-04-27T13:15:14.208] [DEBUG] debug-file - worker[8] has one work done.
[2026-04-27T13:15:14.208] [DEBUG] debug-file - CopyResources is end, endTime: 762592972446708
[2026-04-27T13:15:14.208] [DEBUG] debug-file - default@CompileArkTS work[9] done.
[2026-04-27T13:15:14.208] [DEBUG] debug-file - A work dispatched to worker[8] failed because unable to get work from ready queue.
[2026-04-27T13:15:14.302] [DEBUG] debug-file - current process  memoryUsage: {
  rss: 493158400,
  heapTotal: 81559552,
  heapUsed: 56976056,
  external: 2590820,
  arrayBuffers: 437366
} os memoryUsage :15.798385620117188
[2026-04-27T13:15:14.304] [DEBUG] debug-file - current process  memoryUsage: {
  rss: 493535232,
  heapTotal: 81821696,
  heapUsed: 57368432,
  external: 2592908,
  arrayBuffers: 437366
} os memoryUsage :15.797988891601562
[2026-04-27T13:15:14.304] [DEBUG] debug-file - current process  memoryUsage: {
  rss: 493731840,
  heapTotal: 82083840,
  heapUsed: 57646536,
  external: 2592908,
  arrayBuffers: 437366
} os memoryUsage :15.797531127929688
[2026-04-27T13:15:14.305] [DEBUG] debug-file - current process  memoryUsage: {
  rss: 493830144,
  heapTotal: 82083840,
  heapUsed: 57713976,
  external: 2592908,
  arrayBuffers: 437366
} os memoryUsage :15.7967529296875
[2026-04-27T13:15:14.305] [DEBUG] debug-file - current process  memoryUsage: {
  rss: 493912064,
  heapTotal: 82083840,
  heapUsed: 57781648,
  external: 2592908,
  arrayBuffers: 437366
} os memoryUsage :15.8001708984375
[2026-04-27T13:15:14.306] [DEBUG] debug-file - current process  memoryUsage: {
  rss: 494010368,
  heapTotal: 82083840,
  heapUsed: 57850560,
  external: 2592908,
  arrayBuffers: 437366
} os memoryUsage :15.799789428710938
[2026-04-27T13:15:14.306] [DEBUG] debug-file - current process  memoryUsage: {
  rss: 494239744,
  heapTotal: 82083840,
  heapUsed: 57923176,
  external: 2592908,
  arrayBuffers: 437366
} os memoryUsage :15.799789428710938
[2026-04-27T13:15:14.691] [DEBUG] debug-file - worker[7] has one work done.
[2026-04-27T13:15:14.691] [DEBUG] debug-file - default@DoNativeStrip work[10] done.
[2026-04-27T13:15:14.691] [DEBUG] debug-file - A work dispatched to worker[7] failed because unable to get work from ready queue.
[2026-04-27T13:15:14.691] [INFO] debug-file - Finished :electron:default@DoNativeStrip... after 397 ms 
[2026-04-27T13:15:14.692] [DEBUG] debug-file - Executing task :electron:default@CacheNativeLibs
[2026-04-27T13:15:14.692] [DEBUG] debug-file - Task 'electron:default@CacheNativeLibs' cost while wrapping incremental declarations: 1 ms 
[2026-04-27T13:15:14.693] [DEBUG] debug-file - electron:default@CacheNativeLibs is not up-to-date, since the input file '/Volumes/Execute/Files/project/ame_new/archive_markdown_editor_hmos/app/ohos_hap/electron/build/default/intermediates/stripped_native_libs/default' has been changed.
[2026-04-27T13:15:14.693] [DEBUG] debug-file - Incremental task electron:default@CacheNativeLibs pre-execution cost: 1 ms .
[2026-04-27T13:15:14.693] [DEBUG] debug-file - default@CacheNativeLibs work[11] is submitted.
[2026-04-27T13:15:14.693] [DEBUG] debug-file - default@CacheNativeLibs work[11] is pushed to ready queue.
[2026-04-27T13:15:14.693] [DEBUG] debug-file - A work dispatched to worker[9] failed because unable to get work from ready queue.
[2026-04-27T13:15:14.693] [DEBUG] debug-file - default@CacheNativeLibs work[11] has been dispatched to worker[8].
[2026-04-27T13:15:14.693] [DEBUG] debug-file - default@CacheNativeLibs work[11] is dispatched.
[2026-04-27T13:15:14.693] [DEBUG] debug-file - electron : default@CacheNativeLibs cost memory 0.16353607177734375
[2026-04-27T13:15:14.713] [DEBUG] debug-file - worker[8] has one work done.
[2026-04-27T13:15:14.713] [DEBUG] debug-file - default@CacheNativeLibs work[11] done.
[2026-04-27T13:15:14.714] [DEBUG] debug-file - A work dispatched to worker[8] failed because unable to get work from ready queue.
[2026-04-27T13:15:14.714] [INFO] debug-file - Finished :electron:default@CacheNativeLibs... after 2 ms 
[2026-04-27T13:15:19.061] [WARN] debug-file - [33mWARN: [33m[33mArkTS:WARN File: /Volumes/Execute/Files/project/ame_new/archive_markdown_editor_hmos/app/ohos_hap/web_engine/src/main/ets/adapter/DeviceInfoAdapter.ets:47:55
 Classes cannot be used as objects (arkts-no-classes-as-obj)
[39m[39m
[33mWARN: [33m[33mArkTS:WARN File: /Volumes/Execute/Files/project/ame_new/archive_markdown_editor_hmos/app/ohos_hap/web_engine/src/main/ets/jsbindings/AccessibilityAdapterBind.ets:11:29
 Classes cannot be used as objects (arkts-no-classes-as-obj)
[39m[39m
[33mWARN: [33m[33mArkTS:WARN File: /Volumes/Execute/Files/project/ame_new/archive_markdown_editor_hmos/app/ohos_hap/web_engine/src/main/ets/jsbindings/AppLifecycleAdapterBind.ets:11:29
 Classes cannot be used as objects (arkts-no-classes-as-obj)
[39m[39m
[33mWARN: [33m[33mArkTS:WARN File: /Volumes/Execute/Files/project/ame_new/archive_markdown_editor_hmos/app/ohos_hap/web_engine/src/main/ets/jsbindings/AppWindowAdapterBind.ets:13:29
 Classes cannot be used as objects (arkts-no-classes-as-obj)
[39m[39m
[33mWARN: [33m[33mArkTS:WARN File: /Volumes/Execute/Files/project/ame_new/archive_markdown_editor_hmos/app/ohos_hap/web_engine/src/main/ets/jsbindings/BluetoothAdapterBind.ets:10:29
 Classes cannot be used as objects (arkts-no-classes-as-obj)
[39m[39m
[33mWARN: [33m[33mArkTS:WARN File: /Volumes/Execute/Files/project/ame_new/archive_markdown_editor_hmos/app/ohos_hap/web_engine/src/main/ets/jsbindings/BluetoothLowEnergyAdapterBind.ets:17:29
 Classes cannot be used as objects (arkts-no-classes-as-obj)
[39m[39m
[33mWARN: [33m[33mArkTS:WARN File: /Volumes/Execute/Files/project/ame_new/archive_markdown_editor_hmos/app/ohos_hap/web_engine/src/main/ets/jsbindings/BrowserPolicyAdapterBind.ets:10:29
 Classes cannot be used as objects (arkts-no-classes-as-obj)
[39m[39m
[33mWARN: [33m[33mArkTS:WARN File: /Volumes/Execute/Files/project/ame_new/archive_markdown_editor_hmos/app/ohos_hap/web_engine/src/main/ets/jsbindings/CertManagerAdapterBind.ets:10:29
 Classes cannot be used as objects (arkts-no-classes-as-obj)
[39m[39m
[33mWARN: [33m[33mArkTS:WARN File: /Volumes/Execute/Files/project/ame_new/archive_markdown_editor_hmos/app/ohos_hap/web_engine/src/main/ets/jsbindings/ContextAdapterBind.ets:11:21
 Classes cannot be used as objects (arkts-no-classes-as-obj)
[39m[39m
[33mWARN: [33m[33mArkTS:WARN File: /Volumes/Execute/Files/project/ame_new/archive_markdown_editor_hmos/app/ohos_hap/web_engine/src/main/ets/jsbindings/ContextPathAdapterBind.ets:10:29
 Classes cannot be used as objects (arkts-no-classes-as-obj)
[39m[39m
[33mWARN: [33m[33mArkTS:WARN File: /Volumes/Execute/Files/project/ame_new/archive_markdown_editor_hmos/app/ohos_hap/web_engine/src/main/ets/jsbindings/CursorAdapterBind.ets:10:29
 Classes cannot be used as objects (arkts-no-classes-as-obj)
[39m[39m
[33mWARN: [33m[33mArkTS:WARN File: /Volumes/Execute/Files/project/ame_new/archive_markdown_editor_hmos/app/ohos_hap/web_engine/src/main/ets/jsbindings/DeviceAdapterBind.ets:11:29
 Classes cannot be used as objects (arkts-no-classes-as-obj)
[39m[39m
[33mWARN: [33m[33mArkTS:WARN File: /Volumes/Execute/Files/project/ame_new/archive_markdown_editor_hmos/app/ohos_hap/web_engine/src/main/ets/jsbindings/DeviceUserAuthAdapterBind.ets:10:29
 Classes cannot be used as objects (arkts-no-classes-as-obj)
[39m[39m
[33mWARN: [33m[33mArkTS:WARN File: /Volumes/Execute/Files/project/ame_new/archive_markdown_editor_hmos/app/ohos_hap/web_engine/src/main/ets/jsbindings/DialogAdapterBind.ets:10:29
 Classes cannot be used as objects (arkts-no-classes-as-obj)
[39m[39m
[33mWARN: [33m[33mArkTS:WARN File: /Volumes/Execute/Files/project/ame_new/archive_markdown_editor_hmos/app/ohos_hap/web_engine/src/main/ets/jsbindings/DisplayAdapterBind.ets:10:29
 Classes cannot be used as objects (arkts-no-classes-as-obj)
[39m[39m
[33mWARN: [33m[33mArkTS:WARN File: /Volumes/Execute/Files/project/ame_new/archive_markdown_editor_hmos/app/ohos_hap/web_engine/src/main/ets/jsbindings/DragDropAdapterBind.ets:11:29
 Classes cannot be used as objects (arkts-no-classes-as-obj)
[39m[39m
[33mWARN: [33m[33mArkTS:WARN File: /Volumes/Execute/Files/project/ame_new/archive_markdown_editor_hmos/app/ohos_hap/web_engine/src/main/ets/jsbindings/ElectronAppAdapterBind.ets:10:29
 Classes cannot be used as objects (arkts-no-classes-as-obj)
[39m[39m
[33mWARN: [33m[33mArkTS:WARN File: /Volumes/Execute/Files/project/ame_new/archive_markdown_editor_hmos/app/ohos_hap/web_engine/src/main/ets/jsbindings/EtsBridgeAdapterBind.ets:27:31
 Classes cannot be used as objects (arkts-no-classes-as-obj)
[39m[39m
[33mWARN: [33m[33mArkTS:WARN File: /Volumes/Execute/Files/project/ame_new/archive_markdown_editor_hmos/app/ohos_hap/web_engine/src/main/ets/jsbindings/FileManagerAdapterBind.ets:10:29
 Classes cannot be used as objects (arkts-no-classes-as-obj)
[39m[39m
[33mWARN: [33m[33mArkTS:WARN File: /Volumes/Execute/Files/project/ame_new/archive_markdown_editor_hmos/app/ohos_hap/web_engine/src/main/ets/jsbindings/FilePickerAdapterBind.ets:11:29
 Classes cannot be used as objects (arkts-no-classes-as-obj)
[39m[39m
[33mWARN: [33m[33mArkTS:WARN File: /Volumes/Execute/Files/project/ame_new/archive_markdown_editor_hmos/app/ohos_hap/web_engine/src/main/ets/jsbindings/FontAdapterBind.ets:10:29
 Classes cannot be used as objects (arkts-no-classes-as-obj)
[39m[39m
[33mWARN: [33m[33mArkTS:WARN File: /Volumes/Execute/Files/project/ame_new/archive_markdown_editor_hmos/app/ohos_hap/web_engine/src/main/ets/jsbindings/I18nAdapterBind.ets:10:29
 Classes cannot be used as objects (arkts-no-classes-as-obj)
[39m[39m
[33mWARN: [33m[33mArkTS:WARN File: /Volumes/Execute/Files/project/ame_new/archive_markdown_editor_hmos/app/ohos_hap/web_engine/src/main/ets/jsbindings/IMFAdapterBind.ets:14:29
 Classes cannot be used as objects (arkts-no-classes-as-obj)
[39m[39m
[33mWARN: [33m[33mArkTS:WARN File: /Volumes/Execute/Files/project/ame_new/archive_markdown_editor_hmos/app/ohos_hap/web_engine/src/main/ets/jsbindings/MediaAdapterBind.ets:10:29
 Classes cannot be used as objects (arkts-no-classes-as-obj)
[39m[39m
[33mWARN: [33m[33mArkTS:WARN File: /Volumes/Execute/Files/project/ame_new/archive_markdown_editor_hmos/app/ohos_hap/web_engine/src/main/ets/jsbindings/MimeTypeAdapterBind.ets:10:29
 Classes cannot be used as objects (arkts-no-classes-as-obj)
[39m[39m
[33mWARN: [33m[33mArkTS:WARN File: /Volumes/Execute/Files/project/ame_new/archive_markdown_editor_hmos/app/ohos_hap/web_engine/src/main/ets/jsbindings/NativeMessagingAdapterBind.ets:35:29
 Classes cannot be used as objects (arkts-no-classes-as-obj)
[39m[39m
[33mWARN: [33m[33mArkTS:WARN File: /Volumes/Execute/Files/project/ame_new/archive_markdown_editor_hmos/app/ohos_hap/web_engine/src/main/ets/jsbindings/NativeThemeAdapterBind.ets:11:29
 Classes cannot be used as objects (arkts-no-classes-as-obj)
[39m[39m
[33mWARN: [33m[33mArkTS:WARN File: /Volumes/Execute/Files/project/ame_new/archive_markdown_editor_hmos/app/ohos_hap/web_engine/src/main/ets/jsbindings/NotificationAdapterBind.ets:11:29
 Classes cannot be used as objects (arkts-no-classes-as-obj)
[39m[39m
[33mWARN: [33m[33mArkTS:WARN File: /Volumes/Execute/Files/project/ame_new/archive_markdown_editor_hmos/app/ohos_hap/web_engine/src/main/ets/jsbindings/PermissionManagerAdapterBind.ets:10:29
 Classes cannot be used as objects (arkts-no-classes-as-obj)
[39m[39m
[33mWARN: [33m[33mArkTS:WARN File: /Volumes/Execute/Files/project/ame_new/archive_markdown_editor_hmos/app/ohos_hap/web_engine/src/main/ets/jsbindings/PopupWindowAdapterBind.ets:11:29
 Classes cannot be used as objects (arkts-no-classes-as-obj)
[39m[39m
[33mWARN: [33m[33mArkTS:WARN File: /Volumes/Execute/Files/project/ame_new/archive_markdown_editor_hmos/app/ohos_hap/web_engine/src/main/ets/jsbindings/PrintAdapterBind.ets:10:29
 Classes cannot be used as objects (arkts-no-classes-as-obj)
[39m[39m
[33mWARN: [33m[33mArkTS:WARN File: /Volumes/Execute/Files/project/ame_new/archive_markdown_editor_hmos/app/ohos_hap/web_engine/src/main/ets/jsbindings/ProcessAdapterBind.ets:10:29
 Classes cannot be used as objects (arkts-no-classes-as-obj)
[39m[39m
[33mWARN: [33m[33mArkTS:WARN File: /Volumes/Execute/Files/project/ame_new/archive_markdown_editor_hmos/app/ohos_hap/web_engine/src/main/ets/jsbindings/RunningLockAdapterBind.ets:10:29
 Classes cannot be used as objects (arkts-no-classes-as-obj)
[39m[39m
[33mWARN: [33m[33mArkTS:WARN File: /Volumes/Execute/Files/project/ame_new/archive_markdown_editor_hmos/app/ohos_hap/web_engine/src/main/ets/jsbindings/ScreenshotAdapterBind.ets:11:29
 Classes cannot be used as objects (arkts-no-classes-as-obj)
[39m[39m
[33mWARN: [33m[33mArkTS:WARN File: /Volumes/Execute/Files/project/ame_new/archive_markdown_editor_hmos/app/ohos_hap/web_engine/src/main/ets/jsbindings/ShapeDetectionAdapterBind.ets:10:29
 Classes cannot be used as objects (arkts-no-classes-as-obj)
[39m[39m
[33mWARN: [33m[33mArkTS:WARN File: /Volumes/Execute/Files/project/ame_new/archive_markdown_editor_hmos/app/ohos_hap/web_engine/src/main/ets/jsbindings/SpeechAdapterBind.ets:11:29
 Classes cannot be used as objects (arkts-no-classes-as-obj)
[39m[39m
[33mWARN: [33m[33mArkTS:WARN File: /Volumes/Execute/Files/project/ame_new/archive_markdown_editor_hmos/app/ohos_hap/web_engine/src/main/ets/jsbindings/SubWindowAdapterBind.ets:11:29
 Classes cannot be used as objects (arkts-no-classes-as-obj)
[39m[39m
[33mWARN: [33m[33mArkTS:WARN File: /Volumes/Execute/Files/project/ame_new/archive_markdown_editor_hmos/app/ohos_hap/web_engine/src/main/ets/jsbindings/SystemFloatingWindowAdapterBind.ets:11:29
 Classes cannot be used as objects (arkts-no-classes-as-obj)
[39m[39m
[33mWARN: [33m[33mArkTS:WARN File: /Volumes/Execute/Files/project/ame_new/archive_markdown_editor_hmos/app/ohos_hap/web_engine/src/main/ets/jsbindings/StatusBarManagerAdapterBind.ets:10:29
 Classes cannot be used as objects (arkts-no-classes-as-obj)
[39m[39m
[33mWARN: [33m[33mArkTS:WARN File: /Volumes/Execute/Files/project/ame_new/archive_markdown_editor_hmos/app/ohos_hap/web_engine/src/main/ets/jsbindings/WebAppAdapterBind.ets:13:29
 Classes cannot be used as objects (arkts-no-classes-as-obj)
[39m[39m
[33mWARN: [33m[33mArkTS:WARN File: /Volumes/Execute/Files/project/ame_new/archive_markdown_editor_hmos/app/ohos_hap/web_engine/src/main/ets/application/WebAbilityStage.ets:117:46
 Classes cannot be used as objects (arkts-no-classes-as-obj)
[39m[39m
[33mWARN: [33m[33mArkTS:WARN File: /Volumes/Execute/Files/project/ame_new/archive_markdown_editor_hmos/app/ohos_hap/web_engine/src/main/ets/ability/WebAbility.ets:92:38
 Classes cannot be used as objects (arkts-no-classes-as-obj)
[39m[39m
[33mWARN: [33m[33mArkTS:WARN File: /Volumes/Execute/Files/project/ame_new/archive_markdown_editor_hmos/app/ohos_hap/web_engine/src/main/ets/ability/WebAbility.ets:93:38
 Classes cannot be used as objects (arkts-no-classes-as-obj)
[39m[39m
[33mWARN: [33m[33mArkTS:WARN File: /Volumes/Execute/Files/project/ame_new/archive_markdown_editor_hmos/app/ohos_hap/web_engine/src/main/ets/ability/WebAbility.ets:94:42
 Classes cannot be used as objects (arkts-no-classes-as-obj)
[39m[39m
[33mWARN: [33m[33mArkTS:WARN File: /Volumes/Execute/Files/project/ame_new/archive_markdown_editor_hmos/app/ohos_hap/web_engine/src/main/ets/ability/WebAbility.ets:95:38
 Classes cannot be used as objects (arkts-no-classes-as-obj)
[39m[39m
[33mWARN: [33m[33mArkTS:WARN File: /Volumes/Execute/Files/project/ame_new/archive_markdown_editor_hmos/app/ohos_hap/web_engine/src/main/ets/ability/WebAbility.ets:97:16
 Classes cannot be used as objects (arkts-no-classes-as-obj)
[39m[39m
[33mWARN: [33m[33mArkTS:WARN File: /Volumes/Execute/Files/project/ame_new/archive_markdown_editor_hmos/app/ohos_hap/web_engine/src/main/ets/ability/WebAbility.ets:99:41
 Classes cannot be used as objects (arkts-no-classes-as-obj)
[39m[39m
[33mWARN: [33m[33mArkTS:WARN File: /Volumes/Execute/Files/project/ame_new/archive_markdown_editor_hmos/app/ohos_hap/web_engine/src/main/ets/ability/WebAbility.ets:100:43
 Classes cannot be used as objects (arkts-no-classes-as-obj)
[39m[39m
[33mWARN: [33m[33mArkTS:WARN File: /Volumes/Execute/Files/project/ame_new/archive_markdown_editor_hmos/app/ohos_hap/web_engine/src/main/ets/ability/WebEmbeddedAbility.ets:34:38
 Classes cannot be used as objects (arkts-no-classes-as-obj)
[39m[39m
[33mWARN: [33m[33mArkTS:WARN File: /Volumes/Execute/Files/project/ame_new/archive_markdown_editor_hmos/app/ohos_hap/web_engine/src/main/ets/ability/WebEmbeddedAbility.ets:35:42
 Classes cannot be used as objects (arkts-no-classes-as-obj)
[39m[39m
[33mWARN: [33m[33mArkTS:WARN File: /Volumes/Execute/Files/project/ame_new/archive_markdown_editor_hmos/app/ohos_hap/web_engine/src/main/ets/ability/WebEmbeddedAbility.ets:36:16
 Classes cannot be used as objects (arkts-no-classes-as-obj)
[39m[39m
[33mWARN: [33m[33mArkTS:WARN File: /Volumes/Execute/Files/project/ame_new/archive_markdown_editor_hmos/app/ohos_hap/web_engine/src/main/ets/components/WebWindow.ets:61:41
 Classes cannot be used as objects (arkts-no-classes-as-obj)
[39m[39m
[33mWARN: [33m[33mArkTS:WARN File: /Volumes/Execute/Files/project/ame_new/archive_markdown_editor_hmos/app/ohos_hap/web_engine/src/main/ets/components/WebWindow.ets:144:57
 Classes cannot be used as objects (arkts-no-classes-as-obj)
[39m[39m
[33mWARN: [33m[33mArkTS:WARN File: /Volumes/Execute/Files/project/ame_new/archive_markdown_editor_hmos/app/ohos_hap/web_engine/src/main/ets/components/WebWindow.ets:145:61
 Classes cannot be used as objects (arkts-no-classes-as-obj)
[39m[39m
[33mWARN: [33m[33mArkTS:WARN File: /Volumes/Execute/Files/project/ame_new/archive_markdown_editor_hmos/app/ohos_hap/web_engine/src/main/ets/components/WebWindow.ets:146:39
 Classes cannot be used as objects (arkts-no-classes-as-obj)
[39m[39m
[33mWARN: [33m[33mArkTS:WARN File: /Volumes/Execute/Files/project/ame_new/archive_markdown_editor_hmos/app/ohos_hap/web_engine/src/main/ets/components/WebWindow.ets:147:41
 Classes cannot be used as objects (arkts-no-classes-as-obj)
[39m[39m
[33mWARN: [33m[33mArkTS:WARN File: /Volumes/Execute/Files/project/ame_new/archive_markdown_editor_hmos/app/ohos_hap/web_engine/src/main/ets/components/WebSubWindow.ets:25:57
 Classes cannot be used as objects (arkts-no-classes-as-obj)
[39m[39m
[33mWARN: [33m[33mArkTS:WARN File: /Volumes/Execute/Files/project/ame_new/archive_markdown_editor_hmos/app/ohos_hap/web_engine/src/main/ets/components/WebSubWindow.ets:26:61
 Classes cannot be used as objects (arkts-no-classes-as-obj)
[39m[39m
[33mWARN: [33m[33mArkTS:WARN File: /Volumes/Execute/Files/project/ame_new/archive_markdown_editor_hmos/app/ohos_hap/web_engine/src/main/ets/components/WebSubWindow.ets:27:41
 Classes cannot be used as objects (arkts-no-classes-as-obj)
[39m[39m
[33mWARN: [33m[33mArkTS:WARN File: /Volumes/Execute/Files/project/ame_new/archive_markdown_editor_hmos/app/ohos_hap/web_engine/src/main/ets/components/WebEmbeddedWindow.ets:27:57
 Classes cannot be used as objects (arkts-no-classes-as-obj)
[39m[39m
[33mWARN: [33m[33mArkTS:WARN File: /Volumes/Execute/Files/project/ame_new/archive_markdown_editor_hmos/app/ohos_hap/web_engine/src/main/ets/components/WebEmbeddedWindow.ets:29:61
 Classes cannot be used as objects (arkts-no-classes-as-obj)
[39m[39m
[33mWARN: [33m[33mArkTS:WARN File: /Volumes/Execute/Files/project/ame_new/archive_markdown_editor_hmos/app/ohos_hap/web_engine/src/main/ets/components/WebEmbeddedWindow.ets:30:41
 Classes cannot be used as objects (arkts-no-classes-as-obj)
[39m[39m
[33mWARN: [33m[33mArkTS:WARN File: /Volumes/Execute/Files/project/ame_new/archive_markdown_editor_hmos/app/ohos_hap/web_engine/src/main/ets/components/WebWindowNode.ets:121:57
 Classes cannot be used as objects (arkts-no-classes-as-obj)
[39m[39m
[33mWARN: [33m[33mArkTS:WARN File: /Volumes/Execute/Files/project/ame_new/archive_markdown_editor_hmos/app/ohos_hap/web_engine/src/main/ets/components/WebWindowNode.ets:123:61
 Classes cannot be used as objects (arkts-no-classes-as-obj)
[39m[39m
[33mWARN: [33m[33mArkTS:WARN File: /Volumes/Execute/Files/project/ame_new/archive_markdown_editor_hmos/app/ohos_hap/web_engine/src/main/ets/components/WebWindowNode.ets:124:41
 Classes cannot be used as objects (arkts-no-classes-as-obj)
[39m[39m
[33mWARN: [33m[33mArkTS:WARN File: /Volumes/Execute/Files/project/ame_new/archive_markdown_editor_hmos/app/ohos_hap/web_engine/src/main/ets/components/WebNodeHandleWindow.ets:54:42
 Classes cannot be used as objects (arkts-no-classes-as-obj)
[39m[39m
[33mWARN: [33m[33mArkTS:WARN File: /Volumes/Execute/Files/project/ame_new/archive_markdown_editor_hmos/app/ohos_hap/web_engine/src/main/ets/components/WebNodeHandleWindow.ets:55:39
 Classes cannot be used as objects (arkts-no-classes-as-obj)
[39m[39m
[33mWARN: [33m[33mArkTS:WARN File: /Volumes/Execute/Files/project/ame_new/archive_markdown_editor_hmos/app/ohos_hap/web_engine/src/main/ets/components/WebNodeHandleWindow.ets:56:43
 Classes cannot be used as objects (arkts-no-classes-as-obj)
[39m[39m
[33mWARN: [33m[33mArkTS:WARN File: /Volumes/Execute/Files/project/ame_new/archive_markdown_editor_hmos/app/ohos_hap/web_engine/src/main/ets/components/WebNodeHandleWindow.ets:59:39
 Classes cannot be used as objects (arkts-no-classes-as-obj)
[39m[39m
[33mWARN: [33m[33mArkTS:WARN File: /Volumes/Execute/Files/project/ame_new/archive_markdown_editor_hmos/app/ohos_hap/web_engine/src/main/ets/components/WebNodeHandleSubWindow.ets:48:42
 Classes cannot be used as objects (arkts-no-classes-as-obj)
[39m[39m
[33mWARN: [33m[33mArkTS:WARN: For details about ArkTS syntax errors, see FAQs[39m[39m
[33mWARN: [33m[33mArkTS:WARN File: /Volumes/Execute/Files/project/ame_new/archive_markdown_editor_hmos/app/ohos_hap/web_engine/src/main/ets/adapter/DialogAdapter.ets:96:17
 'show' has been deprecated.
[39m[39m
[33mWARN: [33m[33mArkTS:WARN File: /Volumes/Execute/Files/project/ame_new/archive_markdown_editor_hmos/app/ohos_hap/web_engine/src/main/ets/adapter/DialogAdapter.ets:121:29
 The system capacity of this api 'selectMode' is not supported on all devices
[39m[39m
[33mWARN: [33m[33mArkTS:WARN File: /Volumes/Execute/Files/project/ame_new/archive_markdown_editor_hmos/app/ohos_hap/web_engine/src/main/ets/adapter/DialogAdapter.ets:121:49
 The system capacity of this api 'DocumentSelectMode' is not supported on all devices
[39m[39m
[33mWARN: [33m[33mArkTS:WARN File: /Volumes/Execute/Files/project/ame_new/archive_markdown_editor_hmos/app/ohos_hap/web_engine/src/main/ets/adapter/DialogAdapter.ets:121:68
 The system capacity of this api 'FOLDER' is not supported on all devices
[39m[39m
[33mWARN: [33m[33mArkTS:WARN File: /Volumes/Execute/Files/project/ame_new/archive_markdown_editor_hmos/app/ohos_hap/web_engine/src/main/ets/adapter/DialogAdapter.ets:123:31
 The system capacity of this api 'selectMode' is not supported on all devices
[39m[39m
[33mWARN: [33m[33mArkTS:WARN File: /Volumes/Execute/Files/project/ame_new/archive_markdown_editor_hmos/app/ohos_hap/web_engine/src/main/ets/adapter/DialogAdapter.ets:123:51
 The system capacity of this api 'DocumentSelectMode' is not supported on all devices
[39m[39m
[33mWARN: [33m[33mArkTS:WARN File: /Volumes/Execute/Files/project/ame_new/archive_markdown_editor_hmos/app/ohos_hap/web_engine/src/main/ets/adapter/DialogAdapter.ets:123:70
 The system capacity of this api 'MIXED' is not supported on all devices
[39m[39m
[33mWARN: [33m[33mArkTS:WARN File: /Volumes/Execute/Files/project/ame_new/archive_markdown_editor_hmos/app/ohos_hap/web_engine/src/main/ets/adapter/DialogAdapter.ets:129:30
 Function may throw exceptions. Special handling is required.
[39m[39m
[33mWARN: [33m[33mArkTS:WARN File: /Volumes/Execute/Files/project/ame_new/archive_markdown_editor_hmos/app/ohos_hap/web_engine/src/main/ets/adapter/DialogAdapter.ets:162:30
 Function may throw exceptions. Special handling is required.
[39m[39m
[33mWARN: [33m[33mArkTS:WARN File: /Volumes/Execute/Files/project/ame_new/archive_markdown_editor_hmos/app/ohos_hap/web_engine/src/main/ets/adapter/NativeThemeAdapter.ets:56:5
 Function may throw exceptions. Special handling is required.
[39m[39m
[33mWARN: [33m[33mArkTS:WARN File: /Volumes/Execute/Files/project/ame_new/archive_markdown_editor_hmos/app/ohos_hap/web_engine/src/main/ets/adapter/AppLifecycleAdapter.ets:48:7
 Function may throw exceptions. Special handling is required.
[39m[39m
[33mWARN: [33m[33mArkTS:WARN File: /Volumes/Execute/Files/project/ame_new/archive_markdown_editor_hmos/app/ohos_hap/web_engine/src/main/ets/adapter/PermissionManagerAdapter.ets:236:15
 To use this API, you need to apply for the permissions: ohos.permission.FILE_ACCESS_PERSIST
[39m[39m
[33mWARN: [33m[33mArkTS:WARN File: /Volumes/Execute/Files/project/ame_new/archive_markdown_editor_hmos/app/ohos_hap/web_engine/src/main/ets/adapter/PermissionManagerAdapter.ets:260:15
 To use this API, you need to apply for the permissions: ohos.permission.FILE_ACCESS_PERSIST
[39m[39m
[33mWARN: [33m[33mArkTS:WARN File: /Volumes/Execute/Files/project/ame_new/archive_markdown_editor_hmos/app/ohos_hap/web_engine/src/main/ets/adapter/PermissionManagerAdapter.ets:299:37
 Function may throw exceptions. Special handling is required.
[39m[39m
[33mWARN: [33m[33mArkTS:WARN File: /Volumes/Execute/Files/project/ame_new/archive_markdown_editor_hmos/app/ohos_hap/web_engine/src/main/ets/adapter/PermissionManagerAdapter.ets:300:39
 Function may throw exceptions. Special handling is required.
[39m[39m
[33mWARN: [33m[33mArkTS:WARN File: /Volumes/Execute/Files/project/ame_new/archive_markdown_editor_hmos/app/ohos_hap/web_engine/src/main/ets/adapter/PermissionManagerAdapter.ets:301:37
 Function may throw exceptions. Special handling is required.
[39m[39m
[33mWARN: [33m[33mArkTS:WARN File: /Volumes/Execute/Files/project/ame_new/archive_markdown_editor_hmos/app/ohos_hap/web_engine/src/main/ets/adapter/PermissionManagerAdapter.ets:303:39
 Function may throw exceptions. Special handling is required.
[39m[39m
[33mWARN: [33m[33mArkTS:WARN File: /Volumes/Execute/Files/project/ame_new/archive_markdown_editor_hmos/app/ohos_hap/web_engine/src/main/ets/adapter/PermissionManagerAdapter.ets:304:38
 Function may throw exceptions. Special handling is required.
[39m[39m
[33mWARN: [33m[33mArkTS:WARN File: /Volumes/Execute/Files/project/ame_new/archive_markdown_editor_hmos/app/ohos_hap/web_engine/src/main/ets/adapter/PermissionManagerAdapter.ets:308:37
 Function may throw exceptions. Special handling is required.
[39m[39m
[33mWARN: [33m[33mArkTS:WARN File: /Volumes/Execute/Files/project/ame_new/archive_markdown_editor_hmos/app/ohos_hap/web_engine/src/main/ets/adapter/PermissionManagerAdapter.ets:309:39
 Function may throw exceptions. Special handling is required.
[39m[39m
[33mWARN: [33m[33mArkTS:WARN File: /Volumes/Execute/Files/project/ame_new/archive_markdown_editor_hmos/app/ohos_hap/web_engine/src/main/ets/adapter/PermissionManagerAdapter.ets:310:37
 Function may throw exceptions. Special handling is required.
[39m[39m
[33mWARN: [33m[33mArkTS:WARN File: /Volumes/Execute/Files/project/ame_new/archive_markdown_editor_hmos/app/ohos_hap/web_engine/src/main/ets/adapter/PermissionManagerAdapter.ets:312:39
 Function may throw exceptions. Special handling is required.
[39m[39m
[33mWARN: [33m[33mArkTS:WARN File: /Volumes/Execute/Files/project/ame_new/archive_markdown_editor_hmos/app/ohos_hap/web_engine/src/main/ets/adapter/PermissionManagerAdapter.ets:313:38
 Function may throw exceptions. Special handling is required.
[39m[39m
[33mWARN: [33m[33mArkTS:WARN File: /Volumes/Execute/Files/project/ame_new/archive_markdown_editor_hmos/app/ohos_hap/web_engine/src/main/ets/adapter/PermissionManagerAdapter.ets:317:18
 'showDialog' has been deprecated.
[39m[39m
[33mWARN: [33m[33mArkTS:WARN File: /Volumes/Execute/Files/project/ame_new/archive_markdown_editor_hmos/app/ohos_hap/web_engine/src/main/ets/adapter/AppWindowAdapter.ets:106:24
 Function may throw exceptions. Special handling is required.
[39m[39m
[33mWARN: [33m[33mArkTS:WARN File: /Volumes/Execute/Files/project/ame_new/archive_markdown_editor_hmos/app/ohos_hap/web_engine/src/main/ets/adapter/AppWindowAdapter.ets:111:21
 Function may throw exceptions. Special handling is required.
[39m[39m
[33mWARN: [33m[33mArkTS:WARN File: /Volumes/Execute/Files/project/ame_new/archive_markdown_editor_hmos/app/ohos_hap/web_engine/src/main/ets/adapter/AppWindowAdapter.ets:176:9
 Function may throw exceptions. Special handling is required.
[39m[39m
[33mWARN: [33m[33mArkTS:WARN File: /Volumes/Execute/Files/project/ame_new/archive_markdown_editor_hmos/app/ohos_hap/web_engine/src/main/ets/adapter/AppWindowAdapter.ets:180:7
 Function may throw exceptions. Special handling is required.
[39m[39m
[33mWARN: [33m[33mArkTS:WARN File: /Volumes/Execute/Files/project/ame_new/archive_markdown_editor_hmos/app/ohos_hap/web_engine/src/main/ets/adapter/AppWindowAdapter.ets:182:7
 Function may throw exceptions. Special handling is required.
[39m[39m
[33mWARN: [33m[33mArkTS:WARN File: /Volumes/Execute/Files/project/ame_new/archive_markdown_editor_hmos/app/ohos_hap/web_engine/src/main/ets/adapter/AppWindowAdapter.ets:194:9
 Function may throw exceptions. Special handling is required.
[39m[39m
[33mWARN: [33m[33mArkTS:WARN File: /Volumes/Execute/Files/project/ame_new/archive_markdown_editor_hmos/app/ohos_hap/web_engine/src/main/ets/adapter/AppWindowAdapter.ets:206:9
 Function may throw exceptions. Special handling is required.
[39m[39m
[33mWARN: [33m[33mArkTS:WARN File: /Volumes/Execute/Files/project/ame_new/archive_markdown_editor_hmos/app/ohos_hap/web_engine/src/main/ets/adapter/AppWindowAdapter.ets:220:9
 Function may throw exceptions. Special handling is required.
[39m[39m
[33mWARN: [33m[33mArkTS:WARN File: /Volumes/Execute/Files/project/ame_new/archive_markdown_editor_hmos/app/ohos_hap/web_engine/src/main/ets/adapter/AppWindowAdapter.ets:237:19
 Function may throw exceptions. Special handling is required.
[39m[39m
[33mWARN: [33m[33mArkTS:WARN File: /Volumes/Execute/Files/project/ame_new/archive_markdown_editor_hmos/app/ohos_hap/web_engine/src/main/ets/adapter/AppWindowAdapter.ets:237:32
 To use this API, you need to apply for the permissions: ohos.permission.WINDOW_TOPMOST
[39m[39m
[33mWARN: [33m[33mArkTS:WARN File: /Volumes/Execute/Files/project/ame_new/archive_markdown_editor_hmos/app/ohos_hap/web_engine/src/main/ets/adapter/AppWindowAdapter.ets:340:24
 Function may throw exceptions. Special handling is required.
[39m[39m
[33mWARN: [33m[33mArkTS:WARN File: /Volumes/Execute/Files/project/ame_new/archive_markdown_editor_hmos/app/ohos_hap/web_engine/src/main/ets/adapter/AppWindowAdapter.ets:400:24
 Function may throw exceptions. Special handling is required.
[39m[39m
[33mWARN: [33m[33mArkTS:WARN File: /Volumes/Execute/Files/project/ame_new/archive_markdown_editor_hmos/app/ohos_hap/web_engine/src/main/ets/adapter/AppWindowAdapter.ets:429:9
 Function may throw exceptions. Special handling is required.
[39m[39m
[33mWARN: [33m[33mArkTS:WARN File: /Volumes/Execute/Files/project/ame_new/archive_markdown_editor_hmos/app/ohos_hap/web_engine/src/main/ets/adapter/AppWindowAdapter.ets:533:7
 Function may throw exceptions. Special handling is required.
[39m[39m
[33mWARN: [33m[33mArkTS:WARN File: /Volumes/Execute/Files/project/ame_new/archive_markdown_editor_hmos/app/ohos_hap/web_engine/src/main/ets/adapter/AppWindowAdapter.ets:546:7
 Function may throw exceptions. Special handling is required.
[39m[39m
[33mWARN: [33m[33mArkTS:WARN File: /Volumes/Execute/Files/project/ame_new/archive_markdown_editor_hmos/app/ohos_hap/web_engine/src/main/ets/adapter/AppWindowAdapter.ets:555:20
 To use this API, you need to apply for the permissions: ohos.permission.PRIVACY_WINDOW
[39m[39m
[33mWARN: [33m[33mArkTS:WARN File: /Volumes/Execute/Files/project/ame_new/archive_markdown_editor_hmos/app/ohos_hap/web_engine/src/main/ets/adapter/AppWindowAdapter.ets:646:5
 Function may throw exceptions. Special handling is required.
[39m[39m
[33mWARN: [33m[33mArkTS:WARN File: /Volumes/Execute/Files/project/ame_new/archive_markdown_editor_hmos/app/ohos_hap/web_engine/src/main/ets/adapter/AppWindowAdapter.ets:652:16
 Function may throw exceptions. Special handling is required.
[39m[39m
[33mWARN: [33m[33mArkTS:WARN File: /Volumes/Execute/Files/project/ame_new/archive_markdown_editor_hmos/app/ohos_hap/web_engine/src/main/ets/adapter/AppWindowAdapter.ets:743:12
 To use this API, you need to apply for the permissions: ohos.permission.SYSTEM_FLOAT_WINDOW
[39m[39m
[33mWARN: [33m[33mArkTS:WARN File: /Volumes/Execute/Files/project/ame_new/archive_markdown_editor_hmos/app/ohos_hap/web_engine/src/main/ets/adapter/AppWindowAdapter.ets:796:20
 Function may throw exceptions. Special handling is required.
[39m[39m
[33mWARN: [33m[33mArkTS:WARN File: /Volumes/Execute/Files/project/ame_new/archive_markdown_editor_hmos/app/ohos_hap/web_engine/src/main/ets/adapter/BluetoothAdapter.ets:38:32
 To use this API, you need to apply for the permissions: ohos.permission.ACCESS_BLUETOOTH
[39m[39m
[33mWARN: [33m[33mArkTS:WARN File: /Volumes/Execute/Files/project/ame_new/archive_markdown_editor_hmos/app/ohos_hap/web_engine/src/main/ets/adapter/BluetoothAdapter.ets:49:18
 'setLocalName' has been deprecated.
[39m[39m
[33mWARN: [33m[33mArkTS:WARN File: /Volumes/Execute/Files/project/ame_new/archive_markdown_editor_hmos/app/ohos_hap/web_engine/src/main/ets/adapter/BluetoothAdapter.ets:49:18
 To use this API, you need to apply for the permissions: ohos.permission.ACCESS_BLUETOOTH
[39m[39m
[33mWARN: [33m[33mArkTS:WARN File: /Volumes/Execute/Files/project/ame_new/archive_markdown_editor_hmos/app/ohos_hap/web_engine/src/main/ets/adapter/BluetoothAdapter.ets:73:16
 To use this API, you need to apply for the permissions: ohos.permission.ACCESS_BLUETOOTH
[39m[39m
[33mWARN: [33m[33mArkTS:WARN File: /Volumes/Execute/Files/project/ame_new/archive_markdown_editor_hmos/app/ohos_hap/web_engine/src/main/ets/adapter/BluetoothAdapter.ets:84:16
 To use this API, you need to apply for the permissions: ohos.permission.ACCESS_BLUETOOTH
[39m[39m
[33mWARN: [33m[33mArkTS:WARN File: /Volumes/Execute/Files/project/ame_new/archive_markdown_editor_hmos/app/ohos_hap/web_engine/src/main/ets/adapter/BluetoothAdapter.ets:117:54
 To use this API, you need to apply for the permissions: ohos.permission.ACCESS_BLUETOOTH
[39m[39m
[33mWARN: [33m[33mArkTS:WARN File: /Volumes/Execute/Files/project/ame_new/archive_markdown_editor_hmos/app/ohos_hap/web_engine/src/main/ets/adapter/BluetoothAdapter.ets:128:18
 To use this API, you need to apply for the permissions: ohos.permission.ACCESS_BLUETOOTH
[39m[39m
[33mWARN: [33m[33mArkTS:WARN File: /Volumes/Execute/Files/project/ame_new/archive_markdown_editor_hmos/app/ohos_hap/web_engine/src/main/ets/adapter/BluetoothAdapter.ets:137:18
 To use this API, you need to apply for the permissions: ohos.permission.ACCESS_BLUETOOTH
[39m[39m
[33mWARN: [33m[33mArkTS:WARN File: /Volumes/Execute/Files/project/ame_new/archive_markdown_editor_hmos/app/ohos_hap/web_engine/src/main/ets/adapter/BluetoothAdapter.ets:146:18
 To use this API, you need to apply for the permissions: ohos.permission.ACCESS_BLUETOOTH
[39m[39m
[33mWARN: [33m[33mArkTS:WARN File: /Volumes/Execute/Files/project/ame_new/archive_markdown_editor_hmos/app/ohos_hap/web_engine/src/main/ets/adapter/BluetoothAdapter.ets:158:18
 To use this API, you need to apply for the permissions: ohos.permission.ACCESS_BLUETOOTH
[39m[39m
[33mWARN: [33m[33mArkTS:WARN File: /Volumes/Execute/Files/project/ame_new/archive_markdown_editor_hmos/app/ohos_hap/web_engine/src/main/ets/adapter/BluetoothAdapter.ets:167:18
 To use this API, you need to apply for the permissions: ohos.permission.ACCESS_BLUETOOTH
[39m[39m
[33mWARN: [33m[33mArkTS:WARN File: /Volumes/Execute/Files/project/ame_new/archive_markdown_editor_hmos/app/ohos_hap/web_engine/src/main/ets/adapter/BluetoothAdapter.ets:177:37
 To use this API, you need to apply for the permissions: ohos.permission.ACCESS_BLUETOOTH
[39m[39m
[33mWARN: [33m[33mArkTS:WARN File: /Volumes/Execute/Files/project/ame_new/archive_markdown_editor_hmos/app/ohos_hap/web_engine/src/main/ets/adapter/BluetoothAdapter.ets:188:57
 To use this API, you need to apply for the permissions: ohos.permission.ACCESS_BLUETOOTH
[39m[39m
[33mWARN: [33m[33mArkTS:WARN File: /Volumes/Execute/Files/project/ame_new/archive_markdown_editor_hmos/app/ohos_hap/web_engine/src/main/ets/adapter/BluetoothAdapter.ets:213:18
 To use this API, you need to apply for the permissions: ohos.permission.ACCESS_BLUETOOTH
[39m[39m
[33mWARN: [33m[33mArkTS:WARN File: /Volumes/Execute/Files/project/ame_new/archive_markdown_editor_hmos/app/ohos_hap/web_engine/src/main/ets/adapter/BluetoothAdapter.ets:231:28
 To use this API, you need to apply for the permissions: ohos.permission.ACCESS_BLUETOOTH
[39m[39m
[33mWARN: [33m[33mArkTS:WARN File: /Volumes/Execute/Files/project/ame_new/archive_markdown_editor_hmos/app/ohos_hap/web_engine/src/main/ets/adapter/BluetoothAdapter.ets:241:18
 To use this API, you need to apply for the permissions: ohos.permission.ACCESS_BLUETOOTH
[39m[39m
[33mWARN: [33m[33mArkTS:WARN File: /Volumes/Execute/Files/project/ame_new/archive_markdown_editor_hmos/app/ohos_hap/web_engine/src/main/ets/adapter/BluetoothAdapter.ets:261:34
 To use this API, you need to apply for the permissions: ohos.permission.ACCESS_BLUETOOTH
[39m[39m
[33mWARN: [33m[33mArkTS:WARN File: /Volumes/Execute/Files/project/ame_new/archive_markdown_editor_hmos/app/ohos_hap/web_engine/src/main/ets/adapter/BluetoothAdapter.ets:273:56
 To use this API, you need to apply for the permissions: ohos.permission.ACCESS_BLUETOOTH
[39m[39m
[33mWARN: [33m[33mArkTS:WARN File: /Volumes/Execute/Files/project/ame_new/archive_markdown_editor_hmos/app/ohos_hap/web_engine/src/main/ets/adapter/BluetoothLowEnergyAdapter.ets:68:11
 To use this API, you need to apply for the permissions: ohos.permission.ACCESS_BLUETOOTH
[39m[39m
[33mWARN: [33m[33mArkTS:WARN File: /Volumes/Execute/Files/project/ame_new/archive_markdown_editor_hmos/app/ohos_hap/web_engine/src/main/ets/adapter/BluetoothLowEnergyAdapter.ets:77:11
 To use this API, you need to apply for the permissions: ohos.permission.ACCESS_BLUETOOTH
[39m[39m
[33mWARN: [33m[33mArkTS:WARN File: /Volumes/Execute/Files/project/ame_new/archive_markdown_editor_hmos/app/ohos_hap/web_engine/src/main/ets/adapter/BluetoothLowEnergyAdapter.ets:93:11
 To use this API, you need to apply for the permissions: ohos.permission.ACCESS_BLUETOOTH
[39m[39m
[33mWARN: [33m[33mArkTS:WARN File: /Volumes/Execute/Files/project/ame_new/archive_markdown_editor_hmos/app/ohos_hap/web_engine/src/main/ets/adapter/BluetoothLowEnergyAdapter.ets:103:11
 To use this API, you need to apply for the permissions: ohos.permission.ACCESS_BLUETOOTH
[39m[39m
[33mWARN: [33m[33mArkTS:WARN File: /Volumes/Execute/Files/project/ame_new/archive_markdown_editor_hmos/app/ohos_hap/web_engine/src/main/ets/adapter/BluetoothLowEnergyAdapter.ets:111:9
 Function may throw exceptions. Special handling is required.
[39m[39m
[33mWARN: [33m[33mArkTS:WARN File: /Volumes/Execute/Files/project/ame_new/archive_markdown_editor_hmos/app/ohos_hap/web_engine/src/main/ets/adapter/BluetoothLowEnergyAdapter.ets:117:14
 To use this API, you need to apply for the permissions: ohos.permission.ACCESS_BLUETOOTH
[39m[39m
[33mWARN: [33m[33mArkTS:WARN File: /Volumes/Execute/Files/project/ame_new/archive_markdown_editor_hmos/app/ohos_hap/web_engine/src/main/ets/adapter/BluetoothLowEnergyAdapter.ets:126:14
 To use this API, you need to apply for the permissions: ohos.permission.ACCESS_BLUETOOTH
[39m[39m
[33mWARN: [33m[33mArkTS:WARN File: /Volumes/Execute/Files/project/ame_new/archive_markdown_editor_hmos/app/ohos_hap/web_engine/src/main/ets/adapter/BluetoothLowEnergyAdapter.ets:134:10
 Function may throw exceptions. Special handling is required.
[39m[39m
[33mWARN: [33m[33mArkTS:WARN File: /Volumes/Execute/Files/project/ame_new/archive_markdown_editor_hmos/app/ohos_hap/web_engine/src/main/ets/adapter/BluetoothLowEnergyAdapter.ets:138:40
 Function may throw exceptions. Special handling is required.
[39m[39m
[33mWARN: [33m[33mArkTS:WARN File: /Volumes/Execute/Files/project/ame_new/archive_markdown_editor_hmos/app/ohos_hap/web_engine/src/main/ets/adapter/BluetoothLowEnergyAdapter.ets:140:14
 To use this API, you need to apply for the permissions: ohos.permission.ACCESS_BLUETOOTH
[39m[39m
[33mWARN: [33m[33mArkTS:WARN File: /Volumes/Execute/Files/project/ame_new/archive_markdown_editor_hmos/app/ohos_hap/web_engine/src/main/ets/adapter/BluetoothLowEnergyAdapter.ets:141:14
 To use this API, you need to apply for the permissions: ohos.permission.ACCESS_BLUETOOTH
[39m[39m
[33mWARN: [33m[33mArkTS:WARN File: /Volumes/Execute/Files/project/ame_new/archive_markdown_editor_hmos/app/ohos_hap/web_engine/src/main/ets/adapter/BluetoothLowEnergyAdapter.ets:151:11
 To use this API, you need to apply for the permissions: ohos.permission.ACCESS_BLUETOOTH
[39m[39m
[33mWARN: [33m[33mArkTS:WARN File: /Volumes/Execute/Files/project/ame_new/archive_markdown_editor_hmos/app/ohos_hap/web_engine/src/main/ets/adapter/BluetoothLowEnergyAdapter.ets:160:11
 To use this API, you need to apply for the permissions: ohos.permission.ACCESS_BLUETOOTH
[39m[39m
[33mWARN: [33m[33mArkTS:WARN File: /Volumes/Execute/Files/project/ame_new/archive_markdown_editor_hmos/app/ohos_hap/web_engine/src/main/ets/adapter/BluetoothLowEnergyAdapter.ets:214:11
 To use this API, you need to apply for the permissions: ohos.permission.ACCESS_BLUETOOTH
[39m[39m
[33mWARN: [33m[33mArkTS:WARN File: /Volumes/Execute/Files/project/ame_new/archive_markdown_editor_hmos/app/ohos_hap/web_engine/src/main/ets/adapter/BluetoothLowEnergyAdapter.ets:226:11
 To use this API, you need to apply for the permissions: ohos.permission.ACCESS_BLUETOOTH
[39m[39m
[33mWARN: [33m[33mArkTS:WARN File: /Volumes/Execute/Files/project/ame_new/archive_markdown_editor_hmos/app/ohos_hap/web_engine/src/main/ets/adapter/BluetoothLowEnergyAdapter.ets:242:5
 Function may throw exceptions. Special handling is required.
[39m[39m
[33mWARN: [33m[33mArkTS:WARN File: /Volumes/Execute/Files/project/ame_new/archive_markdown_editor_hmos/app/ohos_hap/web_engine/src/main/ets/adapter/BluetoothLowEnergyAdapter.ets:247:5
 Function may throw exceptions. Special handling is required.
[39m[39m
[33mWARN: [33m[33mArkTS:WARN File: /Volumes/Execute/Files/project/ame_new/archive_markdown_editor_hmos/app/ohos_hap/web_engine/src/main/ets/adapter/BluetoothLowEnergyAdapter.ets:253:9
 Function may throw exceptions. Special handling is required.
[39m[39m
[33mWARN: [33m[33mArkTS:WARN File: /Volumes/Execute/Files/project/ame_new/archive_markdown_editor_hmos/app/ohos_hap/web_engine/src/main/ets/adapter/BluetoothLowEnergyAdapter.ets:254:20
 Function may throw exceptions. Special handling is required.
[39m[39m
[33mWARN: [33m[33mArkTS:WARN File: /Volumes/Execute/Files/project/ame_new/archive_markdown_editor_hmos/app/ohos_hap/web_engine/src/main/ets/adapter/BluetoothLowEnergyAdapter.ets:259:12
 Function may throw exceptions. Special handling is required.
[39m[39m
[33mWARN: [33m[33mArkTS:WARN File: /Volumes/Execute/Files/project/ame_new/archive_markdown_editor_hmos/app/ohos_hap/web_engine/src/main/ets/adapter/BluetoothLowEnergyAdapter.ets:264:5
 Function may throw exceptions. Special handling is required.
[39m[39m
[33mWARN: [33m[33mArkTS:WARN File: /Volumes/Execute/Files/project/ame_new/archive_markdown_editor_hmos/app/ohos_hap/web_engine/src/main/ets/adapter/BluetoothLowEnergyAdapter.ets:264:12
 To use this API, you need to apply for the permissions: ohos.permission.ACCESS_BLUETOOTH
[39m[39m
[33mWARN: [33m[33mArkTS:WARN File: /Volumes/Execute/Files/project/ame_new/archive_markdown_editor_hmos/app/ohos_hap/web_engine/src/main/ets/adapter/BluetoothLowEnergyAdapter.ets:283:26
 Function may throw exceptions. Special handling is required.
[39m[39m
[33mWARN: [33m[33mArkTS:WARN File: /Volumes/Execute/Files/project/ame_new/archive_markdown_editor_hmos/app/ohos_hap/web_engine/src/main/ets/adapter/BluetoothLowEnergyAdapter.ets:290:57
 To use this API, you need to apply for the permissions: ohos.permission.ACCESS_BLUETOOTH
[39m[39m
[33mWARN: [33m[33mArkTS:WARN File: /Volumes/Execute/Files/project/ame_new/archive_markdown_editor_hmos/app/ohos_hap/web_engine/src/main/ets/adapter/BluetoothLowEnergyAdapter.ets:301:26
 Function may throw exceptions. Special handling is required.
[39m[39m
[33mWARN: [33m[33mArkTS:WARN File: /Volumes/Execute/Files/project/ame_new/archive_markdown_editor_hmos/app/ohos_hap/web_engine/src/main/ets/adapter/BluetoothLowEnergyAdapter.ets:309:57
 To use this API, you need to apply for the permissions: ohos.permission.ACCESS_BLUETOOTH
[39m[39m
[33mWARN: [33m[33mArkTS:WARN File: /Volumes/Execute/Files/project/ame_new/archive_markdown_editor_hmos/app/ohos_hap/web_engine/src/main/ets/adapter/BluetoothLowEnergyAdapter.ets:320:26
 Function may throw exceptions. Special handling is required.
[39m[39m
[33mWARN: [33m[33mArkTS:WARN File: /Volumes/Execute/Files/project/ame_new/archive_markdown_editor_hmos/app/ohos_hap/web_engine/src/main/ets/adapter/BluetoothLowEnergyAdapter.ets:329:59
 To use this API, you need to apply for the permissions: ohos.permission.ACCESS_BLUETOOTH
[39m[39m
[33mWARN: [33m[33mArkTS:WARN File: /Volumes/Execute/Files/project/ame_new/archive_markdown_editor_hmos/app/ohos_hap/web_engine/src/main/ets/adapter/BluetoothLowEnergyAdapter.ets:331:59
 To use this API, you need to apply for the permissions: ohos.permission.ACCESS_BLUETOOTH
[39m[39m
[33mWARN: [33m[33mArkTS:WARN File: /Volumes/Execute/Files/project/ame_new/archive_markdown_editor_hmos/app/ohos_hap/web_engine/src/main/ets/adapter/BluetoothLowEnergyAdapter.ets:343:22
 Function may throw exceptions. Special handling is required.
[39m[39m
[33mWARN: [33m[33mArkTS:WARN File: /Volumes/Execute/Files/project/ame_new/archive_markdown_editor_hmos/app/ohos_hap/web_engine/src/main/ets/adapter/BluetoothLowEnergyAdapter.ets:350:57
 To use this API, you need to apply for the permissions: ohos.permission.ACCESS_BLUETOOTH
[39m[39m
[33mWARN: [33m[33mArkTS:WARN File: /Volumes/Execute/Files/project/ame_new/archive_markdown_editor_hmos/app/ohos_hap/web_engine/src/main/ets/adapter/BluetoothLowEnergyAdapter.ets:361:26
 Function may throw exceptions. Special handling is required.
[39m[39m
[33mWARN: [33m[33mArkTS:WARN File: /Volumes/Execute/Files/project/ame_new/archive_markdown_editor_hmos/app/ohos_hap/web_engine/src/main/ets/adapter/BluetoothLowEnergyAdapter.ets:367:18
 Function may throw exceptions. Special handling is required.
[39m[39m
[33mWARN: [33m[33mArkTS:WARN File: /Volumes/Execute/Files/project/ame_new/archive_markdown_editor_hmos/app/ohos_hap/web_engine/src/main/ets/adapter/BluetoothLowEnergyAdapter.ets:373:5
 Function may throw exceptions. Special handling is required.
[39m[39m
[33mWARN: [33m[33mArkTS:WARN File: /Volumes/Execute/Files/project/ame_new/archive_markdown_editor_hmos/app/ohos_hap/web_engine/src/main/ets/adapter/BluetoothLowEnergyAdapter.ets:373:12
 To use this API, you need to apply for the permissions: ohos.permission.ACCESS_BLUETOOTH
[39m[39m
[33mWARN: [33m[33mArkTS:WARN File: /Volumes/Execute/Files/project/ame_new/archive_markdown_editor_hmos/app/ohos_hap/web_engine/src/main/ets/adapter/BluetoothLowEnergyAdapter.ets:374:5
 Function may throw exceptions. Special handling is required.
[39m[39m
[33mWARN: [33m[33mArkTS:WARN File: /Volumes/Execute/Files/project/ame_new/archive_markdown_editor_hmos/app/ohos_hap/web_engine/src/main/ets/adapter/BluetoothLowEnergyAdapter.ets:375:5
 Function may throw exceptions. Special handling is required.
[39m[39m
[33mWARN: [33m[33mArkTS:WARN File: /Volumes/Execute/Files/project/ame_new/archive_markdown_editor_hmos/app/ohos_hap/web_engine/src/main/ets/adapter/BluetoothLowEnergyAdapter.ets:375:12
 To use this API, you need to apply for the permissions: ohos.permission.ACCESS_BLUETOOTH
[39m[39m
[33mWARN: [33m[33mArkTS:WARN File: /Volumes/Execute/Files/project/ame_new/archive_markdown_editor_hmos/app/ohos_hap/web_engine/src/main/ets/adapter/BluetoothLowEnergyAdapter.ets:388:18
 Function may throw exceptions. Special handling is required.
[39m[39m
[33mWARN: [33m[33mArkTS:WARN File: /Volumes/Execute/Files/project/ame_new/archive_markdown_editor_hmos/app/ohos_hap/web_engine/src/main/ets/adapter/BluetoothLowEnergyAdapter.ets:394:5
 Function may throw exceptions. Special handling is required.
[39m[39m
[33mWARN: [33m[33mArkTS:WARN File: /Volumes/Execute/Files/project/ame_new/archive_markdown_editor_hmos/app/ohos_hap/web_engine/src/main/ets/adapter/BluetoothLowEnergyAdapter.ets:397:16
 To use this API, you need to apply for the permissions: ohos.permission.ACCESS_BLUETOOTH
[39m[39m
[33mWARN: [33m[33mArkTS:WARN File: /Volumes/Execute/Files/project/ame_new/archive_markdown_editor_hmos/app/ohos_hap/web_engine/src/main/ets/adapter/BluetoothLowEnergyAdapter.ets:410:22
 Function may throw exceptions. Special handling is required.
[39m[39m
[33mWARN: [33m[33mArkTS:WARN File: /Volumes/Execute/Files/project/ame_new/archive_markdown_editor_hmos/app/ohos_hap/web_engine/src/main/ets/adapter/BluetoothLowEnergyAdapter.ets:417:57
 To use this API, you need to apply for the permissions: ohos.permission.ACCESS_BLUETOOTH
[39m[39m
[33mWARN: [33m[33mArkTS:WARN File: /Volumes/Execute/Files/project/ame_new/archive_markdown_editor_hmos/app/ohos_hap/web_engine/src/main/ets/adapter/BluetoothLowEnergyAdapter.ets:443:19
 Function may throw exceptions. Special handling is required.
[39m[39m
[33mWARN: [33m[33mArkTS:WARN File: /Volumes/Execute/Files/project/ame_new/archive_markdown_editor_hmos/app/ohos_hap/web_engine/src/main/ets/adapter/BluetoothLowEnergyAdapter.ets:483:26
 Function may throw exceptions. Special handling is required.
[39m[39m
[33mWARN: [33m[33mArkTS:WARN File: /Volumes/Execute/Files/project/ame_new/archive_markdown_editor_hmos/app/ohos_hap/web_engine/src/main/ets/adapter/BrowserPolicyAdapter.ets:22:40
 'decodeWithStream' has been deprecated.
[39m[39m
[33mWARN: [33m[33mArkTS:WARN File: /Volumes/Execute/Files/project/ame_new/archive_markdown_editor_hmos/app/ohos_hap/web_engine/src/main/ets/adapter/CertManagerAdapter.ets:45:15
 Function may throw exceptions. Special handling is required.
[39m[39m
[33mWARN: [33m[33mArkTS:WARN File: /Volumes/Execute/Files/project/ame_new/archive_markdown_editor_hmos/app/ohos_hap/web_engine/src/main/ets/adapter/CertManagerAdapter.ets:49:20
 Function may throw exceptions. Special handling is required.
[39m[39m
[33mWARN: [33m[33mArkTS:WARN File: /Volumes/Execute/Files/project/ame_new/archive_markdown_editor_hmos/app/ohos_hap/web_engine/src/main/ets/adapter/CertManagerAdapter.ets:50:16
 Function may throw exceptions. Special handling is required.
[39m[39m
[33mWARN: [33m[33mArkTS:WARN File: /Volumes/Execute/Files/project/ame_new/archive_markdown_editor_hmos/app/ohos_hap/web_engine/src/main/ets/adapter/CertManagerAdapter.ets:52:5
 Function may throw exceptions. Special handling is required.
[39m[39m
[33mWARN: [33m[33mArkTS:WARN File: /Volumes/Execute/Files/project/ame_new/archive_markdown_editor_hmos/app/ohos_hap/web_engine/src/main/ets/adapter/CertManagerAdapter.ets:53:5
 Function may throw exceptions. Special handling is required.
[39m[39m
[33mWARN: [33m[33mArkTS:WARN File: /Volumes/Execute/Files/project/ame_new/archive_markdown_editor_hmos/app/ohos_hap/web_engine/src/main/ets/adapter/CertManagerAdapter.ets:64:17
 To use this API, you need to apply for the permissions: ohos.permission.ACCESS_CERT_MANAGER
[39m[39m
[33mWARN: [33m[33mArkTS:WARN File: /Volumes/Execute/Files/project/ame_new/archive_markdown_editor_hmos/app/ohos_hap/web_engine/src/main/ets/adapter/CertManagerAdapter.ets:81:26
 To use this API, you need to apply for the permissions: ohos.permission.ACCESS_CERT_MANAGER
[39m[39m
[33mWARN: [33m[33mArkTS:WARN File: /Volumes/Execute/Files/project/ame_new/archive_markdown_editor_hmos/app/ohos_hap/web_engine/src/main/ets/adapter/CertManagerAdapter.ets:90:44
 To use this API, you need to apply for the permissions: ohos.permission.ACCESS_CERT_MANAGER
[39m[39m
[33mWARN: [33m[33mArkTS:WARN File: /Volumes/Execute/Files/project/ame_new/archive_markdown_editor_hmos/app/ohos_hap/web_engine/src/main/ets/adapter/CertManagerAdapter.ets:112:17
 To use this API, you need to apply for the permissions: ohos.permission.ACCESS_CERT_MANAGER
[39m[39m
[33mWARN: [33m[33mArkTS:WARN File: /Volumes/Execute/Files/project/ame_new/archive_markdown_editor_hmos/app/ohos_hap/web_engine/src/main/ets/adapter/CertManagerAdapter.ets:129:17
 To use this API, you need to apply for the permissions: ohos.permission.ACCESS_CERT_MANAGER
[39m[39m
[33mWARN: [33m[33mArkTS:WARN File: /Volumes/Execute/Files/project/ame_new/archive_markdown_editor_hmos/app/ohos_hap/web_engine/src/main/ets/adapter/CertManagerAdapter.ets:136:19
 To use this API, you need to apply for the permissions: ohos.permission.ACCESS_CERT_MANAGER
[39m[39m
[33mWARN: [33m[33mArkTS:WARN File: /Volumes/Execute/Files/project/ame_new/archive_markdown_editor_hmos/app/ohos_hap/web_engine/src/main/ets/adapter/CertManagerAdapter.ets:142:21
 To use this API, you need to apply for the permissions: ohos.permission.ACCESS_CERT_MANAGER
[39m[39m
[33mWARN: [33m[33mArkTS:WARN File: /Volumes/Execute/Files/project/ame_new/archive_markdown_editor_hmos/app/ohos_hap/web_engine/src/main/ets/adapter/CertManagerAdapter.ets:154:33
 Function may throw exceptions. Special handling is required.
[39m[39m
[33mWARN: [33m[33mArkTS:WARN File: /Volumes/Execute/Files/project/ame_new/archive_markdown_editor_hmos/app/ohos_hap/web_engine/src/main/ets/adapter/CertManagerAdapter.ets:176:15
 Function may throw exceptions. Special handling is required.
[39m[39m
[33mWARN: [33m[33mArkTS:WARN File: /Volumes/Execute/Files/project/ame_new/archive_markdown_editor_hmos/app/ohos_hap/web_engine/src/main/ets/adapter/CertManagerAdapter.ets:181:21
 Function may throw exceptions. Special handling is required.
[39m[39m
[33mWARN: [33m[33mArkTS:WARN File: /Volumes/Execute/Files/project/ame_new/archive_markdown_editor_hmos/app/ohos_hap/web_engine/src/main/ets/adapter/CertManagerAdapter.ets:201:32
 To use this API, you need to apply for the permissions: ohos.permission.ACCESS_CERT_MANAGER
[39m[39m
[33mWARN: [33m[33mArkTS:WARN File: /Volumes/Execute/Files/project/ame_new/archive_markdown_editor_hmos/app/ohos_hap/web_engine/src/main/ets/adapter/CursorAdapter.ets:44:22
 Function may throw exceptions. Special handling is required.
[39m[39m
[33mWARN: [33m[33mArkTS:WARN File: /Volumes/Execute/Files/project/ame_new/archive_markdown_editor_hmos/app/ohos_hap/web_engine/src/main/ets/adapter/DeviceAdapter.ets:115:12
 Function may throw exceptions. Special handling is required.
[39m[39m
[33mWARN: [33m[33mArkTS:WARN File: /Volumes/Execute/Files/project/ame_new/archive_markdown_editor_hmos/app/ohos_hap/web_engine/src/main/ets/adapter/DeviceUserAuthAdapter.ets:43:16
 To use this API, you need to apply for the permissions: ohos.permission.ACCESS_BIOMETRIC
[39m[39m
[33mWARN: [33m[33mArkTS:WARN File: /Volumes/Execute/Files/project/ame_new/archive_markdown_editor_hmos/app/ohos_hap/web_engine/src/main/ets/adapter/DeviceUserAuthAdapter.ets:56:16
 To use this API, you need to apply for the permissions: ohos.permission.ACCESS_BIOMETRIC
[39m[39m
[33mWARN: [33m[33mArkTS:WARN File: /Volumes/Execute/Files/project/ame_new/archive_markdown_editor_hmos/app/ohos_hap/web_engine/src/main/ets/adapter/DeviceUserAuthAdapter.ets:96:11
 Function may throw exceptions. Special handling is required.
[39m[39m
[33mWARN: [33m[33mArkTS:WARN File: /Volumes/Execute/Files/project/ame_new/archive_markdown_editor_hmos/app/ohos_hap/web_engine/src/main/ets/adapter/DeviceUserAuthAdapter.ets:107:24
 To use this API, you need to apply for the permissions: ohos.permission.ACCESS_BIOMETRIC or ohos.permission.USER_AUTH_FROM_BACKGROUND
[39m[39m
[33mWARN: [33m[33mArkTS:WARN File: /Volumes/Execute/Files/project/ame_new/archive_markdown_editor_hmos/app/ohos_hap/web_engine/src/main/ets/adapter/ElectronAppAdapter.ets:66:24
 'getSystemLocale' has been deprecated.
[39m[39m
[33mWARN: [33m[33mArkTS:WARN File: /Volumes/Execute/Files/project/ame_new/archive_markdown_editor_hmos/app/ohos_hap/web_engine/src/main/ets/adapter/ElectronAppAdapter.ets:113:5
 Function may throw exceptions. Special handling is required.
[39m[39m
[33mWARN: [33m[33mArkTS:WARN File: /Volumes/Execute/Files/project/ame_new/archive_markdown_editor_hmos/app/ohos_hap/web_engine/src/main/ets/adapter/ElectronAppAdapter.ets:126:5
 Function may throw exceptions. Special handling is required.
[39m[39m
[33mWARN: [33m[33mArkTS:WARN File: /Volumes/Execute/Files/project/ame_new/archive_markdown_editor_hmos/app/ohos_hap/web_engine/src/main/ets/adapter/FileManagerAdapter.ets:128:26
 To use this API, you need to apply for the permissions: ohos.permission.GET_FILE_ICON
[39m[39m
[33mWARN: [33m[33mArkTS:WARN File: /Volumes/Execute/Files/project/ame_new/archive_markdown_editor_hmos/app/ohos_hap/web_engine/src/main/ets/adapter/FilePickerAdapter.ets:50:30
 Function may throw exceptions. Special handling is required.
[39m[39m
[33mWARN: [33m[33mArkTS:WARN File: /Volumes/Execute/Files/project/ame_new/archive_markdown_editor_hmos/app/ohos_hap/web_engine/src/main/ets/adapter/FilePickerAdapter.ets:73:27
 The system capacity of this api 'selectMode' is not supported on all devices
[39m[39m
[33mWARN: [33m[33mArkTS:WARN File: /Volumes/Execute/Files/project/ame_new/archive_markdown_editor_hmos/app/ohos_hap/web_engine/src/main/ets/adapter/FilePickerAdapter.ets:73:47
 The system capacity of this api 'DocumentSelectMode' is not supported on all devices
[39m[39m
[33mWARN: [33m[33mArkTS:WARN File: /Volumes/Execute/Files/project/ame_new/archive_markdown_editor_hmos/app/ohos_hap/web_engine/src/main/ets/adapter/FilePickerAdapter.ets:73:66
 The system capacity of this api 'FOLDER' is not supported on all devices
[39m[39m
[33mWARN: [33m[33mArkTS:WARN File: /Volumes/Execute/Files/project/ame_new/archive_markdown_editor_hmos/app/ohos_hap/web_engine/src/main/ets/adapter/FilePickerAdapter.ets:99:30
 Function may throw exceptions. Special handling is required.
[39m[39m
[33mWARN: [33m[33mArkTS:WARN File: /Volumes/Execute/Files/project/ame_new/archive_markdown_editor_hmos/app/ohos_hap/web_engine/src/main/ets/adapter/FilePickerAdapter.ets:121:21
 Function may throw exceptions. Special handling is required.
[39m[39m
[33mWARN: [33m[33mArkTS:WARN File: /Volumes/Execute/Files/project/ame_new/archive_markdown_editor_hmos/app/ohos_hap/web_engine/src/main/ets/adapter/FilePickerAdapter.ets:178:30
 Function may throw exceptions. Special handling is required.
[39m[39m
[33mWARN: [33m[33mArkTS:WARN File: /Volumes/Execute/Files/project/ame_new/archive_markdown_editor_hmos/app/ohos_hap/web_engine/src/main/ets/adapter/FontAdapter.ets:18:42
 'getFontByName' has been deprecated.
[39m[39m
[33mWARN: [33m[33mArkTS:WARN File: /Volumes/Execute/Files/project/ame_new/archive_markdown_editor_hmos/app/ohos_hap/web_engine/src/main/ets/adapter/FontAdapter.ets:22:26
 'getSystemFontList' has been deprecated.
[39m[39m
[33mWARN: [33m[33mArkTS:WARN File: /Volumes/Execute/Files/project/ame_new/archive_markdown_editor_hmos/app/ohos_hap/web_engine/src/main/ets/adapter/FontAdapter.ets:45:26
 'getFontByName' has been deprecated.
[39m[39m
[33mWARN: [33m[33mArkTS:WARN File: /Volumes/Execute/Files/project/ame_new/archive_markdown_editor_hmos/app/ohos_hap/web_engine/src/main/ets/adapter/I18nAdapter.ets:25:22
 'Locale' has been deprecated.
[39m[39m
[33mWARN: [33m[33mArkTS:WARN File: /Volumes/Execute/Files/project/ame_new/archive_markdown_editor_hmos/app/ohos_hap/web_engine/src/main/ets/adapter/I18nAdapter.ets:25:32
 'language' has been deprecated.
[39m[39m
[33mWARN: [33m[33mArkTS:WARN File: /Volumes/Execute/Files/project/ame_new/archive_markdown_editor_hmos/app/ohos_hap/web_engine/src/main/ets/adapter/I18nAdapter.ets:30:22
 'Locale' has been deprecated.
[39m[39m
[33mWARN: [33m[33mArkTS:WARN File: /Volumes/Execute/Files/project/ame_new/archive_markdown_editor_hmos/app/ohos_hap/web_engine/src/main/ets/adapter/I18nAdapter.ets:30:32
 'region' has been deprecated.
[39m[39m
[33mWARN: [33m[33mArkTS:WARN File: /Volumes/Execute/Files/project/ame_new/archive_markdown_editor_hmos/app/ohos_hap/web_engine/src/main/ets/adapter/IMFAdapter.ets:143:5
 Function may throw exceptions. Special handling is required.
[39m[39m
[33mWARN: [33m[33mArkTS:WARN File: /Volumes/Execute/Files/project/ame_new/archive_markdown_editor_hmos/app/ohos_hap/web_engine/src/main/ets/adapter/IMFAdapter.ets:147:5
 Function may throw exceptions. Special handling is required.
[39m[39m
[33mWARN: [33m[33mArkTS:WARN File: /Volumes/Execute/Files/project/ame_new/archive_markdown_editor_hmos/app/ohos_hap/web_engine/src/main/ets/adapter/IMFAdapter.ets:150:5
 Function may throw exceptions. Special handling is required.
[39m[39m
[33mWARN: [33m[33mArkTS:WARN File: /Volumes/Execute/Files/project/ame_new/archive_markdown_editor_hmos/app/ohos_hap/web_engine/src/main/ets/adapter/IMFAdapter.ets:153:5
 Function may throw exceptions. Special handling is required.
[39m[39m
[33mWARN: [33m[33mArkTS:WARN File: /Volumes/Execute/Files/project/ame_new/archive_markdown_editor_hmos/app/ohos_hap/web_engine/src/main/ets/adapter/IMFAdapter.ets:156:5
 Function may throw exceptions. Special handling is required.
[39m[39m
[33mWARN: [33m[33mArkTS:WARN File: /Volumes/Execute/Files/project/ame_new/archive_markdown_editor_hmos/app/ohos_hap/web_engine/src/main/ets/adapter/MediaAdapter.ets:56:19
 'getContext' has been deprecated.
[39m[39m
[33mWARN: [33m[33mArkTS:WARN File: /Volumes/Execute/Files/project/ame_new/archive_markdown_editor_hmos/app/ohos_hap/web_engine/src/main/ets/adapter/MediaAdapter.ets:57:25
 Function may throw exceptions. Special handling is required.
[39m[39m
[33mWARN: [33m[33mArkTS:WARN File: /Volumes/Execute/Files/project/ame_new/archive_markdown_editor_hmos/app/ohos_hap/web_engine/src/main/ets/adapter/NativeMessagingAdapter.ets:68:74
 The 'extensionPid' API is supported since SDK version 21. However, the current compatible SDK version is 5.0.5(17).
[39m[39m
[33mWARN: [33m[33mArkTS:WARN File: /Volumes/Execute/Files/project/ame_new/archive_markdown_editor_hmos/app/ohos_hap/web_engine/src/main/ets/adapter/NativeMessagingAdapter.ets:104:57
 To use this API, you need to apply for the permissions: ohos.permission.WEB_NATIVE_MESSAGING
[39m[39m
[33mWARN: [33m[33mArkTS:WARN File: /Volumes/Execute/Files/project/ame_new/archive_markdown_editor_hmos/app/ohos_hap/web_engine/src/main/ets/adapter/NativeMessagingAdapter.ets:117:42
 To use this API, you need to apply for the permissions: ohos.permission.WEB_NATIVE_MESSAGING
[39m[39m
[33mWARN: [33m[33mArkTS:WARN File: /Volumes/Execute/Files/project/ame_new/archive_markdown_editor_hmos/app/ohos_hap/web_engine/src/main/ets/adapter/NativeMessagingAdapter.ets:126:5
 The 'dataShare' API is supported since SDK version 20. However, the current compatible SDK version is 5.0.5(17).
[39m[39m
[33mWARN: [33m[33mArkTS:WARN File: /Volumes/Execute/Files/project/ame_new/archive_markdown_editor_hmos/app/ohos_hap/web_engine/src/main/ets/adapter/NativeMessagingAdapter.ets:126:15
 The 'createDataProxyHandle' API is supported since SDK version 20. However, the current compatible SDK version is 5.0.5(17).
[39m[39m
[33mWARN: [33m[33mArkTS:WARN File: /Volumes/Execute/Files/project/ame_new/archive_markdown_editor_hmos/app/ohos_hap/web_engine/src/main/ets/adapter/NativeMessagingAdapter.ets:130:15
 The 'dataShare' API is supported since SDK version 20. However, the current compatible SDK version is 5.0.5(17).
[39m[39m
[33mWARN: [33m[33mArkTS:WARN File: /Volumes/Execute/Files/project/ame_new/archive_markdown_editor_hmos/app/ohos_hap/web_engine/src/main/ets/adapter/NativeMessagingAdapter.ets:130:25
 The 'DataProxyType' API is supported since SDK version 20. However, the current compatible SDK version is 5.0.5(17).
[39m[39m
[33mWARN: [33m[33mArkTS:WARN File: /Volumes/Execute/Files/project/ame_new/archive_markdown_editor_hmos/app/ohos_hap/web_engine/src/main/ets/adapter/NativeMessagingAdapter.ets:130:39
 The 'SHARED_CONFIG' API is supported since SDK version 20. However, the current compatible SDK version is 5.0.5(17).
[39m[39m
[33mWARN: [33m[33mArkTS:WARN File: /Volumes/Execute/Files/project/ame_new/archive_markdown_editor_hmos/app/ohos_hap/web_engine/src/main/ets/adapter/NativeMessagingAdapter.ets:132:21
 The 'get' API is supported since SDK version 20. However, the current compatible SDK version is 5.0.5(17).
[39m[39m
[33mWARN: [33m[33mArkTS:WARN File: /Volumes/Execute/Files/project/ame_new/archive_markdown_editor_hmos/app/ohos_hap/web_engine/src/main/ets/adapter/NativeMessagingAdapter.ets:134:33
 The 'value' API is supported since SDK version 20. However, the current compatible SDK version is 5.0.5(17).
[39m[39m
[33mWARN: [33m[33mArkTS:WARN File: /Volumes/Execute/Files/project/ame_new/archive_markdown_editor_hmos/app/ohos_hap/web_engine/src/main/ets/adapter/NativeMessagingAdapter.ets:137:28
 The 'value' API is supported since SDK version 20. However, the current compatible SDK version is 5.0.5(17).
[39m[39m
[33mWARN: [33m[33mArkTS:WARN File: /Volumes/Execute/Files/project/ame_new/archive_markdown_editor_hmos/app/ohos_hap/web_engine/src/main/ets/adapter/NotificationAdapter.ets:76:5
 Function may throw exceptions. Special handling is required.
[39m[39m
[33mWARN: [33m[33mArkTS:WARN File: /Volumes/Execute/Files/project/ame_new/archive_markdown_editor_hmos/app/ohos_hap/web_engine/src/main/ets/adapter/NotificationAdapter.ets:260:43
 Function may throw exceptions. Special handling is required.
[39m[39m
[33mWARN: [33m[33mArkTS:WARN File: /Volumes/Execute/Files/project/ame_new/archive_markdown_editor_hmos/app/ohos_hap/web_engine/src/main/ets/common/BaseWindowAdapter.ets:30:27
 Function may throw exceptions. Special handling is required.
[39m[39m
[33mWARN: [33m[33mArkTS:WARN File: /Volumes/Execute/Files/project/ame_new/archive_markdown_editor_hmos/app/ohos_hap/web_engine/src/main/ets/adapter/PopupWindowAdapter.ets:68:5
 Function may throw exceptions. Special handling is required.
[39m[39m
[33mWARN: [33m[33mArkTS:WARN File: /Volumes/Execute/Files/project/ame_new/archive_markdown_editor_hmos/app/ohos_hap/web_engine/src/main/ets/adapter/PopupWindowAdapter.ets:136:19
 Function may throw exceptions. Special handling is required.
[39m[39m
[33mWARN: [33m[33mArkTS:WARN File: /Volumes/Execute/Files/project/ame_new/archive_markdown_editor_hmos/app/ohos_hap/web_engine/src/main/ets/adapter/PopupWindowAdapter.ets:147:19
 Function may throw exceptions. Special handling is required.
[39m[39m
[33mWARN: [33m[33mArkTS:WARN File: /Volumes/Execute/Files/project/ame_new/archive_markdown_editor_hmos/app/ohos_hap/web_engine/src/main/ets/adapter/PopupWindowAdapter.ets:190:28
 Function may throw exceptions. Special handling is required.
[39m[39m
[33mWARN: [33m[33mArkTS:WARN File: /Volumes/Execute/Files/project/ame_new/archive_markdown_editor_hmos/app/ohos_hap/web_engine/src/main/ets/adapter/PrintAdapter.ets:53:13
 To use this API, you need to apply for the permissions: ohos.permission.PRINT
[39m[39m
[33mWARN: [33m[33mArkTS:WARN File: /Volumes/Execute/Files/project/ame_new/archive_markdown_editor_hmos/app/ohos_hap/web_engine/src/main/ets/adapter/PrintAdapter.ets:55:21
 To use this API, you need to apply for the permissions: ohos.permission.PRINT
[39m[39m
[33mWARN: [33m[33mArkTS:WARN File: /Volumes/Execute/Files/project/ame_new/archive_markdown_editor_hmos/app/ohos_hap/web_engine/src/main/ets/adapter/PrintAdapter.ets:58:21
 To use this API, you need to apply for the permissions: ohos.permission.PRINT
[39m[39m
[33mWARN: [33m[33mArkTS:WARN File: /Volumes/Execute/Files/project/ame_new/archive_markdown_editor_hmos/app/ohos_hap/web_engine/src/main/ets/adapter/PrintAdapter.ets:78:9
 Function may throw exceptions. Special handling is required.
[39m[39m
[33mWARN: [33m[33mArkTS:WARN File: /Volumes/Execute/Files/project/ame_new/archive_markdown_editor_hmos/app/ohos_hap/web_engine/src/main/ets/adapter/PrintAdapter.ets:90:11
 To use this API, you need to apply for the permissions: ohos.permission.PRINT
[39m[39m
[33mWARN: [33m[33mArkTS:WARN File: /Volumes/Execute/Files/project/ame_new/archive_markdown_editor_hmos/app/ohos_hap/web_engine/src/main/ets/adapter/PrintAdapter.ets:101:20
 'showDialog' has been deprecated.
[39m[39m
[33mWARN: [33m[33mArkTS:WARN File: /Volumes/Execute/Files/project/ame_new/archive_markdown_editor_hmos/app/ohos_hap/web_engine/src/main/ets/adapter/RunningLockAdapter.ets:67:19
 To use this API, you need to apply for the permissions: ohos.permission.RUNNING_LOCK
[39m[39m
[33mWARN: [33m[33mArkTS:WARN File: /Volumes/Execute/Files/project/ame_new/archive_markdown_editor_hmos/app/ohos_hap/web_engine/src/main/ets/adapter/RunningLockAdapter.ets:67:75
 'BACKGROUND' has been deprecated.
[39m[39m
[33mWARN: [33m[33mArkTS:WARN File: /Volumes/Execute/Files/project/ame_new/archive_markdown_editor_hmos/app/ohos_hap/web_engine/src/main/ets/adapter/RunningLockAdapter.ets:72:29
 To use this API, you need to apply for the permissions: ohos.permission.RUNNING_LOCK
[39m[39m
[33mWARN: [33m[33mArkTS:WARN File: /Volumes/Execute/Files/project/ame_new/archive_markdown_editor_hmos/app/ohos_hap/web_engine/src/main/ets/adapter/RunningLockAdapter.ets:90:27
 To use this API, you need to apply for the permissions: ohos.permission.RUNNING_LOCK
[39m[39m
[33mWARN: [33m[33mArkTS:WARN File: /Volumes/Execute/Files/project/ame_new/archive_markdown_editor_hmos/app/ohos_hap/web_engine/src/main/ets/adapter/ScreenshotAdapter.ets:21:16
 To use this API, you need to apply for the permissions: ohos.permission.CUSTOM_SCREEN_CAPTURE or ohos.permission.CUSTOM_SCREEN_RECORDING
[39m[39m
[33mWARN: [33m[33mArkTS:WARN File: /Volumes/Execute/Files/project/ame_new/archive_markdown_editor_hmos/app/ohos_hap/web_engine/src/main/ets/adapter/SpeechAdapter.ets:68:44
 'getVolumeSync' has been deprecated.
[39m[39m
[33mWARN: [33m[33mArkTS:WARN File: /Volumes/Execute/Files/project/ame_new/archive_markdown_editor_hmos/app/ohos_hap/web_engine/src/main/ets/adapter/SubWindowAdapter.ets:119:24
 Function may throw exceptions. Special handling is required.
[39m[39m
[33mWARN: [33m[33mArkTS:WARN File: /Volumes/Execute/Files/project/ame_new/archive_markdown_editor_hmos/app/ohos_hap/web_engine/src/main/ets/adapter/SubWindowAdapter.ets:151:20
 Function may throw exceptions. Special handling is required.
[39m[39m
[33mWARN: [33m[33mArkTS:WARN File: /Volumes/Execute/Files/project/ame_new/archive_markdown_editor_hmos/app/ohos_hap/web_engine/src/main/ets/adapter/SubWindowAdapter.ets:257:18
 Function may throw exceptions. Special handling is required.
[39m[39m
[33mWARN: [33m[33mArkTS:WARN File: /Volumes/Execute/Files/project/ame_new/archive_markdown_editor_hmos/app/ohos_hap/web_engine/src/main/ets/adapter/SubWindowAdapter.ets:265:22
 Function may throw exceptions. Special handling is required.
[39m[39m
[33mWARN: [33m[33mArkTS:WARN File: /Volumes/Execute/Files/project/ame_new/archive_markdown_editor_hmos/app/ohos_hap/web_engine/src/main/ets/adapter/SubWindowAdapter.ets:301:5
 Function may throw exceptions. Special handling is required.
[39m[39m
[33mWARN: [33m[33mArkTS:WARN File: /Volumes/Execute/Files/project/ame_new/archive_markdown_editor_hmos/app/ohos_hap/web_engine/src/main/ets/adapter/SystemFloatingWindowAdapter.ets:60:12
 To use this API, you need to apply for the permissions: ohos.permission.SYSTEM_FLOAT_WINDOW
[39m[39m
[33mWARN: [33m[33mArkTS:WARN File: /Volumes/Execute/Files/project/ame_new/archive_markdown_editor_hmos/app/ohos_hap/web_engine/src/main/ets/adapter/SystemFloatingWindowAdapter.ets:175:7
 Function may throw exceptions. Special handling is required.
[39m[39m
[33mWARN: [33m[33mArkTS:WARN File: /Volumes/Execute/Files/project/ame_new/archive_markdown_editor_hmos/app/ohos_hap/web_engine/src/main/ets/adapter/SystemFloatingWindowAdapter.ets:183:19
 Function may throw exceptions. Special handling is required.
[39m[39m
[33mWARN: [33m[33mArkTS:WARN File: /Volumes/Execute/Files/project/ame_new/archive_markdown_editor_hmos/app/ohos_hap/web_engine/src/main/ets/adapter/SystemFloatingWindowAdapter.ets:194:19
 Function may throw exceptions. Special handling is required.
[39m[39m
[33mWARN: [33m[33mArkTS:WARN File: /Volumes/Execute/Files/project/ame_new/archive_markdown_editor_hmos/app/ohos_hap/web_engine/src/main/ets/adapter/SystemFloatingWindowAdapter.ets:213:24
 Function may throw exceptions. Special handling is required.
[39m[39m
[33mWARN: [33m[33mArkTS:WARN File: /Volumes/Execute/Files/project/ame_new/archive_markdown_editor_hmos/app/ohos_hap/web_engine/src/main/ets/adapter/SystemFloatingWindowAdapter.ets:263:24
 Function may throw exceptions. Special handling is required.
[39m[39m
[33mWARN: [33m[33mArkTS:WARN File: /Volumes/Execute/Files/project/ame_new/archive_markdown_editor_hmos/app/ohos_hap/web_engine/src/main/ets/adapter/SystemFloatingWindowAdapter.ets:315:24
 Function may throw exceptions. Special handling is required.
[39m[39m
[33mWARN: [33m[33mArkTS:WARN File: /Volumes/Execute/Files/project/ame_new/archive_markdown_editor_hmos/app/ohos_hap/web_engine/src/main/ets/adapter/StatusBarManager.ets:79:7
 The system capacity of this api 'statusBarManager' is not supported on all devices
[39m[39m
[33mWARN: [33m[33mArkTS:WARN File: /Volumes/Execute/Files/project/ame_new/archive_markdown_editor_hmos/app/ohos_hap/web_engine/src/main/ets/adapter/StatusBarManager.ets:79:24
 The system capacity of this api 'addToStatusBar' is not supported on all devices
[39m[39m
[33mWARN: [33m[33mArkTS:WARN File: /Volumes/Execute/Files/project/ame_new/archive_markdown_editor_hmos/app/ohos_hap/web_engine/src/main/ets/adapter/StatusBarManager.ets:93:9
 The system capacity of this api 'statusBarManager' is not supported on all devices
[39m[39m
[33mWARN: [33m[33mArkTS:WARN File: /Volumes/Execute/Files/project/ame_new/archive_markdown_editor_hmos/app/ohos_hap/web_engine/src/main/ets/adapter/StatusBarManager.ets:93:26
 The system capacity of this api 'on' is not supported on all devices
[39m[39m
[33mWARN: [33m[33mArkTS:WARN File: /Volumes/Execute/Files/project/ame_new/archive_markdown_editor_hmos/app/ohos_hap/web_engine/src/main/ets/adapter/StatusBarManager.ets:100:9
 The system capacity of this api 'statusBarManager' is not supported on all devices
[39m[39m
[33mWARN: [33m[33mArkTS:WARN File: /Volumes/Execute/Files/project/ame_new/archive_markdown_editor_hmos/app/ohos_hap/web_engine/src/main/ets/adapter/StatusBarManager.ets:100:26
 The system capacity of this api 'on' is not supported on all devices
[39m[39m
[33mWARN: [33m[33mArkTS:WARN File: /Volumes/Execute/Files/project/ame_new/archive_markdown_editor_hmos/app/ohos_hap/web_engine/src/main/ets/adapter/StatusBarManager.ets:110:7
 The system capacity of this api 'statusBarManager' is not supported on all devices
[39m[39m
[33mWARN: [33m[33mArkTS:WARN File: /Volumes/Execute/Files/project/ame_new/archive_markdown_editor_hmos/app/ohos_hap/web_engine/src/main/ets/adapter/StatusBarManager.ets:110:24
 The system capacity of this api 'updateStatusBarIcon' is not supported on all devices
[39m[39m
[33mWARN: [33m[33mArkTS:WARN File: /Volumes/Execute/Files/project/ame_new/archive_markdown_editor_hmos/app/ohos_hap/web_engine/src/main/ets/adapter/StatusBarManager.ets:127:9
 The system capacity of this api 'statusBarManager' is not supported on all devices
[39m[39m
[33mWARN: [33m[33mArkTS:WARN File: /Volumes/Execute/Files/project/ame_new/archive_markdown_editor_hmos/app/ohos_hap/web_engine/src/main/ets/adapter/StatusBarManager.ets:127:26
 The system capacity of this api 'updateStatusBarHoverTips' is not supported on all devices
[39m[39m
[33mWARN: [33m[33mArkTS:WARN File: /Volumes/Execute/Files/project/ame_new/archive_markdown_editor_hmos/app/ohos_hap/web_engine/src/main/ets/adapter/StatusBarManager.ets:146:9
 The system capacity of this api 'statusBarManager' is not supported on all devices
[39m[39m
[33mWARN: [33m[33mArkTS:WARN File: /Volumes/Execute/Files/project/ame_new/archive_markdown_editor_hmos/app/ohos_hap/web_engine/src/main/ets/adapter/StatusBarManager.ets:146:26
 The system capacity of this api 'updateStatusBarMenu' is not supported on all devices
[39m[39m
[33mWARN: [33m[33mArkTS:WARN File: /Volumes/Execute/Files/project/ame_new/archive_markdown_editor_hmos/app/ohos_hap/web_engine/src/main/ets/adapter/StatusBarManager.ets:162:9
 The system capacity of this api 'statusBarManager' is not supported on all devices
[39m[39m
[33mWARN: [33m[33mArkTS:WARN File: /Volumes/Execute/Files/project/ame_new/archive_markdown_editor_hmos/app/ohos_hap/web_engine/src/main/ets/adapter/StatusBarManager.ets:162:26
 The system capacity of this api 'removeFromStatusBar' is not supported on all devices
[39m[39m
[33mWARN: [33m[33mArkTS:WARN File: /Volumes/Execute/Files/project/ame_new/archive_markdown_editor_hmos/app/ohos_hap/web_engine/src/main/ets/adapter/StatusBarManager.ets:174:7
 The system capacity of this api 'statusBarManager' is not supported on all devices
[39m[39m
[33mWARN: [33m[33mArkTS:WARN File: /Volumes/Execute/Files/project/ame_new/archive_markdown_editor_hmos/app/ohos_hap/web_engine/src/main/ets/adapter/StatusBarManager.ets:174:24
 The system capacity of this api 'off' is not supported on all devices
[39m[39m
[33mWARN: [33m[33mArkTS:WARN File: /Volumes/Execute/Files/project/ame_new/archive_markdown_editor_hmos/app/ohos_hap/web_engine/src/main/ets/adapter/StatusBarManager.ets:175:7
 The system capacity of this api 'statusBarManager' is not supported on all devices
[39m[39m
[33mWARN: [33m[33mArkTS:WARN File: /Volumes/Execute/Files/project/ame_new/archive_markdown_editor_hmos/app/ohos_hap/web_engine/src/main/ets/adapter/StatusBarManager.ets:175:24
 The system capacity of this api 'off' is not supported on all devices
[39m[39m
[33mWARN: [33m[33mArkTS:WARN File: /Volumes/Execute/Files/project/ame_new/archive_markdown_editor_hmos/app/ohos_hap/web_engine/src/main/ets/adapter/StatusBarManager.ets:190:30
 The system capacity of this api 'menuCode' is not supported on all devices
[39m[39m
[33mWARN: [33m[33mArkTS:WARN File: /Volumes/Execute/Files/project/ame_new/archive_markdown_editor_hmos/app/ohos_hap/web_engine/src/main/ets/adapter/StatusBarManager.ets:225:16
 The system capacity of this api 'subMenu' is not supported on all devices
[39m[39m
[33mWARN: [33m[33mArkTS:WARN File: /Volumes/Execute/Files/project/ame_new/archive_markdown_editor_hmos/app/ohos_hap/web_engine/src/main/ets/adapter/WebAppAdapter.ets:54:23
 'getContext' has been deprecated.
[39m[39m
[33mWARN: [33m[33mArkTS:WARN File: /Volumes/Execute/Files/project/ame_new/archive_markdown_editor_hmos/app/ohos_hap/web_engine/src/main/ets/adapter/WebAppAdapter.ets:94:26
 'showToast' has been deprecated.
[39m[39m
[33mWARN: [33m[33mArkTS:WARN File: /Volumes/Execute/Files/project/ame_new/archive_markdown_editor_hmos/app/ohos_hap/web_engine/src/main/ets/adapter/WebAppAdapter.ets:104:22
 'showToast' has been deprecated.
[39m[39m
[33mWARN: [33m[33mArkTS:WARN File: /Volumes/Execute/Files/project/ame_new/archive_markdown_editor_hmos/app/ohos_hap/web_engine/src/main/ets/adapter/WebAppAdapter.ets:114:7
 Function may throw exceptions. Special handling is required.
[39m[39m
[33mWARN: [33m[33mArkTS:WARN File: /Volumes/Execute/Files/project/ame_new/archive_markdown_editor_hmos/app/ohos_hap/web_engine/src/main/ets/adapter/WebAppAdapter.ets:114:20
 'showToast' has been deprecated.
[39m[39m
[33mWARN: [33m[33mArkTS:WARN File: /Volumes/Execute/Files/project/ame_new/archive_markdown_editor_hmos/app/ohos_hap/web_engine/src/main/ets/ability/WebBaseAbility.ets:110:27
 Function may throw exceptions. Special handling is required.
[39m[39m
[33mWARN: [33m[33mArkTS:WARN File: /Volumes/Execute/Files/project/ame_new/archive_markdown_editor_hmos/app/ohos_hap/web_engine/src/main/ets/ability/WebBaseAbility.ets:110:27
 Function may throw exceptions. Special handling is required.
[39m[39m
[33mWARN: [33m[33mArkTS:WARN File: /Volumes/Execute/Files/project/ame_new/archive_markdown_editor_hmos/app/ohos_hap/web_engine/src/main/ets/ability/WebBaseAbility.ets:119:12
 Function may throw exceptions. Special handling is required.
[39m[39m
[33mWARN: [33m[33mArkTS:WARN File: /Volumes/Execute/Files/project/ame_new/archive_markdown_editor_hmos/app/ohos_hap/web_engine/src/main/ets/ability/WebAbility.ets:79:28
 To use this API, you need to apply for the permissions: ohos.permission.SET_ABILITY_INSTANCE_INFO
[39m[39m
[33mWARN: [33m[33mArkTS:WARN File: /Volumes/Execute/Files/project/ame_new/archive_markdown_editor_hmos/app/ohos_hap/web_engine/src/main/ets/ability/WebAbility.ets:276:17
 Function may throw exceptions. Special handling is required.
[39m[39m
[33mWARN: [33m[33mArkTS:WARN File: /Volumes/Execute/Files/project/ame_new/archive_markdown_editor_hmos/app/ohos_hap/web_engine/src/main/ets/ability/WebAbility.ets:432:20
 Function may throw exceptions. Special handling is required.
[39m[39m
[33mWARN: [33m[33mArkTS:WARN File: /Volumes/Execute/Files/project/ame_new/archive_markdown_editor_hmos/app/ohos_hap/web_engine/src/main/ets/ability/WebAbility.ets:523:21
 Function may throw exceptions. Special handling is required.
[39m[39m
[33mWARN: [33m[33mArkTS:WARN File: /Volumes/Execute/Files/project/ame_new/archive_markdown_editor_hmos/app/ohos_hap/web_engine/src/main/ets/ability/WebAbility.ets:528:30
 'getContext' has been deprecated.
[39m[39m
[33mWARN: [33m[33mArkTS:WARN File: /Volumes/Execute/Files/project/ame_new/archive_markdown_editor_hmos/app/ohos_hap/web_engine/src/main/ets/ability/WebEmbeddedAbility.ets:44:23
 Function may throw exceptions. Special handling is required.
[39m[39m
[33mWARN: [33m[33mArkTS:WARN File: /Volumes/Execute/Files/project/ame_new/archive_markdown_editor_hmos/app/ohos_hap/web_engine/src/main/ets/ability/WebEmbeddedAbility.ets:75:5
 Function may throw exceptions. Special handling is required.
[39m[39m
[33mWARN: [33m[33mArkTS:WARN File: /Volumes/Execute/Files/project/ame_new/archive_markdown_editor_hmos/app/ohos_hap/web_engine/src/main/ets/components/WebWindow.ets:60:75
 'getContext' has been deprecated.
[39m[39m
[33mWARN: [33m[33mArkTS:WARN File: /Volumes/Execute/Files/project/ame_new/archive_markdown_editor_hmos/app/ohos_hap/web_engine/src/main/ets/components/WebWindow.ets:85:5
 Function may throw exceptions. Special handling is required.
[39m[39m
[33mWARN: [33m[33mArkTS:WARN File: /Volumes/Execute/Files/project/ame_new/archive_markdown_editor_hmos/app/ohos_hap/web_engine/src/main/ets/components/WebWindow.ets:92:16
 Function may throw exceptions. Special handling is required.
[39m[39m
[33mWARN: [33m[33mArkTS:WARN File: /Volumes/Execute/Files/project/ame_new/archive_markdown_editor_hmos/app/ohos_hap/web_engine/src/main/ets/components/WebWindow.ets:103:27
 Function may throw exceptions. Special handling is required.
[39m[39m
[33mWARN: [33m[33mArkTS:WARN File: /Volumes/Execute/Files/project/ame_new/archive_markdown_editor_hmos/app/ohos_hap/web_engine/src/main/ets/components/WebWindow.ets:116:17
 Function may throw exceptions. Special handling is required.
[39m[39m
[33mWARN: [33m[33mArkTS:WARN File: /Volumes/Execute/Files/project/ame_new/archive_markdown_editor_hmos/app/ohos_hap/web_engine/src/main/ets/components/WebWindow.ets:124:9
 Function may throw exceptions. Special handling is required.
[39m[39m
[33mWARN: [33m[33mArkTS:WARN File: /Volumes/Execute/Files/project/ame_new/archive_markdown_editor_hmos/app/ohos_hap/web_engine/src/main/ets/components/WebWindow.ets:253:19
 'vp2px' has been deprecated.
[39m[39m
[33mWARN: [33m[33mArkTS:WARN File: /Volumes/Execute/Files/project/ame_new/archive_markdown_editor_hmos/app/ohos_hap/web_engine/src/main/ets/components/WebWindow.ets:254:19
 'vp2px' has been deprecated.
[39m[39m
[33mWARN: [33m[33mArkTS:WARN File: /Volumes/Execute/Files/project/ame_new/archive_markdown_editor_hmos/app/ohos_hap/web_engine/src/main/ets/components/WebSubWindow.ets:71:19
 'vp2px' has been deprecated.
[39m[39m
[33mWARN: [33m[33mArkTS:WARN File: /Volumes/Execute/Files/project/ame_new/archive_markdown_editor_hmos/app/ohos_hap/web_engine/src/main/ets/components/WebSubWindow.ets:72:19
 'vp2px' has been deprecated.
[39m[39m
[33mWARN: [33m[33mArkTS:WARN File: /Volumes/Execute/Files/project/ame_new/archive_markdown_editor_hmos/app/ohos_hap/web_engine/src/main/ets/components/WebEmbeddedWindow.ets:85:19
 'vp2px' has been deprecated.
[39m[39m
[33mWARN: [33m[33mArkTS:WARN File: /Volumes/Execute/Files/project/ame_new/archive_markdown_editor_hmos/app/ohos_hap/web_engine/src/main/ets/components/WebEmbeddedWindow.ets:86:19
 'vp2px' has been deprecated.
[39m[39m
[33mWARN: [33m[33mArkTS:WARN File: /Volumes/Execute/Files/project/ame_new/archive_markdown_editor_hmos/app/ohos_hap/web_engine/src/main/ets/components/WebEmbeddedWindow.ets:124:23
 Function may throw exceptions. Special handling is required.
[39m[39m
[33mWARN: [33m[33mArkTS:WARN File: /Volumes/Execute/Files/project/ame_new/archive_markdown_editor_hmos/app/ohos_hap/web_engine/src/main/ets/components/WebEmbeddedWindow.ets:159:49
 'getContext' has been deprecated.
[39m[39m
[33mWARN: [33m[33mArkTS:WARN File: /Volumes/Execute/Files/project/ame_new/archive_markdown_editor_hmos/app/ohos_hap/web_engine/src/main/ets/components/WebWindowNode.ets:73:5
 Function may throw exceptions. Special handling is required.
[39m[39m
[33mWARN: [33m[33mArkTS:WARN File: /Volumes/Execute/Files/project/ame_new/archive_markdown_editor_hmos/app/ohos_hap/web_engine/src/main/ets/components/WebWindowNode.ets:82:16
 Function may throw exceptions. Special handling is required.
[39m[39m
[33mWARN: [33m[33mArkTS:WARN File: /Volumes/Execute/Files/project/ame_new/archive_markdown_editor_hmos/app/ohos_hap/web_engine/src/main/ets/components/WebWindowNode.ets:108:49
 'getContext' has been deprecated.
[39m[39m
[33mWARN: [33m[33mArkTS:WARN File: /Volumes/Execute/Files/project/ame_new/archive_markdown_editor_hmos/app/ohos_hap/web_engine/src/main/ets/components/WebWindowNode.ets:183:19
 'vp2px' has been deprecated.
[39m[39m
[33mWARN: [33m[33mArkTS:WARN File: /Volumes/Execute/Files/project/ame_new/archive_markdown_editor_hmos/app/ohos_hap/web_engine/src/main/ets/components/WebWindowNode.ets:184:19
 'vp2px' has been deprecated.
[39m[39m
[33mWARN: [33m[33mArkTS:WARN File: /Volumes/Execute/Files/project/ame_new/archive_markdown_editor_hmos/app/ohos_hap/web_engine/src/main/ets/components/WebNodeHandleWindow.ets:102:75
 'getContext' has been deprecated.
[39m[39m
[33mWARN: [33m[33mArkTS:WARN File: /Volumes/Execute/Files/project/ame_new/archive_markdown_editor_hmos/app/ohos_hap/web_engine/src/main/ets/components/WebNodeHandleWindow.ets:120:16
 Function may throw exceptions. Special handling is required.
[39m[39m
[33mWARN: [33m[33mArkTS:WARN File: /Volumes/Execute/Files/project/ame_new/archive_markdown_editor_hmos/app/ohos_hap/web_engine/src/main/ets/components/WebNodeHandleWindow.ets:147:17
 Function may throw exceptions. Special handling is required.
[39m[39m
[33mWARN: [33m[33mArkTS:WARN File: /Volumes/Execute/Files/project/ame_new/archive_markdown_editor_hmos/app/ohos_hap/electron/src/main/ets/entryability/StatelessAbility.ets:34:7
 Function may throw exceptions. Special handling is required.
[39m[39m
[33mWARN: [33m[33mArkTS:WARN File: /Volumes/Execute/Files/project/ame_new/archive_markdown_editor_hmos/app/ohos_hap/electron/src/main/ets/entryability/StatusBarEntryAbility.ets:10:52
 The system capacity of this api 'StatusBarViewExtensionAbility' is not supported on all devices
[39m[39m
[33mWARN: [33m[33mArkTS:WARN File: /Volumes/Execute/Files/project/ame_new/archive_markdown_editor_hmos/app/ohos_hap/electron/src/main/ets/entryability/StatusBarEntryAbility.ets:17:5
 Function may throw exceptions. Special handling is required.
[39m[39m
[33mWARN: [33m[33mArkTS:WARN File: /Volumes/Execute/Files/project/ame_new/archive_markdown_editor_hmos/app/ohos_hap/electron/src/main/ets/pages/Index.ets:24:28
 'getShared' has been deprecated.
[39m[39m
[33mWARN: [33m[33mArkTS:WARN File: /Volumes/Execute/Files/project/ame_new/archive_markdown_editor_hmos/app/ohos_hap/electron/src/main/ets/pages/SubWindow.ets:7:31
 'getShared' has been deprecated.
[39m[39m
[33mWARN: [33m[33mArkTS:WARN File: /Volumes/Execute/Files/project/ame_new/archive_markdown_editor_hmos/app/ohos_hap/electron/src/main/ets/pages/EmbeddedWindow.ets:8:28
 'getShared' has been deprecated.
[39m[39m
[33mWARN: [33m[33mArkTS:WARN File: /Volumes/Execute/Files/project/ame_new/archive_markdown_editor_hmos/app/ohos_hap/electron/src/main/ets/pages/WindowNode.ets:8:28
 'getShared' has been deprecated.
[39m[39m
[33mWARN: [33m[33mArkTS:WARN File: /Volumes/Execute/Files/project/ame_new/archive_markdown_editor_hmos/app/ohos_hap/electron/src/main/ets/pages/WebPage.ets:36:18
 'back' has been deprecated.
[39m[39m
[33mWARN: [33m[33mArkTS:WARN File: /Volumes/Execute/Files/project/ame_new/archive_markdown_editor_hmos/app/ohos_hap/electron/src/main/ets/pages/WebPage.ets:80:27
 'getParams' has been deprecated.
[39m[39m
[33mWARN: [33m[33mArkTS:WARN File: /Volumes/Execute/Files/project/ame_new/archive_markdown_editor_hmos/app/ohos_hap/electron/src/main/ets/pages/WebPage.ets:88:7
 Function may throw exceptions. Special handling is required.
[39m[39m
[33mWARN: [33m[33mArkTS:WARN File: /Volumes/Execute/Files/project/ame_new/archive_markdown_editor_hmos/app/ohos_hap/electron/src/main/ets/pages/QuickLoginButtonComponent.ets:153:20
 'showToast' has been deprecated.
[39m[39m
[33mWARN: [33m[33mArkTS:WARN File: /Volumes/Execute/Files/project/ame_new/archive_markdown_editor_hmos/app/ohos_hap/electron/src/main/ets/pages/QuickLoginButtonComponent.ets:168:39
 To use this API, you need to apply for the permissions: ohos.permission.GET_NETWORK_INFO
[39m[39m
[33mWARN: [33m[33mArkTS:WARN File: /Volumes/Execute/Files/project/ame_new/archive_markdown_editor_hmos/app/ohos_hap/electron/src/main/ets/pages/QuickLoginButtonComponent.ets:178:12
 'pushUrl' has been deprecated.
[39m[39m
[33mWARN: [33m[33mArkTS:WARN File: /Volumes/Execute/Files/project/ame_new/archive_markdown_editor_hmos/app/ohos_hap/electron/src/main/ets/pages/QuickLoginButtonComponent.ets:199:21
 'show' has been deprecated.
[39m[39m
[33mWARN: [33m[33mArkTS:WARN File: /Volumes/Execute/Files/project/ame_new/archive_markdown_editor_hmos/app/ohos_hap/electron/src/main/ets/pages/QuickLoginButtonComponent.ets:257:19
 'show' has been deprecated.
[39m[39m
[33mWARN: [33m[33mArkTS:WARN File: /Volumes/Execute/Files/project/ame_new/archive_markdown_editor_hmos/app/ohos_hap/electron/src/main/ets/pages/Login.ets:9:28
 'getShared' has been deprecated.
[39m[39m
[33mWARN: [33m[33mArkTS:WARN File: /Volumes/Execute/Files/project/ame_new/archive_markdown_editor_hmos/app/ohos_hap/electron/src/main/ets/pages/NodeHandleWindow.ets:49:28
 'getShared' has been deprecated.
[39m[39m
[33mWARN: [33m[33mArkTS:WARN File: /Volumes/Execute/Files/project/ame_new/archive_markdown_editor_hmos/app/ohos_hap/electron/src/main/ets/pages/NodeHandleSubWindow.ets:32:31
 'getShared' has been deprecated.
[39m[39m
[33mWARN: [33mArkTS:WARN File: /Volumes/Execute/Files/project/ame_new/archive_markdown_editor_hmos/app/ohos_hap/electron/src/main/ets/pages/WebPage.ets:6:1
 It's not a recommended way to export struct with '@Entry' decorator, which may cause ACE Engine error in component preview mode.[39m[39m
[33mWARN: [33mArkTS:WARN File: /Volumes/Execute/Files/project/ame_new/archive_markdown_editor_hmos/app/ohos_hap/web_engine/src/main/ets/interface/CommonInterface.ts:71:53
 Cannot find name 'GestureEvent'.[39m[39m
[33mWARN: [33mArkTS:WARN File: /Volumes/Execute/Files/project/ame_new/archive_markdown_editor_hmos/app/ohos_hap/web_engine/src/main/ets/interface/CommonInterface.ts:72:59
 Cannot find name 'GestureEvent'.[39m[39m

[2026-04-27T13:15:19.062] [DEBUG] debug-file - Ark compile task finished.finished time is 762597826123833
[2026-04-27T13:15:19.062] [DEBUG] debug-file - worker[4] has one work done.
[2026-04-27T13:15:19.063] [DEBUG] debug-file - default@CompileArkTS work[8] done.
[2026-04-27T13:15:19.063] [DEBUG] debug-file - A work dispatched to worker[4] failed because unable to get work from ready queue.
[2026-04-27T13:15:19.063] [INFO] debug-file - Finished :electron:default@CompileArkTS... after 4 s 308 ms 
[2026-04-27T13:15:19.063] [DEBUG] debug-file - Executing task :electron:default@GeneratePkgModuleJson
[2026-04-27T13:15:19.063] [DEBUG] debug-file - File: '/Volumes/Execute/Files/project/ame_new/archive_markdown_editor_hmos/app/ohos_hap/electron/build/default/intermediates/preload/default/preload.json' from 'preloadSoJsonPath' is not exists, just ignore.
[2026-04-27T13:15:19.064] [DEBUG] debug-file - Error occurs while handling @Input 'shouldDeduplicateHar': The "data" argument must be of type string or an instance of Buffer, TypedArray, or DataView. Received undefined
[2026-04-27T13:15:19.064] [DEBUG] debug-file - Task 'electron:default@GeneratePkgModuleJson' cost while wrapping incremental declarations: 1 ms 
[2026-04-27T13:15:19.064] [DEBUG] debug-file - electron:default@GeneratePkgModuleJson is not up-to-date, since the input file '/Volumes/Execute/Files/project/ame_new/archive_markdown_editor_hmos/app/ohos_hap/electron/build/default/intermediates/res/default/module.json' has been changed.
[2026-04-27T13:15:19.064] [DEBUG] debug-file - Incremental task electron:default@GeneratePkgModuleJson pre-execution cost: 1 ms .
[2026-04-27T13:15:19.064] [DEBUG] debug-file - electron : default@GeneratePkgModuleJson cost memory 0.293426513671875
[2026-04-27T13:15:19.065] [DEBUG] debug-file - runTaskFromQueue task cost before running: 5 s 876 ms 
[2026-04-27T13:15:19.065] [INFO] debug-file - Finished :electron:default@GeneratePkgModuleJson... after 2 ms 
[2026-04-27T13:15:19.065] [DEBUG] debug-file - Executing task :electron:default@ProcessCompiledResources
[2026-04-27T13:15:19.065] [DEBUG] debug-file - File: '/Volumes/Execute/Files/project/ame_new/archive_markdown_editor_hmos/app/ohos_hap/electron/build/default/intermediates/preload/default/preload.json' from 'preloadSoJsonPath' is not exists, just ignore.
[2026-04-27T13:15:19.065] [DEBUG] debug-file - Task 'electron:default@ProcessCompiledResources' cost while wrapping incremental declarations: 1 ms 
[2026-04-27T13:15:19.065] [DEBUG] debug-file - electron : default@ProcessCompiledResources cost memory 0.06517791748046875
[2026-04-27T13:15:19.065] [DEBUG] debug-file - runTaskFromQueue task cost before running: 5 s 876 ms 
[2026-04-27T13:15:19.065] [INFO] debug-file - Finished :electron:default@ProcessCompiledResources... after 1 ms 
[2026-04-27T13:15:19.066] [DEBUG] debug-file - Executing task :electron:default@PackageHap
[2026-04-27T13:15:19.066] [WARN] debug-file - If obfuscation is needed, enable obfuscation settings in this build process; failing to do so may prevent future obfuscation. 
               Properly configure obfuscation rules to avoid runtime issues.
[2026-04-27T13:15:19.066] [DEBUG] debug-file - electron:default@PackageHap is not up-to-date, since the input file '/Volumes/Execute/Files/project/ame_new/archive_markdown_editor_hmos/app/ohos_hap/electron/build/default/intermediates/stripped_native_libs/default' has been changed.
[2026-04-27T13:15:19.066] [DEBUG] debug-file - Incremental task electron:default@PackageHap pre-execution cost: 1 ms .
[2026-04-27T13:15:19.067] [DEBUG] debug-file - Use tool [/Volumes/Execute/Apps/DevEco-Studio.app/Contents/sdk/default/openharmony/toolchains/lib/app_packing_tool.jar]
 [
  'java',
  '-Dfile.encoding=utf-8',
  '-jar',
  '/Volumes/Execute/Apps/DevEco-Studio.app/Contents/sdk/default/openharmony/toolchains/lib/app_packing_tool.jar',
  '--mode',
  'hap',
  '--force',
  'true',
  '--lib-path',
  '/Volumes/Execute/Files/project/ame_new/archive_markdown_editor_hmos/app/ohos_hap/electron/build/default/intermediates/stripped_native_libs/default',
  '--json-path',
  '/Volumes/Execute/Files/project/ame_new/archive_markdown_editor_hmos/app/ohos_hap/electron/build/default/intermediates/package/default/module.json',
  '--resources-path',
  '/Volumes/Execute/Files/project/ame_new/archive_markdown_editor_hmos/app/ohos_hap/electron/build/default/intermediates/res/default/resources',
  '--index-path',
  '/Volumes/Execute/Files/project/ame_new/archive_markdown_editor_hmos/app/ohos_hap/electron/build/default/intermediates/res/default/resources.index',
  '--pack-info-path',
  '/Volumes/Execute/Files/project/ame_new/archive_markdown_editor_hmos/app/ohos_hap/electron/build/default/outputs/default/pack.info',
  '--out-path',
  '/Volumes/Execute/Files/project/ame_new/archive_markdown_editor_hmos/app/ohos_hap/electron/build/default/outputs/default/electron-default-unsigned.hap',
  '--ets-path',
  '/Volumes/Execute/Files/project/ame_new/archive_markdown_editor_hmos/app/ohos_hap/electron/build/default/intermediates/loader_out/default/ets'
]
[2026-04-27T13:15:19.439] [DEBUG] debug-file - java daemon socket received message:{"code":0,"message":"pack success"}
[2026-04-27T13:15:19.441] [DEBUG] debug-file - electron : default@PackageHap cost memory 0.519744873046875
[2026-04-27T13:15:19.441] [DEBUG] debug-file - runTaskFromQueue task cost before running: 6 s 253 ms 
[2026-04-27T13:15:19.442] [INFO] debug-file - Finished :electron:default@PackageHap... after 376 ms 
[2026-04-27T13:15:19.442] [DEBUG] debug-file - Executing task :electron:default@PackingCheck
[2026-04-27T13:15:19.445] [DEBUG] debug-file - electron : default@PackingCheck cost memory 1.2145156860351562
[2026-04-27T13:15:19.445] [DEBUG] debug-file - runTaskFromQueue task cost before running: 6 s 256 ms 
[2026-04-27T13:15:19.445] [INFO] debug-file - Finished :electron:default@PackingCheck... after 3 ms 
[2026-04-27T13:15:19.445] [DEBUG] debug-file - Executing task :electron:default@SignHap
[2026-04-27T13:15:19.445] [DEBUG] debug-file - electron:default@SignHap is not up-to-date, since the input file '/Volumes/Execute/Files/project/ame_new/archive_markdown_editor_hmos/app/ohos_hap/electron/build/default/outputs/default/electron-default-unsigned.hap' has been changed.
[2026-04-27T13:15:19.445] [DEBUG] debug-file - Incremental task electron:default@SignHap pre-execution cost: 1 ms .
[2026-04-27T13:15:19.451] [DEBUG] debug-file - java daemon socket close code:1000 reason:close by user
[2026-04-27T13:15:19.459] [DEBUG] debug-file - java daemon socket received message:{"code":0,"message":"verify profile success"}
[2026-04-27T13:15:19.460] [DEBUG] debug-file - java daemon socket close code:1000 reason:close by user
[2026-04-27T13:15:19.915] [DEBUG] debug-file - java daemon socket received message:{"code":0,"message":"sign app success"}
[2026-04-27T13:15:19.915] [DEBUG] debug-file - electron : default@SignHap cost memory 0.6955795288085938
[2026-04-27T13:15:19.915] [DEBUG] debug-file - runTaskFromQueue task cost before running: 6 s 726 ms 
[2026-04-27T13:15:19.915] [INFO] debug-file - Finished :electron:default@SignHap... after 471 ms 
[2026-04-27T13:15:19.916] [DEBUG] debug-file - Executing task :electron:default@CollectDebugSymbol
[2026-04-27T13:15:19.916] [DEBUG] debug-file - electron:default@CollectDebugSymbol is not up-to-date, since the input file '/Volumes/Execute/Files/project/ame_new/archive_markdown_editor_hmos/app/ohos_hap/electron/build/default/cache/default/default@CompileArkTS/esmodule/release/sourceMaps.map' has been changed.
[2026-04-27T13:15:19.916] [DEBUG] debug-file - Incremental task electron:default@CollectDebugSymbol pre-execution cost: 1 ms .
[2026-04-27T13:15:19.917] [DEBUG] debug-file - nameCache.json for module electron does not exists
[2026-04-27T13:15:19.918] [DEBUG] debug-file - electron : default@CollectDebugSymbol cost memory 0.23130035400390625
[2026-04-27T13:15:19.918] [DEBUG] debug-file - runTaskFromQueue task cost before running: 6 s 729 ms 
[2026-04-27T13:15:19.918] [INFO] debug-file - Finished :electron:default@CollectDebugSymbol... after 2 ms 
[2026-04-27T13:15:19.918] [DEBUG] debug-file - Executing task :electron:assembleHap
[2026-04-27T13:15:19.918] [DEBUG] debug-file - electron : assembleHap cost memory 0.0136260986328125
[2026-04-27T13:15:19.918] [DEBUG] debug-file - runTaskFromQueue task cost before running: 6 s 729 ms 
[2026-04-27T13:15:19.918] [INFO] debug-file - Finished :electron:assembleHap... after 1 ms 
[2026-04-27T13:15:19.919] [INFO] debug-file - BUILD SUCCESSFUL in 6 s 730 ms 
[2026-04-27T13:15:19.919] [DEBUG] debug-file - Update task electron:default@PreBuild input file:/Volumes/Execute/Files/project/ame_new/archive_markdown_editor_hmos/app/ohos_hap/AppScope/app.json5 cache by regenerate.
[2026-04-27T13:15:19.919] [DEBUG] debug-file - Update task electron:default@PreBuild input file:/Volumes/Execute/Files/project/ame_new/archive_markdown_editor_hmos/app/ohos_hap/electron/src/main/module.json5 cache by regenerate.
[2026-04-27T13:15:19.919] [DEBUG] debug-file - Update task electron:default@PreBuild input file:/Volumes/Execute/Files/project/ame_new/archive_markdown_editor_hmos/app/ohos_hap/build-profile.json5 cache from map.
[2026-04-27T13:15:19.919] [DEBUG] debug-file - Update task electron:default@PreBuild input file:/Volumes/Execute/Files/project/ame_new/archive_markdown_editor_hmos/app/ohos_hap/electron/build-profile.json5 cache by regenerate.
[2026-04-27T13:15:19.919] [DEBUG] debug-file - Update task electron:default@PreBuild input file:/Volumes/Execute/Files/project/ame_new/archive_markdown_editor_hmos/app/ohos_hap/electron/src/main/resources/base/profile/main_pages.json cache by regenerate.
[2026-04-27T13:15:19.919] [DEBUG] debug-file - Update task electron:default@PreBuild input file:/Volumes/Execute/Files/project/ame_new/archive_markdown_editor_hmos/app/ohos_hap/hvigor/hvigor-config.json5 cache by regenerate.
[2026-04-27T13:15:19.919] [DEBUG] debug-file - Update task electron:default@PreBuild input file:/Volumes/Execute/Files/project/ame_new/archive_markdown_editor_hmos/app/ohos_hap/electron/oh-package.json5 cache by regenerate.
[2026-04-27T13:15:19.919] [DEBUG] debug-file - Update task electron:default@PreBuild input file:/Volumes/Execute/Files/project/ame_new/archive_markdown_editor_hmos/app/ohos_hap/oh-package.json5 cache by regenerate.
[2026-04-27T13:15:19.919] [DEBUG] debug-file - Incremental task electron:default@PreBuild post-execution cost:1 ms .
[2026-04-27T13:15:19.919] [DEBUG] debug-file - Update task web_engine:default@PreBuild input file:/Volumes/Execute/Files/project/ame_new/archive_markdown_editor_hmos/app/ohos_hap/AppScope/app.json5 cache by regenerate.
[2026-04-27T13:15:19.919] [DEBUG] debug-file - Update task web_engine:default@PreBuild input file:/Volumes/Execute/Files/project/ame_new/archive_markdown_editor_hmos/app/ohos_hap/web_engine/src/main/module.json5 cache by regenerate.
[2026-04-27T13:15:19.919] [DEBUG] debug-file - Update task web_engine:default@PreBuild input file:/Volumes/Execute/Files/project/ame_new/archive_markdown_editor_hmos/app/ohos_hap/build-profile.json5 cache from map.
[2026-04-27T13:15:19.919] [DEBUG] debug-file - Update task web_engine:default@PreBuild input file:/Volumes/Execute/Files/project/ame_new/archive_markdown_editor_hmos/app/ohos_hap/web_engine/build-profile.json5 cache by regenerate.
[2026-04-27T13:15:19.919] [DEBUG] debug-file - Update task web_engine:default@PreBuild input file:/Volumes/Execute/Files/project/ame_new/archive_markdown_editor_hmos/app/ohos_hap/hvigor/hvigor-config.json5 cache by regenerate.
[2026-04-27T13:15:19.919] [DEBUG] debug-file - Update task web_engine:default@PreBuild input file:/Volumes/Execute/Files/project/ame_new/archive_markdown_editor_hmos/app/ohos_hap/web_engine/oh-package.json5 cache by regenerate.
[2026-04-27T13:15:19.920] [DEBUG] debug-file - Update task web_engine:default@PreBuild input file:/Volumes/Execute/Files/project/ame_new/archive_markdown_editor_hmos/app/ohos_hap/oh-package.json5 cache by regenerate.
[2026-04-27T13:15:19.920] [DEBUG] debug-file - Incremental task web_engine:default@PreBuild post-execution cost:1 ms .
[2026-04-27T13:15:19.920] [DEBUG] debug-file - Update task electron:default@CreateModuleInfo output file:/Volumes/Execute/Files/project/ame_new/archive_markdown_editor_hmos/app/ohos_hap/electron/build/default/generated/profile/default/ModuleInfo.ts cache.
[2026-04-27T13:15:19.920] [DEBUG] debug-file - Incremental task electron:default@CreateModuleInfo post-execution cost:1 ms .
[2026-04-27T13:15:19.920] [DEBUG] debug-file - Update task electron:default@GenerateMetadata input file:/Volumes/Execute/Files/project/ame_new/archive_markdown_editor_hmos/app/ohos_hap/electron/src/main/module.json5 cache by regenerate.
[2026-04-27T13:15:19.920] [DEBUG] debug-file - Update task electron:default@GenerateMetadata output file:/Volumes/Execute/Files/project/ame_new/archive_markdown_editor_hmos/app/ohos_hap/electron/build/default/intermediates/hap_metadata/default/output_metadata.json cache.
[2026-04-27T13:15:19.920] [DEBUG] debug-file - Incremental task electron:default@GenerateMetadata post-execution cost:1 ms .
[2026-04-27T13:15:19.920] [DEBUG] debug-file - Update task electron:default@GeneratePkgContextInfo output file:/Volumes/Execute/Files/project/ame_new/archive_markdown_editor_hmos/app/ohos_hap/electron/build/default/intermediates/loader/default/pkgContextInfo.json cache.
[2026-04-27T13:15:19.920] [DEBUG] debug-file - Incremental task electron:default@GeneratePkgContextInfo post-execution cost:1 ms .
[2026-04-27T13:15:19.920] [DEBUG] debug-file - Update task electron:default@ProcessIntegratedHsp output file:/Volumes/Execute/Files/project/ame_new/archive_markdown_editor_hmos/app/ohos_hap/build/cache/default/integrated_hsp/integratedHspCache.json cache.
[2026-04-27T13:15:19.920] [DEBUG] debug-file - Incremental task electron:default@ProcessIntegratedHsp post-execution cost:1 ms .
[2026-04-27T13:15:19.920] [DEBUG] debug-file - Update task web_engine:default@CreateHarBuildProfile input file:/Volumes/Execute/Files/project/ame_new/archive_markdown_editor_hmos/app/ohos_hap/AppScope/app.json5 cache by regenerate.
[2026-04-27T13:15:19.920] [DEBUG] debug-file - Update task web_engine:default@CreateHarBuildProfile input file:/Volumes/Execute/Files/project/ame_new/archive_markdown_editor_hmos/app/ohos_hap/build-profile.json5 cache from map.
[2026-04-27T13:15:19.920] [DEBUG] debug-file - Update task web_engine:default@CreateHarBuildProfile output file:/Volumes/Execute/Files/project/ame_new/archive_markdown_editor_hmos/app/ohos_hap/web_engine/BuildProfile.ets cache.
[2026-04-27T13:15:19.920] [DEBUG] debug-file - Incremental task web_engine:default@CreateHarBuildProfile post-execution cost:1 ms .
[2026-04-27T13:15:19.920] [DEBUG] debug-file - Update task web_engine:default@MergeProfile input file:/Volumes/Execute/Files/project/ame_new/archive_markdown_editor_hmos/app/ohos_hap/AppScope/app.json5 cache by regenerate.
[2026-04-27T13:15:19.920] [DEBUG] debug-file - Update task web_engine:default@MergeProfile input file:/Volumes/Execute/Files/project/ame_new/archive_markdown_editor_hmos/app/ohos_hap/build-profile.json5 cache from map.
[2026-04-27T13:15:19.920] [DEBUG] debug-file - Update task web_engine:default@MergeProfile input file:/Volumes/Execute/Files/project/ame_new/archive_markdown_editor_hmos/app/ohos_hap/web_engine/src/main/module.json5 cache by regenerate.
[2026-04-27T13:15:19.920] [DEBUG] debug-file - Update task web_engine:default@MergeProfile output file:/Volumes/Execute/Files/project/ame_new/archive_markdown_editor_hmos/app/ohos_hap/web_engine/build/default/intermediates/merge_profile/default/module.json cache.
[2026-04-27T13:15:19.920] [DEBUG] debug-file - Incremental task web_engine:default@MergeProfile post-execution cost:1 ms .
[2026-04-27T13:15:19.920] [DEBUG] debug-file - Update task electron:default@SyscapTransform input file:/Volumes/Execute/Apps/DevEco-Studio.app/Contents/sdk/default/openharmony/toolchains/syscap_tool cache by regenerate.
[2026-04-27T13:15:19.920] [DEBUG] debug-file - Update task electron:default@SyscapTransform input file:/Volumes/Execute/Apps/DevEco-Studio.app/Contents/sdk/default/openharmony/ets/api/device-define cache by regenerate.
[2026-04-27T13:15:19.920] [DEBUG] debug-file - Update task electron:default@SyscapTransform output file:/Volumes/Execute/Files/project/ame_new/archive_markdown_editor_hmos/app/ohos_hap/electron/build/default/intermediates/syscap/default/rpcid.sc cache.
[2026-04-27T13:15:19.920] [DEBUG] debug-file - Incremental task electron:default@SyscapTransform post-execution cost:1 ms .
[2026-04-27T13:15:19.920] [DEBUG] debug-file - Update task electron:default@ProcessRouterMap input file:/Volumes/Execute/Files/project/ame_new/archive_markdown_editor_hmos/app/ohos_hap/electron/oh-package.json5 cache by regenerate.
[2026-04-27T13:15:19.920] [DEBUG] debug-file - Update task electron:default@ProcessRouterMap input file:/Volumes/Execute/Files/project/ame_new/archive_markdown_editor_hmos/app/ohos_hap/oh-package.json5 cache by regenerate.
[2026-04-27T13:15:19.920] [DEBUG] debug-file - Update task electron:default@ProcessRouterMap input file:/Volumes/Execute/Files/project/ame_new/archive_markdown_editor_hmos/app/ohos_hap/electron/src/main/module.json5 cache by regenerate.
[2026-04-27T13:15:19.920] [DEBUG] debug-file - Update task electron:default@ProcessRouterMap output file:/Volumes/Execute/Files/project/ame_new/archive_markdown_editor_hmos/app/ohos_hap/electron/build/default/intermediates/router_map/default/temp-router-map.json cache.
[2026-04-27T13:15:19.920] [DEBUG] debug-file - Update task electron:default@ProcessRouterMap output file:/Volumes/Execute/Files/project/ame_new/archive_markdown_editor_hmos/app/ohos_hap/electron/build/default/intermediates/router_map/default/loader-router-map.json cache.
[2026-04-27T13:15:19.920] [DEBUG] debug-file - Incremental task electron:default@ProcessRouterMap post-execution cost:1 ms .
[2026-04-27T13:15:19.920] [DEBUG] debug-file - Update task electron:default@ProcessShareConfig input file:/Volumes/Execute/Files/project/ame_new/archive_markdown_editor_hmos/app/ohos_hap/electron/oh-package.json5 cache by regenerate.
[2026-04-27T13:15:19.920] [DEBUG] debug-file - Update task electron:default@ProcessShareConfig input file:/Volumes/Execute/Files/project/ame_new/archive_markdown_editor_hmos/app/ohos_hap/oh-package.json5 cache by regenerate.
[2026-04-27T13:15:19.920] [DEBUG] debug-file - Update task electron:default@ProcessShareConfig input file:/Volumes/Execute/Files/project/ame_new/archive_markdown_editor_hmos/app/ohos_hap/electron/src/main/module.json5 cache by regenerate.
[2026-04-27T13:15:19.921] [DEBUG] debug-file - Update task electron:default@ProcessShareConfig output file:/Volumes/Execute/Files/project/ame_new/archive_markdown_editor_hmos/app/ohos_hap/electron/build/default/intermediates/share_config/default/temp-share-config.json cache.
[2026-04-27T13:15:19.921] [DEBUG] debug-file - Incremental task electron:default@ProcessShareConfig post-execution cost:1 ms .
[2026-04-27T13:15:19.921] [DEBUG] debug-file - Update task electron:default@ProcessStartupConfig output file:/Volumes/Execute/Files/project/ame_new/archive_markdown_editor_hmos/app/ohos_hap/electron/build/default/intermediates/startup/default/startup_config.json cache.
[2026-04-27T13:15:19.921] [DEBUG] debug-file - Incremental task electron:default@ProcessStartupConfig post-execution cost:1 ms .
[2026-04-27T13:15:19.921] [DEBUG] debug-file - Update task electron:default@CreateBuildProfile input file:/Volumes/Execute/Files/project/ame_new/archive_markdown_editor_hmos/app/ohos_hap/AppScope/app.json5 cache by regenerate.
[2026-04-27T13:15:19.921] [DEBUG] debug-file - Update task electron:default@CreateBuildProfile input file:/Volumes/Execute/Files/project/ame_new/archive_markdown_editor_hmos/app/ohos_hap/build-profile.json5 cache from map.
[2026-04-27T13:15:19.921] [DEBUG] debug-file - Update task electron:default@CreateBuildProfile output file:/Volumes/Execute/Files/project/ame_new/archive_markdown_editor_hmos/app/ohos_hap/electron/build/default/generated/profile/default/BuildProfile.ets cache.
[2026-04-27T13:15:19.921] [DEBUG] debug-file - Incremental task electron:default@CreateBuildProfile post-execution cost:1 ms .
[2026-04-27T13:15:19.921] [DEBUG] debug-file - Update task electron:default@MergeProfile input file:/Volumes/Execute/Files/project/ame_new/archive_markdown_editor_hmos/app/ohos_hap/AppScope/app.json5 cache by regenerate.
[2026-04-27T13:15:19.921] [DEBUG] debug-file - Update task electron:default@MergeProfile input file:/Volumes/Execute/Files/project/ame_new/archive_markdown_editor_hmos/app/ohos_hap/build-profile.json5 cache from map.
[2026-04-27T13:15:19.921] [DEBUG] debug-file - Update task electron:default@MergeProfile input file:/Volumes/Execute/Files/project/ame_new/archive_markdown_editor_hmos/app/ohos_hap/electron/src/main/module.json5 cache by regenerate.
[2026-04-27T13:15:19.921] [DEBUG] debug-file - Update task electron:default@MergeProfile input file:/Volumes/Execute/Files/project/ame_new/archive_markdown_editor_hmos/app/ohos_hap/web_engine/build/default/intermediates/merge_profile/default/module.json cache by regenerate.
[2026-04-27T13:15:19.921] [DEBUG] debug-file - Update task electron:default@MergeProfile output file:/Volumes/Execute/Files/project/ame_new/archive_markdown_editor_hmos/app/ohos_hap/electron/build/default/intermediates/merge_profile/default/module.json cache.
[2026-04-27T13:15:19.921] [DEBUG] debug-file - Incremental task electron:default@MergeProfile post-execution cost:1 ms .
[2026-04-27T13:15:19.921] [DEBUG] debug-file - Obtain build option for module 'web_engine' target 'default'in this build.
[2026-04-27T13:15:19.921] [DEBUG] debug-file - Update task electron:default@GenerateLoaderJson input file:/Volumes/Execute/Files/project/ame_new/archive_markdown_editor_hmos/app/ohos_hap/electron/build/default/intermediates/router_map/default/temp-router-map.json cache from map.
[2026-04-27T13:15:19.921] [DEBUG] debug-file - Update task electron:default@GenerateLoaderJson output file:/Volumes/Execute/Files/project/ame_new/archive_markdown_editor_hmos/app/ohos_hap/electron/build/default/intermediates/loader/default/loader.json cache.
[2026-04-27T13:15:19.921] [DEBUG] debug-file - Incremental task electron:default@GenerateLoaderJson post-execution cost:1 ms .
[2026-04-27T13:15:19.921] [DEBUG] debug-file - Update task electron:default@MakePackInfo input file:/Volumes/Execute/Files/project/ame_new/archive_markdown_editor_hmos/app/ohos_hap/AppScope/app.json5 cache by regenerate.
[2026-04-27T13:15:19.921] [DEBUG] debug-file - Update task electron:default@MakePackInfo input file:/Volumes/Execute/Files/project/ame_new/archive_markdown_editor_hmos/app/ohos_hap/electron/src/main/module.json5 cache by regenerate.
[2026-04-27T13:15:19.921] [DEBUG] debug-file - Update task electron:default@MakePackInfo input file:/Volumes/Execute/Files/project/ame_new/archive_markdown_editor_hmos/app/ohos_hap/build-profile.json5 cache from map.
[2026-04-27T13:15:19.921] [DEBUG] debug-file - Update task electron:default@MakePackInfo output file:/Volumes/Execute/Files/project/ame_new/archive_markdown_editor_hmos/app/ohos_hap/electron/build/default/outputs/default/pack.info cache.
[2026-04-27T13:15:19.921] [DEBUG] debug-file - Incremental task electron:default@MakePackInfo post-execution cost:1 ms .
[2026-04-27T13:15:19.921] [DEBUG] debug-file - Update task electron:default@ProcessProfile input file:/Volumes/Execute/Files/project/ame_new/archive_markdown_editor_hmos/app/ohos_hap/electron/build/default/intermediates/merge_profile/default/module.json cache from map.
[2026-04-27T13:15:19.921] [DEBUG] debug-file - Update task electron:default@ProcessProfile output file:/Volumes/Execute/Files/project/ame_new/archive_markdown_editor_hmos/app/ohos_hap/electron/build/default/intermediates/process_profile/default/module.json cache.
[2026-04-27T13:15:19.921] [DEBUG] debug-file - Incremental task electron:default@ProcessProfile post-execution cost:1 ms .
[2026-04-27T13:15:19.921] [DEBUG] debug-file - Update task web_engine:default@ProcessLibs input file:/Volumes/Execute/Files/project/ame_new/archive_markdown_editor_hmos/app/ohos_hap/build-profile.json5 cache from map.
[2026-04-27T13:15:19.921] [DEBUG] debug-file - Update task web_engine:default@ProcessLibs input file:/Volumes/Execute/Files/project/ame_new/archive_markdown_editor_hmos/app/ohos_hap/web_engine/build-profile.json5 cache by regenerate.
[2026-04-27T13:15:19.921] [DEBUG] debug-file - Update task web_engine:default@ProcessLibs output file:/Volumes/Execute/Files/project/ame_new/archive_markdown_editor_hmos/app/ohos_hap/web_engine/build/default/intermediates/libs/default cache.
[2026-04-27T13:15:19.921] [DEBUG] debug-file - Incremental task web_engine:default@ProcessLibs post-execution cost:1 ms .
[2026-04-27T13:15:19.921] [DEBUG] debug-file - Update task electron:default@ProcessResource output file:/Volumes/Execute/Files/project/ame_new/archive_markdown_editor_hmos/app/ohos_hap/electron/build/default/intermediates/res/default/resConfig.json cache.
[2026-04-27T13:15:19.921] [DEBUG] debug-file - Update task electron:default@ProcessResource output file:/Volumes/Execute/Files/project/ame_new/archive_markdown_editor_hmos/app/ohos_hap/electron/build/default/intermediates/res/default/opt-compression.json cache.
[2026-04-27T13:15:19.921] [DEBUG] debug-file - Incremental task electron:default@ProcessResource post-execution cost:1 ms .
[2026-04-27T13:15:19.921] [DEBUG] debug-file - Update task web_engine:default@DoNativeStrip input file:/Volumes/Execute/Files/project/ame_new/archive_markdown_editor_hmos/app/ohos_hap/web_engine/build/default/intermediates/libs/default cache by regenerate.
[2026-04-27T13:15:19.921] [DEBUG] debug-file - Update task web_engine:default@DoNativeStrip output file:/Volumes/Execute/Files/project/ame_new/archive_markdown_editor_hmos/app/ohos_hap/web_engine/build/default/intermediates/stripped_native_libs/default cache.
[2026-04-27T13:15:19.922] [DEBUG] debug-file - Incremental task web_engine:default@DoNativeStrip post-execution cost:1 ms .
[2026-04-27T13:15:19.922] [DEBUG] debug-file - Update task electron:default@CompileResource input file:/Volumes/Execute/Files/project/ame_new/archive_markdown_editor_hmos/app/ohos_hap/electron/src/main/resources cache by regenerate.
[2026-04-27T13:15:19.922] [DEBUG] debug-file - Update task electron:default@CompileResource input file:/Volumes/Execute/Files/project/ame_new/archive_markdown_editor_hmos/app/ohos_hap/web_engine/src/main/resources cache by regenerate.
[2026-04-27T13:15:19.926] [DEBUG] debug-file - Update task electron:default@CompileResource input file:/Volumes/Execute/Files/project/ame_new/archive_markdown_editor_hmos/app/ohos_hap/AppScope/resources cache by regenerate.
[2026-04-27T13:15:19.926] [DEBUG] debug-file - Update task electron:default@CompileResource input file:/Volumes/Execute/Files/project/ame_new/archive_markdown_editor_hmos/app/ohos_hap/electron/build/default/intermediates/process_profile/default/module.json cache from map.
[2026-04-27T13:15:19.926] [DEBUG] debug-file - Update task electron:default@CompileResource input file:/Volumes/Execute/Files/project/ame_new/archive_markdown_editor_hmos/app/ohos_hap/electron/build/default/intermediates/res/default/resConfig.json cache by regenerate.
[2026-04-27T13:15:19.926] [DEBUG] debug-file - Update task electron:default@CompileResource output file:/Volumes/Execute/Files/project/ame_new/archive_markdown_editor_hmos/app/ohos_hap/electron/build/default/intermediates/res/default cache.
[2026-04-27T13:15:19.932] [DEBUG] debug-file - Update task electron:default@CompileResource output file:/Volumes/Execute/Files/project/ame_new/archive_markdown_editor_hmos/app/ohos_hap/electron/build/default/generated/r/default/ResourceTable.h cache.
[2026-04-27T13:15:19.932] [DEBUG] debug-file - Update task electron:default@CompileResource output file:/Volumes/Execute/Files/project/ame_new/archive_markdown_editor_hmos/app/ohos_hap/electron/build/default/generated/r/default cache.
[2026-04-27T13:15:19.932] [DEBUG] debug-file - Incremental task electron:default@CompileResource post-execution cost:11 ms .
[2026-04-27T13:15:19.932] [DEBUG] debug-file - Update task electron:default@CompileArkTS input file:/Volumes/Execute/Files/project/ame_new/archive_markdown_editor_hmos/app/ohos_hap/electron/build/default/intermediates/loader/default cache from map.
[2026-04-27T13:15:19.932] [DEBUG] debug-file - Update task electron:default@CompileArkTS input file:/Volumes/Execute/Files/project/ame_new/archive_markdown_editor_hmos/app/ohos_hap/web_engine/Index.ets cache by regenerate.
[2026-04-27T13:15:19.932] [DEBUG] debug-file - Update task electron:default@CompileArkTS input file:/Volumes/Execute/Files/project/ame_new/archive_markdown_editor_hmos/app/ohos_hap/web_engine/src/main/ets cache by regenerate.
[2026-04-27T13:15:19.933] [DEBUG] debug-file - Update task electron:default@CompileArkTS input file:/Volumes/Execute/Files/project/ame_new/archive_markdown_editor_hmos/app/ohos_hap/electron/build/default/intermediates/res/default/resources/rawfile cache by regenerate.
[2026-04-27T13:15:19.933] [DEBUG] debug-file - Update task electron:default@CompileArkTS input file:/Volumes/Execute/Files/project/ame_new/archive_markdown_editor_hmos/app/ohos_hap/electron/build/default/intermediates/res/default/ResourceTable.txt cache by regenerate.
[2026-04-27T13:15:19.934] [DEBUG] debug-file - Update task electron:default@CompileArkTS input file:/Volumes/Execute/Files/project/ame_new/archive_markdown_editor_hmos/app/ohos_hap/electron/build/default/intermediates/res/default/ark_module.json cache by regenerate.
[2026-04-27T13:15:19.934] [DEBUG] debug-file - Update task electron:default@CompileArkTS input file:/Volumes/Execute/Files/project/ame_new/archive_markdown_editor_hmos/app/ohos_hap/electron/build/default/intermediates/res/default/resources/base/profile cache by regenerate.
[2026-04-27T13:15:19.934] [DEBUG] debug-file - Update task electron:default@CompileArkTS input file:/Volumes/Execute/Files/project/ame_new/archive_markdown_editor_hmos/app/ohos_hap/electron/src/main/ets cache by regenerate.
[2026-04-27T13:15:19.934] [DEBUG] debug-file - Update task electron:default@CompileArkTS input file:/Volumes/Execute/Files/project/ame_new/archive_markdown_editor_hmos/app/ohos_hap/electron/build/default/generated/profile/default/BuildProfile.ets cache by regenerate.
[2026-04-27T13:15:19.934] [DEBUG] debug-file - Update task electron:default@CompileArkTS input file:/Volumes/Execute/Files/project/ame_new/archive_markdown_editor_hmos/app/ohos_hap/web_engine/src/main/cpp/types cache by regenerate.
[2026-04-27T13:15:19.934] [DEBUG] debug-file - Update task electron:default@CompileArkTS input file:/Volumes/Execute/Files/project/ame_new/archive_markdown_editor_hmos/app/ohos_hap/web_engine/BuildProfile.ets cache by regenerate.
[2026-04-27T13:15:19.934] [DEBUG] debug-file - Update task electron:default@CompileArkTS output file:/Volumes/Execute/Files/project/ame_new/archive_markdown_editor_hmos/app/ohos_hap/electron/build/default/intermediates/loader_out/default/ets cache.
[2026-04-27T13:15:19.934] [DEBUG] debug-file - Incremental task electron:default@CompileArkTS post-execution cost:3 ms .
[2026-04-27T13:15:19.934] [DEBUG] debug-file - Update task electron:default@BuildJS input file:/Volumes/Execute/Files/project/ame_new/archive_markdown_editor_hmos/app/ohos_hap/electron/build/default/intermediates/loader/default cache by regenerate.
[2026-04-27T13:15:19.934] [DEBUG] debug-file - Update task electron:default@BuildJS input file:/Volumes/Execute/Files/project/ame_new/archive_markdown_editor_hmos/app/ohos_hap/web_engine/Index.ets cache by regenerate.
[2026-04-27T13:15:19.934] [DEBUG] debug-file - Update task electron:default@BuildJS input file:/Volumes/Execute/Files/project/ame_new/archive_markdown_editor_hmos/app/ohos_hap/electron/build/default/intermediates/res/default/resources/rawfile cache by regenerate.
[2026-04-27T13:15:19.934] [DEBUG] debug-file - Update task electron:default@BuildJS input file:/Volumes/Execute/Files/project/ame_new/archive_markdown_editor_hmos/app/ohos_hap/electron/build/default/intermediates/res/default/ResourceTable.txt cache by regenerate.
[2026-04-27T13:15:19.934] [DEBUG] debug-file - Update task electron:default@BuildJS input file:/Volumes/Execute/Files/project/ame_new/archive_markdown_editor_hmos/app/ohos_hap/electron/build/default/intermediates/res/default/ark_module.json cache by regenerate.
[2026-04-27T13:15:19.934] [DEBUG] debug-file - Update task electron:default@BuildJS input file:/Volumes/Execute/Files/project/ame_new/archive_markdown_editor_hmos/app/ohos_hap/electron/build/default/intermediates/res/default/resources/base/profile cache by regenerate.
[2026-04-27T13:15:19.934] [DEBUG] debug-file - Update task electron:default@BuildJS output file:/Volumes/Execute/Files/project/ame_new/archive_markdown_editor_hmos/app/ohos_hap/electron/build/default/intermediates/loader_out/default/js cache.
[2026-04-27T13:15:19.935] [DEBUG] debug-file - Incremental task electron:default@BuildJS post-execution cost:1 ms .
[2026-04-27T13:15:19.935] [DEBUG] debug-file - Update task electron:default@ProcessLibs input file:/Volumes/Execute/Files/project/ame_new/archive_markdown_editor_hmos/app/ohos_hap/electron/libs cache by regenerate.
[2026-04-27T13:15:19.935] [DEBUG] debug-file - Update task electron:default@ProcessLibs input file:/Volumes/Execute/Files/project/ame_new/archive_markdown_editor_hmos/app/ohos_hap/web_engine/build/default/intermediates/libs/default cache by regenerate.
[2026-04-27T13:15:19.935] [DEBUG] debug-file - Update task electron:default@ProcessLibs input file:/Volumes/Execute/Files/project/ame_new/archive_markdown_editor_hmos/app/ohos_hap/build-profile.json5 cache from map.
[2026-04-27T13:15:19.935] [DEBUG] debug-file - Update task electron:default@ProcessLibs input file:/Volumes/Execute/Files/project/ame_new/archive_markdown_editor_hmos/app/ohos_hap/electron/build-profile.json5 cache by regenerate.
[2026-04-27T13:15:19.935] [DEBUG] debug-file - Update task electron:default@ProcessLibs output file:/Volumes/Execute/Files/project/ame_new/archive_markdown_editor_hmos/app/ohos_hap/electron/build/default/intermediates/libs/default cache.
[2026-04-27T13:15:19.935] [DEBUG] debug-file - Incremental task electron:default@ProcessLibs post-execution cost:1 ms .
[2026-04-27T13:15:19.935] [DEBUG] debug-file - Update task electron:default@DoNativeStrip input file:/Volumes/Execute/Files/project/ame_new/archive_markdown_editor_hmos/app/ohos_hap/electron/build/default/intermediates/libs/default cache by regenerate.
[2026-04-27T13:15:19.935] [DEBUG] debug-file - Update task electron:default@DoNativeStrip output file:/Volumes/Execute/Files/project/ame_new/archive_markdown_editor_hmos/app/ohos_hap/electron/build/default/intermediates/stripped_native_libs/default cache.
[2026-04-27T13:15:19.935] [DEBUG] debug-file - Incremental task electron:default@DoNativeStrip post-execution cost:1 ms .
[2026-04-27T13:15:19.935] [DEBUG] debug-file - Update task electron:default@CacheNativeLibs input file:/Volumes/Execute/Files/project/ame_new/archive_markdown_editor_hmos/app/ohos_hap/electron/build/default/intermediates/stripped_native_libs/default cache from map.
[2026-04-27T13:15:19.935] [DEBUG] debug-file - Update task electron:default@CacheNativeLibs input file:/Volumes/Execute/Files/project/ame_new/archive_markdown_editor_hmos/app/ohos_hap/electron/build/default/intermediates/libs/default cache by regenerate.
[2026-04-27T13:15:19.935] [DEBUG] debug-file - Update task electron:default@CacheNativeLibs output file:/Volumes/Execute/Files/project/ame_new/archive_markdown_editor_hmos/app/ohos_hap/electron/build/default/intermediates/patch/default/base_native_libs.json cache.
[2026-04-27T13:15:19.935] [DEBUG] debug-file - Incremental task electron:default@CacheNativeLibs post-execution cost:1 ms .
[2026-04-27T13:15:19.935] [DEBUG] debug-file - Update task electron:default@GeneratePkgModuleJson input file:/Volumes/Execute/Files/project/ame_new/archive_markdown_editor_hmos/app/ohos_hap/electron/build/default/intermediates/res/default/module.json cache from map.
[2026-04-27T13:15:19.935] [DEBUG] debug-file - Update task electron:default@GeneratePkgModuleJson output file:/Volumes/Execute/Files/project/ame_new/archive_markdown_editor_hmos/app/ohos_hap/electron/build/default/intermediates/package/default/module.json cache.
[2026-04-27T13:15:19.935] [DEBUG] debug-file - Incremental task electron:default@GeneratePkgModuleJson post-execution cost:1 ms .
[2026-04-27T13:15:19.935] [DEBUG] debug-file - Incremental task electron:default@ProcessCompiledResources post-execution cost:1 ms .
[2026-04-27T13:15:19.936] [DEBUG] debug-file - Update task electron:default@PackageHap input file:/Volumes/Execute/Files/project/ame_new/archive_markdown_editor_hmos/app/ohos_hap/electron/build/default/intermediates/stripped_native_libs/default cache from map.
[2026-04-27T13:15:19.936] [DEBUG] debug-file - Update task electron:default@PackageHap input file:/Volumes/Execute/Files/project/ame_new/archive_markdown_editor_hmos/app/ohos_hap/electron/build/default/intermediates/res/default/module.json cache by regenerate.
[2026-04-27T13:15:19.936] [DEBUG] debug-file - Update task electron:default@PackageHap input file:/Volumes/Execute/Files/project/ame_new/archive_markdown_editor_hmos/app/ohos_hap/electron/build/default/intermediates/res/default/resources cache by regenerate.
[2026-04-27T13:15:19.941] [DEBUG] debug-file - Update task electron:default@PackageHap input file:/Volumes/Execute/Files/project/ame_new/archive_markdown_editor_hmos/app/ohos_hap/electron/build/default/intermediates/res/default/resources.index cache by regenerate.
[2026-04-27T13:15:19.941] [DEBUG] debug-file - Update task electron:default@PackageHap input file:/Volumes/Execute/Files/project/ame_new/archive_markdown_editor_hmos/app/ohos_hap/electron/build/default/outputs/default/pack.info cache by regenerate.
[2026-04-27T13:15:19.941] [DEBUG] debug-file - Update task electron:default@PackageHap input file:/Volumes/Execute/Files/project/ame_new/archive_markdown_editor_hmos/app/ohos_hap/electron/build/default/intermediates/loader_out/default/ets cache by regenerate.
[2026-04-27T13:15:19.941] [DEBUG] debug-file - Update task electron:default@PackageHap input file:/Volumes/Execute/Files/project/ame_new/archive_markdown_editor_hmos/app/ohos_hap/electron/build/default/cache/default/default@CompileArkTS/esmodule/release/sourceMaps.map cache by regenerate.
[2026-04-27T13:15:19.941] [DEBUG] debug-file - Update task electron:default@PackageHap input file:/Volumes/Execute/Files/project/ame_new/archive_markdown_editor_hmos/app/ohos_hap/electron/build/default/generated/profile/default/BuildProfile.ets cache by regenerate.
[2026-04-27T13:15:19.941] [DEBUG] debug-file - Update task electron:default@PackageHap output file:/Volumes/Execute/Files/project/ame_new/archive_markdown_editor_hmos/app/ohos_hap/electron/build/default/outputs/default/electron-default-unsigned.hap cache.
[2026-04-27T13:15:19.941] [DEBUG] debug-file - Update task electron:default@PackageHap output file:/Volumes/Execute/Files/project/ame_new/archive_markdown_editor_hmos/app/ohos_hap/electron/build/default/intermediates/source_map/default/sourceMaps.map cache.
[2026-04-27T13:15:19.941] [DEBUG] debug-file - Update task electron:default@PackageHap output file:/Volumes/Execute/Files/project/ame_new/archive_markdown_editor_hmos/app/ohos_hap/electron/build/default/outputs/default/mapping/sourceMaps.map cache.
[2026-04-27T13:15:19.941] [DEBUG] debug-file - Incremental task electron:default@PackageHap post-execution cost:6 ms .
[2026-04-27T13:15:19.941] [DEBUG] debug-file - Update task electron:default@SignHap input file:/Volumes/Execute/Files/project/ame_new/HarmonyOS-AME-Cert/debug-cert/AME-debug.cer cache by regenerate.
[2026-04-27T13:15:19.941] [DEBUG] debug-file - Update task electron:default@SignHap input file:/Volumes/Execute/Files/project/ame_new/HarmonyOS-AME-Cert/debug-cert/ame-ss-debugDebug.p7b cache by regenerate.
[2026-04-27T13:15:19.941] [DEBUG] debug-file - Update task electron:default@SignHap input file:/Volumes/Execute/Files/project/ame_new/HarmonyOS-AME-Cert/debug-cert/ame-debug.p12 cache by regenerate.
[2026-04-27T13:15:19.941] [DEBUG] debug-file - Update task electron:default@SignHap input file:/Volumes/Execute/Files/project/ame_new/archive_markdown_editor_hmos/app/ohos_hap/electron/build/default/outputs/default/electron-default-unsigned.hap cache from map.
[2026-04-27T13:15:19.941] [DEBUG] debug-file - Update task electron:default@SignHap output file:/Volumes/Execute/Files/project/ame_new/archive_markdown_editor_hmos/app/ohos_hap/electron/build/default/outputs/default/electron-default-signed.hap cache.
[2026-04-27T13:15:19.941] [DEBUG] debug-file - Incremental task electron:default@SignHap post-execution cost:1 ms .
[2026-04-27T13:15:19.941] [DEBUG] debug-file - Update task electron:default@CollectDebugSymbol input file:/Volumes/Execute/Files/project/ame_new/archive_markdown_editor_hmos/app/ohos_hap/electron/build/default/cache/default/default@CompileArkTS/esmodule/release/sourceMaps.map cache from map.
[2026-04-27T13:15:19.941] [DEBUG] debug-file - Update task electron:default@CollectDebugSymbol input file:/Volumes/Execute/Files/project/ame_new/archive_markdown_editor_hmos/app/ohos_hap/electron/build/default/intermediates/libs/default cache by regenerate.
[2026-04-27T13:15:19.942] [DEBUG] debug-file - Update task electron:default@CollectDebugSymbol output file:/Volumes/Execute/Files/project/ame_new/archive_markdown_editor_hmos/app/ohos_hap/electron/build/default/outputs/default/symbol cache.
[2026-04-27T13:15:19.942] [DEBUG] debug-file - Incremental task electron:default@CollectDebugSymbol post-execution cost:1 ms .
[2026-04-27T13:15:19.949] [DEBUG] debug-file - Cleanup worker 7.
[2026-04-27T13:15:19.949] [DEBUG] debug-file - Worker 7 has been cleaned up.
[2026-04-27T13:15:19.949] [DEBUG] debug-file - Current idle worker size: 2.
[2026-04-27T13:15:19.949] [DEBUG] debug-file - Current resident worker size: 3.
[2026-04-27T13:15:19.949] [DEBUG] debug-file - Cleanup worker 8.
[2026-04-27T13:15:19.949] [DEBUG] debug-file - Worker 8 has been cleaned up.
[2026-04-27T13:15:19.949] [DEBUG] debug-file - Current idle worker size: 1.
[2026-04-27T13:15:19.949] [DEBUG] debug-file - Current resident worker size: 3.
[2026-04-27T13:15:19.950] [DEBUG] debug-file - hvigor build process will be closed.
[2026-04-27T13:15:19.950] [DEBUG] debug-file - java daemon socket close code:1000 reason:close by user
[2026-04-27T13:15:19.953] [DEBUG] debug-file - session manager: send message to worker process.
[2026-04-27T13:15:19.953] [DEBUG] debug-file - session manager: send message to worker process.
[2026-04-27T13:15:19.953] [DEBUG] debug-file - watch worker: worker id should be larger than 0. Nothing will be sent to any worker thread.
[2026-04-27T13:15:19.953] [DEBUG] debug-file - watch worker: worker id should be larger than 0. Nothing will be sent to any worker thread.
[2026-04-27T13:15:19.957] [DEBUG] debug-file - worker[8] exits with exit code 1.
[2026-04-27T13:15:19.957] [DEBUG] debug-file - worker[7] exits with exit code 1.
[2026-04-27T14:33:54.753] [DEBUG] debug-file - session manager: set active socket. socketId=KLByxpZrAvoPMOE-AAAV
[2026-04-27T14:33:54.755] [DEBUG] debug-file - watch worker: worker id should be larger than 0. Nothing will be sent to any worker thread.
[2026-04-27T14:33:54.760] [DEBUG] debug-file - Workers' log level updated to INFO
[2026-04-27T14:33:54.763] [DEBUG] debug-file - Hvigor init with startParameters:{
  hvigorfileTypeCheck: false,
  parallelExecution: true,
  incrementalExecution: true,
  printStackTrace: false,
  daemon: true,
  analyze: 0,
  logLevel: Level { level: 20000, levelStr: 'INFO', colour: 'green' },
  optimizationStrategy: 'memory',
  hotCompile: undefined,
  hotReloadBuild: undefined,
  customizedParam: undefined
}
[2026-04-27T14:33:54.769] [DEBUG] debug-file - Cache service initialization finished in 7 ms 
[2026-04-27T14:33:54.776] [DEBUG] debug-file - hvigorfile, resolving /Volumes/Execute/Files/project/ame_new/archive_markdown_editor_hmos/app/ohos_hap/hvigorfile.ts
[2026-04-27T14:33:54.791] [DEBUG] debug-file - hvigorfile, require result:  { default: { plugins: [] } }
[2026-04-27T14:33:54.791] [DEBUG] debug-file - hvigorfile, binding system plugins null
[2026-04-27T14:33:54.792] [DEBUG] debug-file - Starting plugin build process
[2026-04-27T14:33:54.792] [DEBUG] debug-file - App plugin prepare start...
[2026-04-27T14:33:54.792] [DEBUG] debug-file - App plugin prepare end...
[2026-04-27T14:33:54.792] [DEBUG] debug-file - App plugin creating...
[2026-04-27T14:33:54.801] [DEBUG] debug-file - App plugin register hook start...
[2026-04-27T14:33:54.801] [DEBUG] debug-file - App plugin register hook end...
[2026-04-27T14:33:54.801] [DEBUG] debug-file - Plugin build process completed
[2026-04-27T14:33:54.801] [DEBUG] debug-file - Start initialize project's product build option map with build mode debug.
[2026-04-27T14:33:54.801] [DEBUG] debug-file - Picking option from product 'default' with build mode 'debug'.
[2026-04-27T14:33:54.801] [DEBUG] debug-file - Product 'default' build option initialized
[2026-04-27T14:33:54.801] [DEBUG] debug-file - End initialize project's product build option map with build mode 'debug'.
[2026-04-27T14:33:54.801] [DEBUG] debug-file - Obtain build option for product 'default'in this build.
[2026-04-27T14:33:54.803] [DEBUG] debug-file - /Volumes/Execute/Files/project/ame_new/archive_markdown_editor_hmos/app/ohos_hap/build/cache/default/remote_hsp/remoteHspCache.json not exists.
[2026-04-27T14:33:54.806] [DEBUG] debug-file - Start recording SDK configuration permission data.
[2026-04-27T14:33:54.818] [DEBUG] debug-file - Sdk init in 15 ms 
[2026-04-27T14:33:54.820] [DEBUG] debug-file - Project task initialization takes 2 ms 
[2026-04-27T14:33:54.820] [DEBUG] debug-file - hvigorfile, binding custom plugins []
[2026-04-27T14:33:54.820] [DEBUG] debug-file - hvigorfile, no custom plugins were found in /Volumes/Execute/Files/project/ame_new/archive_markdown_editor_hmos/app/ohos_hap/hvigorfile.ts
[2026-04-27T14:33:54.820] [DEBUG] debug-file - hvigorfile, resolve finished /Volumes/Execute/Files/project/ame_new/archive_markdown_editor_hmos/app/ohos_hap/hvigorfile.ts
[2026-04-27T14:33:54.820] [DEBUG] debug-file - hvigorfile, resolving /Volumes/Execute/Files/project/ame_new/archive_markdown_editor_hmos/app/ohos_hap/electron/hvigorfile.ts
[2026-04-27T14:33:54.822] [DEBUG] debug-file - hvigorfile, require result:  { default: { plugins: [] } }
[2026-04-27T14:33:54.822] [DEBUG] debug-file - hvigorfile, binding system plugins null
[2026-04-27T14:33:54.822] [DEBUG] debug-file - Starting plugin build process
[2026-04-27T14:33:54.822] [DEBUG] debug-file - Hap plugin creating...
[2026-04-27T14:33:54.824] [DEBUG] debug-file - failed to load cangjie to dynamically generate schemas: Error: Cannot find module '@ohos/cangjie-build-support/index'
Require stack:
- /Volumes/Execute/Apps/DevEco-Studio.app/Contents/tools/hvigor/hvigor-ohos-plugin/src/plugin/hooks/cangjie-register.js
- /Volumes/Execute/Apps/DevEco-Studio.app/Contents/tools/hvigor/hvigor-ohos-plugin/src/plugin/strategy/stage-init-strategy.js
- /Volumes/Execute/Apps/DevEco-Studio.app/Contents/tools/hvigor/hvigor-ohos-plugin/src/plugin/builder/abstract-plugin-builder.js
- /Volumes/Execute/Apps/DevEco-Studio.app/Contents/tools/hvigor/hvigor-ohos-plugin/src/plugin/builder/app-plugin-builder.js
- /Volumes/Execute/Apps/DevEco-Studio.app/Contents/tools/hvigor/hvigor-ohos-plugin/src/plugin/factory/plugin-factory.js
- /Volumes/Execute/Apps/DevEco-Studio.app/Contents/tools/hvigor/hvigor-ohos-plugin/index.js
- /Volumes/Execute/Files/project/ame_new/archive_markdown_editor_hmos/app/ohos_hap/hvigorfile.ts
- /Volumes/Execute/Apps/DevEco-Studio.app/Contents/tools/hvigor/hvigor/src/base/internal/lifecycle/configuration.js
- /Volumes/Execute/Apps/DevEco-Studio.app/Contents/tools/hvigor/hvigor/src/base/boot/index.js
- /Volumes/Execute/Apps/DevEco-Studio.app/Contents/tools/hvigor/hvigor/src/base/daemon/cluster/worker-process-lifecycle.js
- /Volumes/Execute/Apps/DevEco-Studio.app/Contents/tools/hvigor/hvigor/src/base/daemon/process/daemon-process-boot-script.js
[2026-04-27T14:33:54.828] [DEBUG] debug-file - Start initialize module-target build option map, moduleName=electron, buildMode=debug
[2026-04-27T14:33:54.828] [DEBUG] debug-file - Target 'default' config initialized
[2026-04-27T14:33:54.828] [DEBUG] debug-file - Target 'ohosTest' config initialized
[2026-04-27T14:33:54.828] [DEBUG] debug-file - Module 'electron' target 'default' build option initialized
[2026-04-27T14:33:54.828] [DEBUG] debug-file - Module 'electron' target 'ohosTest' build option initialized
[2026-04-27T14:33:54.828] [DEBUG] debug-file - End initialize module-target build option map, moduleName=electron
[2026-04-27T14:33:54.828] [DEBUG] debug-file - Start initialize module-target build option map, moduleName=electron, buildMode=release
[2026-04-27T14:33:54.828] [DEBUG] debug-file - Target 'default' config initialized
[2026-04-27T14:33:54.828] [DEBUG] debug-file - Target 'ohosTest' config initialized
[2026-04-27T14:33:54.828] [DEBUG] debug-file - Module 'electron' target 'default' build option initialized
[2026-04-27T14:33:54.828] [DEBUG] debug-file - Module 'electron' target 'ohosTest' build option initialized
[2026-04-27T14:33:54.828] [DEBUG] debug-file - End initialize module-target build option map, moduleName=electron
[2026-04-27T14:33:54.828] [DEBUG] debug-file - Start initialize module-target build option map, moduleName=electron, buildMode=debug
[2026-04-27T14:33:54.828] [DEBUG] debug-file - Target 'default' config initialized
[2026-04-27T14:33:54.828] [DEBUG] debug-file - Target 'ohosTest' config initialized
[2026-04-27T14:33:54.828] [DEBUG] debug-file - Module 'electron' target 'default' build option initialized
[2026-04-27T14:33:54.828] [DEBUG] debug-file - Module 'electron' target 'ohosTest' build option initialized
[2026-04-27T14:33:54.828] [DEBUG] debug-file - End initialize module-target build option map, moduleName=electron
[2026-04-27T14:33:54.828] [DEBUG] debug-file - Obtain build option for module 'electron' target 'default'in this build.
[2026-04-27T14:33:54.830] [DEBUG] debug-file - Module electron task initialization takes 2 ms 
[2026-04-27T14:33:54.830] [DEBUG] debug-file - Hap plugin register hook start...
[2026-04-27T14:33:54.830] [DEBUG] debug-file - Hap plugin register hook end...
[2026-04-27T14:33:54.830] [DEBUG] debug-file - Plugin build process completed
[2026-04-27T14:33:54.830] [DEBUG] debug-file - hvigorfile, binding custom plugins []
[2026-04-27T14:33:54.830] [DEBUG] debug-file - hvigorfile, no custom plugins were found in /Volumes/Execute/Files/project/ame_new/archive_markdown_editor_hmos/app/ohos_hap/electron/hvigorfile.ts
[2026-04-27T14:33:54.830] [DEBUG] debug-file - hvigorfile, resolve finished /Volumes/Execute/Files/project/ame_new/archive_markdown_editor_hmos/app/ohos_hap/electron/hvigorfile.ts
[2026-04-27T14:33:54.830] [DEBUG] debug-file - hvigorfile, resolving /Volumes/Execute/Files/project/ame_new/archive_markdown_editor_hmos/app/ohos_hap/web_engine/hvigorfile.ts
[2026-04-27T14:33:54.832] [DEBUG] debug-file - hvigorfile, require result:  { default: { plugins: [] } }
[2026-04-27T14:33:54.832] [DEBUG] debug-file - hvigorfile, binding system plugins null
[2026-04-27T14:33:54.832] [DEBUG] debug-file - Starting plugin build process
[2026-04-27T14:33:54.832] [DEBUG] debug-file - Har plugin creating...
[2026-04-27T14:33:54.832] [DEBUG] debug-file - failed to load cangjie to dynamically generate schemas: Error: Cannot find module '@ohos/cangjie-build-support/index'
Require stack:
- /Volumes/Execute/Apps/DevEco-Studio.app/Contents/tools/hvigor/hvigor-ohos-plugin/src/plugin/hooks/cangjie-register.js
- /Volumes/Execute/Apps/DevEco-Studio.app/Contents/tools/hvigor/hvigor-ohos-plugin/src/plugin/strategy/stage-init-strategy.js
- /Volumes/Execute/Apps/DevEco-Studio.app/Contents/tools/hvigor/hvigor-ohos-plugin/src/plugin/builder/abstract-plugin-builder.js
- /Volumes/Execute/Apps/DevEco-Studio.app/Contents/tools/hvigor/hvigor-ohos-plugin/src/plugin/builder/app-plugin-builder.js
- /Volumes/Execute/Apps/DevEco-Studio.app/Contents/tools/hvigor/hvigor-ohos-plugin/src/plugin/factory/plugin-factory.js
- /Volumes/Execute/Apps/DevEco-Studio.app/Contents/tools/hvigor/hvigor-ohos-plugin/index.js
- /Volumes/Execute/Files/project/ame_new/archive_markdown_editor_hmos/app/ohos_hap/hvigorfile.ts
- /Volumes/Execute/Apps/DevEco-Studio.app/Contents/tools/hvigor/hvigor/src/base/internal/lifecycle/configuration.js
- /Volumes/Execute/Apps/DevEco-Studio.app/Contents/tools/hvigor/hvigor/src/base/boot/index.js
- /Volumes/Execute/Apps/DevEco-Studio.app/Contents/tools/hvigor/hvigor/src/base/daemon/cluster/worker-process-lifecycle.js
- /Volumes/Execute/Apps/DevEco-Studio.app/Contents/tools/hvigor/hvigor/src/base/daemon/process/daemon-process-boot-script.js
[2026-04-27T14:33:54.833] [DEBUG] debug-file - Start initialize module-target build option map, moduleName=web_engine, buildMode=debug
[2026-04-27T14:33:54.834] [DEBUG] debug-file - Target 'default' config initialized
[2026-04-27T14:33:54.834] [DEBUG] debug-file - Module 'web_engine' target 'default' build option initialized
[2026-04-27T14:33:54.834] [DEBUG] debug-file - End initialize module-target build option map, moduleName=web_engine
[2026-04-27T14:33:54.834] [DEBUG] debug-file - Start initialize module-target build option map, moduleName=web_engine, buildMode=release
[2026-04-27T14:33:54.834] [DEBUG] debug-file - Target 'default' config initialized
[2026-04-27T14:33:54.834] [DEBUG] debug-file - Module 'web_engine' target 'default' build option initialized
[2026-04-27T14:33:54.834] [DEBUG] debug-file - End initialize module-target build option map, moduleName=web_engine
[2026-04-27T14:33:54.834] [DEBUG] debug-file - Start initialize module-target build option map, moduleName=web_engine, buildMode=debug
[2026-04-27T14:33:54.834] [DEBUG] debug-file - Target 'default' config initialized
[2026-04-27T14:33:54.834] [DEBUG] debug-file - Module 'web_engine' target 'default' build option initialized
[2026-04-27T14:33:54.834] [DEBUG] debug-file - End initialize module-target build option map, moduleName=web_engine
[2026-04-27T14:33:54.834] [DEBUG] debug-file - Obtain build option for module 'web_engine' target 'default'in this build.
[2026-04-27T14:33:54.834] [DEBUG] debug-file - Module web_engine task initialization takes 1 ms 
[2026-04-27T14:33:54.834] [DEBUG] debug-file - Har plugin register hook start...
[2026-04-27T14:33:54.834] [DEBUG] debug-file - Har plugin register hook end...
[2026-04-27T14:33:54.834] [DEBUG] debug-file - Plugin build process completed
[2026-04-27T14:33:54.834] [DEBUG] debug-file - hvigorfile, binding custom plugins []
[2026-04-27T14:33:54.834] [DEBUG] debug-file - hvigorfile, no custom plugins were found in /Volumes/Execute/Files/project/ame_new/archive_markdown_editor_hmos/app/ohos_hap/web_engine/hvigorfile.ts
[2026-04-27T14:33:54.834] [DEBUG] debug-file - hvigorfile, resolve finished /Volumes/Execute/Files/project/ame_new/archive_markdown_editor_hmos/app/ohos_hap/web_engine/hvigorfile.ts
[2026-04-27T14:33:54.873] [DEBUG] debug-file - hvigorfile, resolve hvigorfile dependencies in 39 ms 
[2026-04-27T14:33:54.873] [DEBUG] debug-file - project has submodules:electron,web_engine
[2026-04-27T14:33:54.873] [DEBUG] debug-file - module:web_engine no need to execute packageHap
[2026-04-27T14:33:54.874] [DEBUG] debug-file - Start to initialize dependency information.
[2026-04-27T14:33:54.875] [DEBUG] debug-file - Module ohos_hap Collected Dependency: 
[2026-04-27T14:33:54.875] [DEBUG] debug-file - Module ohos_hap's total dependency: 0
[2026-04-27T14:33:54.875] [DEBUG] debug-file - Start to initialize dependency information.
[2026-04-27T14:33:54.885] [DEBUG] debug-file - Module electron Collected Dependency: /Volumes/Execute/Files/project/ame_new/archive_markdown_editor_hmos/app/ohos_hap/web_engine,/Volumes/Execute/Files/project/ame_new/archive_markdown_editor_hmos/app/ohos_hap/oh_modules/.ohpm/inversify@6.0.1/oh_modules/inversify,/Volumes/Execute/Files/project/ame_new/archive_markdown_editor_hmos/app/ohos_hap/oh_modules/.ohpm/reflect-metadata@0.2.1/oh_modules/reflect-metadata
[2026-04-27T14:33:54.885] [DEBUG] debug-file - Module electron's total dependency: 3
[2026-04-27T14:33:54.886] [DEBUG] debug-file - Start to initialize dependency information.
[2026-04-27T14:33:54.887] [DEBUG] debug-file - Module web_engine Collected Dependency: /Volumes/Execute/Files/project/ame_new/archive_markdown_editor_hmos/app/ohos_hap/oh_modules/.ohpm/inversify@6.0.1/oh_modules/inversify,/Volumes/Execute/Files/project/ame_new/archive_markdown_editor_hmos/app/ohos_hap/oh_modules/.ohpm/reflect-metadata@0.2.1/oh_modules/reflect-metadata
[2026-04-27T14:33:54.887] [DEBUG] debug-file - Module web_engine's total dependency: 2
[2026-04-27T14:33:54.887] [DEBUG] debug-file - Configuration phase cost:118 ms 
[2026-04-27T14:33:54.888] [DEBUG] debug-file - Configuration task cost before running: 127 ms 
[2026-04-27T14:33:54.888] [DEBUG] debug-file - Executing task :electron:clean
[2026-04-27T14:33:54.888] [DEBUG] debug-file - clean: Start terminating worker pool.
[2026-04-27T14:33:54.888] [DEBUG] debug-file - Current worker pool is stopped or closed.
[2026-04-27T14:33:54.888] [DEBUG] debug-file - Clear worker 4.
[2026-04-27T14:33:54.888] [DEBUG] debug-file - Worker 4 has been cleared.
[2026-04-27T14:33:54.888] [DEBUG] debug-file - Current idle worker size: 0.
[2026-04-27T14:33:54.888] [DEBUG] debug-file - Current busy worker size: 0.
[2026-04-27T14:33:54.888] [DEBUG] debug-file - Current worker pool is terminated.
[2026-04-27T14:33:54.888] [DEBUG] debug-file - clean: Terminating worker pool finished.
[2026-04-27T14:33:54.957] [DEBUG] debug-file - electron : clean cost memory -10.10919189453125
[2026-04-27T14:33:54.957] [DEBUG] debug-file - runTaskFromQueue task cost before running: 197 ms 
[2026-04-27T14:33:54.957] [INFO] debug-file - Finished :electron:clean... after 70 ms 
[2026-04-27T14:33:54.957] [DEBUG] debug-file - Executing task :web_engine:clean
[2026-04-27T14:33:54.957] [DEBUG] debug-file - clean: Worker pool is inactive.
[2026-04-27T14:33:54.958] [DEBUG] debug-file - web_engine : clean cost memory 0.083984375
[2026-04-27T14:33:54.958] [DEBUG] debug-file - runTaskFromQueue task cost before running: 198 ms 
[2026-04-27T14:33:54.958] [INFO] debug-file - Finished :web_engine:clean... after 1 ms 
[2026-04-27T14:33:54.958] [DEBUG] debug-file - Executing task ::clean
[2026-04-27T14:33:54.958] [DEBUG] debug-file - clean: Worker pool is inactive.
[2026-04-27T14:33:54.958] [DEBUG] debug-file - ohos_hap : clean cost memory 0.02490997314453125
[2026-04-27T14:33:54.958] [DEBUG] debug-file - runTaskFromQueue task cost before running: 198 ms 
[2026-04-27T14:33:54.958] [INFO] debug-file - Finished ::clean... after 1 ms 
[2026-04-27T14:33:54.958] [INFO] debug-file - BUILD SUCCESSFUL in 198 ms 
[2026-04-27T14:33:54.964] [DEBUG] debug-file - worker[4] exits with exit code 1.
[2026-04-27T14:33:54.964] [DEBUG] debug-file - Since there is no instance or instance is terminated, create a new worker pool.
[2026-04-27T14:33:54.964] [DEBUG] debug-file - Worker pool is initialized with config:  {
  minPoolNum: 2,
  maxPoolNum: undefined,
  maxCoreSize: undefined,
  cacheCapacity: undefined,
  cacheTtl: undefined
}
[2026-04-27T14:33:54.964] [DEBUG] debug-file - Create  resident worker with id: 0.
[2026-04-27T14:33:54.965] [DEBUG] debug-file - Create  resident worker with id: 1.
[2026-04-27T14:33:54.965] [DEBUG] debug-file - Cleanup worker 0.
[2026-04-27T14:33:54.965] [DEBUG] debug-file - Worker 0 has been cleaned up.
[2026-04-27T14:33:54.965] [DEBUG] debug-file - Current idle worker size: 1.
[2026-04-27T14:33:54.965] [DEBUG] debug-file - Current resident worker size: 2.
[2026-04-27T14:33:54.965] [DEBUG] debug-file - Cleanup worker 1.
[2026-04-27T14:33:54.965] [DEBUG] debug-file - Worker 1 has been cleaned up.
[2026-04-27T14:33:54.965] [DEBUG] debug-file - Current idle worker size: 0.
[2026-04-27T14:33:54.965] [DEBUG] debug-file - Current resident worker size: 2.
[2026-04-27T14:33:54.965] [DEBUG] debug-file - hvigor build process will be closed.
[2026-04-27T14:33:54.976] [DEBUG] debug-file - worker[1] exits with exit code 0.
[2026-04-27T14:33:54.976] [DEBUG] debug-file - worker[0] exits with exit code 0.
[2026-04-27T14:33:54.985] [DEBUG] debug-file - session manager: send message to worker process.
[2026-04-27T14:33:54.985] [DEBUG] debug-file - session manager: send message to worker process.
[2026-04-27T14:33:54.985] [DEBUG] debug-file - watch worker: worker id should be larger than 0. Nothing will be sent to any worker thread.
[2026-04-27T14:33:54.986] [DEBUG] debug-file - watch worker: worker id should be larger than 0. Nothing will be sent to any worker thread.
